# replica-bin sums; observable mean = sum_sign_O / sum_sign
# sum_sign_Ehub is the total energy (not per site); sum_sign_D is per site
# Szz/Sperp: N^-1 sum_ij exp[-iq.(ri-rj)] <..>; Q is the staggered momentum, 0 is q=0; nan = q not measured
# lattice=chain Lx=6 Ly=1 n=6 pbc=1 U=4 dtau=0.033333333333333333 nwarm=2000 nmeas=50000 nbin=100 global_update=none global_interval=100
# szz_Q_index=3 szz_0_index=0 sperp_Q_index=3
# columns: beta_index	beta_requested	beta_effective	Ltr	replica_id	seed	bin_id	sweep_begin	sweep_end	count	sum_sign	sum_sign_Ehub	sum_sign_D	local_accepted	local_attempts	global_accepted	global_attempts	sum_sign_Szz_Q	sum_sign_Sperp_Q	sum_sign_Szz_0
0	6.666666666666667	6.666666666666667	200	0	270927103	0	1	500	500	500	-1833.2179443364371	53.045259378551087	452981	600000	0	0	271.14887354066269	524.57882099233962	0.040815633906756167
0	6.666666666666667	6.666666666666667	200	0	270927103	1	501	1000	500	500	-1821.8221134142984	56.105287483204528	453990	600000	0	0	260.37672105092906	514.63471148299789	3.5594539364617828
0	6.666666666666667	6.666666666666667	200	0	270927103	2	1001	1500	500	500	-1804.100524106336	51.80335489930895	451697	600000	0	0	284.90317002891214	564.92184897015034	4.531693791289384
0	6.666666666666667	6.666666666666667	200	0	270927103	3	1501	2000	500	500	-1759.390339159786	55.762511370275959	453481	600000	0	0	243.30980837789812	518.50401165481742	4.469409689524027
0	6.666666666666667	6.666666666666667	200	0	270927103	4	2001	2500	500	500	-1877.1515897414381	55.024888612082307	455019	600000	0	0	256.04066150720701	617.82116018571014	0.049666002046509332
0	6.666666666666667	6.666666666666667	200	0	270927103	5	2501	3000	500	500	-1766.5624746306787	55.271379859762533	454320	600000	0	0	265.32832438186671	487.6601138199166	0.034781520098495201
0	6.666666666666667	6.666666666666667	200	0	270927103	6	3001	3500	500	500	-1937.4212398565439	56.217764261893457	453995	600000	0	0	273.76820129177361	584.32041136302757	0.043588092935212847
0	6.666666666666667	6.666666666666667	200	0	270927103	7	3501	4000	500	500	-1841.1389421891163	54.037485303858638	454306	600000	0	0	254.38058608448642	554.05972720408204	0.88381764037299937
0	6.666666666666667	6.666666666666667	200	0	270927103	8	4001	4500	500	500	-1831.4138243283039	53.803119384003494	451949	600000	0	0	270.83364044230154	524.79180896857201	3.3682725056452623
0	6.666666666666667	6.666666666666667	200	0	270927103	9	4501	5000	500	500	-1836.6771333186086	55.301497435155454	454588	600000	0	0	263.13126374291687	513.07488930642205	0.010614587496852316
0	6.666666666666667	6.666666666666667	200	0	270927103	10	5001	5500	500	500	-1786.9427579575497	52.883682472774979	453102	600000	0	0	276.17652764628536	479.70730098316312	0.12768887296491832
0	6.666666666666667	6.666666666666667	200	0	270927103	11	5501	6000	500	500	-1852.7754403770589	55.376251236157152	453751	600000	0	0	279.26522180487825	560.34805668663091	0.018338448641864281
0	6.666666666666667	6.666666666666667	200	0	270927103	12	6001	6500	500	500	-1780.9725225854822	54.552992223187509	453687	600000	0	0	271.18557564484325	544.96083913589518	0.025700122927915157
0	6.666666666666667	6.666666666666667	200	0	270927103	13	6501	7000	500	500	-1769.5691024333585	55.01097680544855	452780	600000	0	0	274.74995151279745	457.7893130559587	0.34132563394958487
0	6.666666666666667	6.666666666666667	200	0	270927103	14	7001	7500	500	500	-1796.0197187264862	55.170313721853589	452524	600000	0	0	272.28279014901295	472.26154403538362	0.013611997640301035
0	6.666666666666667	6.666666666666667	200	0	270927103	15	7501	8000	500	500	-1843.0142989630558	55.826857201113562	453457	600000	0	0	278.6134173319432	525.22487032839535	0.0093050546882454087
0	6.666666666666667	6.666666666666667	200	0	270927103	16	8001	8500	500	500	-1878.2379456970489	55.154107087857767	453501	600000	0	0	266.6019969364329	576.77449541461669	1.8305187753567507
0	6.666666666666667	6.666666666666667	200	0	270927103	17	8501	9000	500	500	-1818.9735220193054	56.495363618679768	453735	600000	0	0	255.04957873308075	551.60167530309707	0.09578609120686632
0	6.666666666666667	6.666666666666667	200	0	270927103	18	9001	9500	500	500	-1789.766326333161	54.60633288609565	452081	600000	0	0	283.86919026646888	490.34468715111836	0.0065515045038206004
0	6.666666666666667	6.666666666666667	200	0	270927103	19	9501	10000	500	500	-1830.1528810665873	55.788891759829021	453886	600000	0	0	265.45611719712889	530.25227645058749	2.886050833931546
0	6.666666666666667	6.666666666666667	200	0	270927103	20	10001	10500	500	500	-1818.659810239126	54.204065459494387	453474	600000	0	0	269.03660487186522	497.38547418183128	0.021641214385336113
0	6.666666666666667	6.666666666666667	200	0	270927103	21	10501	11000	500	500	-1882.4182453330156	54.400063862892445	452686	600000	0	0	275.08743206844736	548.55589779096795	2.3589641038062901
0	6.666666666666667	6.666666666666667	200	0	270927103	22	11001	11500	500	500	-1888.2669521345554	55.74002351106526	453360	600000	0	0	262.39843015055237	579.59097765495517	0.032121948562298969
0	6.666666666666667	6.666666666666667	200	0	270927103	23	11501	12000	500	500	-1885.1037429142077	56.671454677341167	453210	600000	0	0	269.99733700529555	569.55002714220313	0.010936371530275565
0	6.666666666666667	6.666666666666667	200	0	270927103	24	12001	12500	500	500	-1780.8280670860015	54.92848292734908	452333	600000	0	0	272.3325942397193	532.17540384723588	2.6669947147043978
0	6.666666666666667	6.666666666666667	200	0	270927103	25	12501	13000	500	500	-1784.0206053286099	52.877656165653413	452183	600000	0	0	231.25587627294541	519.69038192252367	11.12693911564908
0	6.666666666666667	6.666666666666667	200	0	270927103	26	13001	13500	500	500	-1918.5016006128374	54.404386916247979	454402	600000	0	0	269.2485571815692	532.03150732574807	0.012746795773733638
0	6.666666666666667	6.666666666666667	200	0	270927103	27	13501	14000	500	500	-1793.7402789699354	55.459528438071651	452512	600000	0	0	257.19034381806381	546.8156279823969	-0.0047384097365309507
0	6.666666666666667	6.666666666666667	200	0	270927103	28	14001	14500	500	500	-1886.8090190680873	55.958122186579658	454359	600000	0	0	272.33917544672005	557.17834800396975	0.011915912020756541
0	6.666666666666667	6.666666666666667	200	0	270927103	29	14501	15000	500	500	-1790.5285648756828	53.50131172527454	453867	600000	0	0	273.68781973244768	598.68476863400599	0.017669725183695372
0	6.666666666666667	6.666666666666667	200	0	270927103	30	15001	15500	500	500	-1877.5420748101021	56.396114286008711	454531	600000	0	0	266.44413907416782	565.99773976807217	0.92804885540418181
0	6.666666666666667	6.666666666666667	200	0	270927103	31	15501	16000	500	500	-1806.0296709035667	56.504290491048494	451787	600000	0	0	255.87982657101716	519.51873684806264	0.040288591895450393
0	6.666666666666667	6.666666666666667	200	0	270927103	32	16001	16500	500	500	-1829.6517242830287	56.732757636374693	453899	600000	0	0	272.11149005285461	513.5480863987666	0.11383785332500725
0	6.666666666666667	6.666666666666667	200	0	270927103	33	16501	17000	500	500	-1813.394951897136	54.786298927569703	453881	600000	0	0	263.30192676949736	564.86475243513814	0.096562499658487636
0	6.666666666666667	6.666666666666667	200	0	270927103	34	17001	17500	500	500	-1791.4882976836882	52.220966625826946	452866	600000	0	0	268.85812646946124	499.10320919644022	1.5221469925129114
0	6.666666666666667	6.666666666666667	200	0	270927103	35	17501	18000	500	500	-1845.2663522792882	55.080654545788448	452930	600000	0	0	253.83479424368988	554.43308054414911	5.7674989570745963
0	6.666666666666667	6.666666666666667	200	0	270927103	36	18001	18500	500	500	-1774.3729082880493	55.710055376814317	455053	600000	0	0	254.20760968069914	515.82839296646068	0.018434914130437387
0	6.666666666666667	6.666666666666667	200	0	270927103	37	18501	19000	500	500	-1875.8562795086541	56.984274308196561	454718	600000	0	0	250.27848866418324	542.34683305367059	2.0983455215634192
0	6.666666666666667	6.666666666666667	200	0	270927103	38	19001	19500	500	500	-1894.3118700209977	58.033208129324272	455335	600000	0	0	262.46422266182975	650.0073025956184	0.012173118003216852
0	6.666666666666667	6.666666666666667	200	0	270927103	39	19501	20000	500	500	-1855.362449754266	54.375392162594835	453346	600000	0	0	255.14349518101628	529.48741812802155	0.014313603920723898
0	6.666666666666667	6.666666666666667	200	0	270927103	40	20001	20500	500	500	-1821.891061594964	56.186014043933561	454153	600000	0	0	243.77551295349946	525.37464505139531	0.011041594044968839
0	6.666666666666667	6.666666666666667	200	0	270927103	41	20501	21000	500	500	-1852.2604745467158	55.545383263312495	453308	600000	0	0	268.65526232519278	554.97410063105428	0.0067761772160421794
0	6.666666666666667	6.666666666666667	200	0	270927103	42	21001	21500	500	500	-1866.2760911966222	56.28915173778794	452094	600000	0	0	243.2715420819672	544.72565761471924	3.3311368905730974
0	6.666666666666667	6.666666666666667	200	0	270927103	43	21501	22000	500	500	-1879.1035838269868	55.811435274926879	453392	600000	0	0	283.51674312712197	539.01525776434755	0.63031193246813089
0	6.666666666666667	6.666666666666667	200	0	270927103	44	22001	22500	500	500	-1753.8747234422694	51.79972243890969	449521	600000	0	0	241.50576414225884	686.45288189364442	17.686018950031663
0	6.666666666666667	6.666666666666667	200	0	270927103	45	22501	23000	500	500	-1873.6773768797893	55.177677083430808	454343	600000	0	0	263.12963745779865	544.64250643337834	0.052506141414278062
0	6.666666666666667	6.666666666666667	200	0	270927103	46	23001	23500	500	500	-1935.8095788945216	54.672223870277413	453720	600000	0	0	267.3708397312123	549.5944084310446	0.008216101173343664
0	6.666666666666667	6.666666666666667	200	0	270927103	47	23501	24000	500	500	-1719.7944371963813	54.849848298404318	452735	600000	0	0	236.89104901998846	476.65927166189942	1.6407552270372068
0	6.666666666666667	6.666666666666667	200	0	270927103	48	24001	24500	500	500	-1790.8671160822767	55.160267002491466	453635	600000	0	0	274.05088154002362	483.68281137703821	0.33044270421480626
0	6.666666666666667	6.666666666666667	200	0	270927103	49	24501	25000	500	500	-1840.1484811854327	56.125071032855452	454870	600000	0	0	253.50022849284494	579.42056128388776	0.99830641868845937
0	6.666666666666667	6.666666666666667	200	0	270927103	50	25001	25500	500	500	-1825.2231552237949	54.677685001456503	455111	600000	0	0	263.74270135496704	561.22353295135827	0.0075478433031883722
0	6.666666666666667	6.666666666666667	200	0	270927103	51	25501	26000	500	500	-1850.6734008786641	55.530719506099842	454790	600000	0	0	259.113274932065	511.16983239245889	0.1359969944242248
0	6.666666666666667	6.666666666666667	200	0	270927103	52	26001	26500	500	500	-1767.0365006402158	54.635708662305682	451724	600000	0	0	254.52334969289956	486.12442522478966	2.0481697801141254
0	6.666666666666667	6.666666666666667	200	0	270927103	53	26501	27000	500	500	-1782.6947328943061	54.401587819489393	453676	600000	0	0	265.72525145791025	509.18162876261101	2.0981532678551353
0	6.666666666666667	6.666666666666667	200	0	270927103	54	27001	27500	500	500	-1911.2349573510244	55.59288142337293	453382	600000	0	0	242.96372928365076	558.05095369047615	0.00045628174145698777
0	6.666666666666667	6.666666666666667	200	0	270927103	55	27501	28000	500	500	-1849.3406116976191	54.272043967214586	453963	600000	0	0	257.78071048334647	539.29345505554761	0.011830004697308329
0	6.666666666666667	6.666666666666667	200	0	270927103	56	28001	28500	500	500	-1810.1347140787022	55.919700396827643	453271	600000	0	0	258.88573686291977	492.19925530022169	1.9060565530421585
0	6.666666666666667	6.666666666666667	200	0	270927103	57	28501	29000	500	500	-1868.2715945850664	56.26825874894304	453096	600000	0	0	254.08258336988155	539.59280687427076	0.0031637926768969711
0	6.666666666666667	6.666666666666667	200	0	270927103	58	29001	29500	500	500	-1811.4998847761199	55.583763201809433	453649	600000	0	0	264.635343150891	478.32751952220565	2.4895879977369861
0	6.666666666666667	6.666666666666667	200	0	270927103	59	29501	30000	500	500	-1882.1443440942408	55.218972147992034	453645	600000	0	0	256.13802476606759	539.18923625583977	0.018144948388105812
0	6.666666666666667	6.666666666666667	200	0	270927103	60	30001	30500	500	500	-1884.222507656523	55.559652843668282	452334	600000	0	0	261.63998136668744	523.55198537046954	0.74437663562509426
0	6.666666666666667	6.666666666666667	200	0	270927103	61	30501	31000	500	500	-1860.8119527604224	56.926945131772001	453977	600000	0	0	282.76552280934555	502.41719942067044	0.018515307497984693
0	6.666666666666667	6.666666666666667	200	0	270927103	62	31001	31500	500	500	-1895.2998940865245	54.727817600519089	454525	600000	0	0	257.8374839155839	552.26903931953427	3.6616666783474967
0	6.666666666666667	6.666666666666667	200	0	270927103	63	31501	32000	500	500	-1908.8617349084436	57.391016580169861	454627	600000	0	0	266.28801335948731	537.35638992981251	0.0064641703204023479
0	6.666666666666667	6.666666666666667	200	0	270927103	64	32001	32500	500	500	-1822.8117719654947	51.477443339513222	453507	600000	0	0	290.80627487788593	502.55265072859976	0.14041238087918484
0	6.666666666666667	6.666666666666667	200	0	270927103	65	32501	33000	500	500	-1798.5483387572292	54.365603486122893	453787	600000	0	0	267.61933176583705	532.40198883992355	0.074687965212006782
0	6.666666666666667	6.666666666666667	200	0	270927103	66	33001	33500	500	500	-1821.7449580171915	55.405968273301504	453488	600000	0	0	279.3168335430708	507.86705000703404	1.1267395170024923
0	6.666666666666667	6.666666666666667	200	0	270927103	67	33501	34000	500	500	-1818.231781372308	54.479958288528152	454485	600000	0	0	283.66109547313033	489.90444048750328	0.026464817661034888
0	6.666666666666667	6.666666666666667	200	0	270927103	68	34001	34500	500	500	-1851.686047888539	56.643679613241972	453693	600000	0	0	270.80258700978482	571.88863545563675	0.012215600695460719
0	6.666666666666667	6.666666666666667	200	0	270927103	69	34501	35000	500	500	-1846.3295164408753	55.267523295606132	453675	600000	0	0	237.24047156619554	551.53573797475769	0.041976351448555264
0	6.666666666666667	6.666666666666667	200	0	270927103	70	35001	35500	500	500	-1897.0939355617154	56.3002579735317	455504	600000	0	0	256.78161938401877	538.01036186506792	0.11018279144103198
0	6.666666666666667	6.666666666666667	200	0	270927103	71	35501	36000	500	500	-1836.5846021219124	57.025041010715725	453850	600000	0	0	245.05623450815278	573.24284791919558	0.490809346067069
0	6.666666666666667	6.666666666666667	200	0	270927103	72	36001	36500	500	500	-1778.979215002619	53.103027678033953	452873	600000	0	0	267.03920196581544	466.44251789009161	5.5214939456550951
0	6.666666666666667	6.666666666666667	200	0	270927103	73	36501	37000	500	500	-1801.2732704893963	54.960203041076177	454193	600000	0	0	273.36769920817824	528.56830570476939	0.0060371689294862214
0	6.666666666666667	6.666666666666667	200	0	270927103	74	37001	37500	500	500	-1856.5638330632919	55.215251109136446	453508	600000	0	0	261.07727424356705	526.27659567838134	-0.0021795007125366924
0	6.666666666666667	6.666666666666667	200	0	270927103	75	37501	38000	500	500	-1767.2686714347701	52.634282448172776	452098	600000	0	0	254.8737286203733	506.38450826920354	3.5192839141062833
0	6.666666666666667	6.666666666666667	200	0	270927103	76	38001	38500	500	500	-1729.0841888387531	54.356492806926212	453033	600000	0	0	276.35890035006781	496.42659470444261	0.016324013320880387
0	6.666666666666667	6.666666666666667	200	0	270927103	77	38501	39000	500	500	-1800.8523042370407	55.216619251842687	453865	600000	0	0	268.48298879844577	494.29891923997582	0.007113676025800088
0	6.666666666666667	6.666666666666667	200	0	270927103	78	39001	39500	500	500	-1860.5754193534399	54.981909228000688	455134	600000	0	0	290.60351187805861	512.90335970653587	0.0071684543046873295
0	6.666666666666667	6.666666666666667	200	0	270927103	79	39501	40000	500	500	-1734.8667965231687	54.246700174740361	453271	600000	0	0	259.85039081624433	491.39960046494508	0.016994851372000571
0	6.666666666666667	6.666666666666667	200	0	270927103	80	40001	40500	500	500	-1910.9639809351024	56.765048740931448	453430	600000	0	0	245.59566263093825	572.41465426360867	0.024886915662056724
0	6.666666666666667	6.666666666666667	200	0	270927103	81	40501	41000	500	500	-1859.4583700412275	56.27977825986919	453263	600000	0	0	270.27101248464714	530.18091564585018	0.66692924975878831
0	6.666666666666667	6.666666666666667	200	0	270927103	82	41001	41500	500	500	-1815.8222016460509	54.369542226431641	452447	600000	0	0	246.56320274191853	563.52134534693732	2.80801417710971
0	6.666666666666667	6.666666666666667	200	0	270927103	83	41501	42000	500	500	-1900.5563813112826	57.086033919707987	454544	600000	0	0	253.252420204266	626.92203038905882	0.03478390086957471
0	6.666666666666667	6.666666666666667	200	0	270927103	84	42001	42500	500	500	-1799.7152474197205	54.907643699637966	454344	600000	0	0	260.72075854463469	498.90111561362903	0.94732231219513519
0	6.666666666666667	6.666666666666667	200	0	270927103	85	42501	43000	500	500	-1829.176178013133	56.057082681941708	453694	600000	0	0	267.67285266043353	510.84215395465793	0.017939143318961581
0	6.666666666666667	6.666666666666667	200	0	270927103	86	43001	43500	500	500	-1808.7775513802624	54.965386205600723	453867	600000	0	0	271.16161037516326	473.665790284872	0.047014289062329691
0	6.666666666666667	6.666666666666667	200	0	270927103	87	43501	44000	500	500	-1801.0953208056781	53.527189461520521	454056	600000	0	0	263.9073181163912	507.22056139448188	0.13000561231732982
0	6.666666666666667	6.666666666666667	200	0	270927103	88	44001	44500	500	500	-1805.5068247819115	55.258723005098034	454820	600000	0	0	270.72531247127347	490.65184754503406	0.01031998354950538
0	6.666666666666667	6.666666666666667	200	0	270927103	89	44501	45000	500	500	-1854.0639535471382	52.968865354531907	453398	600000	0	0	258.3881188212809	540.54356652004037	2.9050415623874826
0	6.666666666666667	6.666666666666667	200	0	270927103	90	45001	45500	500	500	-1750.5027571712387	53.928923241016491	453756	600000	0	0	280.54315282869027	512.46739716372065	0.11740862654903376
0	6.666666666666667	6.666666666666667	200	0	270927103	91	45501	46000	500	500	-1768.7339391521996	55.473334024757634	453256	600000	0	0	260.61893593745788	498.46606375517609	0.0076543002462861678
0	6.666666666666667	6.666666666666667	200	0	270927103	92	46001	46500	500	500	-1855.3043544409772	56.285654428582241	454299	600000	0	0	255.11991637266729	514.60292595058831	0.006712350925233518
0	6.666666666666667	6.666666666666667	200	0	270927103	93	46501	47000	500	500	-1804.068278065263	57.614856334285697	453880	600000	0	0	246.37045483625226	526.41529221768894	1.2113437171331447
0	6.666666666666667	6.666666666666667	200	0	270927103	94	47001	47500	500	500	-1786.3988394616067	54.68384132031521	453651	600000	0	0	280.37992338158205	547.89322465200291	1.497993279623776
0	6.666666666666667	6.666666666666667	200	0	270927103	95	47501	48000	500	500	-1800.5506536879473	54.320083543995452	453337	600000	0	0	285.28381822180626	495.34804161132109	0.0059709253765697218
0	6.666666666666667	6.666666666666667	200	0	270927103	96	48001	48500	500	500	-1865.6164602668598	54.584071634347929	452872	600000	0	0	258.63075647353219	525.766081274096	0.14207367700251719
0	6.666666666666667	6.666666666666667	200	0	270927103	97	48501	49000	500	500	-1845.7361961872562	54.765214627523598	453186	600000	0	0	267.55787082737328	523.00339842493327	0.0165455336344979
0	6.666666666666667	6.666666666666667	200	0	270927103	98	49001	49500	500	500	-1807.7933601729824	58.082877518954874	454602	600000	0	0	265.85132351401518	499.22206288716609	0.0188954701397436
0	6.666666666666667	6.666666666666667	200	0	270927103	99	49501	50000	500	500	-1810.1163133512664	55.175595309158211	455156	600000	0	0	279.34131652224255	511.79060563450139	0.016326151671472607
0	6.666666666666667	6.666666666666667	200	1	8571732104566436352	0	1	500	500	500	-1812.2572383902364	53.061665306107102	453069	600000	0	0	257.39424585035317	535.44452218297283	0.013570977198310319
0	6.666666666666667	6.666666666666667	200	1	8571732104566436352	1	501	1000	500	500	-1833.0529345412669	53.646387635495515	454234	600000	0	0	264.33865247302765	518.24931545127606	0.024532127360875029
0	6.666666666666667	6.666666666666667	200	1	8571732104566436352	2	1001	1500	500	500	-1788.3223843529627	53.912665892673424	455548	600000	0	0	282.73337189484243	470.53962797407866	0.033140191234615708
0	6.666666666666667	6.666666666666667	200	1	8571732104566436352	3	1501	2000	500	500	-1828.2661859308539	55.597849155665941	454867	600000	0	0	265.21729237423608	511.71870741115617	0.0082800464366074196
0	6.666666666666667	6.666666666666667	200	1	8571732104566436352	4	2001	2500	500	500	-1901.5681735633827	56.149039794194088	453659	600000	0	0	264.81076933500441	539.85034035383694	0.30142452787278201
0	6.666666666666667	6.666666666666667	200	1	8571732104566436352	5	2501	3000	500	500	-1798.6637036915131	55.109268584299272	452350	600000	0	0	267.21841927615742	526.272479751182	2.9906697536416722
0	6.666666666666667	6.666666666666667	200	1	8571732104566436352	6	3001	3500	500	500	-1840.9468004565335	52.816462697985898	453191	600000	0	0	287.43211561883879	530.07179358237283	0.010418263857897537
0	6.666666666666667	6.666666666666667	200	1	8571732104566436352	7	3501	4000	500	500	-1815.7414056901071	55.75805241375236	454095	600000	0	0	255.14430726551558	514.17055494961176	0.84878396369608666
0	6.666666666666667	6.666666666666667	200	1	8571732104566436352	8	4001	4500	500	500	-1790.8698937653144	54.832207810906667	454831	600000	0	0	271.54689780721094	504.76819904768752	1.8028520529264496
0	6.666666666666667	6.666666666666667	200	1	8571732104566436352	9	4501	5000	500	500	-1854.180996277925	55.891556040908696	454266	600000	0	0	280.95619455632766	510.89649976975386	0.0077253253450119564
0	6.666666666666667	6.666666666666667	200	1	8571732104566436352	10	5001	5500	500	500	-1895.5305796023276	55.816814843282295	453610	600000	0	0	274.78648338786775	571.72384601438148	0.023745081182069264
0	6.666666666666667	6.666666666666667	200	1	8571732104566436352	11	5501	6000	500	500	-1848.1960024589371	53.874772883106615	452575	600000	0	0	265.60541032070608	521.69024758900423	6.0925644571363815
0	6.666666666666667	6.666666666666667	200	1	8571732104566436352	12	6001	6500	500	500	-1852.9378219922003	56.85638034976629	454313	600000	0	0	269.98029683871732	538.2247647711489	1.1521223809774905
0	6.666666666666667	6.666666666666667	200	1	8571732104566436352	13	6501	7000	500	500	-1888.2848303361448	55.807975358969571	454244	600000	0	0	263.87081275251234	556.03016444411242	1.6743430741323846
0	6.666666666666667	6.666666666666667	200	1	8571732104566436352	14	7001	7500	500	500	-1839.2616714252799	54.198951599085127	453777	600000	0	0	268.07131859650514	510.34341397031938	0.011483199339439597
0	6.666666666666667	6.666666666666667	200	1	8571732104566436352	15	7501	8000	500	500	-1898.3003755146337	56.302929558956066	455197	600000	0	0	261.31986625444137	576.01541650290153	0.0093795263591306913
0	6.666666666666667	6.666666666666667	200	1	8571732104566436352	16	8001	8500	500	500	-1809.1257803546252	55.439531630142426	452609	600000	0	0	256.30285385114848	536.82942754614589	0.61131683891126798
0	6.666666666666667	6.666666666666667	200	1	8571732104566436352	17	8501	9000	500	500	-1934.6072193105247	56.454308088158356	454319	600000	0	0	255.36078960360379	550.07463777986834	0.013804889133693996
0	6.666666666666667	6.666666666666667	200	1	8571732104566436352	18	9001	9500	500	500	-1826.7294852358705	54.304781341185631	454047	600000	0	0	278.04461454595281	499.61831209198482	-0.0079261938741763804
0	6.666666666666667	6.666666666666667	200	1	8571732104566436352	19	9501	10000	500	500	-1883.3452444990282	55.706129997354203	453894	600000	0	0	270.71228112696082	554.84578874695808	0.12476039418482278
0	6.666666666666667	6.666666666666667	200	1	8571732104566436352	20	10001	10500	500	500	-1806.832892367137	55.470819265082049	455098	600000	0	0	264.26866403239683	493.0359749295597	0.058101073026326659
0	6.666666666666667	6.666666666666667	200	1	8571732104566436352	21	10501	11000	500	500	-1895.2107020873605	57.169107282603974	455126	600000	0	0	242.2626757641593	796.88700142110963	0.00036292595632047642
0	6.666666666666667	6.666666666666667	200	1	8571732104566436352	22	11001	11500	500	500	-1793.4873773732672	53.926895920126633	453396	600000	0	0	288.77903958473183	485.3918653831488	1.3505594550594009
0	6.666666666666667	6.666666666666667	200	1	8571732104566436352	23	11501	12000	500	500	-1860.5015703246625	56.211365860118043	454236	600000	0	0	271.77055497070512	576.47650750202718	0.018357832074107325
0	6.666666666666667	6.666666666666667	200	1	8571732104566436352	24	12001	12500	500	500	-1771.645366906853	54.489355128367748	452486	600000	0	0	251.55546676793253	511.65692402121624	0.040403434358212115
0	6.666666666666667	6.666666666666667	200	1	8571732104566436352	25	12501	13000	500	500	-1859.6097244170653	55.322676221833362	453417	600000	0	0	289.80819978097776	554.7394161397317	0.024174368078843943
0	6.666666666666667	6.666666666666667	200	1	8571732104566436352	26	13001	13500	500	500	-1795.2198913645686	54.477450589447024	453863	600000	0	0	276.59242562375505	507.02951100409086	0.0069996105143436543
0	6.666666666666667	6.666666666666667	200	1	8571732104566436352	27	13501	14000	500	500	-1836.4213003159987	56.555676565260498	453472	600000	0	0	249.97457251414659	555.87159779693411	0.82661965961297146
0	6.666666666666667	6.666666666666667	200	1	8571732104566436352	28	14001	14500	500	500	-1945.8900875463169	56.724173582958429	454684	600000	0	0	252.82933976523205	693.6825913527631	3.7569560556728248
0	6.666666666666667	6.666666666666667	200	1	8571732104566436352	29	14501	15000	500	500	-1830.6052598696963	56.134459753274029	455465	600000	0	0	236.66584027402502	526.6415561698675	0.60481765291472045
0	6.666666666666667	6.666666666666667	200	1	8571732104566436352	30	15001	15500	500	500	-1817.1524732825542	55.003774533790931	453563	600000	0	0	279.62058864016626	495.06882299652239	0.00038489424610318768
0	6.666666666666667	6.666666666666667	200	1	8571732104566436352	31	15501	16000	500	500	-1866.6129705739693	57.72515274370577	454130	600000	0	0	257.66771161411742	510.8983056539833	2.4947127561680924
0	6.666666666666667	6.666666666666667	200	1	8571732104566436352	32	16001	16500	500	500	-1803.6030104401848	54.455124968145419	453842	600000	0	0	265.83962659340983	489.56577936235391	0.5164701477493987
0	6.666666666666667	6.666666666666667	200	1	8571732104566436352	33	16501	17000	500	500	-1839.8415577379565	56.178300417774381	455310	600000	0	0	249.70136392545484	546.56058125427785	0.010684365303056654
0	6.666666666666667	6.666666666666667	200	1	8571732104566436352	34	17001	17500	500	500	-1772.802967641913	55.025699056137171	453348	600000	0	0	256.89119507332452	483.62939564249081	0.3684849109020531
0	6.666666666666667	6.666666666666667	200	1	8571732104566436352	35	17501	18000	500	500	-1762.4677257916828	54.753975047059015	454249	600000	0	0	248.39122790942582	548.21701682238813	3.2007198374311812
0	6.666666666666667	6.666666666666667	200	1	8571732104566436352	36	18001	18500	500	500	-1788.5010547509062	56.040314163314626	453022	600000	0	0	266.4076661886553	495.73003183008149	0.66243323269410814
0	6.666666666666667	6.666666666666667	200	1	8571732104566436352	37	18501	19000	500	500	-1825.3362407940306	56.597148930126977	453287	600000	0	0	242.48765668881904	501.51603108163579	1.5131739762098104
0	6.666666666666667	6.666666666666667	200	1	8571732104566436352	38	19001	19500	500	500	-1776.3444206783197	54.215949730192349	452816	600000	0	0	270.55237371475823	529.72939944934876	0.34511963699895504
0	6.666666666666667	6.666666666666667	200	1	8571732104566436352	39	19501	20000	500	500	-1855.2225737270826	55.29435264290607	454351	600000	0	0	252.64150407431137	518.76227564098372	0.064226518156594331
0	6.666666666666667	6.666666666666667	200	1	8571732104566436352	40	20001	20500	500	500	-1825.4696981944742	57.551958301014388	454224	600000	0	0	258.72425079214418	515.75471668318016	1.5151574321518206
0	6.666666666666667	6.666666666666667	200	1	8571732104566436352	41	20501	21000	500	500	-1832.8316219317398	56.527054757510868	454625	600000	0	0	259.3040773477519	525.23170277799477	0.019381575375981907
0	6.666666666666667	6.666666666666667	200	1	8571732104566436352	42	21001	21500	500	500	-1825.1129456704848	55.057117252730258	452243	600000	0	0	275.5118585263607	492.11215696012937	0.011387470517234604
0	6.666666666666667	6.666666666666667	200	1	8571732104566436352	43	21501	22000	500	500	-1820.8710911482488	53.733689210774365	454026	600000	0	0	286.86692814818446	480.55030022596134	0.14653333223989901
0	6.666666666666667	6.666666666666667	200	1	8571732104566436352	44	22001	22500	500	500	-1850.2704230568675	57.372100789422305	455669	600000	0	0	258.36764003922934	492.09832762261198	0.014758105230502038
0	6.666666666666667	6.666666666666667	200	1	8571732104566436352	45	22501	23000	500	500	-1787.6008860232157	55.417465933037477	454644	600000	0	0	248.55370360747435	517.04148516996941	0.01970493920554724
0	6.666666666666667	6.666666666666667	200	1	8571732104566436352	46	23001	23500	500	500	-1805.5353882742731	55.589351771630831	452262	600000	0	0	276.59177774978207	478.7065004794988	0.016121303637304272
0	6.666666666666667	6.666666666666667	200	1	8571732104566436352	47	23501	24000	500	500	-1813.5029643893092	55.021783258665273	452264	600000	0	0	277.85314547935872	524.08929412753457	0.12826445214895127
0	6.666666666666667	6.666666666666667	200	1	8571732104566436352	48	24001	24500	500	500	-1815.2152201579643	54.202983645003599	453308	600000	0	0	267.54060523120222	530.18243294848253	4.3792575994319094
0	6.666666666666667	6.666666666666667	200	1	8571732104566436352	49	24501	25000	500	500	-1851.2463498467291	55.020535170755281	453231	600000	0	0	269.40178196430253	524.62151587690812	0.048402003239036213
0	6.666666666666667	6.666666666666667	200	1	8571732104566436352	50	25001	25500	500	500	-1840.2963695066096	55.042060529810939	451930	600000	0	0	264.99705453584181	533.20246689392536	2.9993232705473392
0	6.666666666666667	6.666666666666667	200	1	8571732104566436352	51	25501	26000	500	500	-1821.9270376220836	54.598961535921525	452926	600000	0	0	265.30204477594879	505.18109006019614	2.1500556795235299
0	6.666666666666667	6.666666666666667	200	1	8571732104566436352	52	26001	26500	500	500	-1849.2203010629626	54.342044873487843	454239	600000	0	0	274.28309638095408	506.80965013927971	0.093766721146949381
0	6.666666666666667	6.666666666666667	200	1	8571732104566436352	53	26501	27000	500	500	-1831.4893359282523	55.91108428461785	453937	600000	0	0	261.47521364919993	540.31013607947148	0.15818081899214539
0	6.666666666666667	6.666666666666667	200	1	8571732104566436352	54	27001	27500	500	500	-1772.9260774985535	55.051543855777226	454223	600000	0	0	266.70547689611288	571.40550254211394	1.0228626356825194
0	6.666666666666667	6.666666666666667	200	1	8571732104566436352	55	27501	28000	500	500	-1837.0678223658281	53.84719955427714	453245	600000	0	0	272.45763472961352	516.20582425240718	3.5154713276394207
0	6.666666666666667	6.666666666666667	200	1	8571732104566436352	56	28001	28500	500	500	-1795.7960913943937	54.256741617314283	453274	600000	0	0	263.92342238983997	525.71947265872598	1.0146657039182108
0	6.666666666666667	6.666666666666667	200	1	8571732104566436352	57	28501	29000	500	500	-1889.3175963807096	55.012790073964446	454838	600000	0	0	254.41421102559929	532.15807820420207	0.18784036933161005
0	6.666666666666667	6.666666666666667	200	1	8571732104566436352	58	29001	29500	500	500	-1855.4499153990598	56.925508458223547	455237	600000	0	0	282.69768722440256	644.1725036620636	0.030623390422251408
0	6.666666666666667	6.666666666666667	200	1	8571732104566436352	59	29501	30000	500	500	-1870.3730213673034	54.674808065557798	453917	600000	0	0	281.14833817567757	671.23658800557348	0.022193989844612242
0	6.666666666666667	6.666666666666667	200	1	8571732104566436352	60	30001	30500	500	500	-1853.6399294315643	56.06208683115468	453208	600000	0	0	251.30935371739074	547.7734212572874	0.01265689967103579
0	6.666666666666667	6.666666666666667	200	1	8571732104566436352	61	30501	31000	500	500	-1808.0142140375544	55.870314922671852	453495	600000	0	0	255.9909012589936	525.97478168688031	0.012795953374854669
0	6.666666666666667	6.666666666666667	200	1	8571732104566436352	62	31001	31500	500	500	-1810.5032149524632	54.319575323211829	453360	600000	0	0	265.01167654232842	493.63956442916344	0.0078024243448472511
0	6.666666666666667	6.666666666666667	200	1	8571732104566436352	63	31501	32000	500	500	-1838.0962671078189	54.066081353637507	453777	600000	0	0	254.68652323530191	553.29391686958468	0.024579161038802998
0	6.666666666666667	6.666666666666667	200	1	8571732104566436352	64	32001	32500	500	500	-1826.5396986027124	57.040200568279928	453470	600000	0	0	234.11330228163987	521.08213604282344	0.011501440885080321
0	6.666666666666667	6.666666666666667	200	1	8571732104566436352	65	32501	33000	500	500	-1778.1269351134374	53.396316839635553	452025	600000	0	0	270.47271677811972	492.87526833599128	0.014308967227946091
0	6.666666666666667	6.666666666666667	200	1	8571732104566436352	66	33001	33500	500	500	-1774.6390896397777	53.61139242327188	452949	600000	0	0	256.90881818315142	527.27477674253237	3.064361103190266
0	6.666666666666667	6.666666666666667	200	1	8571732104566436352	67	33501	34000	500	500	-1742.3165069906988	54.193232725207132	453368	600000	0	0	243.89324409114113	488.15646668189646	0.69264974053944584
0	6.666666666666667	6.666666666666667	200	1	8571732104566436352	68	34001	34500	500	500	-1806.7589843918174	54.018137808716368	453131	600000	0	0	274.24002651927447	503.48002215570523	2.5871999410400508
0	6.666666666666667	6.666666666666667	200	1	8571732104566436352	69	34501	35000	500	500	-1853.2974994628451	55.922590186425282	452953	600000	0	0	266.9024019813657	540.4020682438063	1.0115342737653976
0	6.666666666666667	6.666666666666667	200	1	8571732104566436352	70	35001	35500	500	500	-1789.4238720668989	54.37291716522342	454943	600000	0	0	267.73923916929374	483.76769020683719	0.34375340282437628
0	6.666666666666667	6.666666666666667	200	1	8571732104566436352	71	35501	36000	500	500	-1850.2891056269791	54.667556013283708	454208	600000	0	0	258.09986453207375	551.49900732869094	2.279206112015816
0	6.666666666666667	6.666666666666667	200	1	8571732104566436352	72	36001	36500	500	500	-1882.3023555922668	55.834127378734998	453219	600000	0	0	242.16363348739665	555.56825991730295	2.3793015083288278
0	6.666666666666667	6.666666666666667	200	1	8571732104566436352	73	36501	37000	500	500	-1821.0121191988685	55.813223401814938	453687	600000	0	0	254.79239330960462	505.80262397763016	0.00044754079106620653
0	6.666666666666667	6.666666666666667	200	1	8571732104566436352	74	37001	37500	500	500	-1803.2623051201347	55.438849150581149	453756	600000	0	0	267.59454839296541	505.71431086513843	0.069656831968335386
0	6.666666666666667	6.666666666666667	200	1	8571732104566436352	75	37501	38000	500	500	-1898.5338503233559	57.421871430662634	454235	600000	0	0	251.7518434631954	545.99927768253906	0.015345690066764875
0	6.666666666666667	6.666666666666667	200	1	8571732104566436352	76	38001	38500	500	500	-1774.8310265068542	55.498269130043987	453283	600000	0	0	273.66610656956789	476.40482450996944	0.019486574086360949
0	6.666666666666667	6.666666666666667	200	1	8571732104566436352	77	38501	39000	500	500	-1826.8951548811037	54.079417894873501	453237	600000	0	0	284.90632051195018	501.33953963513181	3.0197498808478498
0	6.666666666666667	6.666666666666667	200	1	8571732104566436352	78	39001	39500	500	500	-1894.4268212440945	55.110295990186216	455467	600000	0	0	253.05909673427132	538.27971880992607	0.013380795050245637
0	6.666666666666667	6.666666666666667	200	1	8571732104566436352	79	39501	40000	500	500	-1810.2061524937319	55.511355762259612	454358	600000	0	0	258.1499047472148	538.33674181988624	0.034296446740888289
0	6.666666666666667	6.666666666666667	200	1	8571732104566436352	80	40001	40500	500	500	-1850.0403273711433	53.381316062457032	453500	600000	0	0	264.00078728215755	550.02005223877131	1.4106737399554219
0	6.666666666666667	6.666666666666667	200	1	8571732104566436352	81	40501	41000	500	500	-1859.573949293273	54.517771171170473	453697	600000	0	0	266.89446821965174	518.8334067715798	0.012342553775249968
0	6.666666666666667	6.666666666666667	200	1	8571732104566436352	82	41001	41500	500	500	-1846.457812268512	56.281652125594086	454067	600000	0	0	240.07088369823936	609.68019728005982	5.3849749004035559
0	6.666666666666667	6.666666666666667	200	1	8571732104566436352	83	41501	42000	500	500	-1837.9467775870028	54.510701612076488	452387	600000	0	0	264.51688722174316	495.80848432234711	0.057845116467664763
0	6.666666666666667	6.666666666666667	200	1	8571732104566436352	84	42001	42500	500	500	-1890.0979584946956	55.081495498677569	453591	600000	0	0	268.281220481746	516.89649112697714	0.015856449369396518
0	6.666666666666667	6.666666666666667	200	1	8571732104566436352	85	42501	43000	500	500	-1855.8177928262544	55.290356979455517	454139	600000	0	0	284.81560505551226	527.42957644326827	1.2519692935213147
0	6.666666666666667	6.666666666666667	200	1	8571732104566436352	86	43001	43500	500	500	-1820.329654108757	55.251604813311864	453940	600000	0	0	252.81845803245511	505.69137687878498	0.033223766276961546
0	6.666666666666667	6.666666666666667	200	1	8571732104566436352	87	43501	44000	500	500	-1778.0750203191365	54.230951956733406	453681	600000	0	0	260.49897224825378	481.25371155223712	4.3094833001630182
0	6.666666666666667	6.666666666666667	200	1	8571732104566436352	88	44001	44500	500	500	-1916.4572623357885	56.875969924124732	454904	600000	0	0	250.66652362064451	569.00846613840702	0.63761526370646093
0	6.666666666666667	6.666666666666667	200	1	8571732104566436352	89	44501	45000	500	500	-1832.263073341968	53.924077910021154	453113	600000	0	0	257.54796256401079	493.91153030281316	0.01944032260281886
0	6.666666666666667	6.666666666666667	200	1	8571732104566436352	90	45001	45500	500	500	-1839.5085762740166	55.313752468881383	453896	600000	0	0	254.54458601480422	517.00905405664855	0.16197082610349789
0	6.666666666666667	6.666666666666667	200	1	8571732104566436352	91	45501	46000	500	500	-1873.1867341514258	56.45076056093361	454025	600000	0	0	280.62009123657208	522.71431694447188	0.021306283875913355
0	6.666666666666667	6.666666666666667	200	1	8571732104566436352	92	46001	46500	500	500	-1818.9907483748852	55.263021222513679	454290	600000	0	0	267.93415412221384	513.89417850963378	0.73809879066146011
0	6.666666666666667	6.666666666666667	200	1	8571732104566436352	93	46501	47000	500	500	-1830.7594299267305	54.860816356284069	451559	600000	0	0	233.10988979885761	648.96141259691672	11.391613861861156
0	6.666666666666667	6.666666666666667	200	1	8571732104566436352	94	47001	47500	500	500	-1816.6839052661867	54.846449536600112	453832	600000	0	0	274.66995837884133	538.45721864997552	1.8115606460294358
0	6.666666666666667	6.666666666666667	200	1	8571732104566436352	95	47501	48000	500	500	-1820.9484155724288	55.82004289949468	454375	600000	0	0	247.82110154084367	555.12260641103148	2.2952117451860872
0	6.666666666666667	6.666666666666667	200	1	8571732104566436352	96	48001	48500	500	500	-1868.6627476388826	53.732772549356426	454415	600000	0	0	300.95393087038343	504.73988374350796	0.014229394465514161
0	6.666666666666667	6.666666666666667	200	1	8571732104566436352	97	48501	49000	500	500	-1823.0365775598004	56.876625635046494	453814	600000	0	0	250.5971681900881	523.1476539977815	0.0049331148227986727
0	6.666666666666667	6.666666666666667	200	1	8571732104566436352	98	49001	49500	500	500	-1841.8834862977887	55.425342345725284	453348	600000	0	0	241.64450034323815	569.62003353862895	1.8257325869795689
0	6.666666666666667	6.666666666666667	200	1	8571732104566436352	99	49501	50000	500	500	-1859.8672396731865	56.34703383315113	455631	600000	0	0	261.55390884846747	524.32824873665652	1.3142186780555274
0	6.666666666666667	6.666666666666667	200	2	12867552191531920848	0	1	500	500	500	-1784.5295153578163	53.809073694777155	452292	600000	0	0	244.22371035110325	522.43350017232365	1.0175948581479124
0	6.666666666666667	6.666666666666667	200	2	12867552191531920848	1	501	1000	500	500	-1890.8423552955933	55.753211314799763	454177	600000	0	0	278.80660828675377	537.26188614400667	0.09879513791408584
0	6.666666666666667	6.666666666666667	200	2	12867552191531920848	2	1001	1500	500	500	-1832.0861429875838	54.465079687590489	453798	600000	0	0	265.38905930982025	533.3360456337233	0.010569964828814199
0	6.666666666666667	6.666666666666667	200	2	12867552191531920848	3	1501	2000	500	500	-1812.3219856150276	56.773809437150611	454581	600000	0	0	283.39991366820607	529.48570750840452	0.94655582793991833
0	6.666666666666667	6.666666666666667	200	2	12867552191531920848	4	2001	2500	500	500	-1839.331641642978	53.761026153382886	450960	600000	0	0	263.98288545804428	505.28816546339323	7.5923087490114805
0	6.666666666666667	6.666666666666667	200	2	12867552191531920848	5	2501	3000	500	500	-1842.4150798203636	54.652984070958034	454574	600000	0	0	271.22335798249344	508.82447378696151	0.016640980438922381
0	6.666666666666667	6.666666666666667	200	2	12867552191531920848	6	3001	3500	500	500	-1801.0718021509483	56.958240281707241	453926	600000	0	0	261.48835458174432	489.79869379094561	0.010274908402694743
0	6.666666666666667	6.666666666666667	200	2	12867552191531920848	7	3501	4000	500	500	-1775.831965574798	54.025392304342112	452085	600000	0	0	288.55227368493371	476.89641923880151	0.57071898206469363
0	6.666666666666667	6.666666666666667	200	2	12867552191531920848	8	4001	4500	500	500	-1879.1219597270097	53.795000571331038	451946	600000	0	0	287.54168321607699	530.41000062959108	0.0072254149876526865
0	6.666666666666667	6.666666666666667	200	2	12867552191531920848	9	4501	5000	500	500	-1712.9580261354688	52.634897918709576	451545	600000	0	0	254.32672315030661	496.22720222220823	2.4194502639110826
0	6.666666666666667	6.666666666666667	200	2	12867552191531920848	10	5001	5500	500	500	-1824.9155555896727	55.834484874909968	453478	600000	0	0	298.11329200067888	516.20633089433397	0.0048837626122023329
0	6.666666666666667	6.666666666666667	200	2	12867552191531920848	11	5501	6000	500	500	-1860.7538974346569	55.761827301120206	454401	600000	0	0	254.14220959419737	547.43914163372642	2.4438249439606534
0	6.666666666666667	6.666666666666667	200	2	12867552191531920848	12	6001	6500	500	500	-1788.9489543962852	55.669614194485533	454356	600000	0	0	265.70317589793581	486.98391261414508	0.022869573557032553
0	6.666666666666667	6.666666666666667	200	2	12867552191531920848	13	6501	7000	500	500	-1753.8703469614777	56.287158703829732	453540	600000	0	0	256.68470306726738	478.94443095959247	0.0065099499014472052
0	6.666666666666667	6.666666666666667	200	2	12867552191531920848	14	7001	7500	500	500	-1873.0971478731242	56.043671531749808	453650	600000	0	0	264.89666629995162	560.14801700874568	0.016319618673379246
0	6.666666666666667	6.666666666666667	200	2	12867552191531920848	15	7501	8000	500	500	-1868.3794556767073	55.872426519434654	453692	600000	0	0	246.49740601582948	569.86974821732701	3.9922801997224506
0	6.666666666666667	6.666666666666667	200	2	12867552191531920848	16	8001	8500	500	500	-1789.5152227158051	51.867765656810754	451193	600000	0	0	277.14592505108919	565.03488792850851	6.2071110150629298
0	6.666666666666667	6.666666666666667	200	2	12867552191531920848	17	8501	9000	500	500	-1736.4739281408565	52.809687385184269	451268	600000	0	0	270.19236688112477	440.70908020867148	3.1466408414001852
0	6.666666666666667	6.666666666666667	200	2	12867552191531920848	18	9001	9500	500	500	-1867.1356716519713	56.61824552994883	453673	600000	0	0	249.67043124350207	527.08324231115284	0.50910818166275107
0	6.666666666666667	6.666666666666667	200	2	12867552191531920848	19	9501	10000	500	500	-1870.2587538659436	55.773425546271902	454646	600000	0	0	262.28376975850335	538.27259450737745	1.8597454562227105
0	6.666666666666667	6.666666666666667	200	2	12867552191531920848	20	10001	10500	500	500	-1837.8399848870972	54.084723427665089	453862	600000	0	0	273.5135282440578	496.05002832288267	0.0057293535396726603
0	6.666666666666667	6.666666666666667	200	2	12867552191531920848	21	10501	11000	500	500	-1885.7003181765156	56.027544571333856	453507	600000	0	0	251.0571804913944	541.49513827701401	2.2323723437379912
0	6.666666666666667	6.666666666666667	200	2	12867552191531920848	22	11001	11500	500	500	-1894.5083958037596	55.472673689564047	452322	600000	0	0	270.31198661845019	510.9322783920328	0.00894832790715922
0	6.666666666666667	6.666666666666667	200	2	12867552191531920848	23	11501	12000	500	500	-1765.7891952189352	54.012538432558586	452749	600000	0	0	278.05944471045314	494.3345978705467	0.0089568520489340664
0	6.666666666666667	6.666666666666667	200	2	12867552191531920848	24	12001	12500	500	500	-1835.6534988729031	55.721501887790573	454395	600000	0	0	264.73912258115979	499.48787480851877	0.01179722656835059
0	6.666666666666667	6.666666666666667	200	2	12867552191531920848	25	12501	13000	500	500	-1804.9844231488712	52.479840706963927	452302	600000	0	0	268.4985366691327	499.3449229852115	1.3133322088501644
0	6.666666666666667	6.666666666666667	200	2	12867552191531920848	26	13001	13500	500	500	-1872.1200218129834	56.672172229012617	454045	600000	0	0	264.37789775401598	533.24947775606995	0.016262454525127604
0	6.666666666666667	6.666666666666667	200	2	12867552191531920848	27	13501	14000	500	500	-1846.4096858218986	54.856025049573837	455189	600000	0	0	256.25105535948683	549.88053737014275	0.016003824362215688
0	6.666666666666667	6.666666666666667	200	2	12867552191531920848	28	14001	14500	500	500	-1846.5896731008261	54.341680853301213	454144	600000	0	0	276.51276804946752	677.67786888796377	0.56050762583913438
0	6.666666666666667	6.666666666666667	200	2	12867552191531920848	29	14501	15000	500	500	-1808.6598763082168	55.537941533159724	453595	600000	0	0	275.30891354061424	507.04539491232902	0.99955453760196311
0	6.666666666666667	6.666666666666667	200	2	12867552191531920848	30	15001	15500	500	500	-1841.2857733931976	55.980859351029906	454117	600000	0	0	249.89620361708378	563.22023668491158	0.051458279404791724
0	6.666666666666667	6.666666666666667	200	2	12867552191531920848	31	15501	16000	500	500	-1827.7313968556509	55.137229004452379	453213	600000	0	0	269.66950039704489	538.35449624241767	0.018498689398772323
0	6.666666666666667	6.666666666666667	200	2	12867552191531920848	32	16001	16500	500	500	-1882.8710619751394	55.046955179303175	454733	600000	0	0	265.5432652228468	534.09119572566476	0.014240399312854493
0	6.666666666666667	6.666666666666667	200	2	12867552191531920848	33	16501	17000	500	500	-1803.2906549818863	53.564351217924617	453163	600000	0	0	271.17617577152492	527.35327656874949	0.01920510105350004
0	6.666666666666667	6.666666666666667	200	2	12867552191531920848	34	17001	17500	500	500	-1745.1578007910346	54.525066901612625	452421	600000	0	0	242.76315727189743	486.77182170475311	4.1698748432137993
0	6.666666666666667	6.666666666666667	200	2	12867552191531920848	35	17501	18000	500	500	-1855.8496528585435	55.296698740933763	453839	600000	0	0	275.26153436765611	529.69878523504178	0.0094681360942922115
0	6.666666666666667	6.666666666666667	200	2	12867552191531920848	36	18001	18500	500	500	-1766.8728483275706	55.403514890298553	454609	600000	0	0	277.87329677206901	512.12087353279651	0.011343069099038152
0	6.666666666666667	6.666666666666667	200	2	12867552191531920848	37	18501	19000	500	500	-1815.894504048297	55.533949604630386	452658	600000	0	0	257.25327048590788	529.38148866916333	2.1765930643639151
0	6.666666666666667	6.666666666666667	200	2	12867552191531920848	38	19001	19500	500	500	-1801.3162286337329	54.963742887738142	453393	600000	0	0	268.89090443606034	513.18229701574057	0.29722831592564691
0	6.666666666666667	6.666666666666667	200	2	12867552191531920848	39	19501	20000	500	500	-1809.0834537873536	54.539015337313025	452851	600000	0	0	275.16356798396799	489.45682441602168	2.0210039971139646
0	6.666666666666667	6.666666666666667	200	2	12867552191531920848	40	20001	20500	500	500	-1860.6668047600542	56.502822113760928	453548	600000	0	0	259.53919805886699	535.0919486187737	1.1149756400131356
0	6.666666666666667	6.666666666666667	200	2	12867552191531920848	41	20501	21000	500	500	-1821.4684893924216	55.439217680778839	454088	600000	0	0	258.94664465862724	528.66372242204864	0.017961392258892719
0	6.666666666666667	6.666666666666667	200	2	12867552191531920848	42	21001	21500	500	500	-1853.4218187454312	55.055337944463005	455289	600000	0	0	258.85894438471956	546.08437914951605	1.3880096395141817
0	6.666666666666667	6.666666666666667	200	2	12867552191531920848	43	21501	22000	500	500	-1822.6514890742731	54.397095805933844	450910	600000	0	0	250.48943783898295	647.14375870818446	6.6197884407783878
0	6.666666666666667	6.666666666666667	200	2	12867552191531920848	44	22001	22500	500	500	-1781.6808757352255	54.98757556663805	454173	600000	0	0	256.79834362731305	495.83624367435726	0.28691563907402062
0	6.666666666666667	6.666666666666667	200	2	12867552191531920848	45	22501	23000	500	500	-1803.9078151241179	56.883270823826422	452557	600000	0	0	254.39086894383732	553.1017041552974	0.017351575515478921
0	6.666666666666667	6.666666666666667	200	2	12867552191531920848	46	23001	23500	500	500	-1856.5757505795211	54.647243527764466	453415	600000	0	0	245.8983828102574	527.72134473413234	0.46124258417248915
0	6.666666666666667	6.666666666666667	200	2	12867552191531920848	47	23501	24000	500	500	-1810.9504897537697	55.18801815498157	453852	600000	0	0	270.54999144361773	483.78424061310017	1.629000500748383
0	6.666666666666667	6.666666666666667	200	2	12867552191531920848	48	24001	24500	500	500	-1836.6055528341135	55.966547741109089	453196	600000	0	0	271.21731144035937	514.93955654191768	0.97450759885052229
0	6.666666666666667	6.666666666666667	200	2	12867552191531920848	49	24501	25000	500	500	-1823.8159009582234	55.896568412523337	452809	600000	0	0	275.14334808184094	506.86616684106423	0.023616644860589946
0	6.666666666666667	6.666666666666667	200	2	12867552191531920848	50	25001	25500	500	500	-1838.468476058584	55.953162517088856	453157	600000	0	0	266.15661270494996	525.94094429912582	0.85205189683968885
0	6.666666666666667	6.666666666666667	200	2	12867552191531920848	51	25501	26000	500	500	-1886.1685192270363	56.041064299701937	453051	600000	0	0	263.16935401864373	515.43463752768707	2.8444146309444065
0	6.666666666666667	6.666666666666667	200	2	12867552191531920848	52	26001	26500	500	500	-1801.8883060564001	54.878648414599937	455287	600000	0	0	254.16326434226704	513.87158790014928	0.094999525393566042
0	6.666666666666667	6.666666666666667	200	2	12867552191531920848	53	26501	27000	500	500	-1929.3596077617885	55.199290413491696	454387	600000	0	0	271.89063880858185	603.11636705100682	0.14086328142116492
0	6.666666666666667	6.666666666666667	200	2	12867552191531920848	54	27001	27500	500	500	-1806.0301078985701	54.690749789656643	454900	600000	0	0	272.02362968167671	527.62629211761237	0.018229694411173895
0	6.666666666666667	6.666666666666667	200	2	12867552191531920848	55	27501	28000	500	500	-1874.7563172047401	55.351947425866641	452154	600000	0	0	273.71371180003672	540.66308391536791	0.04166932945160929
0	6.666666666666667	6.666666666666667	200	2	12867552191531920848	56	28001	28500	500	500	-1818.5773298014767	53.645206819449456	453692	600000	0	0	272.88378679338649	545.14183501373134	3.5816172560440287
0	6.666666666666667	6.666666666666667	200	2	12867552191531920848	57	28501	29000	500	500	-1710.0391830957174	53.851882106073212	452709	600000	0	0	247.50403911921202	453.06813609312962	5.1360301017018726
0	6.666666666666667	6.666666666666667	200	2	12867552191531920848	58	29001	29500	500	500	-1833.7404116751818	54.700015595515964	454519	600000	0	0	253.77397931077576	527.69349297087899	0.080573355519289
0	6.666666666666667	6.666666666666667	200	2	12867552191531920848	59	29501	30000	500	500	-1837.4662557208321	55.016776653378713	453056	600000	0	0	260.06374347118401	529.90479076349641	3.5619404218018413
0	6.666666666666667	6.666666666666667	200	2	12867552191531920848	60	30001	30500	500	500	-1898.6699825701057	55.543945924477718	452814	600000	0	0	263.93638419796548	598.01947814261575	3.0197526754448618
0	6.666666666666667	6.666666666666667	200	2	12867552191531920848	61	30501	31000	500	500	-1836.8458691752758	55.639316588173507	452114	600000	0	0	241.40786098201676	534.03310262304797	0.010070439826475789
0	6.666666666666667	6.666666666666667	200	2	12867552191531920848	62	31001	31500	500	500	-1712.9649100430495	54.406285141156772	453822	600000	0	0	269.35088512147269	444.1978300173347	0.18722689440570361
0	6.666666666666667	6.666666666666667	200	2	12867552191531920848	63	31501	32000	500	500	-1854.4934697075894	55.831571009248769	453594	600000	0	0	270.87440027984121	504.09085748700818	0.018164358256809343
0	6.666666666666667	6.666666666666667	200	2	12867552191531920848	64	32001	32500	500	500	-1744.0281809043533	54.962480520335788	453501	600000	0	0	250.31163836191865	467.14883691944618	1.3186013361686568
0	6.666666666666667	6.666666666666667	200	2	12867552191531920848	65	32501	33000	500	500	-1791.480610585505	54.3621432584115	453558	600000	0	0	258.48215556372128	521.82903169081533	2.132377582876321
0	6.666666666666667	6.666666666666667	200	2	12867552191531920848	66	33001	33500	500	500	-1745.4973214286551	54.454939085352265	454289	600000	0	0	247.94630279323178	481.84573334951727	3.1554032180574061
0	6.666666666666667	6.666666666666667	200	2	12867552191531920848	67	33501	34000	500	500	-1862.0698335710088	55.698791818659984	453509	600000	0	0	251.21750702105723	525.00289538368395	0.34767090590916389
0	6.666666666666667	6.666666666666667	200	2	12867552191531920848	68	34001	34500	500	500	-1805.9098375557237	56.097667869757224	453175	600000	0	0	247.47117391563006	500.51506854768394	3.122943403261746
0	6.666666666666667	6.666666666666667	200	2	12867552191531920848	69	34501	35000	500	500	-1791.6168766863411	54.093661705041953	454154	600000	0	0	284.8428983147665	517.32109727588443	0.0071975500678434301
0	6.666666666666667	6.666666666666667	200	2	12867552191531920848	70	35001	35500	500	500	-1835.3511267044873	55.236125157478092	453904	600000	0	0	270.96201100513332	512.92414639640742	0.011130530142725506
0	6.666666666666667	6.666666666666667	200	2	12867552191531920848	71	35501	36000	500	500	-1767.9010023504375	54.0886092142797	453633	600000	0	0	265.90359560096289	516.88411260205362	0.018081303734253134
0	6.666666666666667	6.666666666666667	200	2	12867552191531920848	72	36001	36500	500	500	-1840.2437730355969	54.503849795152583	452902	600000	0	0	280.04105072981861	558.74054772881516	0.71021603553172885
0	6.666666666666667	6.666666666666667	200	2	12867552191531920848	73	36501	37000	500	500	-1876.556300893468	56.094149671927788	454114	600000	0	0	255.564268292614	520.88672828648964	0.024602421104225974
0	6.666666666666667	6.666666666666667	200	2	12867552191531920848	74	37001	37500	500	500	-1765.3164362928844	53.533500320451353	452836	600000	0	0	275.57822903680653	490.85004810113941	1.9039044209922249
0	6.666666666666667	6.666666666666667	200	2	12867552191531920848	75	37501	38000	500	500	-1824.2438812242547	55.570737070763514	454251	600000	0	0	257.02378236444724	531.69471795149639	0.040317246400082364
0	6.666666666666667	6.666666666666667	200	2	12867552191531920848	76	38001	38500	500	500	-1805.4516452626499	55.671375483806351	453164	600000	0	0	258.10276250235876	557.82430152453264	2.990973864893963
0	6.666666666666667	6.666666666666667	200	2	12867552191531920848	77	38501	39000	500	500	-1853.0588258511305	54.437019205655908	452524	600000	0	0	257.85449722096871	510.8846874314396	2.4962968730129318
0	6.666666666666667	6.666666666666667	200	2	12867552191531920848	78	39001	39500	500	500	-1824.2891115983982	54.808538024834554	451784	600000	0	0	255.49998492415432	560.72490427801051	1.7614269546615686
0	6.666666666666667	6.666666666666667	200	2	12867552191531920848	79	39501	40000	500	500	-1837.2362942103948	56.273033815121615	454768	600000	0	0	261.33725588492359	509.68670188739497	0.012385222758195912
0	6.666666666666667	6.666666666666667	200	2	12867552191531920848	80	40001	40500	500	500	-1830.2394890213975	57.562102567541046	453983	600000	0	0	260.36333542752806	513.07010654303633	0.13106713996974964
0	6.666666666666667	6.666666666666667	200	2	12867552191531920848	81	40501	41000	500	500	-1822.0051563582579	55.88161596398718	453945	600000	0	0	261.4940110211175	501.9347636285774	0.6823300502207571
0	6.666666666666667	6.666666666666667	200	2	12867552191531920848	82	41001	41500	500	500	-1836.5103993335304	55.563055096868325	450846	600000	0	0	250.24048515316716	531.53036415868587	1.6158294311213659
0	6.666666666666667	6.666666666666667	200	2	12867552191531920848	83	41501	42000	500	500	-1824.8292120877315	54.319767339185013	453745	600000	0	0	286.20561863797985	503.20163193991272	0.026851524840056012
0	6.666666666666667	6.666666666666667	200	2	12867552191531920848	84	42001	42500	500	500	-1870.4004595027307	56.20978676714352	454629	600000	0	0	270.54611689089165	532.0724616035327	0.01669563540854118
0	6.666666666666667	6.666666666666667	200	2	12867552191531920848	85	42501	43000	500	500	-1820.7209821206202	53.210173080128243	452646	600000	0	0	282.92212814301246	495.9733709097726	2.6523638037731274
0	6.666666666666667	6.666666666666667	200	2	12867552191531920848	86	43001	43500	500	500	-1786.0714106417436	54.93095572800771	452976	600000	0	0	264.70881874230537	476.02295035575935	0.011575634332659058
0	6.666666666666667	6.666666666666667	200	2	12867552191531920848	87	43501	44000	500	500	-1831.2072398560952	53.928098419428778	454548	600000	0	0	257.95211855270423	564.36152502231596	4.2754986143858513
0	6.666666666666667	6.666666666666667	200	2	12867552191531920848	88	44001	44500	500	500	-1804.4447021879409	55.036852797913234	454374	600000	0	0	269.2012175687866	495.10538543401708	0.051086434363567017
0	6.666666666666667	6.666666666666667	200	2	12867552191531920848	89	44501	45000	500	500	-1840.5598893425424	53.8768804162534	453630	600000	0	0	276.39523888537258	557.02456719830354	0.025047242239844572
0	6.666666666666667	6.666666666666667	200	2	12867552191531920848	90	45001	45500	500	500	-1862.7198326228461	56.07900923354363	453514	600000	0	0	265.73301831154362	537.7177330975328	0.021157022763176058
0	6.666666666666667	6.666666666666667	200	2	12867552191531920848	91	45501	46000	500	500	-1864.8265048892281	55.282777725673384	453702	600000	0	0	268.51081069232504	549.01445429548278	0.016219707840095458
0	6.666666666666667	6.666666666666667	200	2	12867552191531920848	92	46001	46500	500	500	-1846.6458512389859	54.107864335946871	454239	600000	0	0	254.91200826342484	512.12387959478588	0.16030675872054725
0	6.666666666666667	6.666666666666667	200	2	12867552191531920848	93	46501	47000	500	500	-1785.4769973409232	52.437045681969799	452780	600000	0	0	253.01474791385496	495.88376630534555	1.6513085823084888
0	6.666666666666667	6.666666666666667	200	2	12867552191531920848	94	47001	47500	500	500	-1770.2774588477193	52.82468061816617	451725	600000	0	0	269.21832489096494	506.85540260359511	3.6615002222291491
0	6.666666666666667	6.666666666666667	200	2	12867552191531920848	95	47501	48000	500	500	-1814.8402488798554	53.086368858116835	453039	600000	0	0	284.71773557629211	504.36843872475373	1.5034371177749402
0	6.666666666666667	6.666666666666667	200	2	12867552191531920848	96	48001	48500	500	500	-1843.7757762920248	54.221319483914655	452857	600000	0	0	260.80131284655039	601.24144403250068	0.67788426009850999
0	6.666666666666667	6.666666666666667	200	2	12867552191531920848	97	48501	49000	500	500	-1843.9472274185462	55.114621110805892	454193	600000	0	0	260.56432119576237	504.16257152527896	0.0074692988462650382
0	6.666666666666667	6.666666666666667	200	2	12867552191531920848	98	49001	49500	500	500	-1836.2280789897063	56.108871505699881	453185	600000	0	0	265.64033454538537	495.76592770415408	0.0088030104051221754
0	6.666666666666667	6.666666666666667	200	2	12867552191531920848	99	49501	50000	500	500	-1835.6716181068302	54.093033957177241	453194	600000	0	0	274.15439988914721	500.50326838853192	0.0067281066588785205
0	6.666666666666667	6.666666666666667	200	3	12180217431186623457	0	1	500	500	500	-1817.9360758926148	57.017805099012072	453327	600000	0	0	263.16824552188672	562.28525114789852	0.020692075011429372
0	6.666666666666667	6.666666666666667	200	3	12180217431186623457	1	501	1000	500	500	-1869.3062820406656	54.729207739669754	452412	600000	0	0	271.82600381838483	544.866676679335	0.028737732266858853
0	6.666666666666667	6.666666666666667	200	3	12180217431186623457	2	1001	1500	500	500	-1794.9631920079587	54.603306127920384	454512	600000	0	0	258.5774824996397	515.31810817119231	0.98535303421074238
0	6.666666666666667	6.666666666666667	200	3	12180217431186623457	3	1501	2000	500	500	-1820.5208295572138	56.753855683182607	453478	600000	0	0	266.70473478978943	539.54452090531959	0.19353976426882399
0	6.666666666666667	6.666666666666667	200	3	12180217431186623457	4	2001	2500	500	500	-1881.1726116204147	54.862832747485349	452726	600000	0	0	270.70647132702328	540.71384085184127	0.093648917753721861
0	6.666666666666667	6.666666666666667	200	3	12180217431186623457	5	2501	3000	500	500	-1899.9107206604215	56.35638448015731	454252	600000	0	0	263.20149209463273	541.36816059768421	2.5616267172753848
0	6.666666666666667	6.666666666666667	200	3	12180217431186623457	6	3001	3500	500	500	-1885.542108318393	57.018510899036244	455131	600000	0	0	262.42676294446773	542.7981791193497	0.24066755031734199
0	6.666666666666667	6.666666666666667	200	3	12180217431186623457	7	3501	4000	500	500	-1782.5257514318346	52.931738295597924	453445	600000	0	0	266.80141534996329	509.2703174994399	0.045759931605052262
0	6.666666666666667	6.666666666666667	200	3	12180217431186623457	8	4001	4500	500	500	-1859.6509591401118	55.733064158725107	453925	600000	0	0	259.54733438664624	502.0261029236284	0.01565656109684525
0	6.666666666666667	6.666666666666667	200	3	12180217431186623457	9	4501	5000	500	500	-1789.0348462481109	53.427435133746251	452945	600000	0	0	270.60126942186196	486.31433541956972	0.013330270041282477
0	6.666666666666667	6.666666666666667	200	3	12180217431186623457	10	5001	5500	500	500	-1893.1116545590507	56.985418804774966	455096	600000	0	0	267.40650324120162	529.28063322113894	0.015015531236687599
0	6.666666666666667	6.666666666666667	200	3	12180217431186623457	11	5501	6000	500	500	-1877.1465288341515	55.130493466679752	454520	600000	0	0	256.77201724653099	567.7737075775633	0.020660739811492027
0	6.666666666666667	6.666666666666667	200	3	12180217431186623457	12	6001	6500	500	500	-1767.7994248117207	53.044217713248031	455053	600000	0	0	270.6704458642534	490.83853383393074	0.013563209143654126
0	6.666666666666667	6.666666666666667	200	3	12180217431186623457	13	6501	7000	500	500	-1821.4225401664676	56.700726412762712	454724	600000	0	0	264.13456184277788	578.53288020582966	0.24893567860514085
0	6.666666666666667	6.666666666666667	200	3	12180217431186623457	14	7001	7500	500	500	-1783.453625249919	54.439595244902733	453871	600000	0	0	238.99105529599123	559.03220594969491	1.0104254551583531
0	6.666666666666667	6.666666666666667	200	3	12180217431186623457	15	7501	8000	500	500	-1759.51403862387	54.728891961868797	451440	600000	0	0	254.66440214129148	494.13586072279253	4.4963106946502265
0	6.666666666666667	6.666666666666667	200	3	12180217431186623457	16	8001	8500	500	500	-1794.422564058249	55.414445669775745	453875	600000	0	0	253.62112519186829	525.08374389450341	0.0094622823211411005
0	6.666666666666667	6.666666666666667	200	3	12180217431186623457	17	8501	9000	500	500	-1754.5239056568537	55.476896159957981	454027	600000	0	0	252.27799764738748	492.88049797192258	3.0183737605155616
0	6.666666666666667	6.666666666666667	200	3	12180217431186623457	18	9001	9500	500	500	-1902.6356607930254	56.640635611321628	452994	600000	0	0	277.4635856230733	550.90296076600805	0.06407772984030162
0	6.666666666666667	6.666666666666667	200	3	12180217431186623457	19	9501	10000	500	500	-1860.1147288486486	55.214397196482139	454530	600000	0	0	245.07349279795352	542.37056838443016	2.4930593198717936
0	6.666666666666667	6.666666666666667	200	3	12180217431186623457	20	10001	10500	500	500	-1866.9368883733148	55.020797703480781	453777	600000	0	0	279.42255238188886	526.80831786325621	0.0054469829640249037
0	6.666666666666667	6.666666666666667	200	3	12180217431186623457	21	10501	11000	500	500	-1778.2993611024508	53.039450584212076	452546	600000	0	0	262.26918134240032	571.07842781016996	4.540349699574886
0	6.666666666666667	6.666666666666667	200	3	12180217431186623457	22	11001	11500	500	500	-1848.985884204696	55.281545341223591	454346	600000	0	0	276.24965443260305	502.88960480336766	0.22317401448755553
0	6.666666666666667	6.666666666666667	200	3	12180217431186623457	23	11501	12000	500	500	-1841.6065640265697	55.060864143360874	452658	600000	0	0	268.252798751657	518.80494058236843	0.034912771195623339
0	6.666666666666667	6.666666666666667	200	3	12180217431186623457	24	12001	12500	500	500	-1818.1148895352469	54.268672161333249	452392	600000	0	0	285.73060163094544	492.47913133063025	0.021068258445503973
0	6.666666666666667	6.666666666666667	200	3	12180217431186623457	25	12501	13000	500	500	-1841.9742408988864	55.155758002223635	453144	600000	0	0	243.78306615201669	515.23345513729328	3.8094204409487942
0	6.666666666666667	6.666666666666667	200	3	12180217431186623457	26	13001	13500	500	500	-1928.1296552095116	55.072426733476192	454354	600000	0	0	298.03056588669978	535.56541904015353	0.3487107183601561
0	6.666666666666667	6.666666666666667	200	3	12180217431186623457	27	13501	14000	500	500	-1834.050434825165	54.203332935981898	453163	600000	0	0	260.92929752741929	519.83190377161122	4.7638755197707612
0	6.666666666666667	6.666666666666667	200	3	12180217431186623457	28	14001	14500	500	500	-1843.6051231637312	53.671744414891243	452553	600000	0	0	291.97536741553051	534.28851423721369	0.22445587950822601
0	6.666666666666667	6.666666666666667	200	3	12180217431186623457	29	14501	15000	500	500	-1906.5944758617438	57.471066137611835	454850	600000	0	0	263.11988315644646	543.59113233967287	0.030394864253375637
0	6.666666666666667	6.666666666666667	200	3	12180217431186623457	30	15001	15500	500	500	-1813.9512464562918	54.256664636997982	453182	600000	0	0	281.69896225078156	523.68456715208674	0.0088579259669154548
0	6.666666666666667	6.666666666666667	200	3	12180217431186623457	31	15501	16000	500	500	-1860.4415398447252	55.93485127301539	451495	600000	0	0	270.95977001610493	545.50343284513428	0.012106551039744397
0	6.666666666666667	6.666666666666667	200	3	12180217431186623457	32	16001	16500	500	500	-1807.2605414377206	54.711835996521039	454941	600000	0	0	253.07411315244343	580.31238223245293	0.1835925561270268
0	6.666666666666667	6.666666666666667	200	3	12180217431186623457	33	16501	17000	500	500	-1897.3075265857942	56.264312580731179	454536	600000	0	0	265.06188234022369	582.67067643822395	0.34541229947722651
0	6.666666666666667	6.666666666666667	200	3	12180217431186623457	34	17001	17500	500	500	-1803.0619766584796	55.983156722492929	453876	600000	0	0	259.14065333987656	507.13166616676995	0.045223173938466942
0	6.666666666666667	6.666666666666667	200	3	12180217431186623457	35	17501	18000	500	500	-1857.2909339898656	54.398207901592087	454369	600000	0	0	267.19709209244911	564.64039296932981	0.010549793922115401
0	6.666666666666667	6.666666666666667	200	3	12180217431186623457	36	18001	18500	500	500	-1882.9904898975449	56.445903285530626	454916	600000	0	0	261.71321855511019	595.07971535798663	0.033509869303702602
0	6.666666666666667	6.666666666666667	200	3	12180217431186623457	37	18501	19000	500	500	-1835.1276132582609	54.292026708897872	454009	600000	0	0	276.00226632395652	533.93589049482841	1.5065077714768815
0	6.666666666666667	6.666666666666667	200	3	12180217431186623457	38	19001	19500	500	500	-1813.2126940308015	55.031448576846017	451832	600000	0	0	256.92436043790121	532.42131288501628	3.4434398225849514
0	6.666666666666667	6.666666666666667	200	3	12180217431186623457	39	19501	20000	500	500	-1869.277105358178	54.322819112339033	452713	600000	0	0	258.76457952580137	530.53021990159061	0.69986742051595707
0	6.666666666666667	6.666666666666667	200	3	12180217431186623457	40	20001	20500	500	500	-1800.7242976600317	54.626019378421887	454062	600000	0	0	266.23260653098743	496.60348445504212	1.8500738241997763
0	6.666666666666667	6.666666666666667	200	3	12180217431186623457	41	20501	21000	500	500	-1812.6985960942459	54.972259536051531	453406	600000	0	0	251.81896993230333	505.14353443434851	0.07620617895257277
0	6.666666666666667	6.666666666666667	200	3	12180217431186623457	42	21001	21500	500	500	-1909.7968603538898	56.100433504621023	454267	600000	0	0	268.31122702060424	544.51408145223434	1.0091572734795771
0	6.666666666666667	6.666666666666667	200	3	12180217431186623457	43	21501	22000	500	500	-1842.0513871107073	56.469461365029304	453469	600000	0	0	250.67992050334502	592.42789911748491	0.0090412951077314119
0	6.666666666666667	6.666666666666667	200	3	12180217431186623457	44	22001	22500	500	500	-1755.3782886561962	53.550972142201012	453119	600000	0	0	273.79476038656082	500.28027404786332	0.0048621634475206239
0	6.666666666666667	6.666666666666667	200	3	12180217431186623457	45	22501	23000	500	500	-1797.1206046929183	54.030268800890788	453644	600000	0	0	261.32827027960985	543.53293623290529	1.0245127142625434
0	6.666666666666667	6.666666666666667	200	3	12180217431186623457	46	23001	23500	500	500	-1841.7024747332803	55.844808307032118	453785	600000	0	0	265.46050171953669	517.26241036771899	1.9563464862914839
0	6.666666666666667	6.666666666666667	200	3	12180217431186623457	47	23501	24000	500	500	-1856.1620995641488	55.39305255703551	452206	600000	0	0	272.56794496520274	522.66889052171462	0.1116022977331327
0	6.666666666666667	6.666666666666667	200	3	12180217431186623457	48	24001	24500	500	500	-1845.3844351558678	56.247424946391433	455161	600000	0	0	260.97620221725134	570.36469312599775	0.0049646325346753796
0	6.666666666666667	6.666666666666667	200	3	12180217431186623457	49	24501	25000	500	500	-1837.1835934380997	54.637607167641015	452825	600000	0	0	255.71587538196704	528.695247815372	0.0061190144621363326
0	6.666666666666667	6.666666666666667	200	3	12180217431186623457	50	25001	25500	500	500	-1886.6104598511474	55.309259697422895	454368	600000	0	0	272.0775693474269	556.28344679266252	0.012947576706637839
0	6.666666666666667	6.666666666666667	200	3	12180217431186623457	51	25501	26000	500	500	-1807.3055331226776	56.288975581280141	454641	600000	0	0	260.39672733026998	496.2199076367159	0.93292465427800075
0	6.666666666666667	6.666666666666667	200	3	12180217431186623457	52	26001	26500	500	500	-1916.6179938561827	57.009705422297841	454143	600000	0	0	238.95888068200443	697.01326671395987	2.132364454078135
0	6.666666666666667	6.666666666666667	200	3	12180217431186623457	53	26501	27000	500	500	-1878.4198642390634	54.722727204149479	453901	600000	0	0	284.88278806421266	558.76402911640287	0.038418164650040151
0	6.666666666666667	6.666666666666667	200	3	12180217431186623457	54	27001	27500	500	500	-1831.5833956651197	55.324384034405462	453987	600000	0	0	281.02191613642719	520.32430366325661	0.032269933938218351
0	6.666666666666667	6.666666666666667	200	3	12180217431186623457	55	27501	28000	500	500	-1816.8137458408348	54.193857736016383	452983	600000	0	0	280.34774212719719	491.00733334186918	0.059250114044902893
0	6.666666666666667	6.666666666666667	200	3	12180217431186623457	56	28001	28500	500	500	-1910.1759675020364	56.996183080529782	453516	600000	0	0	281.65243776170377	536.04560716842627	1.0023675115618356
0	6.666666666666667	6.666666666666667	200	3	12180217431186623457	57	28501	29000	500	500	-1861.9557437090025	56.032861832019748	453266	600000	0	0	269.02977912397347	557.3180621815635	0.026723155441232334
0	6.666666666666667	6.666666666666667	200	3	12180217431186623457	58	29001	29500	500	500	-1901.552449322729	55.556424667356637	452995	600000	0	0	277.54063367515511	538.37307191787477	0.03811273718223851
0	6.666666666666667	6.666666666666667	200	3	12180217431186623457	59	29501	30000	500	500	-1783.7416600996974	55.877273732022488	454485	600000	0	0	255.18749923630932	487.48408103230105	0.018531436195089575
0	6.666666666666667	6.666666666666667	200	3	12180217431186623457	60	30001	30500	500	500	-1809.4722744963792	55.174234424169569	452676	600000	0	0	251.0149054124627	524.67152780301512	2.7033492196031754
0	6.666666666666667	6.666666666666667	200	3	12180217431186623457	61	30501	31000	500	500	-1804.152942388906	53.372272247479714	451325	600000	0	0	254.73020593174888	504.5244568212467	5.939012188080949
0	6.666666666666667	6.666666666666667	200	3	12180217431186623457	62	31001	31500	500	500	-1790.3789857394086	53.873514136888751	449135	600000	0	0	237.5295456402666	508.96330771670245	11.901361546447733
0	6.666666666666667	6.666666666666667	200	3	12180217431186623457	63	31501	32000	500	500	-1789.1041455214749	55.230334927640534	453739	600000	0	0	267.66872614459857	530.8334265389642	0.013821051298894405
0	6.666666666666667	6.666666666666667	200	3	12180217431186623457	64	32001	32500	500	500	-1855.5748941946681	57.060542940313674	454282	600000	0	0	230.6326784431165	552.93509700693562	4.2085434963098152
0	6.666666666666667	6.666666666666667	200	3	12180217431186623457	65	32501	33000	500	500	-1853.7748650157871	55.127062317157225	453664	600000	0	0	258.01589343936911	550.10420132287027	3.3961348843833727
0	6.666666666666667	6.666666666666667	200	3	12180217431186623457	66	33001	33500	500	500	-1812.2158993714772	52.686889561887632	452135	600000	0	0	272.08333638019673	485.96817545728538	4.4908924473742236
0	6.666666666666667	6.666666666666667	200	3	12180217431186623457	67	33501	34000	500	500	-1877.7501563009198	55.619240207759752	454745	600000	0	0	261.83265671582399	543.38779623976041	0.010683870338940082
0	6.666666666666667	6.666666666666667	200	3	12180217431186623457	68	34001	34500	500	500	-1840.8801093892719	55.601894014528106	454529	600000	0	0	268.78520638253298	511.62844906438477	0.060739446138052315
0	6.666666666666667	6.666666666666667	200	3	12180217431186623457	69	34501	35000	500	500	-1846.6188052977147	55.428345875728446	453445	600000	0	0	271.13451717581017	508.5852758329637	0.6254225759727694
0	6.666666666666667	6.666666666666667	200	3	12180217431186623457	70	35001	35500	500	500	-1832.2126488028914	56.403050033765183	452935	600000	0	0	260.35661956602524	532.48635708133622	0.51556659921712877
0	6.666666666666667	6.666666666666667	200	3	12180217431186623457	71	35501	36000	500	500	-1837.0251709116337	54.674412031104438	453159	600000	0	0	261.38199354550329	519.21491486733532	0.050154277909370389
0	6.666666666666667	6.666666666666667	200	3	12180217431186623457	72	36001	36500	500	500	-1826.5069856790542	53.603077133955139	453192	600000	0	0	252.60294867159396	523.62320941632834	0.34426889777082975
0	6.666666666666667	6.666666666666667	200	3	12180217431186623457	73	36501	37000	500	500	-1828.0864122189294	53.96336425864137	452045	600000	0	0	285.79466641274132	510.67082775878276	0.01601306727166826
0	6.666666666666667	6.666666666666667	200	3	12180217431186623457	74	37001	37500	500	500	-1780.7400087604055	54.526862651204389	453533	600000	0	0	255.49709164422555	488.34025731833083	0.013720570863959862
0	6.666666666666667	6.666666666666667	200	3	12180217431186623457	75	37501	38000	500	500	-1747.6726545082915	54.29620085893113	451919	600000	0	0	276.98969166528678	482.61347752550319	0.0075476950021994404
0	6.666666666666667	6.666666666666667	200	3	12180217431186623457	76	38001	38500	500	500	-1769.9707165158063	53.769284886930791	452025	600000	0	0	240.52344020920776	508.3706111221768	9.4216589783414975
0	6.666666666666667	6.666666666666667	200	3	12180217431186623457	77	38501	39000	500	500	-1798.9120167808733	55.464543027177356	454909	600000	0	0	265.98410979700424	516.73648839233988	0.17282720137359991
0	6.666666666666667	6.666666666666667	200	3	12180217431186623457	78	39001	39500	500	500	-1835.4965987455264	55.714191995626777	454045	600000	0	0	257.05004688736739	519.02072542654378	0.028280887489455415
0	6.666666666666667	6.666666666666667	200	3	12180217431186623457	79	39501	40000	500	500	-1816.7835819702545	56.488886728909449	453811	600000	0	0	299.33841459843791	493.06810098162953	0.010300737603430867
0	6.666666666666667	6.666666666666667	200	3	12180217431186623457	80	40001	40500	500	500	-1869.6156521651008	55.737891726413871	453523	600000	0	0	268.73377386397033	517.39698123340531	0.0079222274745927423
0	6.666666666666667	6.666666666666667	200	3	12180217431186623457	81	40501	41000	500	500	-1924.3250150913073	55.917455984633001	452588	600000	0	0	267.21805488537882	561.8295529885329	0.3343055046569044
0	6.666666666666667	6.666666666666667	200	3	12180217431186623457	82	41001	41500	500	500	-1902.7637635176288	56.090194974305959	453592	600000	0	0	272.78421912397613	511.85145249409078	1.2113591062373634
0	6.666666666666667	6.666666666666667	200	3	12180217431186623457	83	41501	42000	500	500	-1858.9478078791046	55.091588137915522	454990	600000	0	0	266.09189883947613	542.56050610250043	0.83518341409765018
0	6.666666666666667	6.666666666666667	200	3	12180217431186623457	84	42001	42500	500	500	-1825.2691582038617	55.141767739837881	453390	600000	0	0	268.09560037111385	526.77829824922242	5.1054755858610665
0	6.666666666666667	6.666666666666667	200	3	12180217431186623457	85	42501	43000	500	500	-1838.211291499347	55.447739467291463	452375	600000	0	0	255.24405337797901	502.13739280171791	2.233856667982574
0	6.666666666666667	6.666666666666667	200	3	12180217431186623457	86	43001	43500	500	500	-1893.7780817228916	54.447978446033609	452663	600000	0	0	266.44250937719301	553.39467861351261	0.36628520584636182
0	6.666666666666667	6.666666666666667	200	3	12180217431186623457	87	43501	44000	500	500	-1833.3313122351419	55.846032274634723	455240	600000	0	0	277.2563504529179	502.10500850567837	0.028167257928194533
0	6.666666666666667	6.666666666666667	200	3	12180217431186623457	88	44001	44500	500	500	-1899.5430612807113	54.685299443348839	452848	600000	0	0	278.41195627774874	571.53475053782142	0.4791720139252944
0	6.666666666666667	6.666666666666667	200	3	12180217431186623457	89	44501	45000	500	500	-1794.651495247851	54.66827195850383	451865	600000	0	0	257.76762381401818	509.29480660105531	0.98713697810317114
0	6.666666666666667	6.666666666666667	200	3	12180217431186623457	90	45001	45500	500	500	-1868.3081355728129	56.606241136747279	453469	600000	0	0	242.10395071756503	550.51880098186928	2.4912744846438266
0	6.666666666666667	6.666666666666667	200	3	12180217431186623457	91	45501	46000	500	500	-1794.4849648531488	55.116805655709548	453129	600000	0	0	261.38026020207087	502.47906106432606	2.6741354984461743
0	6.666666666666667	6.666666666666667	200	3	12180217431186623457	92	46001	46500	500	500	-1886.3392605433487	54.806228242536029	454693	600000	0	0	269.96461918773599	545.43199771792024	0.0078481974647704542
0	6.666666666666667	6.666666666666667	200	3	12180217431186623457	93	46501	47000	500	500	-1802.6960493502988	54.345043921785482	454333	600000	0	0	279.49042104045515	495.91175834581315	0.012624503979833604
0	6.666666666666667	6.666666666666667	200	3	12180217431186623457	94	47001	47500	500	500	-1861.5208309969557	55.266495706104941	453547	600000	0	0	274.84366778546672	506.14977631935	0.036295451326158523
0	6.666666666666667	6.666666666666667	200	3	12180217431186623457	95	47501	48000	500	500	-1859.7321587732881	54.222678314137589	453568	600000	0	0	293.901542318559	495.47333511196939	0.83824415259119989
0	6.666666666666667	6.666666666666667	200	3	12180217431186623457	96	48001	48500	500	500	-1843.3452224034045	55.22363298133557	453656	600000	0	0	267.8025280792607	513.69829489318499	3.7699809941220392
0	6.666666666666667	6.666666666666667	200	3	12180217431186623457	97	48501	49000	500	500	-1805.9032213489172	53.268361081242539	453480	600000	0	0	273.79571210897427	494.19574111009518	0.019428509697750344
0	6.666666666666667	6.666666666666667	200	3	12180217431186623457	98	49001	49500	500	500	-1802.3577980177306	54.139061920677214	451023	600000	0	0	226.46165863985939	531.97084792675901	10.752889508728591
0	6.666666666666667	6.666666666666667	200	3	12180217431186623457	99	49501	50000	500	500	-1817.9283733043162	54.473831182851988	452390	600000	0	0	272.31433087604205	529.51893368153014	2.635542212686397
0	6.666666666666667	6.666666666666667	200	4	15779160862448214418	0	1	500	500	500	-1771.7065913640868	54.018454625878945	452814	600000	0	0	288.57861750986569	478.41342802324499	0.83681131335851933
0	6.666666666666667	6.666666666666667	200	4	15779160862448214418	1	501	1000	500	500	-1873.1808001655547	56.370182883249043	453800	600000	0	0	273.28328312200932	542.27599795024491	0.073818995938421311
0	6.666666666666667	6.666666666666667	200	4	15779160862448214418	2	1001	1500	500	500	-1817.9106420687137	56.65691656828313	453829	600000	0	0	273.02004208001824	499.59538446635179	0.014367199255431094
0	6.666666666666667	6.666666666666667	200	4	15779160862448214418	3	1501	2000	500	500	-1933.908680794508	57.281247272740778	453555	600000	0	0	257.68741291859448	594.66398921715097	0.036287311402939622
0	6.666666666666667	6.666666666666667	200	4	15779160862448214418	4	2001	2500	500	500	-1802.0555828218121	54.131533682190593	453918	600000	0	0	269.02473577036483	490.09767155976778	1.6730090474766404
0	6.666666666666667	6.666666666666667	200	4	15779160862448214418	5	2501	3000	500	500	-1814.0917258653244	54.378528037949557	453269	600000	0	0	257.96137125993101	528.26508000676756	0.020948882321984361
0	6.666666666666667	6.666666666666667	200	4	15779160862448214418	6	3001	3500	500	500	-1871.5841286720961	56.104417587232419	454041	600000	0	0	259.79254547259967	512.57391025981929	0.0071991780417951824
0	6.666666666666667	6.666666666666667	200	4	15779160862448214418	7	3501	4000	500	500	-1759.6220542106751	54.1780955297642	452403	600000	0	0	263.00359500870553	488.9742611460623	1.5644772591139993
0	6.666666666666667	6.666666666666667	200	4	15779160862448214418	8	4001	4500	500	500	-1886.9052489212281	56.040772356131875	454707	600000	0	0	272.42734378584601	548.60838848562935	0.020796813768861142
0	6.666666666666667	6.666666666666667	200	4	15779160862448214418	9	4501	5000	500	500	-1811.6684501865966	54.197709131380059	453311	600000	0	0	266.95390890234614	589.85272192334889	0.0079648239511223434
0	6.666666666666667	6.666666666666667	200	4	15779160862448214418	10	5001	5500	500	500	-1798.5851670356576	53.103839851705459	453954	600000	0	0	250.29006985666632	538.42291042157399	0.84590361731972119
0	6.666666666666667	6.666666666666667	200	4	15779160862448214418	11	5501	6000	500	500	-1801.8799675763457	53.804606608587022	454807	600000	0	0	258.50899127681225	542.80208904228425	0.019929965705850421
0	6.666666666666667	6.666666666666667	200	4	15779160862448214418	12	6001	6500	500	500	-1722.4599906437163	51.974179697321034	452826	600000	0	0	244.81377290799537	491.99832874075463	0.22717534804357725
0	6.666666666666667	6.666666666666667	200	4	15779160862448214418	13	6501	7000	500	500	-1853.8807638259027	55.353846797403087	453837	600000	0	0	272.04214862811421	551.02665516659715	0.0069602816615789006
0	6.666666666666667	6.666666666666667	200	4	15779160862448214418	14	7001	7500	500	500	-1958.0788832938954	55.833536409982187	455150	600000	0	0	260.30812203565461	648.64813336865654	0.3605547605263687
0	6.666666666666667	6.666666666666667	200	4	15779160862448214418	15	7501	8000	500	500	-1817.1653444898604	55.652632111493219	453944	600000	0	0	267.68628790552197	491.45509479298772	0.0051016906218195098
0	6.666666666666667	6.666666666666667	200	4	15779160862448214418	16	8001	8500	500	500	-1851.6456151250829	55.998947844851656	451984	600000	0	0	262.60156749806561	521.70982218859945	1.8416722859098142
0	6.666666666666667	6.666666666666667	200	4	15779160862448214418	17	8501	9000	500	500	-1819.7649487089325	54.69341744790583	453577	600000	0	0	245.37941482164183	509.8969964813349	0.36583519829840627
0	6.666666666666667	6.666666666666667	200	4	15779160862448214418	18	9001	9500	500	500	-1839.7194098629654	54.996435767331867	452522	600000	0	0	250.14342954762316	547.45166245403686	2.0165218608392408
0	6.666666666666667	6.666666666666667	200	4	15779160862448214418	19	9501	10000	500	500	-1769.3627094244346	56.082996304985762	453976	600000	0	0	257.25366660408474	507.51680356723699	0.19544912217455407
0	6.666666666666667	6.666666666666667	200	4	15779160862448214418	20	10001	10500	500	500	-1845.7207664042548	54.640367196760046	454453	600000	0	0	259.31973883795501	511.12522159635665	0.041044982280811514
0	6.666666666666667	6.666666666666667	200	4	15779160862448214418	21	10501	11000	500	500	-1807.4448974965453	55.295028795253593	452722	600000	0	0	272.85887289051203	524.83619276893717	0.0023953395040681954
0	6.666666666666667	6.666666666666667	200	4	15779160862448214418	22	11001	11500	500	500	-1839.5829314892476	55.395481448216096	452704	600000	0	0	253.38099226495339	506.96274000831875	4.8350346811442959
0	6.666666666666667	6.666666666666667	200	4	15779160862448214418	23	11501	12000	500	500	-1806.1216107089874	55.516861090879637	455852	600000	0	0	252.5144876853804	495.30779787817522	0.030688025646490376
0	6.666666666666667	6.666666666666667	200	4	15779160862448214418	24	12001	12500	500	500	-1808.3550977011512	56.684282357064461	454949	600000	0	0	245.52820157025417	515.20872241209895	0.094902661239963132
0	6.666666666666667	6.666666666666667	200	4	15779160862448214418	25	12501	13000	500	500	-1772.7709612622682	54.181112591562872	451939	600000	0	0	254.94044830379505	483.23567377115478	4.2529505322835979
0	6.666666666666667	6.666666666666667	200	4	15779160862448214418	26	13001	13500	500	500	-1896.2877801122502	56.846034195611367	453794	600000	0	0	255.53778237089168	547.50603376285994	0.02454482871469138
0	6.666666666666667	6.666666666666667	200	4	15779160862448214418	27	13501	14000	500	500	-1853.859808946768	54.125222830668541	453268	600000	0	0	265.86930751919135	496.2278433158171	0.031908765212431404
0	6.666666666666667	6.666666666666667	200	4	15779160862448214418	28	14001	14500	500	500	-1873.9094240103725	57.853067562169826	455902	600000	0	0	251.75474619368893	545.34772800106714	0.089358540508755094
0	6.666666666666667	6.666666666666667	200	4	15779160862448214418	29	14501	15000	500	500	-1865.5500894814347	55.339645033835779	453329	600000	0	0	277.08930278570267	554.37025309617434	0.029999011035829276
0	6.666666666666667	6.666666666666667	200	4	15779160862448214418	30	15001	15500	500	500	-1761.2849558262494	55.193704520269868	453519	600000	0	0	265.47254040524871	515.21042552933716	0.048040645208966865
0	6.666666666666667	6.666666666666667	200	4	15779160862448214418	31	15501	16000	500	500	-1879.0542229942371	54.890287736801312	454969	600000	0	0	257.85129129354192	519.17085211704011	0.9949631924718475
0	6.666666666666667	6.666666666666667	200	4	15779160862448214418	32	16001	16500	500	500	-1812.3031885290827	55.248522477878296	453432	600000	0	0	280.81082787991835	530.82436583371828	0.0088186654946640769
0	6.666666666666667	6.666666666666667	200	4	15779160862448214418	33	16501	17000	500	500	-1797.5785622729863	54.454318141600403	454328	600000	0	0	274.0853265730683	511.77019310314847	0.02143131511165048
0	6.666666666666667	6.666666666666667	200	4	15779160862448214418	34	17001	17500	500	500	-1872.9013489105114	56.037930272211796	454126	600000	0	0	268.96996567454431	654.55776892851941	0.047772808708796008
0	6.666666666666667	6.666666666666667	200	4	15779160862448214418	35	17501	18000	500	500	-1891.5050270117465	54.164228588897537	453776	600000	0	0	265.47993826362756	536.70336745000463	0.5746434475316925
0	6.666666666666667	6.666666666666667	200	4	15779160862448214418	36	18001	18500	500	500	-1839.0897516268478	54.856291827587576	453155	600000	0	0	263.45732734124965	521.2028672603675	0.11863365987430223
0	6.666666666666667	6.666666666666667	200	4	15779160862448214418	37	18501	19000	500	500	-1784.3489417873775	53.718535846594001	454078	600000	0	0	283.15143637788788	493.22398020637218	0.1804739484737635
0	6.666666666666667	6.666666666666667	200	4	15779160862448214418	38	19001	19500	500	500	-1812.1527188893108	54.241099927495611	453192	600000	0	0	267.46953101496558	489.84471101015015	0.730198274375917
0	6.666666666666667	6.666666666666667	200	4	15779160862448214418	39	19501	20000	500	500	-1782.7540795184077	54.641651213758905	452981	600000	0	0	245.52358887671272	547.37968468326869	0.007621893720331438
0	6.666666666666667	6.666666666666667	200	4	15779160862448214418	40	20001	20500	500	500	-1887.3590878590196	56.523510526849421	453401	600000	0	0	278.95416512706538	511.80325930499095	0.010415430677192991
0	6.666666666666667	6.666666666666667	200	4	15779160862448214418	41	20501	21000	500	500	-1813.6237910501409	56.392447307453196	454601	600000	0	0	239.58492479766127	516.44146633714422	0.57896081518937526
0	6.666666666666667	6.666666666666667	200	4	15779160862448214418	42	21001	21500	500	500	-1813.1470651458999	56.076423237210719	454375	600000	0	0	245.53282564730731	525.33152865098725	0.013831133100986713
0	6.666666666666667	6.666666666666667	200	4	15779160862448214418	43	21501	22000	500	500	-1910.4587090337134	54.061293687421831	453661	600000	0	0	268.27693606158584	547.34083162400748	0.89395629528068032
0	6.666666666666667	6.666666666666667	200	4	15779160862448214418	44	22001	22500	500	500	-1860.5872145097489	56.365057832682744	454362	600000	0	0	248.68589518503393	572.92058152695188	0.029719137380024852
0	6.666666666666667	6.666666666666667	200	4	15779160862448214418	45	22501	23000	500	500	-1863.885531645077	54.299776731773591	452799	600000	0	0	259.44448658635451	535.820316398773	0.019153165941847045
0	6.666666666666667	6.666666666666667	200	4	15779160862448214418	46	23001	23500	500	500	-1919.0694528395791	56.426093124177292	452732	600000	0	0	271.92552645212817	522.04192105098298	0.0048784155229779254
0	6.666666666666667	6.666666666666667	200	4	15779160862448214418	47	23501	24000	500	500	-1906.0996007163367	56.488013766529299	453644	600000	0	0	273.70477923707926	557.8052849369318	0.0064035399710190618
0	6.666666666666667	6.666666666666667	200	4	15779160862448214418	48	24001	24500	500	500	-1874.7770758832396	56.576488635362431	454788	600000	0	0	271.7977169904172	530.1137732236848	0.017358078301044907
0	6.666666666666667	6.666666666666667	200	4	15779160862448214418	49	24501	25000	500	500	-1847.4246896572834	54.664767143930071	453571	600000	0	0	285.30480610332137	531.40640453423407	0.014307016012205001
0	6.666666666666667	6.666666666666667	200	4	15779160862448214418	50	25001	25500	500	500	-1835.987869202329	54.845324004094607	452768	600000	0	0	264.89345887350697	544.1551374979465	0.0083991749408740598
0	6.666666666666667	6.666666666666667	200	4	15779160862448214418	51	25501	26000	500	500	-1837.5728081315235	55.623699344205235	454175	600000	0	0	272.40536846229082	527.56034478626805	0.0022555493558732822
0	6.666666666666667	6.666666666666667	200	4	15779160862448214418	52	26001	26500	500	500	-1843.0911717718775	55.469297226556002	454556	600000	0	0	265.13186827796022	539.43553927110452	0.025577162602620666
0	6.666666666666667	6.666666666666667	200	4	15779160862448214418	53	26501	27000	500	500	-1826.9884393558229	56.249519342960966	454816	600000	0	0	277.02004595045838	507.90014446787296	0.67689192031046019
0	6.666666666666667	6.666666666666667	200	4	15779160862448214418	54	27001	27500	500	500	-1823.5249696953624	55.273622663447085	454362	600000	0	0	275.40692652148016	531.85650466346328	0.045193383616827676
0	6.666666666666667	6.666666666666667	200	4	15779160862448214418	55	27501	28000	500	500	-1800.3738417617499	54.365262924905139	454300	600000	0	0	265.19242499329317	508.26035638205082	0.0093253134668027475
0	6.666666666666667	6.666666666666667	200	4	15779160862448214418	56	28001	28500	500	500	-1815.2023025302542	55.867125264839984	453243	600000	0	0	259.98292161652012	490.7581673946645	0.38778088151390838
0	6.666666666666667	6.666666666666667	200	4	15779160862448214418	57	28501	29000	500	500	-1816.5940055047399	54.762242841506421	453587	600000	0	0	257.95536721922798	519.24201421932628	0.017804425916602831
0	6.666666666666667	6.666666666666667	200	4	15779160862448214418	58	29001	29500	500	500	-1863.8168405410397	56.107567073000155	454804	600000	0	0	247.27022018192733	531.14401460720455	1.748577693412215
0	6.666666666666667	6.666666666666667	200	4	15779160862448214418	59	29501	30000	500	500	-1881.5833130987876	57.292765731003939	454412	600000	0	0	258.43501465010394	558.53792360497778	0.0055325677493919213
0	6.666666666666667	6.666666666666667	200	4	15779160862448214418	60	30001	30500	500	500	-1837.5100729267515	53.094583301492264	452528	600000	0	0	266.82644775178915	532.5839463809225	3.6366917583826028
0	6.666666666666667	6.666666666666667	200	4	15779160862448214418	61	30501	31000	500	500	-1852.4794115431296	54.134256489438428	452653	600000	0	0	307.35272810040487	504.43289912568332	0.71864010626986596
0	6.666666666666667	6.666666666666667	200	4	15779160862448214418	62	31001	31500	500	500	-1880.4610024349736	56.457903234714372	454674	600000	0	0	264.65989605507718	579.67348413077934	0.019589576542424995
0	6.666666666666667	6.666666666666667	200	4	15779160862448214418	63	31501	32000	500	500	-1833.606804850971	55.453810772160509	454450	600000	0	0	280.93034067698159	507.95807700954572	0.0086341637020742289
0	6.666666666666667	6.666666666666667	200	4	15779160862448214418	64	32001	32500	500	500	-1786.0125618375473	53.643706966171543	453075	600000	0	0	270.55099401239079	1466.0838391322977	0.62200572721053282
0	6.666666666666667	6.666666666666667	200	4	15779160862448214418	65	32501	33000	500	500	-1843.7926753011261	54.777046706706997	452394	600000	0	0	243.49080496220404	545.37005495912911	0.37455971471645461
0	6.666666666666667	6.666666666666667	200	4	15779160862448214418	66	33001	33500	500	500	-1919.4793176250512	53.551680584897163	453792	600000	0	0	286.11212705285277	568.87718476416376	0.53231527801871636
0	6.666666666666667	6.666666666666667	200	4	15779160862448214418	67	33501	34000	500	500	-1785.861301918083	56.678120148058923	453185	600000	0	0	252.52567238689471	516.92485424928316	3.4998439177086693
0	6.666666666666667	6.666666666666667	200	4	15779160862448214418	68	34001	34500	500	500	-1812.5755124142663	53.601176705277723	453886	600000	0	0	271.32132365291835	481.02462292195855	0.019640450484302917
0	6.666666666666667	6.666666666666667	200	4	15779160862448214418	69	34501	35000	500	500	-1807.8626049570337	54.896186488968723	453868	600000	0	0	275.28012751050323	497.64942187700274	1.2856004302065966
0	6.666666666666667	6.666666666666667	200	4	15779160862448214418	70	35001	35500	500	500	-1810.7578774536487	53.841518770168413	453924	600000	0	0	269.30142029609391	513.9985933458853	0.26235993582050843
0	6.666666666666667	6.666666666666667	200	4	15779160862448214418	71	35501	36000	500	500	-1927.8434646745404	57.779761028489823	455236	600000	0	0	260.47538409616135	572.25683498729813	0.044979427987880703
0	6.666666666666667	6.666666666666667	200	4	15779160862448214418	72	36001	36500	500	500	-1825.7234987615241	54.781211126850529	454024	600000	0	0	278.45579436182982	480.99950913047383	0.009495539421772661
0	6.666666666666667	6.666666666666667	200	4	15779160862448214418	73	36501	37000	500	500	-1827.5707741867709	55.206974956224187	454476	600000	0	0	269.64382751604427	525.87770846808939	0.015997147673576115
0	6.666666666666667	6.666666666666667	200	4	15779160862448214418	74	37001	37500	500	500	-1893.4923673852436	57.419511539867372	453835	600000	0	0	269.47934604375604	580.41554351764944	0.44041423420138515
0	6.666666666666667	6.666666666666667	200	4	15779160862448214418	75	37501	38000	500	500	-1812.7192603066314	54.620294229253851	453036	600000	0	0	264.93733719474807	497.29576996976334	0.24105224137320189
0	6.666666666666667	6.666666666666667	200	4	15779160862448214418	76	38001	38500	500	500	-1737.617674231049	53.489974003772581	453895	600000	0	0	252.24437292027469	502.10647807430206	5.0883490443089192
0	6.666666666666667	6.666666666666667	200	4	15779160862448214418	77	38501	39000	500	500	-1848.2724953850491	57.070351010484345	454323	600000	0	0	256.58988464010849	537.50456699742563	0.021196365072229075
0	6.666666666666667	6.666666666666667	200	4	15779160862448214418	78	39001	39500	500	500	-1762.5932382504147	53.821037081366761	452423	600000	0	0	252.47738574820133	518.71439796153322	2.4818441753956364
0	6.666666666666667	6.666666666666667	200	4	15779160862448214418	79	39501	40000	500	500	-1817.2097247942554	54.421802543622647	452416	600000	0	0	274.09949003412117	533.19427346039504	0.743611749868065
0	6.666666666666667	6.666666666666667	200	4	15779160862448214418	80	40001	40500	500	500	-1956.4749854890988	56.308855802397204	453121	600000	0	0	262.50169480943214	612.07783649778764	0.018629100322829262
0	6.666666666666667	6.666666666666667	200	4	15779160862448214418	81	40501	41000	500	500	-1813.2629979656078	55.66672202624769	454043	600000	0	0	258.38753005405431	500.25969729567453	0.038455925412060457
0	6.666666666666667	6.666666666666667	200	4	15779160862448214418	82	41001	41500	500	500	-1829.5276699767887	55.958024330747925	454048	600000	0	0	249.84824035485087	512.32640429342655	0.073924770423623956
0	6.666666666666667	6.666666666666667	200	4	15779160862448214418	83	41501	42000	500	500	-1866.958835577032	54.723141440726991	453580	600000	0	0	265.08319922396504	532.64674988410491	1.1687872619059281
0	6.666666666666667	6.666666666666667	200	4	15779160862448214418	84	42001	42500	500	500	-1803.9486383501942	57.129638013387975	454317	600000	0	0	252.45135454922703	512.22885371765756	0.019837196872005709
0	6.666666666666667	6.666666666666667	200	4	15779160862448214418	85	42501	43000	500	500	-1775.8506740349831	54.049793415944094	454284	600000	0	0	260.64829720235548	535.97516422840363	1.0027452304136113
0	6.666666666666667	6.666666666666667	200	4	15779160862448214418	86	43001	43500	500	500	-1825.3198243105562	54.971211995202871	453330	600000	0	0	286.30443231048667	496.09460863052567	0.027072666253195113
0	6.666666666666667	6.666666666666667	200	4	15779160862448214418	87	43501	44000	500	500	-1807.4996213519685	52.952608201594963	452999	600000	0	0	254.93807947271074	530.31440734578871	2.9896529008384385
0	6.666666666666667	6.666666666666667	200	4	15779160862448214418	88	44001	44500	500	500	-1778.8837078025433	55.830507752085474	454256	600000	0	0	260.79331236648278	516.87063241034036	0.015782203393223053
0	6.666666666666667	6.666666666666667	200	4	15779160862448214418	89	44501	45000	500	500	-1800.6256585051649	56.201295780735677	455346	600000	0	0	254.40473145383592	516.61502130544693	0.0083649796959273139
0	6.666666666666667	6.666666666666667	200	4	15779160862448214418	90	45001	45500	500	500	-1779.3623436236869	52.174364104941915	452823	600000	0	0	274.04550277497032	480.73152529847169	0.0073443527022612354
0	6.666666666666667	6.666666666666667	200	4	15779160862448214418	91	45501	46000	500	500	-1810.8138750539433	55.138398774471327	453342	600000	0	0	253.7644649681213	508.00915273006132	0.1453359416095984
0	6.666666666666667	6.666666666666667	200	4	15779160862448214418	92	46001	46500	500	500	-1770.3960321523607	55.247722466475231	453217	600000	0	0	253.40060718297258	478.33517683879069	1.799271346841542
0	6.666666666666667	6.666666666666667	200	4	15779160862448214418	93	46501	47000	500	500	-1780.859596181552	55.458867532438127	453525	600000	0	0	240.02374507433018	536.68783419773081	0.0039830723512631
0	6.666666666666667	6.666666666666667	200	4	15779160862448214418	94	47001	47500	500	500	-1898.091280269696	54.333189375530495	453636	600000	0	0	280.347729862417	523.5834582027594	0.016755954929270872
0	6.666666666666667	6.666666666666667	200	4	15779160862448214418	95	47501	48000	500	500	-1762.9595287467694	55.801211780397892	453253	600000	0	0	276.40870390583802	469.58030473255093	0.005618852372506279
0	6.666666666666667	6.666666666666667	200	4	15779160862448214418	96	48001	48500	500	500	-1765.7871618353151	53.0164003792896	453982	600000	0	0	275.54137525741987	500.94914811342096	0.35274160930774473
0	6.666666666666667	6.666666666666667	200	4	15779160862448214418	97	48501	49000	500	500	-1832.5708565210984	55.046938804366313	453539	600000	0	0	216.66862888426388	527.87021243565357	2.8404578158695855
0	6.666666666666667	6.666666666666667	200	4	15779160862448214418	98	49001	49500	500	500	-1915.2929336100729	55.592913166396514	453617	600000	0	0	257.00222988683032	648.98590055040563	1.2261792930824027
0	6.666666666666667	6.666666666666667	200	4	15779160862448214418	99	49501	50000	500	500	-1929.4610498046529	55.841972711624315	454921	600000	0	0	282.92622634949396	595.65614462590884	0.008830778185019145
0	6.666666666666667	6.666666666666667	200	5	14644157814548775974	0	1	500	500	500	-1848.0534824251977	55.158646461768178	453398	600000	0	0	264.63373123466073	534.58733419855321	2.6422595218250802
0	6.666666666666667	6.666666666666667	200	5	14644157814548775974	1	501	1000	500	500	-1773.7696245824068	53.804988233888444	453254	600000	0	0	267.12300947094377	524.47151581794776	0.013627677864859727
0	6.666666666666667	6.666666666666667	200	5	14644157814548775974	2	1001	1500	500	500	-1778.8398028372762	56.089838438557223	453657	600000	0	0	268.86341338041569	495.34236478435781	1.6202480869109184
0	6.666666666666667	6.666666666666667	200	5	14644157814548775974	3	1501	2000	500	500	-1851.3483091554072	56.493231116018968	454442	600000	0	0	262.50858436781505	541.66840055933233	0.037932746619667397
0	6.666666666666667	6.666666666666667	200	5	14644157814548775974	4	2001	2500	500	500	-1814.594570235937	55.770171231078066	453579	600000	0	0	263.32685961613998	505.15879709516474	0.017784071018252273
0	6.666666666666667	6.666666666666667	200	5	14644157814548775974	5	2501	3000	500	500	-1948.3358682635583	56.910020532535583	454202	600000	0	0	251.88295986251995	565.93963420520959	0.075440259820976269
0	6.666666666666667	6.666666666666667	200	5	14644157814548775974	6	3001	3500	500	500	-1816.4688605264953	54.481175649214819	452051	600000	0	0	241.83927700304022	499.65638405242453	3.9479094226933493
0	6.666666666666667	6.666666666666667	200	5	14644157814548775974	7	3501	4000	500	500	-1861.6687317876454	55.045097964867843	453412	600000	0	0	260.14317401750515	526.06314087371686	0.0059193042124667068
0	6.666666666666667	6.666666666666667	200	5	14644157814548775974	8	4001	4500	500	500	-1761.958552327427	55.418027525934939	452855	600000	0	0	252.86145307955979	500.75605040699327	5.4010237136512949
0	6.666666666666667	6.666666666666667	200	5	14644157814548775974	9	4501	5000	500	500	-1908.5127801293986	56.415573808205849	454714	600000	0	0	260.34953677858374	573.27216087712418	0.0083879166930079154
0	6.666666666666667	6.666666666666667	200	5	14644157814548775974	10	5001	5500	500	500	-1773.9589242998914	54.618857295234115	453191	600000	0	0	278.85148174016553	505.98710738693802	0.035743663688385933
0	6.666666666666667	6.666666666666667	200	5	14644157814548775974	11	5501	6000	500	500	-1773.2346428770265	52.765870593351686	452778	600000	0	0	281.43646500051045	472.70222565490991	0.08458551708227259
0	6.666666666666667	6.666666666666667	200	5	14644157814548775974	12	6001	6500	500	500	-1831.6648706778115	54.812661403906304	454600	600000	0	0	263.98725109138775	509.08945168498076	0.059905946790464827
0	6.666666666666667	6.666666666666667	200	5	14644157814548775974	13	6501	7000	500	500	-1811.4122544353997	56.852762152992597	453222	600000	0	0	266.94901319695822	489.51210645967535	0.49568298929326909
0	6.666666666666667	6.666666666666667	200	5	14644157814548775974	14	7001	7500	500	500	-1903.101046138883	56.259547494694495	454022	600000	0	0	247.09515568630144	547.97189770428213	0.018114872521216331
0	6.666666666666667	6.666666666666667	200	5	14644157814548775974	15	7501	8000	500	500	-1823.2814686082756	55.006191526523175	453950	600000	0	0	263.17014763011269	523.2885430573233	4.5950432377498283
0	6.666666666666667	6.666666666666667	200	5	14644157814548775974	16	8001	8500	500	500	-1855.1089653407403	55.011294009970563	453963	600000	0	0	279.72950022167385	499.91078255378801	2.8588504890289688
0	6.666666666666667	6.666666666666667	200	5	14644157814548775974	17	8501	9000	500	500	-1773.8635363445101	54.214087731052828	453237	600000	0	0	254.13466492096879	488.21293248490883	1.4786927143206647
0	6.666666666666667	6.666666666666667	200	5	14644157814548775974	18	9001	9500	500	500	-1804.4222071205454	54.613304338088611	454176	600000	0	0	266.89390213181525	478.93350989522531	0.015249506071317503
0	6.666666666666667	6.666666666666667	200	5	14644157814548775974	19	9501	10000	500	500	-1871.0552163125424	56.972889865115675	453162	600000	0	0	267.54106989694196	523.76329722456217	0.20113165880192896
0	6.666666666666667	6.666666666666667	200	5	14644157814548775974	20	10001	10500	500	500	-1777.4213136041155	55.296217362061377	454164	600000	0	0	254.92082591260638	492.87950362064953	2.1667512735483112
0	6.666666666666667	6.666666666666667	200	5	14644157814548775974	21	10501	11000	500	500	-1841.9477965965557	56.863974551318371	454589	600000	0	0	257.70971774028243	516.68278123454218	0.85251657691195359
0	6.666666666666667	6.666666666666667	200	5	14644157814548775974	22	11001	11500	500	500	-1751.5417073820124	54.614909981341746	454196	600000	0	0	263.15968292927914	476.00824165662073	0.025968265002037465
0	6.666666666666667	6.666666666666667	200	5	14644157814548775974	23	11501	12000	500	500	-1847.3677416226833	55.210248852588911	453417	600000	0	0	249.36801717682681	576.8710019043582	0.83594416952227657
0	6.666666666666667	6.666666666666667	200	5	14644157814548775974	24	12001	12500	500	500	-1831.1843329675946	56.414603258474045	453615	600000	0	0	279.78870513584013	508.7933762893868	0.012999945308109944
0	6.666666666666667	6.666666666666667	200	5	14644157814548775974	25	12501	13000	500	500	-1814.1769683648088	55.412172867504474	454438	600000	0	0	262.22347328535898	500.32466277423373	0.015465295296721398
0	6.666666666666667	6.666666666666667	200	5	14644157814548775974	26	13001	13500	500	500	-1744.1994300448134	54.243651062256085	453603	600000	0	0	251.30495331558856	493.5573338265292	1.1592125602877938
0	6.666666666666667	6.666666666666667	200	5	14644157814548775974	27	13501	14000	500	500	-1792.4578831767978	56.265769879132819	453089	600000	0	0	252.58020486002414	507.79088450094554	0.007917132073338367
0	6.666666666666667	6.666666666666667	200	5	14644157814548775974	28	14001	14500	500	500	-1834.9868065128883	55.691846117166925	454130	600000	0	0	263.81010793152774	531.24329922918275	0.022236565311670113
0	6.666666666666667	6.666666666666667	200	5	14644157814548775974	29	14501	15000	500	500	-1828.6522468255755	54.624094015680299	453352	600000	0	0	292.1637629333452	491.62284015698344	0.0094242196590018316
0	6.666666666666667	6.666666666666667	200	5	14644157814548775974	30	15001	15500	500	500	-1794.9952823992203	54.916000922624114	453820	600000	0	0	256.11609916098695	502.32741913891442	0.67985874541041136
0	6.666666666666667	6.666666666666667	200	5	14644157814548775974	31	15501	16000	500	500	-1871.6791237647708	54.518849163994716	454187	600000	0	0	262.81411180672848	528.09684455736601	2.8295092293779449
0	6.666666666666667	6.666666666666667	200	5	14644157814548775974	32	16001	16500	500	500	-1828.0576376174874	54.890190596191125	454038	600000	0	0	272.5045138449845	505.75095366955026	0.02000518044245848
0	6.666666666666667	6.666666666666667	200	5	14644157814548775974	33	16501	17000	500	500	-1794.5976635393545	57.013759383702592	454604	600000	0	0	271.4116803518159	532.93933338382283	0.013466412659117783
0	6.666666666666667	6.666666666666667	200	5	14644157814548775974	34	17001	17500	500	500	-1847.258831796184	55.032833398677091	454174	600000	0	0	265.3346676705973	516.05061735937352	0.0043082310140703075
0	6.666666666666667	6.666666666666667	200	5	14644157814548775974	35	17501	18000	500	500	-1806.6420018869187	53.722877688696158	452842	600000	0	0	272.59914892985563	500.97757811009899	3.3400612354186352
0	6.666666666666667	6.666666666666667	200	5	14644157814548775974	36	18001	18500	500	500	-1820.8698074212675	54.025614328663274	455092	600000	0	0	242.8097881123056	545.02934056492109	2.566067141296303
0	6.666666666666667	6.666666666666667	200	5	14644157814548775974	37	18501	19000	500	500	-1859.7158718077901	54.316798014378342	453690	600000	0	0	256.06249729046021	518.90412846633262	0.046157967429737892
0	6.666666666666667	6.666666666666667	200	5	14644157814548775974	38	19001	19500	500	500	-1852.7456995460418	55.161763450372185	454307	600000	0	0	254.22452088446468	496.60625798052996	0.99995659942434278
0	6.666666666666667	6.666666666666667	200	5	14644157814548775974	39	19501	20000	500	500	-1815.6952834229155	55.924897352783468	453679	600000	0	0	247.95710474261026	498.83196281087305	2.2839505180013706
0	6.666666666666667	6.666666666666667	200	5	14644157814548775974	40	20001	20500	500	500	-1794.8316817653467	54.244637407704147	452573	600000	0	0	263.52880063395861	495.99041650595262	1.8654336797237767
0	6.666666666666667	6.666666666666667	200	5	14644157814548775974	41	20501	21000	500	500	-1838.3289287657915	56.485897844642345	455564	600000	0	0	257.10991231441278	512.24270766212624	0.59900618300283015
0	6.666666666666667	6.666666666666667	200	5	14644157814548775974	42	21001	21500	500	500	-1795.3315977483994	53.805156302760295	453160	600000	0	0	251.93352854581863	526.49470174186695	1.7901780659170372
0	6.666666666666667	6.666666666666667	200	5	14644157814548775974	43	21501	22000	500	500	-1829.9710169438167	54.865156800741303	453319	600000	0	0	268.52928414019897	495.05291343598498	0.0089183943298375579
0	6.666666666666667	6.666666666666667	200	5	14644157814548775974	44	22001	22500	500	500	-1791.1402899136347	55.258154473121586	454041	600000	0	0	265.40075429329369	523.3042092111325	0.016980492287269566
0	6.666666666666667	6.666666666666667	200	5	14644157814548775974	45	22501	23000	500	500	-1861.470235089394	55.059803945250685	454605	600000	0	0	257.98888605112205	529.53112480080608	0.17759206023428636
0	6.666666666666667	6.666666666666667	200	5	14644157814548775974	46	23001	23500	500	500	-1872.7345486508427	55.140402022281165	454733	600000	0	0	276.31446768370841	556.66115964438291	0.013537762628686518
0	6.666666666666667	6.666666666666667	200	5	14644157814548775974	47	23501	24000	500	500	-1885.0634041431904	55.695119277158078	453686	600000	0	0	257.53701782311049	574.23386274410689	1.1934658462184533
0	6.666666666666667	6.666666666666667	200	5	14644157814548775974	48	24001	24500	500	500	-1720.8675869041433	54.806638543058241	453241	600000	0	0	255.10537309237128	486.40039233274553	0.034692143622822573
0	6.666666666666667	6.666666666666667	200	5	14644157814548775974	49	24501	25000	500	500	-1930.2086675398116	57.275135672112235	455483	600000	0	0	260.28539783056686	546.94316757699812	0.015522097896756432
0	6.666666666666667	6.666666666666667	200	5	14644157814548775974	50	25001	25500	500	500	-1894.793559278849	54.362738737541356	454575	600000	0	0	262.6855319938245	689.78251970299823	0.017868722930398078
0	6.666666666666667	6.666666666666667	200	5	14644157814548775974	51	25501	26000	500	500	-1839.4192000310668	56.151992768594951	453920	600000	0	0	251.21848974811718	503.46125416737891	0.31641794443595778
0	6.666666666666667	6.666666666666667	200	5	14644157814548775974	52	26001	26500	500	500	-1772.5339763750987	55.106982277490232	452930	600000	0	0	241.89806436567994	513.87264184583785	0.2297719995507029
0	6.666666666666667	6.666666666666667	200	5	14644157814548775974	53	26501	27000	500	500	-1859.6627597899956	55.313726609384631	452601	600000	0	0	256.58933268166726	711.72553330734638	8.741585474459816
0	6.666666666666667	6.666666666666667	200	5	14644157814548775974	54	27001	27500	500	500	-1794.174502573228	53.554740555386751	453626	600000	0	0	273.01223411564365	514.03775284590779	0.01688416581543601
0	6.666666666666667	6.666666666666667	200	5	14644157814548775974	55	27501	28000	500	500	-1840.3336819470578	54.513233482964552	453926	600000	0	0	271.22786788305052	554.73361323988036	0.014202667992816897
0	6.666666666666667	6.666666666666667	200	5	14644157814548775974	56	28001	28500	500	500	-1855.6927756286391	55.227277490933581	453059	600000	0	0	265.0195219077184	546.69803428484352	2.0404096661041269
0	6.666666666666667	6.666666666666667	200	5	14644157814548775974	57	28501	29000	500	500	-1851.0334136708138	55.48254124915281	453387	600000	0	0	242.8851944553156	553.50977246339039	3.0361801055005615
0	6.666666666666667	6.666666666666667	200	5	14644157814548775974	58	29001	29500	500	500	-1879.7212602818395	55.356596979794602	453968	600000	0	0	279.45597928714773	520.34129846116059	0.0074760648044316508
0	6.666666666666667	6.666666666666667	200	5	14644157814548775974	59	29501	30000	500	500	-1855.3472353381833	54.275335462656095	450950	600000	0	0	264.93822853542025	521.15108547012085	5.5859408434639626
0	6.666666666666667	6.666666666666667	200	5	14644157814548775974	60	30001	30500	500	500	-1789.0461954452201	55.03850411467338	453461	600000	0	0	256.91655943624482	504.88547278503268	0.71298777101323152
0	6.666666666666667	6.666666666666667	200	5	14644157814548775974	61	30501	31000	500	500	-1820.5491292751049	54.993106619286571	454739	600000	0	0	253.47678642126417	533.41511757273327	0.0053507757712106738
0	6.666666666666667	6.666666666666667	200	5	14644157814548775974	62	31001	31500	500	500	-1715.9921897004056	51.656802942746502	449985	600000	0	0	246.37390507227843	482.2944770175352	11.550576691279794
0	6.666666666666667	6.666666666666667	200	5	14644157814548775974	63	31501	32000	500	500	-1756.0050888908256	53.224248076791099	452799	600000	0	0	285.98269496502326	482.70533869539241	0.013022777629228434
0	6.666666666666667	6.666666666666667	200	5	14644157814548775974	64	32001	32500	500	500	-1877.4799856858199	56.808741759766235	454749	600000	0	0	259.6971974507689	564.56350557108203	0.0046475271201227783
0	6.666666666666667	6.666666666666667	200	5	14644157814548775974	65	32501	33000	500	500	-1846.2554095460441	56.673666230491513	453160	600000	0	0	262.16379574535119	551.67266802754455	0.01088770853683254
0	6.666666666666667	6.666666666666667	200	5	14644157814548775974	66	33001	33500	500	500	-1870.9068702264078	56.210806359732331	453272	600000	0	0	260.92273538048323	553.99657729960995	0.55641142349800521
0	6.666666666666667	6.666666666666667	200	5	14644157814548775974	67	33501	34000	500	500	-1782.1900102155223	53.58537288613865	452548	600000	0	0	271.04102351487785	492.11174208072077	6.4105580407526075
0	6.666666666666667	6.666666666666667	200	5	14644157814548775974	68	34001	34500	500	500	-1855.666630804275	54.864144616574251	453010	600000	0	0	261.55575990642154	564.16659774771347	0.02130644634580375
0	6.666666666666667	6.666666666666667	200	5	14644157814548775974	69	34501	35000	500	500	-1850.586476862816	55.093440928186915	452636	600000	0	0	244.45792781270893	565.63758408081549	1.4037670719747797
0	6.666666666666667	6.666666666666667	200	5	14644157814548775974	70	35001	35500	500	500	-1790.7571049747075	55.504987909808484	452315	600000	0	0	274.96102445230633	495.31826456649958	0.0067940402728693082
0	6.666666666666667	6.666666666666667	200	5	14644157814548775974	71	35501	36000	500	500	-1805.7536462422556	55.666165213956546	454408	600000	0	0	262.45355149130791	494.3254324770827	0.08287305678358764
0	6.666666666666667	6.666666666666667	200	5	14644157814548775974	72	36001	36500	500	500	-1771.9386399044936	53.11161378318387	453437	600000	0	0	267.12844550234553	504.29549108148365	0.039388032859265114
0	6.666666666666667	6.666666666666667	200	5	14644157814548775974	73	36501	37000	500	500	-1819.8019143481522	53.498608256789602	453158	600000	0	0	264.52291987825356	496.40505414414673	0.016087156517077306
0	6.666666666666667	6.666666666666667	200	5	14644157814548775974	74	37001	37500	500	500	-1839.0695410550347	53.549568105597267	453765	600000	0	0	276.88964952932309	548.74612791485481	0.013188964060080998
0	6.666666666666667	6.666666666666667	200	5	14644157814548775974	75	37501	38000	500	500	-1820.9605228279215	54.448465014554351	452997	600000	0	0	282.84122265041873	518.10389874207715	0.024504747093712205
0	6.666666666666667	6.666666666666667	200	5	14644157814548775974	76	38001	38500	500	500	-1773.6970012692561	55.125295980096318	453371	600000	0	0	248.66996088612035	531.11055578653202	0.012549982685968865
0	6.666666666666667	6.666666666666667	200	5	14644157814548775974	77	38501	39000	500	500	-1867.1192159364227	54.273890896648446	453592	600000	0	0	268.3164160842843	512.76598452639973	0.013085847034356337
0	6.666666666666667	6.666666666666667	200	5	14644157814548775974	78	39001	39500	500	500	-1795.3392351757554	55.875235330750861	454392	600000	0	0	278.07272581318534	493.81036159570965	0.01878339720635953
0	6.666666666666667	6.666666666666667	200	5	14644157814548775974	79	39501	40000	500	500	-1890.4697227217639	56.693688356991593	453597	600000	0	0	264.69647438298415	522.94018745733501	0.61771037874092594
0	6.666666666666667	6.666666666666667	200	5	14644157814548775974	80	40001	40500	500	500	-1903.6531317582492	54.841051447645668	454103	600000	0	0	270.95154640636082	609.06476684391544	0.33321883621903819
0	6.666666666666667	6.666666666666667	200	5	14644157814548775974	81	40501	41000	500	500	-1848.4146803516999	55.967129598249969	454114	600000	0	0	258.03873004825732	519.43573698490127	1.0339310224501594
0	6.666666666666667	6.666666666666667	200	5	14644157814548775974	82	41001	41500	500	500	-1880.356667953482	57.24189304064997	454183	600000	0	0	254.43292815388065	592.24570071913706	0.53859584564952045
0	6.666666666666667	6.666666666666667	200	5	14644157814548775974	83	41501	42000	500	500	-1847.1345833332023	55.280603845024508	453562	600000	0	0	240.06974387331616	555.22681157693182	6.6171399803020696
0	6.666666666666667	6.666666666666667	200	5	14644157814548775974	84	42001	42500	500	500	-1833.3789759358172	54.010462407803125	454379	600000	0	0	276.8307937392081	510.73640387040496	0.017422391737847539
0	6.666666666666667	6.666666666666667	200	5	14644157814548775974	85	42501	43000	500	500	-1905.2402550759414	57.263762748688492	454719	600000	0	0	248.55285204316226	538.68595897375326	0.35457558316410726
0	6.666666666666667	6.666666666666667	200	5	14644157814548775974	86	43001	43500	500	500	-1846.4882522159639	55.108963180357946	452233	600000	0	0	276.52189884078604	503.02773760867473	0.014296041885964795
0	6.666666666666667	6.666666666666667	200	5	14644157814548775974	87	43501	44000	500	500	-1815.2176959633334	53.501354953514742	452790	600000	0	0	252.11110705087927	524.76088145355493	0.020453152208547244
0	6.666666666666667	6.666666666666667	200	5	14644157814548775974	88	44001	44500	500	500	-1698.3924350090072	52.22401338312222	451989	600000	0	0	241.57761959543819	475.82278447925097	6.0208570479423384
0	6.666666666666667	6.666666666666667	200	5	14644157814548775974	89	44501	45000	500	500	-1911.5889180741772	56.579692173257428	454282	600000	0	0	262.76645764120474	734.33326057501267	0.015684479788858143
0	6.666666666666667	6.666666666666667	200	5	14644157814548775974	90	45001	45500	500	500	-1730.1953080720891	53.261558747571783	452834	600000	0	0	250.05635245513685	536.4968085038746	1.7501187036877921
0	6.666666666666667	6.666666666666667	200	5	14644157814548775974	91	45501	46000	500	500	-1868.8298589491169	54.722438617118769	452131	600000	0	0	263.2677917033385	615.06436680693548	1.1218823692909934
0	6.666666666666667	6.666666666666667	200	5	14644157814548775974	92	46001	46500	500	500	-1855.5226281908999	57.917665740789133	455068	600000	0	0	247.01758349670885	530.7980009250947	0.042331591557288162
0	6.666666666666667	6.666666666666667	200	5	14644157814548775974	93	46501	47000	500	500	-1768.2924544103698	52.151881399072458	450289	600000	0	0	267.58783724396778	476.54507784552078	5.468103034483244
0	6.666666666666667	6.666666666666667	200	5	14644157814548775974	94	47001	47500	500	500	-1880.4815129398057	55.63800407617186	454467	600000	0	0	260.54849493273713	527.27990548197477	0.017474625949844034
0	6.666666666666667	6.666666666666667	200	5	14644157814548775974	95	47501	48000	500	500	-1826.5679245778983	56.237449102305725	454646	600000	0	0	262.02494323470034	503.01813571929449	0.0091018758822671384
0	6.666666666666667	6.666666666666667	200	5	14644157814548775974	96	48001	48500	500	500	-1856.5631365238701	56.408933582025647	454529	600000	0	0	245.16607793786645	520.09534782402125	0.043878442921034988
0	6.666666666666667	6.666666666666667	200	5	14644157814548775974	97	48501	49000	500	500	-1841.968019253743	57.008036415823021	456059	600000	0	0	269.69442359044587	519.44776313215539	0.018527212872279465
0	6.666666666666667	6.666666666666667	200	5	14644157814548775974	98	49001	49500	500	500	-1755.1631967362698	55.161389540104828	454425	600000	0	0	252.60795399780633	475.93670632376717	0.015844374581873728
0	6.666666666666667	6.666666666666667	200	5	14644157814548775974	99	49501	50000	500	500	-1795.876269328036	55.334802345136652	453026	600000	0	0	262.57143537050587	527.09939247676323	0.04604184188070392
0	6.666666666666667	6.666666666666667	200	6	16215502583247406663	0	1	500	500	500	-1830.8022071856617	56.220895486529059	454707	600000	0	0	268.15803126379012	568.44835029851777	0.67636599458931534
0	6.666666666666667	6.666666666666667	200	6	16215502583247406663	1	501	1000	500	500	-1852.4842596113083	55.280022917272206	453821	600000	0	0	266.41093870856804	527.38964994946662	2.6026076016243076
0	6.666666666666667	6.666666666666667	200	6	16215502583247406663	2	1001	1500	500	500	-1826.8552174635599	54.306491361344456	453347	600000	0	0	265.60517709071013	512.66082852097418	0.032980100457602642
0	6.666666666666667	6.666666666666667	200	6	16215502583247406663	3	1501	2000	500	500	-1826.4201328928591	54.019203550696602	451841	600000	0	0	266.97958084996981	542.11173731458496	4.8016433697559515
0	6.666666666666667	6.666666666666667	200	6	16215502583247406663	4	2001	2500	500	500	-1785.8457734198032	54.398720418530274	452940	600000	0	0	260.73441895776585	515.2724694598902	0.020131963504289068
0	6.666666666666667	6.666666666666667	200	6	16215502583247406663	5	2501	3000	500	500	-1770.5144229437205	53.873234822271229	451944	600000	0	0	273.34440022613381	508.27995583816875	2.5730836768891097
0	6.666666666666667	6.666666666666667	200	6	16215502583247406663	6	3001	3500	500	500	-1810.6385214677573	57.084054143680525	453736	600000	0	0	252.98009282780137	505.55991014790749	1.9915590135054058
0	6.666666666666667	6.666666666666667	200	6	16215502583247406663	7	3501	4000	500	500	-1789.9222581689676	55.740584023594018	454349	600000	0	0	262.28551974540579	500.00829877634482	0.011210653744639943
0	6.666666666666667	6.666666666666667	200	6	16215502583247406663	8	4001	4500	500	500	-1835.076495870137	55.199439899930979	454475	600000	0	0	257.48341758317895	503.44118648423722	0.00045575308486430578
0	6.666666666666667	6.666666666666667	200	6	16215502583247406663	9	4501	5000	500	500	-1866.0430286125379	54.937936582182068	454221	600000	0	0	274.94324962169497	528.83234183103662	1.7788188272584009
0	6.666666666666667	6.666666666666667	200	6	16215502583247406663	10	5001	5500	500	500	-1879.4326679571968	56.200205310874729	453865	600000	0	0	267.99890490104809	534.86362031131125	0.10090827278372962
0	6.666666666666667	6.666666666666667	200	6	16215502583247406663	11	5501	6000	500	500	-1849.5778185254487	53.627626203602105	452607	600000	0	0	256.2315650043227	554.65209707583665	3.6963385108471858
0	6.666666666666667	6.666666666666667	200	6	16215502583247406663	12	6001	6500	500	500	-1763.2991637159025	54.910883504062532	454744	600000	0	0	248.45550435463909	487.12768601858312	0.010542185833809902
0	6.666666666666667	6.666666666666667	200	6	16215502583247406663	13	6501	7000	500	500	-1836.1069245355964	57.052053876292902	454302	600000	0	0	255.94176134878421	519.48791288902339	0.033849104299191309
0	6.666666666666667	6.666666666666667	200	6	16215502583247406663	14	7001	7500	500	500	-1946.5861522740663	55.991066608599709	454417	600000	0	0	269.68592889739637	571.43695133172446	0.014896954789237903
0	6.666666666666667	6.666666666666667	200	6	16215502583247406663	15	7501	8000	500	500	-1779.0607261022913	55.153601919933607	453717	600000	0	0	260.49305364891831	471.27338855081501	0.23466343431496325
0	6.666666666666667	6.666666666666667	200	6	16215502583247406663	16	8001	8500	500	500	-1856.0715463829054	54.576282636185788	453793	600000	0	0	261.15799993425327	515.97817913202005	0.0074276005242035143
0	6.666666666666667	6.666666666666667	200	6	16215502583247406663	17	8501	9000	500	500	-1767.7484696611527	54.752997037391324	453224	600000	0	0	270.6435446714346	502.8995094392273	0.033017818564958848
0	6.666666666666667	6.666666666666667	200	6	16215502583247406663	18	9001	9500	500	500	-1906.2899570933564	54.975106470283947	454397	600000	0	0	276.40387826753613	561.92657594500304	0.030566538301216774
0	6.666666666666667	6.666666666666667	200	6	16215502583247406663	19	9501	10000	500	500	-1948.7662856761192	56.577609608079712	454715	600000	0	0	259.13219618259558	548.38643990957291	0.035809903445780479
0	6.666666666666667	6.666666666666667	200	6	16215502583247406663	20	10001	10500	500	500	-1795.4386405956741	55.309224136748171	453012	600000	0	0	270.846250809401	495.0735208346747	0.02249871654151505
0	6.666666666666667	6.666666666666667	200	6	16215502583247406663	21	10501	11000	500	500	-1836.1567015986109	54.812562716180274	452085	600000	0	0	258.57165163506852	488.72538298510949	0.015975596826740501
0	6.666666666666667	6.666666666666667	200	6	16215502583247406663	22	11001	11500	500	500	-1822.9195092710188	54.848086211352758	453865	600000	0	0	259.92026826284882	511.33085920366386	0.039205497545396047
0	6.666666666666667	6.666666666666667	200	6	16215502583247406663	23	11501	12000	500	500	-1895.6651497875284	55.213075998901658	453684	600000	0	0	255.48977094878848	521.32339024644807	0.018742724039015612
0	6.666666666666667	6.666666666666667	200	6	16215502583247406663	24	12001	12500	500	500	-1767.2169953220066	54.270255260545618	452891	600000	0	0	264.03473068817578	484.8094475421517	2.9273187367343119
0	6.666666666666667	6.666666666666667	200	6	16215502583247406663	25	12501	13000	500	500	-1838.0014691358065	56.177825289544856	453494	600000	0	0	273.32968200404969	494.42694856610922	0.99086935744144389
0	6.666666666666667	6.666666666666667	200	6	16215502583247406663	26	13001	13500	500	500	-1832.7472129982596	54.307940248953372	453040	600000	0	0	261.41970836813596	506.15736898900701	-0.0011419953336996962
0	6.666666666666667	6.666666666666667	200	6	16215502583247406663	27	13501	14000	500	500	-1768.1652813063829	54.044126223302094	454571	600000	0	0	277.45280772431386	488.17894423667491	0.038679790929419158
0	6.666666666666667	6.666666666666667	200	6	16215502583247406663	28	14001	14500	500	500	-1817.5095573792603	56.427082974806268	454255	600000	0	0	250.54132161040812	505.81774800146582	0.0073531094003297494
0	6.666666666666667	6.666666666666667	200	6	16215502583247406663	29	14501	15000	500	500	-1780.589072651635	53.593225772993023	454123	600000	0	0	250.03692536671761	617.57009179367992	4.5945346021954014
0	6.666666666666667	6.666666666666667	200	6	16215502583247406663	30	15001	15500	500	500	-1837.2090779900557	55.398956711992582	453857	600000	0	0	274.2357514220547	508.7500236969733	0.52399005315415326
0	6.666666666666667	6.666666666666667	200	6	16215502583247406663	31	15501	16000	500	500	-1844.2373566520923	54.669776528635843	453671	600000	0	0	272.32380087507232	516.83221401206583	0.0043550147551278161
0	6.666666666666667	6.666666666666667	200	6	16215502583247406663	32	16001	16500	500	500	-1873.9666343885378	54.267789908032285	453421	600000	0	0	277.06011904658368	570.81544757522011	0.033425929833239006
0	6.666666666666667	6.666666666666667	200	6	16215502583247406663	33	16501	17000	500	500	-1833.313768007313	55.457958983437038	453732	600000	0	0	275.49939721974192	518.61861500053601	0.031355170341823758
0	6.666666666666667	6.666666666666667	200	6	16215502583247406663	34	17001	17500	500	500	-1765.1125363185163	54.386555891521283	453228	600000	0	0	271.46407235547957	484.06307184371917	0.70063039095998514
0	6.666666666666667	6.666666666666667	200	6	16215502583247406663	35	17501	18000	500	500	-1825.4153499165818	54.87391858114659	454968	600000	0	0	269.58250389156495	521.91373082966356	2.8574076481827126
0	6.666666666666667	6.666666666666667	200	6	16215502583247406663	36	18001	18500	500	500	-1880.1148258820701	56.005311663967731	452620	600000	0	0	239.47879615563286	543.69931593184469	4.7609539746761804
0	6.666666666666667	6.666666666666667	200	6	16215502583247406663	37	18501	19000	500	500	-1869.4998535226987	55.25522126892497	454695	600000	0	0	253.35390039639856	541.1873073022374	0.02781531129112802
0	6.666666666666667	6.666666666666667	200	6	16215502583247406663	38	19001	19500	500	500	-1729.002813045922	54.086806073836556	451321	600000	0	0	235.544958052547	493.63252108661936	6.1759568311373956
0	6.666666666666667	6.666666666666667	200	6	16215502583247406663	39	19501	20000	500	500	-1782.7599020122027	55.211599597022634	455004	600000	0	0	261.30355517966484	495.62488716609994	0.0093646963587694764
0	6.666666666666667	6.666666666666667	200	6	16215502583247406663	40	20001	20500	500	500	-1848.5964675755617	54.797251529875517	453610	600000	0	0	250.53305162578252	525.81573056694697	0.029864832945107913
0	6.666666666666667	6.666666666666667	200	6	16215502583247406663	41	20501	21000	500	500	-1777.6089038992825	53.351712592565427	452566	600000	0	0	280.79855634884478	531.38585116812533	0.022531586888347322
0	6.666666666666667	6.666666666666667	200	6	16215502583247406663	42	21001	21500	500	500	-1862.4497702087619	55.484957450775511	454596	600000	0	0	269.25777118198221	511.73756601155191	0.040240371191133474
0	6.666666666666667	6.666666666666667	200	6	16215502583247406663	43	21501	22000	500	500	-1846.2992131819672	53.877033037162676	452418	600000	0	0	246.69808552888631	549.74165667560032	3.8255848112830377
0	6.666666666666667	6.666666666666667	200	6	16215502583247406663	44	22001	22500	500	500	-1808.6123808754805	55.895312404674414	454533	600000	0	0	256.15687559955506	497.29021757333942	0.0022942019907555193
0	6.666666666666667	6.666666666666667	200	6	16215502583247406663	45	22501	23000	500	500	-1811.5713084191905	54.646105429259073	452959	600000	0	0	264.46659781043877	520.25715643013507	0.91076206598449094
0	6.666666666666667	6.666666666666667	200	6	16215502583247406663	46	23001	23500	500	500	-1876.7960834234514	55.479557509674756	452997	600000	0	0	242.97988199899015	555.76422147500932	3.1031599124923521
0	6.666666666666667	6.666666666666667	200	6	16215502583247406663	47	23501	24000	500	500	-1809.2135823259432	55.991618505372706	453302	600000	0	0	245.03206023668363	527.32222019317658	0.91600980285065692
0	6.666666666666667	6.666666666666667	200	6	16215502583247406663	48	24001	24500	500	500	-1841.1881121966828	54.306009630748306	453487	600000	0	0	262.86241370719455	541.4685421983063	0.014093713949556564
0	6.666666666666667	6.666666666666667	200	6	16215502583247406663	49	24501	25000	500	500	-1796.0857096665839	56.145789366560912	452984	600000	0	0	261.75653671727247	539.56691493952462	0.0077131716708432607
0	6.666666666666667	6.666666666666667	200	6	16215502583247406663	50	25001	25500	500	500	-1866.3432847939762	55.191686703394957	453940	600000	0	0	262.9944127588841	525.0675134777839	0.0086280583335511443
0	6.666666666666667	6.666666666666667	200	6	16215502583247406663	51	25501	26000	500	500	-1843.5518273690668	56.18589843699673	453733	600000	0	0	259.72262914019461	515.6851430941698	0.94750779602607071
0	6.666666666666667	6.666666666666667	200	6	16215502583247406663	52	26001	26500	500	500	-1813.7219451487379	54.996869561389737	451768	600000	0	0	266.40395252370996	504.89607385080075	0.072177450411994387
0	6.666666666666667	6.666666666666667	200	6	16215502583247406663	53	26501	27000	500	500	-1820.7545780768016	54.143484056086749	454139	600000	0	0	260.30138383683425	509.52193080419886	0.85540500472498482
0	6.666666666666667	6.666666666666667	200	6	16215502583247406663	54	27001	27500	500	500	-1832.4141149188433	55.22362628167847	454057	600000	0	0	285.45017742810643	512.00187924062993	0.031450606537589382
0	6.666666666666667	6.666666666666667	200	6	16215502583247406663	55	27501	28000	500	500	-1834.2110426236375	55.998502414583385	452452	600000	0	0	272.27759778026183	521.9141086818106	0.85633842119937875
0	6.666666666666667	6.666666666666667	200	6	16215502583247406663	56	28001	28500	500	500	-1887.7954858389276	56.048325036376347	453088	600000	0	0	267.62890134389323	533.15749577045142	0.014557913217472618
0	6.666666666666667	6.666666666666667	200	6	16215502583247406663	57	28501	29000	500	500	-1926.5941535047914	55.679771104351829	454254	600000	0	0	285.25532224437023	544.15596666731903	0.11790782467516196
0	6.666666666666667	6.666666666666667	200	6	16215502583247406663	58	29001	29500	500	500	-1835.5546315045342	54.465169274444889	454453	600000	0	0	257.85318848374254	1208.5813694314941	0.67982591897690292
0	6.666666666666667	6.666666666666667	200	6	16215502583247406663	59	29501	30000	500	500	-1863.430151953366	56.485344974073115	454388	600000	0	0	267.72177812660277	556.312235687157	0.017060881807427833
0	6.666666666666667	6.666666666666667	200	6	16215502583247406663	60	30001	30500	500	500	-1823.4205225838484	54.052611798525867	453600	600000	0	0	277.89932639301173	494.66851724310067	0.021186238156964545
0	6.666666666666667	6.666666666666667	200	6	16215502583247406663	61	30501	31000	500	500	-1825.9245001683962	54.143139006685814	453621	600000	0	0	274.41814842609131	506.36067027791472	2.1061641955492529
0	6.666666666666667	6.666666666666667	200	6	16215502583247406663	62	31001	31500	500	500	-1806.6682341906057	56.97259254510584	453710	600000	0	0	258.33973877379589	538.82852284149828	0.34781610481240804
0	6.666666666666667	6.666666666666667	200	6	16215502583247406663	63	31501	32000	500	500	-1939.3518699368944	55.734279999599032	454015	600000	0	0	268.63188839368411	591.87383138614018	1.0258501477584994
0	6.666666666666667	6.666666666666667	200	6	16215502583247406663	64	32001	32500	500	500	-1908.1634251281234	55.602941715796455	454836	600000	0	0	247.21141938741016	542.4553941948335	0.096124459778693133
0	6.666666666666667	6.666666666666667	200	6	16215502583247406663	65	32501	33000	500	500	-1792.4716415700125	55.08263753017814	454711	600000	0	0	259.85874590027498	573.774012716264	0.0077796819443815349
0	6.666666666666667	6.666666666666667	200	6	16215502583247406663	66	33001	33500	500	500	-1826.2647828363604	54.187057018599511	453036	600000	0	0	278.72191891222855	510.17096254767182	0.0075135012280279096
0	6.666666666666667	6.666666666666667	200	6	16215502583247406663	67	33501	34000	500	500	-1830.4118205494665	54.928224340611379	453570	600000	0	0	253.52489869794258	522.02533304223005	0.015809824931187877
0	6.666666666666667	6.666666666666667	200	6	16215502583247406663	68	34001	34500	500	500	-1848.5726129975715	53.74165735032863	454181	600000	0	0	254.86274445774652	541.0150596898809	0.040472753883550899
0	6.666666666666667	6.666666666666667	200	6	16215502583247406663	69	34501	35000	500	500	-1833.5214614443678	56.366937498559466	454928	600000	0	0	259.70415260546793	565.31903365340429	0.0077616496631311462
0	6.666666666666667	6.666666666666667	200	6	16215502583247406663	70	35001	35500	500	500	-1861.5910971347298	55.867844415008534	453197	600000	0	0	255.26862587827236	528.96484106670084	1.1737216518087754
0	6.666666666666667	6.666666666666667	200	6	16215502583247406663	71	35501	36000	500	500	-1784.7268804661651	57.430216628807905	453541	600000	0	0	255.679075614368	481.49899206457548	0.0065089320599999523
0	6.666666666666667	6.666666666666667	200	6	16215502583247406663	72	36001	36500	500	500	-1833.0612995399727	55.257583827161341	453176	600000	0	0	272.62722579042719	482.65135443520688	0.041044042984954759
0	6.666666666666667	6.666666666666667	200	6	16215502583247406663	73	36501	37000	500	500	-1870.5779162731651	56.42216357593081	454594	600000	0	0	256.26018258497345	544.2199473654581	0.036988202820375418
0	6.666666666666667	6.666666666666667	200	6	16215502583247406663	74	37001	37500	500	500	-1837.2974894233037	52.799798674779908	453057	600000	0	0	269.57172472403801	517.29773188992385	0.14096026255695324
0	6.666666666666667	6.666666666666667	200	6	16215502583247406663	75	37501	38000	500	500	-1836.244881288364	54.580234564560527	452029	600000	0	0	280.97952653131904	510.25858613942387	3.984417539543105
0	6.666666666666667	6.666666666666667	200	6	16215502583247406663	76	38001	38500	500	500	-1871.3485987285205	56.864669573173387	452627	600000	0	0	250.48628183840648	530.882296232312	0.0098987780792706547
0	6.666666666666667	6.666666666666667	200	6	16215502583247406663	77	38501	39000	500	500	-1816.2391724658271	55.538645050214996	452095	600000	0	0	270.59560640329687	509.12498092660172	1.1481515985703481
0	6.666666666666667	6.666666666666667	200	6	16215502583247406663	78	39001	39500	500	500	-1770.6502593146643	55.881833733406488	452754	600000	0	0	268.87073011357603	490.69946620944228	0.022660805736011209
0	6.666666666666667	6.666666666666667	200	6	16215502583247406663	79	39501	40000	500	500	-1786.9302766299872	53.401647833689779	451798	600000	0	0	250.07570810017592	493.02259771534563	3.2953070327827598
0	6.666666666666667	6.666666666666667	200	6	16215502583247406663	80	40001	40500	500	500	-1820.8932204677135	54.47175165437131	452084	600000	0	0	270.52523790554625	563.14922984739951	2.2687557898844202
0	6.666666666666667	6.666666666666667	200	6	16215502583247406663	81	40501	41000	500	500	-1903.3596374635406	55.515783906207588	453785	600000	0	0	273.3963234966921	543.40227495085094	0.01097787025523949
0	6.666666666666667	6.666666666666667	200	6	16215502583247406663	82	41001	41500	500	500	-1811.9043532831377	56.151432624299616	454191	600000	0	0	262.48403227726925	488.05362774276034	0.67678940197814785
0	6.666666666666667	6.666666666666667	200	6	16215502583247406663	83	41501	42000	500	500	-1819.3812123191919	54.267580799711844	453719	600000	0	0	280.04309052649057	518.57543474360727	0.010912131611938651
0	6.666666666666667	6.666666666666667	200	6	16215502583247406663	84	42001	42500	500	500	-1781.7550098113381	54.340695922015726	453523	600000	0	0	263.87809843169151	518.37422565037889	0.005819857476019776
0	6.666666666666667	6.666666666666667	200	6	16215502583247406663	85	42501	43000	500	500	-1906.6776150835419	56.291023149933984	453505	600000	0	0	253.53412028590884	567.80587772715091	0.17457136919915267
0	6.666666666666667	6.666666666666667	200	6	16215502583247406663	86	43001	43500	500	500	-1868.8862880483864	56.223551288760696	454308	600000	0	0	271.01949352212404	541.71305419687565	0.022137560989561603
0	6.666666666666667	6.666666666666667	200	6	16215502583247406663	87	43501	44000	500	500	-1776.5075229289889	55.734473284778801	454855	600000	0	0	275.08496908361184	487.30283698722116	0.048265760113283741
0	6.666666666666667	6.666666666666667	200	6	16215502583247406663	88	44001	44500	500	500	-1826.3398108945546	54.98569999625402	453209	600000	0	0	257.23929006596677	525.45287396095807	2.7828100750753597
0	6.666666666666667	6.666666666666667	200	6	16215502583247406663	89	44501	45000	500	500	-1810.5237293781613	54.64839388716441	452602	600000	0	0	271.35569514361003	499.19252534540101	0.40296264867953402
0	6.666666666666667	6.666666666666667	200	6	16215502583247406663	90	45001	45500	500	500	-1849.7312033647522	54.605983330939864	453515	600000	0	0	264.7992609245602	512.03062954012921	1.4967490658413376
0	6.666666666666667	6.666666666666667	200	6	16215502583247406663	91	45501	46000	500	500	-1804.1691929713811	53.871006339514253	453256	600000	0	0	260.91964917223982	533.93333267235698	1.3909354625541415
0	6.666666666666667	6.666666666666667	200	6	16215502583247406663	92	46001	46500	500	500	-1836.5925282866017	53.175837320668471	452381	600000	0	0	282.23301373844197	605.77603297284747	3.4942635790757079
0	6.666666666666667	6.666666666666667	200	6	16215502583247406663	93	46501	47000	500	500	-1849.1138980646056	56.065237827674963	452644	600000	0	0	256.53685583976073	524.86890571731954	0.95965064759434637
0	6.666666666666667	6.666666666666667	200	6	16215502583247406663	94	47001	47500	500	500	-1812.2894167603445	53.556484576962688	453316	600000	0	0	260.0581623257475	506.7684986170396	3.1385043756586328
0	6.666666666666667	6.666666666666667	200	6	16215502583247406663	95	47501	48000	500	500	-1858.0650943794242	53.817397158223294	453490	600000	0	0	260.10129656365444	524.52682084206344	0.0057674323038611605
0	6.666666666666667	6.666666666666667	200	6	16215502583247406663	96	48001	48500	500	500	-1804.2635145521631	55.25008408033532	455440	600000	0	0	253.83474282308185	589.20085326879121	0.019669630852100276
0	6.666666666666667	6.666666666666667	200	6	16215502583247406663	97	48501	49000	500	500	-1869.6074897256465	53.802466196575089	453639	600000	0	0	271.55961765445596	520.71563264430699	0.67647029983975815
0	6.666666666666667	6.666666666666667	200	6	16215502583247406663	98	49001	49500	500	500	-1898.1866109158564	55.235280725124795	452042	600000	0	0	263.28349633743022	546.21055476199615	0.01093043193895947
0	6.666666666666667	6.666666666666667	200	6	16215502583247406663	99	49501	50000	500	500	-1807.0308599018695	52.693036706190654	451224	600000	0	0	241.31909379784463	514.36868852982377	3.5737464417097473
0	6.666666666666667	6.666666666666667	200	7	5800614160047941283	0	1	500	500	500	-1767.4536226217351	55.115682982699738	453426	600000	0	0	278.47759631814807	503.62518094088097	0.014439386405004197
0	6.666666666666667	6.666666666666667	200	7	5800614160047941283	1	501	1000	500	500	-1843.2636736364875	55.735613260749531	453998	600000	0	0	270.95883772923719	520.13296772315073	0.048701736112956369
0	6.666666666666667	6.666666666666667	200	7	5800614160047941283	2	1001	1500	500	500	-1881.5190460186141	53.806222664583551	454144	600000	0	0	279.99428070596645	532.5209932760647	0.018147956383133268
0	6.666666666666667	6.666666666666667	200	7	5800614160047941283	3	1501	2000	500	500	-1825.5362389004333	54.451705498280894	453403	600000	0	0	269.23701274806291	499.51797542656038	0.011818656104999102
0	6.666666666666667	6.666666666666667	200	7	5800614160047941283	4	2001	2500	500	500	-1818.5166267523568	54.570926523977313	453513	600000	0	0	259.76730203318891	490.79653889147255	-0.0038363824339986744
0	6.666666666666667	6.666666666666667	200	7	5800614160047941283	5	2501	3000	500	500	-1846.0713700001959	55.566931162242277	454601	600000	0	0	258.30984326071354	555.37532140085762	0.34765949922665623
0	6.666666666666667	6.666666666666667	200	7	5800614160047941283	6	3001	3500	500	500	-1920.6131324236271	55.549847124898996	454083	600000	0	0	259.3349704230356	563.52916986673927	0.007504718225100084
0	6.666666666666667	6.666666666666667	200	7	5800614160047941283	7	3501	4000	500	500	-1784.7618589714909	51.107907080973192	451106	600000	0	0	283.37843896176594	503.92947256806434	7.9204713991578783
0	6.666666666666667	6.666666666666667	200	7	5800614160047941283	8	4001	4500	500	500	-1766.6706550303152	54.267447599786465	452929	600000	0	0	257.98935639117894	480.26795405536166	0.0056829840682674562
0	6.666666666666667	6.666666666666667	200	7	5800614160047941283	9	4501	5000	500	500	-1796.9614343892606	55.273173261095302	453912	600000	0	0	258.94548986424462	787.71107725177762	0.01729462279274635
0	6.666666666666667	6.666666666666667	200	7	5800614160047941283	10	5001	5500	500	500	-1803.353205469062	53.934228976509964	452349	600000	0	0	267.63662046206696	488.44977987053159	0.0095006276928354914
0	6.666666666666667	6.666666666666667	200	7	5800614160047941283	11	5501	6000	500	500	-1846.4512347725042	55.684139799362022	454073	600000	0	0	241.25593622836007	520.67810963578745	0.011909984640699263
0	6.666666666666667	6.666666666666667	200	7	5800614160047941283	12	6001	6500	500	500	-1826.852314519027	55.011737990985054	452860	600000	0	0	236.27383168690969	564.66383926212427	0.87082945495783926
0	6.666666666666667	6.666666666666667	200	7	5800614160047941283	13	6501	7000	500	500	-1863.0970536073987	53.45950986767506	451577	600000	0	0	246.71373950374311	613.92293833037786	8.0494680636485949
0	6.666666666666667	6.666666666666667	200	7	5800614160047941283	14	7001	7500	500	500	-1830.2204825066885	56.057462476215065	453925	600000	0	0	279.58906284588579	527.6430725238755	0.50159474899815237
0	6.666666666666667	6.666666666666667	200	7	5800614160047941283	15	7501	8000	500	500	-1871.697087515902	55.544671243060336	453942	600000	0	0	253.56764399157524	556.07499674980818	0.012862567384214837
0	6.666666666666667	6.666666666666667	200	7	5800614160047941283	16	8001	8500	500	500	-1857.8945797178769	53.66267339359279	452543	600000	0	0	266.04116630567665	792.07674039586254	0.067110885405611331
0	6.666666666666667	6.666666666666667	200	7	5800614160047941283	17	8501	9000	500	500	-1937.9554718120853	54.025656724792633	455308	600000	0	0	270.80124036224879	549.76202206789253	1.2263877990442262
0	6.666666666666667	6.666666666666667	200	7	5800614160047941283	18	9001	9500	500	500	-1817.7849452876912	56.029612574671837	453242	600000	0	0	248.85595620874113	525.84435285002712	3.0643350132459721
0	6.666666666666667	6.666666666666667	200	7	5800614160047941283	19	9501	10000	500	500	-1844.7569620222291	56.447337614472175	455020	600000	0	0	263.85419663342662	553.59940191760188	0.070931833245277243
0	6.666666666666667	6.666666666666667	200	7	5800614160047941283	20	10001	10500	500	500	-1833.5870188928413	55.748862178336033	454375	600000	0	0	281.64192516130532	512.86847959766067	0.144020053601846
0	6.666666666666667	6.666666666666667	200	7	5800614160047941283	21	10501	11000	500	500	-1739.9723095231745	55.816560809997014	453407	600000	0	0	263.53674363768101	495.82258668692248	0.01239897672845087
0	6.666666666666667	6.666666666666667	200	7	5800614160047941283	22	11001	11500	500	500	-1747.0907669008075	55.869959510993468	453877	600000	0	0	257.73181310955835	499.84096309166307	0.028417074524672611
0	6.666666666666667	6.666666666666667	200	7	5800614160047941283	23	11501	12000	500	500	-1856.3674724850935	54.198874546486252	453193	600000	0	0	264.29216851008954	557.93150681280451	0.0065757438224822501
0	6.666666666666667	6.666666666666667	200	7	5800614160047941283	24	12001	12500	500	500	-1727.6331823117159	53.736253172570237	451875	600000	0	0	255.12517147400956	477.51463418562577	0.66885531584996305
0	6.666666666666667	6.666666666666667	200	7	5800614160047941283	25	12501	13000	500	500	-1764.0360574947119	54.737056475698573	455147	600000	0	0	254.81048124946429	498.48449263977284	3.7522231583121823
0	6.666666666666667	6.666666666666667	200	7	5800614160047941283	26	13001	13500	500	500	-1835.8078944740842	55.091254639068211	453555	600000	0	0	274.78085174466253	544.72412394163985	0.019230636704593511
0	6.666666666666667	6.666666666666667	200	7	5800614160047941283	27	13501	14000	500	500	-1821.4608560247225	54.116835245784451	452414	600000	0	0	228.33460168038843	522.94554002922871	5.3457491065218816
0	6.666666666666667	6.666666666666667	200	7	5800614160047941283	28	14001	14500	500	500	-1819.7794362065351	54.292861709807234	453468	600000	0	0	259.79093944356583	482.46445845142023	0.031108791138487406
0	6.666666666666667	6.666666666666667	200	7	5800614160047941283	29	14501	15000	500	500	-1851.3939098522258	55.710653347209735	453312	600000	0	0	245.2354369880685	505.38150133258409	0.013448129289549041
0	6.666666666666667	6.666666666666667	200	7	5800614160047941283	30	15001	15500	500	500	-1827.0795362155475	56.307578376518677	453077	600000	0	0	281.99246471078209	551.00233779882228	0.057777276687001132
0	6.666666666666667	6.666666666666667	200	7	5800614160047941283	31	15501	16000	500	500	-1804.0737952600173	56.643469144736841	454216	600000	0	0	250.59255629176249	515.272219438006	0.060085193230788564
0	6.666666666666667	6.666666666666667	200	7	5800614160047941283	32	16001	16500	500	500	-1783.920870308549	54.23835645724624	453155	600000	0	0	275.26274079146873	523.54541542419429	0.5233597391595769
0	6.666666666666667	6.666666666666667	200	7	5800614160047941283	33	16501	17000	500	500	-1935.6864582251537	55.476960638466892	452210	600000	0	0	286.31048041666804	571.88072768634834	0.064628590905964442
0	6.666666666666667	6.666666666666667	200	7	5800614160047941283	34	17001	17500	500	500	-1884.0768231281349	57.129086750392624	453958	600000	0	0	263.70171696951439	552.37345394640101	0.025953571134219307
0	6.666666666666667	6.666666666666667	200	7	5800614160047941283	35	17501	18000	500	500	-1841.0479716261736	56.235753387955768	453709	600000	0	0	270.2127491226309	537.60642728862729	0.17233672791614282
0	6.666666666666667	6.666666666666667	200	7	5800614160047941283	36	18001	18500	500	500	-1727.3707396209411	53.83849772364082	452855	600000	0	0	246.36617226482156	469.56919382524757	0.73827969197487786
0	6.666666666666667	6.666666666666667	200	7	5800614160047941283	37	18501	19000	500	500	-1831.0553544634138	55.148583545841717	453504	600000	0	0	285.21805901784666	604.97535527709169	0.002425632881954061
0	6.666666666666667	6.666666666666667	200	7	5800614160047941283	38	19001	19500	500	500	-1869.2327956025051	54.356425145832212	453726	600000	0	0	266.8535144456232	537.35522968503085	0.017615129379384673
0	6.666666666666667	6.666666666666667	200	7	5800614160047941283	39	19501	20000	500	500	-1834.5330532262205	54.409601073119511	453997	600000	0	0	272.51053146140163	504.24517372426305	0.25314862338794519
0	6.666666666666667	6.666666666666667	200	7	5800614160047941283	40	20001	20500	500	500	-1822.3618386742871	56.31188589269567	454242	600000	0	0	245.48714450311184	507.08978417361214	0.38670168673910837
0	6.666666666666667	6.666666666666667	200	7	5800614160047941283	41	20501	21000	500	500	-1733.3957678202198	48.407430266159999	446284	600000	0	0	238.24751261489357	577.20079935054537	26.941876212584983
0	6.666666666666667	6.666666666666667	200	7	5800614160047941283	42	21001	21500	500	500	-1864.2748399748566	54.622447935128775	452705	600000	0	0	259.37674958608113	522.45004126277763	2.3596600199964115
0	6.666666666666667	6.666666666666667	200	7	5800614160047941283	43	21501	22000	500	500	-1748.810806285019	54.897139877794274	453545	600000	0	0	270.21410819021577	475.25584727348064	1.3702718759693759
0	6.666666666666667	6.666666666666667	200	7	5800614160047941283	44	22001	22500	500	500	-1784.6578537845892	55.297639152366081	454389	600000	0	0	250.50859191777269	512.0900646530896	0.01339023909465065
0	6.666666666666667	6.666666666666667	200	7	5800614160047941283	45	22501	23000	500	500	-1766.7274017392754	54.330738986175682	452913	600000	0	0	271.64171662746611	527.70921552882055	4.080794042537045
0	6.666666666666667	6.666666666666667	200	7	5800614160047941283	46	23001	23500	500	500	-1813.073427199369	55.377156158962151	452768	600000	0	0	260.35597231490755	536.62197249229666	0.0081917469454486375
0	6.666666666666667	6.666666666666667	200	7	5800614160047941283	47	23501	24000	500	500	-1777.4458717850705	56.883832819274524	454109	600000	0	0	279.70883176248952	480.34319431583538	0.013693067437061664
0	6.666666666666667	6.666666666666667	200	7	5800614160047941283	48	24001	24500	500	500	-1841.622187846855	55.130497556183485	453521	600000	0	0	270.53560972851727	497.45264549382358	0.012504832847042222
0	6.666666666666667	6.666666666666667	200	7	5800614160047941283	49	24501	25000	500	500	-1765.5161130529364	54.093716015620387	454576	600000	0	0	247.9874413875728	481.77725958266444	2.1329956095251905
0	6.666666666666667	6.666666666666667	200	7	5800614160047941283	50	25001	25500	500	500	-1803.6941430464683	54.281676475843135	451582	600000	0	0	277.54532521805345	510.31725319073405	0.01155522320563904
0	6.666666666666667	6.666666666666667	200	7	5800614160047941283	51	25501	26000	500	500	-1765.0376006285805	53.432552855175722	452301	600000	0	0	260.77931406566552	507.10038670139767	0.085358004125592329
0	6.666666666666667	6.666666666666667	200	7	5800614160047941283	52	26001	26500	500	500	-1797.691876279667	53.700453109918847	453154	600000	0	0	261.51493314488755	511.16944881049324	0.027110557832370489
0	6.666666666666667	6.666666666666667	200	7	5800614160047941283	53	26501	27000	500	500	-1836.7973698863887	55.578497073494368	453129	600000	0	0	263.53452125880295	496.35689750265402	1.0052177534354823
0	6.666666666666667	6.666666666666667	200	7	5800614160047941283	54	27001	27500	500	500	-1795.7737455063213	52.297946886155088	452001	600000	0	0	283.95594260483972	494.5957992600575	0.72408299110174479
0	6.666666666666667	6.666666666666667	200	7	5800614160047941283	55	27501	28000	500	500	-1830.2799571878036	56.332909115929965	454385	600000	0	0	250.15726950474556	542.04130947451961	0.065680388941049592
0	6.666666666666667	6.666666666666667	200	7	5800614160047941283	56	28001	28500	500	500	-1879.7934133184808	54.470051591286548	454993	600000	0	0	265.90218909987971	558.06670774667714	0.0081736909005356104
0	6.666666666666667	6.666666666666667	200	7	5800614160047941283	57	28501	29000	500	500	-1873.8958628972612	55.372830063198933	453555	600000	0	0	264.19069231050537	532.67712603574967	0.095262038990110889
0	6.666666666666667	6.666666666666667	200	7	5800614160047941283	58	29001	29500	500	500	-1865.6164321344979	56.550830488776135	454850	600000	0	0	270.74101664933772	543.32278723789886	0.0155544364910841
0	6.666666666666667	6.666666666666667	200	7	5800614160047941283	59	29501	30000	500	500	-1847.755011638711	55.184746065382612	453062	600000	0	0	278.23691528562335	506.49694207226463	0.031180160821852636
0	6.666666666666667	6.666666666666667	200	7	5800614160047941283	60	30001	30500	500	500	-1830.1996998637142	55.482149203486927	452887	600000	0	0	277.77404927068568	520.24642038797174	0.46355632773456967
0	6.666666666666667	6.666666666666667	200	7	5800614160047941283	61	30501	31000	500	500	-1837.3607989707073	56.325800207097544	454177	600000	0	0	263.96498612298507	513.46236422417644	1.6387532578877295
0	6.666666666666667	6.666666666666667	200	7	5800614160047941283	62	31001	31500	500	500	-1817.1119953314778	56.418782029088618	453909	600000	0	0	253.94425646217337	507.09854172164927	0.35257998841770055
0	6.666666666666667	6.666666666666667	200	7	5800614160047941283	63	31501	32000	500	500	-1882.5590746749624	55.522545085126296	453006	600000	0	0	251.30261278234346	540.81935469713358	0.83078355343108989
0	6.666666666666667	6.666666666666667	200	7	5800614160047941283	64	32001	32500	500	500	-1841.8784004643273	56.26329335641605	453122	600000	0	0	271.64990463361551	628.75582786185328	0.013948439178987231
0	6.666666666666667	6.666666666666667	200	7	5800614160047941283	65	32501	33000	500	500	-1876.0315264101728	55.110974365965355	453901	600000	0	0	261.72627083885817	533.76615038449256	0.01443751387052301
0	6.666666666666667	6.666666666666667	200	7	5800614160047941283	66	33001	33500	500	500	-1847.3981436348186	54.247256209148411	452904	600000	0	0	262.42769924138207	510.88863837665247	0.0036544701436716739
0	6.666666666666667	6.666666666666667	200	7	5800614160047941283	67	33501	34000	500	500	-1865.3937526975144	56.073669744148958	454044	600000	0	0	247.21186439381813	563.22091621242384	3.3265611161023019
0	6.666666666666667	6.666666666666667	200	7	5800614160047941283	68	34001	34500	500	500	-1847.0058257499259	54.280986677467205	453595	600000	0	0	272.70325135889163	545.23637660330053	0.018207361515160045
0	6.666666666666667	6.666666666666667	200	7	5800614160047941283	69	34501	35000	500	500	-1839.7223359321813	54.942699846926935	454273	600000	0	0	266.13613649752875	511.67153779636584	0.19371886672924526
0	6.666666666666667	6.666666666666667	200	7	5800614160047941283	70	35001	35500	500	500	-1872.2522495428339	57.260307102436578	454659	600000	0	0	253.07770472960689	560.61548050845965	0.238624064117263
0	6.666666666666667	6.666666666666667	200	7	5800614160047941283	71	35501	36000	500	500	-1854.5896277107604	54.511748718151608	452546	600000	0	0	263.91273594150738	546.33204651631434	0.019634208466566529
0	6.666666666666667	6.666666666666667	200	7	5800614160047941283	72	36001	36500	500	500	-1840.8206237238935	56.30543156293124	454466	600000	0	0	261.80413763727512	569.17776225986677	0.008681132444319983
0	6.666666666666667	6.666666666666667	200	7	5800614160047941283	73	36501	37000	500	500	-1820.1109542788481	55.26203132806198	453589	600000	0	0	255.73974254518424	514.6149370037781	0.011955540477238154
0	6.666666666666667	6.666666666666667	200	7	5800614160047941283	74	37001	37500	500	500	-1834.2311846857269	55.821546481142356	455243	600000	0	0	275.51130432751052	542.55371974717093	0.0064893699322667803
0	6.666666666666667	6.666666666666667	200	7	5800614160047941283	75	37501	38000	500	500	-1797.7893035801965	55.861648561027735	455577	600000	0	0	243.05257139350215	514.6312665800989	0.073761247057976806
0	6.666666666666667	6.666666666666667	200	7	5800614160047941283	76	38001	38500	500	500	-1861.7511902116119	54.758432294628243	454684	600000	0	0	276.11958174119928	513.80344670984209	0.14563117805902187
0	6.666666666666667	6.666666666666667	200	7	5800614160047941283	77	38501	39000	500	500	-1862.1363917183835	56.270271609965782	452748	600000	0	0	254.77567405074271	511.5962728020171	0.41892554846428792
0	6.666666666666667	6.666666666666667	200	7	5800614160047941283	78	39001	39500	500	500	-1857.9398553074366	56.970947515726152	453658	600000	0	0	267.66704023258831	522.88027712956728	0.021559332078959593
0	6.666666666666667	6.666666666666667	200	7	5800614160047941283	79	39501	40000	500	500	-1781.3078120665516	55.159086691337215	452712	600000	0	0	261.31676947197678	481.32292560901772	0.34359043582999488
0	6.666666666666667	6.666666666666667	200	7	5800614160047941283	80	40001	40500	500	500	-1872.6177046298537	57.903707063888326	454355	600000	0	0	261.26154025302105	538.34329385193939	0.04780257626267119
0	6.666666666666667	6.666666666666667	200	7	5800614160047941283	81	40501	41000	500	500	-1895.0659318746968	53.464812748166061	453933	600000	0	0	288.77506202960791	537.6425290276768	0.015629427862424047
0	6.666666666666667	6.666666666666667	200	7	5800614160047941283	82	41001	41500	500	500	-1833.973023527506	53.616306840279734	454360	600000	0	0	258.18881061973724	521.06277254859071	1.1542339039803649
0	6.666666666666667	6.666666666666667	200	7	5800614160047941283	83	41501	42000	500	500	-1862.1440263962861	55.188635998739272	452136	600000	0	0	255.1090714617101	570.59265426539218	4.2574140537215346
0	6.666666666666667	6.666666666666667	200	7	5800614160047941283	84	42001	42500	500	500	-1775.9169157618999	55.244669281404427	451749	600000	0	0	275.86146715374019	503.03103731683024	0.65829424734100772
0	6.666666666666667	6.666666666666667	200	7	5800614160047941283	85	42501	43000	500	500	-1855.0762230229445	56.10394579232878	453260	600000	0	0	268.25122901853831	517.35738402666232	0.010269774151116356
0	6.666666666666667	6.666666666666667	200	7	5800614160047941283	86	43001	43500	500	500	-1911.7626233811097	57.795083977873489	454123	600000	0	0	240.20279931913799	573.87419957090651	0.96311251610598825
0	6.666666666666667	6.666666666666667	200	7	5800614160047941283	87	43501	44000	500	500	-1774.2537326364716	53.912346296340786	452504	600000	0	0	264.70005633999654	487.88964007646945	0.004262028283298901
0	6.666666666666667	6.666666666666667	200	7	5800614160047941283	88	44001	44500	500	500	-1937.1480087995244	56.606494821844365	453921	600000	0	0	269.75608156799689	618.40977231148804	0.63506789759990401
0	6.666666666666667	6.666666666666667	200	7	5800614160047941283	89	44501	45000	500	500	-1782.9746166465304	53.682004155860376	452471	600000	0	0	285.94901540000546	471.16572197832562	1.9572627718386688
0	6.666666666666667	6.666666666666667	200	7	5800614160047941283	90	45001	45500	500	500	-1873.8137168730179	56.606427772172843	453837	600000	0	0	263.62648899278514	502.0650525284691	0.015607134028826167
0	6.666666666666667	6.666666666666667	200	7	5800614160047941283	91	45501	46000	500	500	-1828.9784709956775	56.3033413667738	454686	600000	0	0	257.24309568193542	512.18005643878496	0.0036674258745851996
0	6.666666666666667	6.666666666666667	200	7	5800614160047941283	92	46001	46500	500	500	-1872.6424361058193	54.963795442648198	453391	600000	0	0	282.44327705443288	523.21541850136384	1.2291704393549767
0	6.666666666666667	6.666666666666667	200	7	5800614160047941283	93	46501	47000	500	500	-1851.1837326431171	55.249757286913962	453656	600000	0	0	291.74097259511399	514.01306513895122	0.02372996431127097
0	6.666666666666667	6.666666666666667	200	7	5800614160047941283	94	47001	47500	500	500	-1829.063252883539	56.572702920313823	453024	600000	0	0	249.19728863861178	545.22845829773439	0.51752768980422892
0	6.666666666666667	6.666666666666667	200	7	5800614160047941283	95	47501	48000	500	500	-1802.0604968690193	54.940978508145371	453405	600000	0	0	261.60568543905327	506.01170580447052	1.6672644192743102
0	6.666666666666667	6.666666666666667	200	7	5800614160047941283	96	48001	48500	500	500	-1924.2728939060287	54.694047941149464	451966	600000	0	0	253.52836468822775	614.49434547997623	5.6143518757246538
0	6.666666666666667	6.666666666666667	200	7	5800614160047941283	97	48501	49000	500	500	-1815.1391913051061	54.055923361450382	452758	600000	0	0	282.11485445725128	494.97759862297829	0.0076678360431425702
0	6.666666666666667	6.666666666666667	200	7	5800614160047941283	98	49001	49500	500	500	-1820.1427161886807	53.36951668972241	452606	600000	0	0	273.00685756982551	535.47236611121718	0.024284180330385496
0	6.666666666666667	6.666666666666667	200	7	5800614160047941283	99	49501	50000	500	500	-1859.315363087218	56.134082671260771	453551	600000	0	0	251.35549042716451	519.80339852896861	-0.00058005691915816496
0	6.666666666666667	6.666666666666667	200	8	15145969256338642909	0	1	500	500	500	-1769.4592022588754	53.552175306491179	453702	600000	0	0	250.77427062756638	512.44129824532297	0.047721075679739156
0	6.666666666666667	6.666666666666667	200	8	15145969256338642909	1	501	1000	500	500	-1887.4049531018882	55.656734526143765	453120	600000	0	0	276.21968889435936	566.87930733262704	0.015831181261617682
0	6.666666666666667	6.666666666666667	200	8	15145969256338642909	2	1001	1500	500	500	-1856.0752988889997	54.478231223530592	452882	600000	0	0	269.36320136165159	546.00565294665819	4.8637972845731001
0	6.666666666666667	6.666666666666667	200	8	15145969256338642909	3	1501	2000	500	500	-1856.9502609677575	55.691786337783874	453830	600000	0	0	268.649290366777	511.94839183390684	0.019398820270424347
0	6.666666666666667	6.666666666666667	200	8	15145969256338642909	4	2001	2500	500	500	-1814.4858042804665	55.625367799930657	453917	600000	0	0	276.6034598686137	593.28925307712154	0.030744599965554117
0	6.666666666666667	6.666666666666667	200	8	15145969256338642909	5	2501	3000	500	500	-1901.419210762924	55.104036003474306	454800	600000	0	0	282.99155735847438	587.78338320017042	0.010256719365572963
0	6.666666666666667	6.666666666666667	200	8	15145969256338642909	6	3001	3500	500	500	-1787.12778326887	54.841356804801322	454889	600000	0	0	258.01056846117473	682.77432055417137	3.6043835510718152
0	6.666666666666667	6.666666666666667	200	8	15145969256338642909	7	3501	4000	500	500	-1827.7580511968717	57.916382046014178	454588	600000	0	0	229.96713577168677	538.28076597367851	2.8692767685021359
0	6.666666666666667	6.666666666666667	200	8	15145969256338642909	8	4001	4500	500	500	-1808.030808813179	54.448895988229175	453440	600000	0	0	254.31833546064703	514.05282043850627	0.011453867764577935
0	6.666666666666667	6.666666666666667	200	8	15145969256338642909	9	4501	5000	500	500	-1833.932873685399	55.373470070550908	454356	600000	0	0	263.91973218467285	540.81555726318072	0.022840595585403984
0	6.666666666666667	6.666666666666667	200	8	15145969256338642909	10	5001	5500	500	500	-1845.7452315230123	54.251249045714282	455217	600000	0	0	263.92881615944032	545.93400086041925	0.60166479070518519
0	6.666666666666667	6.666666666666667	200	8	15145969256338642909	11	5501	6000	500	500	-1835.4832705682068	53.039558627122886	453438	600000	0	0	258.45070017706212	518.38350119922802	1.3323811933884846
0	6.666666666666667	6.666666666666667	200	8	15145969256338642909	12	6001	6500	500	500	-1851.863040000942	56.160743970702327	453350	600000	0	0	280.57882832962622	498.84723741996294	0.0034916706741295964
0	6.666666666666667	6.666666666666667	200	8	15145969256338642909	13	6501	7000	500	500	-1750.971040109506	54.917323139823935	454726	600000	0	0	239.16963130062334	460.0954704249217	0.015674614724366886
0	6.666666666666667	6.666666666666667	200	8	15145969256338642909	14	7001	7500	500	500	-1732.860738895381	54.788132367948172	452654	600000	0	0	245.61455983389402	494.24007803798065	5.4583916927590304
0	6.666666666666667	6.666666666666667	200	8	15145969256338642909	15	7501	8000	500	500	-1777.2514220462538	54.301443179073118	453579	600000	0	0	268.64233355615056	504.25961122780751	2.5079773897359874
0	6.666666666666667	6.666666666666667	200	8	15145969256338642909	16	8001	8500	500	500	-1834.0010035705388	55.733169196310463	455127	600000	0	0	272.12569395945366	512.00504087739228	0.01419622106487102
0	6.666666666666667	6.666666666666667	200	8	15145969256338642909	17	8501	9000	500	500	-1830.742331320942	54.7300423810685	452282	600000	0	0	253.67214222932824	531.39907508744511	0.047377420414074035
0	6.666666666666667	6.666666666666667	200	8	15145969256338642909	18	9001	9500	500	500	-1788.9111589454353	54.493512400858116	454670	600000	0	0	290.75912923632058	492.04183357367174	0.022005561064224261
0	6.666666666666667	6.666666666666667	200	8	15145969256338642909	19	9501	10000	500	500	-1804.6938474348553	53.760600390196707	453152	600000	0	0	278.42040615720936	487.22560686562787	1.7148276901162889
0	6.666666666666667	6.666666666666667	200	8	15145969256338642909	20	10001	10500	500	500	-1826.626440276847	55.963505593068248	454235	600000	0	0	266.51350157918387	514.27875929227423	0.052646215378248165
0	6.666666666666667	6.666666666666667	200	8	15145969256338642909	21	10501	11000	500	500	-1863.0107841064853	55.904406914788765	453460	600000	0	0	273.05729171700455	507.11410001575166	1.1543080217280823
0	6.666666666666667	6.666666666666667	200	8	15145969256338642909	22	11001	11500	500	500	-1812.8265463512732	52.891979539348696	453049	600000	0	0	257.64569698295418	527.39513358035117	3.0656598414866263
0	6.666666666666667	6.666666666666667	200	8	15145969256338642909	23	11501	12000	500	500	-1909.9914411398142	56.56970919173969	452438	600000	0	0	256.8619695009204	547.3605029951442	5.0137475650748389
0	6.666666666666667	6.666666666666667	200	8	15145969256338642909	24	12001	12500	500	500	-1752.9070052757188	54.188900952811089	453404	600000	0	0	265.28240024552025	481.85507740744458	3.847364779817886
0	6.666666666666667	6.666666666666667	200	8	15145969256338642909	25	12501	13000	500	500	-1786.3770352143958	54.674064092272815	452315	600000	0	0	283.09488872568824	495.05936127158287	0.053595020964666548
0	6.666666666666667	6.666666666666667	200	8	15145969256338642909	26	13001	13500	500	500	-1801.3216317247	55.573957629736242	452922	600000	0	0	251.95894773900778	528.01711659319528	0.033292601244955249
0	6.666666666666667	6.666666666666667	200	8	15145969256338642909	27	13501	14000	500	500	-1822.0809694120808	55.038143446569258	454460	600000	0	0	234.12055076045309	525.35778301572088	0.6603075709802354
0	6.666666666666667	6.666666666666667	200	8	15145969256338642909	28	14001	14500	500	500	-1775.3636639169538	55.443849619936842	453227	600000	0	0	268.51791585802357	479.26933190129654	0.024856605382327937
0	6.666666666666667	6.666666666666667	200	8	15145969256338642909	29	14501	15000	500	500	-1842.561766159135	54.963046249494127	454042	600000	0	0	275.24340711183839	515.16720119761032	0.033310367808226903
0	6.666666666666667	6.666666666666667	200	8	15145969256338642909	30	15001	15500	500	500	-1813.4912779572287	54.51256855200419	453591	600000	0	0	255.98581891451704	490.42885412422964	0.014177064529303243
0	6.666666666666667	6.666666666666667	200	8	15145969256338642909	31	15501	16000	500	500	-1824.7839001322354	53.132135123186394	451919	600000	0	0	276.28659468466378	530.72169248624118	0.12083853907925418
0	6.666666666666667	6.666666666666667	200	8	15145969256338642909	32	16001	16500	500	500	-1863.1469119232431	54.848111202565789	454079	600000	0	0	274.75419009234878	531.86562711809211	0.027291531504548331
0	6.666666666666667	6.666666666666667	200	8	15145969256338642909	33	16501	17000	500	500	-1891.2675680072398	55.47477336394676	454352	600000	0	0	289.73212361917376	520.47287012430968	0.027806103514063912
0	6.666666666666667	6.666666666666667	200	8	15145969256338642909	34	17001	17500	500	500	-1822.0082529947078	55.091121975381789	454649	600000	0	0	257.30582679624388	515.34389534972229	0.069655023543603395
0	6.666666666666667	6.666666666666667	200	8	15145969256338642909	35	17501	18000	500	500	-1861.5014639839999	54.949226074896252	454177	600000	0	0	265.86391007585695	556.08987404993979	1.1535052786451201
0	6.666666666666667	6.666666666666667	200	8	15145969256338642909	36	18001	18500	500	500	-1906.4974579029567	56.707434831814133	454610	600000	0	0	250.87813128336006	601.09564948085472	0.0073178696098157442
0	6.666666666666667	6.666666666666667	200	8	15145969256338642909	37	18501	19000	500	500	-1737.257917363871	53.49019702659028	452119	600000	0	0	281.96902217325595	466.49819637687904	1.2806448141830595
0	6.666666666666667	6.666666666666667	200	8	15145969256338642909	38	19001	19500	500	500	-1839.0132699756402	54.735171164457647	453092	600000	0	0	261.40022675691836	531.28149337647199	2.6082050253835463
0	6.666666666666667	6.666666666666667	200	8	15145969256338642909	39	19501	20000	500	500	-1860.6951514069988	54.881788553093195	454531	600000	0	0	264.9213226508802	502.16717966462375	0.70031402682030508
0	6.666666666666667	6.666666666666667	200	8	15145969256338642909	40	20001	20500	500	500	-1876.7939496854253	54.105644555121302	454200	600000	0	0	274.29680483242839	534.76015074187978	0.73497883440811029
0	6.666666666666667	6.666666666666667	200	8	15145969256338642909	41	20501	21000	500	500	-1826.6535398969686	54.008244189055581	452233	600000	0	0	256.77549616514835	509.43779030221322	7.0970328868864758
0	6.666666666666667	6.666666666666667	200	8	15145969256338642909	42	21001	21500	500	500	-1801.907088388577	54.829114794397576	453448	600000	0	0	272.73104828771352	488.13142256867923	-0.0049361183932346243
0	6.666666666666667	6.666666666666667	200	8	15145969256338642909	43	21501	22000	500	500	-1790.3824914614297	54.306190574278041	453360	600000	0	0	262.03381184963155	505.05718212204141	2.3238052299620566
0	6.666666666666667	6.666666666666667	200	8	15145969256338642909	44	22001	22500	500	500	-1813.4437706269841	53.257365682336022	451387	600000	0	0	261.6985147027014	527.48652226523711	3.2196515498509539
0	6.666666666666667	6.666666666666667	200	8	15145969256338642909	45	22501	23000	500	500	-1823.5093558902317	55.460692908416434	453189	600000	0	0	244.12074930236889	528.30811699920275	1.5013642067728328
0	6.666666666666667	6.666666666666667	200	8	15145969256338642909	46	23001	23500	500	500	-1873.8512908757939	54.755550188529647	453103	600000	0	0	263.96883367231891	569.66361197564152	0.011292760261069238
0	6.666666666666667	6.666666666666667	200	8	15145969256338642909	47	23501	24000	500	500	-1801.4543316899594	52.606178397548767	454286	600000	0	0	262.00016068609381	487.82102736370126	1.5401438911639636
0	6.666666666666667	6.666666666666667	200	8	15145969256338642909	48	24001	24500	500	500	-1832.0343983396451	55.058772811393538	453166	600000	0	0	249.31563253040582	547.44201491064769	2.6723951324403576
0	6.666666666666667	6.666666666666667	200	8	15145969256338642909	49	24501	25000	500	500	-1797.456728446447	53.115125856856785	453412	600000	0	0	252.07733234857491	492.5200361009363	1.0148107914497149
0	6.666666666666667	6.666666666666667	200	8	15145969256338642909	50	25001	25500	500	500	-1832.2171928741495	54.758452833583888	453295	600000	0	0	265.82939455342006	512.44530757916459	0.012979127916256239
0	6.666666666666667	6.666666666666667	200	8	15145969256338642909	51	25501	26000	500	500	-1813.1885228746094	53.961753364759964	454414	600000	0	0	282.27245210722202	546.28650892857809	0.019434107798587449
0	6.666666666666667	6.666666666666667	200	8	15145969256338642909	52	26001	26500	500	500	-1786.793371242996	54.316536064177427	452375	600000	0	0	270.91424457901275	499.57828481287504	0.027976023341467822
0	6.666666666666667	6.666666666666667	200	8	15145969256338642909	53	26501	27000	500	500	-1784.2043000485235	53.457380355257527	453799	600000	0	0	256.31364607888787	530.46330986954217	5.4014756211433212
0	6.666666666666667	6.666666666666667	200	8	15145969256338642909	54	27001	27500	500	500	-1787.8746579327124	53.533368594729495	452589	600000	0	0	281.14139161676184	471.26986249901046	0.0050578805166334338
0	6.666666666666667	6.666666666666667	200	8	15145969256338642909	55	27501	28000	500	500	-1802.2550366653556	54.251446327272149	453725	600000	0	0	269.02165925996718	515.81808610317398	3.6656816591775887
0	6.666666666666667	6.666666666666667	200	8	15145969256338642909	56	28001	28500	500	500	-1861.2378186751018	54.393548375940782	453110	600000	0	0	267.37932526507711	538.73528595538755	1.0656225678142599
0	6.666666666666667	6.666666666666667	200	8	15145969256338642909	57	28501	29000	500	500	-1757.5061449201442	55.000397921494269	455113	600000	0	0	260.29295536543708	475.43519750540122	0.01043524318299623
0	6.666666666666667	6.666666666666667	200	8	15145969256338642909	58	29001	29500	500	500	-1846.9616464187156	56.362503603362896	451973	600000	0	0	266.88217250375857	509.84036858080776	1.5580218421465371
0	6.666666666666667	6.666666666666667	200	8	15145969256338642909	59	29501	30000	500	500	-1883.6172351286189	56.027495633969885	453309	600000	0	0	244.44435557585095	556.98952640093557	2.4981610293452223
0	6.666666666666667	6.666666666666667	200	8	15145969256338642909	60	30001	30500	500	500	-1831.5052883764122	54.257236117553383	454669	600000	0	0	268.49375293228053	510.72131479858024	0.010061553148937585
0	6.666666666666667	6.666666666666667	200	8	15145969256338642909	61	30501	31000	500	500	-1775.0741826075102	57.102453455993128	454823	600000	0	0	236.62006560895466	550.7987400923696	0.014900888560081012
0	6.666666666666667	6.666666666666667	200	8	15145969256338642909	62	31001	31500	500	500	-1792.5564714430579	53.66671946879822	454298	600000	0	0	268.25766833905192	503.35723202876926	0.35054892488326322
0	6.666666666666667	6.666666666666667	200	8	15145969256338642909	63	31501	32000	500	500	-1858.8963509794542	53.555011959290105	452912	600000	0	0	271.45976121390623	528.77567495338894	0.0087440856664684936
0	6.666666666666667	6.666666666666667	200	8	15145969256338642909	64	32001	32500	500	500	-1817.9503209555703	54.305946591369306	453568	600000	0	0	271.07929561535531	572.27513672636496	1.0188910730975353
0	6.666666666666667	6.666666666666667	200	8	15145969256338642909	65	32501	33000	500	500	-1844.1645478773028	54.332417905392681	453440	600000	0	0	278.41785252674504	503.9758924878621	1.5798752497874562
0	6.666666666666667	6.666666666666667	200	8	15145969256338642909	66	33001	33500	500	500	-1819.5395646953941	55.661780136393432	454269	600000	0	0	254.39002629191657	542.83406052219266	0.0086859594927908811
0	6.666666666666667	6.666666666666667	200	8	15145969256338642909	67	33501	34000	500	500	-1810.8401602585486	56.530422817499137	452436	600000	0	0	266.33447723780944	496.37372635593141	0.60356938462170517
0	6.666666666666667	6.666666666666667	200	8	15145969256338642909	68	34001	34500	500	500	-1889.1888096048651	57.089666031322132	455065	600000	0	0	236.28947366301131	595.92318473420164	0.0022001888461369748
0	6.666666666666667	6.666666666666667	200	8	15145969256338642909	69	34501	35000	500	500	-1847.6236522402667	53.50804920475769	453206	600000	0	0	272.54238173128692	514.96692297156915	1.170356986112461
0	6.666666666666667	6.666666666666667	200	8	15145969256338642909	70	35001	35500	500	500	-1866.9954741354331	53.943197751501081	452045	600000	0	0	265.63849995490835	543.05295177431913	1.5231023923589804
0	6.666666666666667	6.666666666666667	200	8	15145969256338642909	71	35501	36000	500	500	-1831.043581699631	55.789851939740643	453381	600000	0	0	247.56026181052502	522.82980932274484	0.018049661813129829
0	6.666666666666667	6.666666666666667	200	8	15145969256338642909	72	36001	36500	500	500	-1920.5586020168259	55.113256915087099	453386	600000	0	0	266.8823294495275	605.24625533409721	0.00073338611091102368
0	6.666666666666667	6.666666666666667	200	8	15145969256338642909	73	36501	37000	500	500	-1818.2786672537081	55.64619358565524	453697	600000	0	0	261.66259105971494	532.13855893921493	0.010878422106473017
0	6.666666666666667	6.666666666666667	200	8	15145969256338642909	74	37001	37500	500	500	-1824.4520706372441	55.142090120992329	453597	600000	0	0	260.9146058159871	507.31798716915995	1.4862467820374632
0	6.666666666666667	6.666666666666667	200	8	15145969256338642909	75	37501	38000	500	500	-1787.5242904399238	54.953046528764062	453990	600000	0	0	266.80484884476039	487.7024444641919	3.2815682797911836
0	6.666666666666667	6.666666666666667	200	8	15145969256338642909	76	38001	38500	500	500	-1941.9323649132173	56.580020275968877	454673	600000	0	0	235.5931190101681	601.17594614887344	0.2096750388307084
0	6.666666666666667	6.666666666666667	200	8	15145969256338642909	77	38501	39000	500	500	-1839.7593889913642	55.437135481338679	453622	600000	0	0	282.16135633032906	500.90332244067167	0.19054908731690662
0	6.666666666666667	6.666666666666667	200	8	15145969256338642909	78	39001	39500	500	500	-1778.7336060228909	54.009436753122515	451858	600000	0	0	272.35911458919264	500.85824233958493	3.110040434122586
0	6.666666666666667	6.666666666666667	200	8	15145969256338642909	79	39501	40000	500	500	-1781.1748919883132	53.334282702976154	452037	600000	0	0	265.61238289562834	508.40181963261625	4.3238092289398828
0	6.666666666666667	6.666666666666667	200	8	15145969256338642909	80	40001	40500	500	500	-1839.2942627932428	54.084224412530681	452428	600000	0	0	259.60001764462532	539.3135229925939	0.022289689566576981
0	6.666666666666667	6.666666666666667	200	8	15145969256338642909	81	40501	41000	500	500	-1833.7367552801402	55.557653806171309	453842	600000	0	0	268.58455728829796	504.67873114610757	0.030828211262980305
0	6.666666666666667	6.666666666666667	200	8	15145969256338642909	82	41001	41500	500	500	-1817.8854923129759	53.430243240903245	452750	600000	0	0	278.28937900169615	605.9629777132858	0.0076300804174323994
0	6.666666666666667	6.666666666666667	200	8	15145969256338642909	83	41501	42000	500	500	-1857.3388718726537	54.833463585175437	453873	600000	0	0	257.56291124495988	517.92813170047464	0.54298927168965005
0	6.666666666666667	6.666666666666667	200	8	15145969256338642909	84	42001	42500	500	500	-1811.3563905810865	54.612315712297132	452723	600000	0	0	266.85446693353646	520.35324894988742	0.013686133910098233
0	6.666666666666667	6.666666666666667	200	8	15145969256338642909	85	42501	43000	500	500	-1893.1115373149812	55.873461246264107	454122	600000	0	0	242.64956327892142	585.29578835217148	0.024575339571917786
0	6.666666666666667	6.666666666666667	200	8	15145969256338642909	86	43001	43500	500	500	-1928.8311680919328	55.705402115834005	454896	600000	0	0	270.01716345760912	548.36347879496566	0.091186689742986257
0	6.666666666666667	6.666666666666667	200	8	15145969256338642909	87	43501	44000	500	500	-1864.3494298224907	55.260306972771296	454248	600000	0	0	246.88046324415896	540.17587390604808	0.072126038983497898
0	6.666666666666667	6.666666666666667	200	8	15145969256338642909	88	44001	44500	500	500	-1884.9000341647793	55.58834551098893	453616	600000	0	0	258.60273082384435	568.41394663034964	1.8550589996591884
0	6.666666666666667	6.666666666666667	200	8	15145969256338642909	89	44501	45000	500	500	-1744.9056330945834	55.01042494495551	453121	600000	0	0	268.29455469565954	490.31064061645463	1.1881743347578611
0	6.666666666666667	6.666666666666667	200	8	15145969256338642909	90	45001	45500	500	500	-1898.3822120423768	56.538843204668268	453669	600000	0	0	255.10406136204534	557.55280613197988	0.011655834954860255
0	6.666666666666667	6.666666666666667	200	8	15145969256338642909	91	45501	46000	500	500	-1844.8273015362524	55.58937374216228	454336	600000	0	0	267.61687786539625	495.10786884435663	0.012858678463703404
0	6.666666666666667	6.666666666666667	200	8	15145969256338642909	92	46001	46500	500	500	-1827.1452145088699	55.306819004327075	455020	600000	0	0	264.4954822912826	506.8701858235371	0.89225880906679311
0	6.666666666666667	6.666666666666667	200	8	15145969256338642909	93	46501	47000	500	500	-1835.6205394446804	55.860295526342064	452425	600000	0	0	270.12598829995761	561.75260246638823	5.8320223291424593
0	6.666666666666667	6.666666666666667	200	8	15145969256338642909	94	47001	47500	500	500	-1938.2025467900248	56.35149023453674	454022	600000	0	0	264.74673396067692	534.69113361126074	0.0051947169568774135
0	6.666666666666667	6.666666666666667	200	8	15145969256338642909	95	47501	48000	500	500	-1845.6595035383662	55.938882292442834	454502	600000	0	0	257.9144337534313	514.00587230409144	0.012060537683346398
0	6.666666666666667	6.666666666666667	200	8	15145969256338642909	96	48001	48500	500	500	-1871.3952526459843	55.363809201226921	453513	600000	0	0	252.09443274753164	556.94807422364238	0.022352107452041071
0	6.666666666666667	6.666666666666667	200	8	15145969256338642909	97	48501	49000	500	500	-1790.8723013703404	52.733707849055392	450878	600000	0	0	251.05956057695721	608.45172459080902	11.862625256560523
0	6.666666666666667	6.666666666666667	200	8	15145969256338642909	98	49001	49500	500	500	-1838.5671753652855	56.024135514963298	453990	600000	0	0	260.91148429019319	530.86010263501578	1.0011105262815008
0	6.666666666666667	6.666666666666667	200	8	15145969256338642909	99	49501	50000	500	500	-1852.0420729790351	55.190706311819113	452335	600000	0	0	257.28220390852994	519.83672848723893	3.3157302091124259
0	6.666666666666667	6.666666666666667	200	9	5588344373692938088	0	1	500	500	500	-1826.2822160163266	53.589801896140322	453085	600000	0	0	245.89309364030626	586.74422347483733	6.565417078124538
0	6.666666666666667	6.666666666666667	200	9	5588344373692938088	1	501	1000	500	500	-1869.6692115586302	54.154313666789079	454443	600000	0	0	263.00201342365926	541.75016821308941	0.34194225546103163
0	6.666666666666667	6.666666666666667	200	9	5588344373692938088	2	1001	1500	500	500	-1914.8781016921121	57.446068806440209	454012	600000	0	0	248.97965213243131	527.11090153104203	0.084454529000797335
0	6.666666666666667	6.666666666666667	200	9	5588344373692938088	3	1501	2000	500	500	-1898.9608880901294	54.91149670082455	454835	600000	0	0	273.421478886758	569.64118810114928	0.023914047877970451
0	6.666666666666667	6.666666666666667	200	9	5588344373692938088	4	2001	2500	500	500	-1779.0502405847453	54.314841754490644	454222	600000	0	0	264.37270167477863	536.77996645301528	0.36084205421293558
0	6.666666666666667	6.666666666666667	200	9	5588344373692938088	5	2501	3000	500	500	-1791.9767319422831	56.596720126811171	453689	600000	0	0	251.1820665482405	539.54922598152018	0.043152303695793558
0	6.666666666666667	6.666666666666667	200	9	5588344373692938088	6	3001	3500	500	500	-1834.3245178825284	54.917860588353747	452368	600000	0	0	256.19977604541168	511.12396113353066	4.3610528613523361
0	6.666666666666667	6.666666666666667	200	9	5588344373692938088	7	3501	4000	500	500	-1929.4331270128971	58.388791589566736	454119	600000	0	0	233.84411671327567	608.48569971329994	0.014969120045044332
0	6.666666666666667	6.666666666666667	200	9	5588344373692938088	8	4001	4500	500	500	-1860.0523053436739	55.506146143189881	453869	600000	0	0	254.32181034823577	539.25212807930518	4.0115809174501349
0	6.666666666666667	6.666666666666667	200	9	5588344373692938088	9	4501	5000	500	500	-1863.2239607773115	56.59389461482774	453884	600000	0	0	255.41036789396182	581.69204930394665	0.023969770251000968
0	6.666666666666667	6.666666666666667	200	9	5588344373692938088	10	5001	5500	500	500	-1848.7881238297452	54.533672587796659	452417	600000	0	0	255.3268685461438	541.52786145050891	3.3141768602606239
0	6.666666666666667	6.666666666666667	200	9	5588344373692938088	11	5501	6000	500	500	-1781.4732542446729	53.32045334602676	452009	600000	0	0	264.33485694617536	519.39269168455735	4.7955421819018564
0	6.666666666666667	6.666666666666667	200	9	5588344373692938088	12	6001	6500	500	500	-1865.9475176118558	54.949637130640838	452950	600000	0	0	231.74412035156257	556.62590465054461	6.1582793342646198
0	6.666666666666667	6.666666666666667	200	9	5588344373692938088	13	6501	7000	500	500	-1852.0268079214111	56.343054858695261	454231	600000	0	0	250.33793515231389	516.15795032425433	0.035577792450456842
0	6.666666666666667	6.666666666666667	200	9	5588344373692938088	14	7001	7500	500	500	-1743.8642142642898	54.86593047824622	452803	600000	0	0	278.01105786444504	464.67776655906147	1.3646309292369301
0	6.666666666666667	6.666666666666667	200	9	5588344373692938088	15	7501	8000	500	500	-1780.5984424078131	54.936435004987636	453237	600000	0	0	276.65410516259419	549.01610864073552	0.014662864545817228
0	6.666666666666667	6.666666666666667	200	9	5588344373692938088	16	8001	8500	500	500	-1887.2046686179242	56.621648338549065	455284	600000	0	0	253.53825418324621	615.06318476748879	0.030275009696207028
0	6.666666666666667	6.666666666666667	200	9	5588344373692938088	17	8501	9000	500	500	-1794.1199032038471	55.643185651865195	455322	600000	0	0	253.72150248187324	507.79836111081033	0.67256918104541374
0	6.666666666666667	6.666666666666667	200	9	5588344373692938088	18	9001	9500	500	500	-1774.5665695648711	53.556699735155171	454086	600000	0	0	262.32812748355877	483.25272021821934	0.011699345142464077
0	6.666666666666667	6.666666666666667	200	9	5588344373692938088	19	9501	10000	500	500	-1802.5808426940132	56.901945938655672	454602	600000	0	0	253.09343962587408	541.34347720361939	0.0051542338867055443
0	6.666666666666667	6.666666666666667	200	9	5588344373692938088	20	10001	10500	500	500	-1852.9974329782654	58.162418986808824	455471	600000	0	0	254.76855839927444	542.82295764220953	0.022478690338974823
0	6.666666666666667	6.666666666666667	200	9	5588344373692938088	21	10501	11000	500	500	-1854.8120503987852	55.747842334215797	452535	600000	0	0	280.76268519891812	510.56509440551883	0.014625691729446636
0	6.666666666666667	6.666666666666667	200	9	5588344373692938088	22	11001	11500	500	500	-1806.1103489759423	55.661830561623098	454510	600000	0	0	248.84596068344246	522.94488908296228	0.013224169792396965
0	6.666666666666667	6.666666666666667	200	9	5588344373692938088	23	11501	12000	500	500	-1826.0017138572457	55.383233156083158	453382	600000	0	0	270.90273585884432	483.46877523645611	0.022254928445883448
0	6.666666666666667	6.666666666666667	200	9	5588344373692938088	24	12001	12500	500	500	-1854.8258239050647	54.290825473721803	453669	600000	0	0	263.5538766006128	593.63658194979291	0.0047784858855623976
0	6.666666666666667	6.666666666666667	200	9	5588344373692938088	25	12501	13000	500	500	-1855.654116288375	55.007196397693903	453379	600000	0	0	250.58854372418804	530.90081383604672	1.5437675943271949
0	6.666666666666667	6.666666666666667	200	9	5588344373692938088	26	13001	13500	500	500	-1749.4947919765211	53.872213432856817	452863	600000	0	0	253.66629367266555	499.80971996630404	3.7953542949120789
0	6.666666666666667	6.666666666666667	200	9	5588344373692938088	27	13501	14000	500	500	-1799.8503216220583	54.609817285294938	452829	600000	0	0	275.01029256665834	490.12631570553731	0.0071094953286478897
0	6.666666666666667	6.666666666666667	200	9	5588344373692938088	28	14001	14500	500	500	-1864.946702040427	53.204685378538372	449227	600000	0	0	249.73284789513016	564.71876892079024	14.796467825510589
0	6.666666666666667	6.666666666666667	200	9	5588344373692938088	29	14501	15000	500	500	-1907.0457511618788	55.696741104735189	453797	600000	0	0	269.85490538177771	545.07825375283585	0.020274859553948935
0	6.666666666666667	6.666666666666667	200	9	5588344373692938088	30	15001	15500	500	500	-1936.0050454174702	54.723569881136605	454199	600000	0	0	261.61773252757729	547.63508333587936	0.0057640647830441566
0	6.666666666666667	6.666666666666667	200	9	5588344373692938088	31	15501	16000	500	500	-1838.2758659987935	54.442844701219791	453448	600000	0	0	271.14898529173615	559.45229031324391	0.012158759205223611
0	6.666666666666667	6.666666666666667	200	9	5588344373692938088	32	16001	16500	500	500	-1873.6423110463045	55.551018078020633	453276	600000	0	0	260.716930476904	551.19334472889318	0.038389964824107795
0	6.666666666666667	6.666666666666667	200	9	5588344373692938088	33	16501	17000	500	500	-1801.9198957348804	55.837488010652379	455529	600000	0	0	272.03272088468708	494.49587286369155	0.022376477347045339
0	6.666666666666667	6.666666666666667	200	9	5588344373692938088	34	17001	17500	500	500	-1778.8470143113525	54.564127378630921	451990	600000	0	0	244.54391412894077	574.26953065154498	2.5484951848555011
0	6.666666666666667	6.666666666666667	200	9	5588344373692938088	35	17501	18000	500	500	-1796.9209344720487	54.000831588106593	451191	600000	0	0	237.32381761117324	524.53318045446815	8.0574803484120032
0	6.666666666666667	6.666666666666667	200	9	5588344373692938088	36	18001	18500	500	500	-1766.4177590933239	53.819569148737465	454727	600000	0	0	234.71885475736505	509.97717369440932	1.2968594447908814
0	6.666666666666667	6.666666666666667	200	9	5588344373692938088	37	18501	19000	500	500	-1845.7722021143836	56.319854089449549	454505	600000	0	0	275.42270558007777	507.40108216716231	0.011153420787150516
0	6.666666666666667	6.666666666666667	200	9	5588344373692938088	38	19001	19500	500	500	-1810.7998701397157	55.47377658576228	454124	600000	0	0	260.30643910793003	513.99907983893263	0.044399721515827661
0	6.666666666666667	6.666666666666667	200	9	5588344373692938088	39	19501	20000	500	500	-1849.9738956817462	55.196012285580885	453414	600000	0	0	278.61156403109891	506.89961049243544	0.0040303192674486753
0	6.666666666666667	6.666666666666667	200	9	5588344373692938088	40	20001	20500	500	500	-1933.0020752628227	56.691671738581668	454692	600000	0	0	270.44795527698261	544.73912377736326	0.53276132602663751
0	6.666666666666667	6.666666666666667	200	9	5588344373692938088	41	20501	21000	500	500	-1897.4796806942547	58.208937922886975	453847	600000	0	0	262.36646504335556	553.76807858293114	0.0087933819706033454
0	6.666666666666667	6.666666666666667	200	9	5588344373692938088	42	21001	21500	500	500	-1854.0415483564971	56.028974962546435	454732	600000	0	0	276.65113210197353	497.64172805388245	0.4306816367420922
0	6.666666666666667	6.666666666666667	200	9	5588344373692938088	43	21501	22000	500	500	-1798.1636499773604	53.806970612282328	452975	600000	0	0	279.9727082581399	481.12493322018184	0.0053802870228154796
0	6.666666666666667	6.666666666666667	200	9	5588344373692938088	44	22001	22500	500	500	-1802.5898598824479	55.728060173400827	454601	600000	0	0	270.11043799581091	512.41792660105932	0.3214972136484231
0	6.666666666666667	6.666666666666667	200	9	5588344373692938088	45	22501	23000	500	500	-1859.9175061819305	57.173136280517696	454019	600000	0	0	257.64256375456227	550.28287173693548	0.024218167782047568
0	6.666666666666667	6.666666666666667	200	9	5588344373692938088	46	23001	23500	500	500	-1895.3783467952981	55.560701121481777	454314	600000	0	0	266.2602656582219	544.25226782865514	0.0061873319972816964
0	6.666666666666667	6.666666666666667	200	9	5588344373692938088	47	23501	24000	500	500	-1890.13360043432	56.468209310793853	454058	600000	0	0	258.63238065218644	540.82585600075367	0.0077336548074203523
0	6.666666666666667	6.666666666666667	200	9	5588344373692938088	48	24001	24500	500	500	-1927.2876937879478	56.82731505399029	454932	600000	0	0	253.20802433436836	572.81100439502143	0.023973117374021833
0	6.666666666666667	6.666666666666667	200	9	5588344373692938088	49	24501	25000	500	500	-1784.4123301113509	53.933374851912959	453945	600000	0	0	261.98572323252307	516.23819817911317	0.028382299450962996
0	6.666666666666667	6.666666666666667	200	9	5588344373692938088	50	25001	25500	500	500	-1861.4019444709959	55.826697482279279	452615	600000	0	0	260.17328025352492	544.1418213823398	0.0094879701091470994
0	6.666666666666667	6.666666666666667	200	9	5588344373692938088	51	25501	26000	500	500	-1813.660077152023	56.48284609756638	452464	600000	0	0	258.05522503852251	535.13092804366465	0.08305170678011059
0	6.666666666666667	6.666666666666667	200	9	5588344373692938088	52	26001	26500	500	500	-1795.0170249210064	52.802415451634822	453742	600000	0	0	260.22636804842716	482.64762712217953	0.87372288196863224
0	6.666666666666667	6.666666666666667	200	9	5588344373692938088	53	26501	27000	500	500	-1829.8582478766994	54.010989824745828	454399	600000	0	0	268.07076966392219	576.86101265619948	0.019006706251050748
0	6.666666666666667	6.666666666666667	200	9	5588344373692938088	54	27001	27500	500	500	-1805.9014183722638	54.97877007392961	453365	600000	0	0	275.46485717077741	538.76870733277201	0.013695840821307599
0	6.666666666666667	6.666666666666667	200	9	5588344373692938088	55	27501	28000	500	500	-1782.9223837716618	53.154234586039152	451799	600000	0	0	267.25013576996457	490.84463669987412	2.7076068890401088
0	6.666666666666667	6.666666666666667	200	9	5588344373692938088	56	28001	28500	500	500	-1863.0296778789839	54.392766400118852	454712	600000	0	0	270.9920846042582	534.18481068024573	0.93338290147850922
0	6.666666666666667	6.666666666666667	200	9	5588344373692938088	57	28501	29000	500	500	-1834.2554684157465	54.046533649470916	452761	600000	0	0	277.92736484091188	556.091094220846	0.46623556731268989
0	6.666666666666667	6.666666666666667	200	9	5588344373692938088	58	29001	29500	500	500	-1822.1995735929386	52.270242984304602	451957	600000	0	0	284.59532887370239	533.59379810070163	0.011596291967700024
0	6.666666666666667	6.666666666666667	200	9	5588344373692938088	59	29501	30000	500	500	-1854.8609782559092	56.44156116126738	455393	600000	0	0	260.69870216932469	505.02453970548265	0.72291510211535448
0	6.666666666666667	6.666666666666667	200	9	5588344373692938088	60	30001	30500	500	500	-1871.2606379334309	56.916018336132225	453106	600000	0	0	239.33561564171964	556.62758185786424	1.6511289348433824
0	6.666666666666667	6.666666666666667	200	9	5588344373692938088	61	30501	31000	500	500	-1928.974031862675	56.776455984707596	454468	600000	0	0	264.93766403042696	593.31954231030977	0.01139101970776653
0	6.666666666666667	6.666666666666667	200	9	5588344373692938088	62	31001	31500	500	500	-1896.48873202144	55.955597774331721	452907	600000	0	0	275.28628434921524	604.55398266222971	0.01260079464035045
0	6.666666666666667	6.666666666666667	200	9	5588344373692938088	63	31501	32000	500	500	-1769.8188695715776	54.955141042003966	453271	600000	0	0	265.53078372415723	508.27390544438651	0.011158726450826552
0	6.666666666666667	6.666666666666667	200	9	5588344373692938088	64	32001	32500	500	500	-1821.9938786519276	54.87082348116612	452736	600000	0	0	274.54096133342597	633.31581040453	0.011747884073144758
0	6.666666666666667	6.666666666666667	200	9	5588344373692938088	65	32501	33000	500	500	-1796.4127558840039	54.868681301210295	453854	600000	0	0	282.52032771829113	639.75258869362005	1.3586696509316734
0	6.666666666666667	6.666666666666667	200	9	5588344373692938088	66	33001	33500	500	500	-1859.0757579716499	55.336655785448791	454602	600000	0	0	267.76504899200648	533.05903401045077	0.019439728404711788
0	6.666666666666667	6.666666666666667	200	9	5588344373692938088	67	33501	34000	500	500	-1827.7132051916672	54.001795243044626	452891	600000	0	0	256.64090693870497	512.99125405851566	0.50248678022835913
0	6.666666666666667	6.666666666666667	200	9	5588344373692938088	68	34001	34500	500	500	-1780.3463530367897	55.246899499836417	454711	600000	0	0	263.6327737988222	503.55925925033301	0.16177073092354768
0	6.666666666666667	6.666666666666667	200	9	5588344373692938088	69	34501	35000	500	500	-1908.2771327683868	56.050038211918306	453973	600000	0	0	248.76318209322486	574.59970790021794	1.4939127211662289
0	6.666666666666667	6.666666666666667	200	9	5588344373692938088	70	35001	35500	500	500	-1785.3637267532445	56.082161356031037	452767	600000	0	0	248.79611861746704	544.95872748010663	0.027101996315542779
0	6.666666666666667	6.666666666666667	200	9	5588344373692938088	71	35501	36000	500	500	-1799.3693331145982	53.746901502051657	453322	600000	0	0	266.52581382916418	509.88662163012975	0.0081656138909876035
0	6.666666666666667	6.666666666666667	200	9	5588344373692938088	72	36001	36500	500	500	-1826.8014399664266	54.902305333796555	453738	600000	0	0	262.71216526444528	538.56986688487393	0.34232741150456941
0	6.666666666666667	6.666666666666667	200	9	5588344373692938088	73	36501	37000	500	500	-1800.1454664651042	56.104488592604334	454711	600000	0	0	247.56248636210773	507.31070384948504	0.01816601710106118
0	6.666666666666667	6.666666666666667	200	9	5588344373692938088	74	37001	37500	500	500	-1839.2549340001681	54.731949978668254	454319	600000	0	0	282.05722065369571	518.38283925728672	0.071959264483046459
0	6.666666666666667	6.666666666666667	200	9	5588344373692938088	75	37501	38000	500	500	-1758.0549181971983	53.401439938574505	451174	600000	0	0	277.40449211567216	472.58268500864131	1.7763864535946188
0	6.666666666666667	6.666666666666667	200	9	5588344373692938088	76	38001	38500	500	500	-1867.9529127735232	55.129180127284371	453776	600000	0	0	258.71022448917375	535.98500883410713	0.29341249042347806
0	6.666666666666667	6.666666666666667	200	9	5588344373692938088	77	38501	39000	500	500	-1799.0581047988856	55.275814281435018	453903	600000	0	0	238.7538493709057	535.25487363577429	2.7295718054870264
0	6.666666666666667	6.666666666666667	200	9	5588344373692938088	78	39001	39500	500	500	-1775.0417210934575	54.004226830859082	453720	600000	0	0	266.45040969261322	499.99765070599301	-0.0036396017348408888
0	6.666666666666667	6.666666666666667	200	9	5588344373692938088	79	39501	40000	500	500	-1876.943058053138	54.277333964476625	452844	600000	0	0	272.64371541459224	517.27700853488818	0.83541994792925989
0	6.666666666666667	6.666666666666667	200	9	5588344373692938088	80	40001	40500	500	500	-1789.1408846400193	55.592840957683364	454216	600000	0	0	263.76566904322709	476.5810512155511	0.014597615352616814
0	6.666666666666667	6.666666666666667	200	9	5588344373692938088	81	40501	41000	500	500	-1883.8294118239187	56.011677156694944	453776	600000	0	0	278.00561921892694	537.4200424186439	0.0086264595820864515
0	6.666666666666667	6.666666666666667	200	9	5588344373692938088	82	41001	41500	500	500	-1743.0430683762863	52.029186688493247	452780	600000	0	0	259.97438695910188	476.03203946517522	2.2706865470354995
0	6.666666666666667	6.666666666666667	200	9	5588344373692938088	83	41501	42000	500	500	-1833.2771984935139	53.672385022187441	452585	600000	0	0	274.3546051076205	503.46555472527814	0.030272804088923869
0	6.666666666666667	6.666666666666667	200	9	5588344373692938088	84	42001	42500	500	500	-1846.1314868357351	53.43068493789724	454004	600000	0	0	280.86685989773753	611.98441095131795	0.008438702459244116
0	6.666666666666667	6.666666666666667	200	9	5588344373692938088	85	42501	43000	500	500	-1807.8882870537291	57.168154446062047	453491	600000	0	0	242.46294032501817	520.14385371102594	0.025093566612516219
0	6.666666666666667	6.666666666666667	200	9	5588344373692938088	86	43001	43500	500	500	-1843.9787006007014	54.42183206818936	453601	600000	0	0	253.8983726571748	511.80740014880899	2.2241413977385642
0	6.666666666666667	6.666666666666667	200	9	5588344373692938088	87	43501	44000	500	500	-1834.0285584794997	54.507888958211453	454669	600000	0	0	260.92957095084222	517.00327739331317	0.038881476528635162
0	6.666666666666667	6.666666666666667	200	9	5588344373692938088	88	44001	44500	500	500	-1965.0360812610234	55.246044931774207	453872	600000	0	0	244.67831825970094	582.41885173452101	3.0076300341008966
0	6.666666666666667	6.666666666666667	200	9	5588344373692938088	89	44501	45000	500	500	-1901.577631900396	55.922795546787214	452811	600000	0	0	272.88664493373398	536.29840969159648	0.014865121113588288
0	6.666666666666667	6.666666666666667	200	9	5588344373692938088	90	45001	45500	500	500	-1763.5507015621031	54.24296945985909	454348	600000	0	0	259.76024417750398	503.46481304077491	1.6012276336288476
0	6.666666666666667	6.666666666666667	200	9	5588344373692938088	91	45501	46000	500	500	-1801.5528129233821	55.193527888884603	453460	600000	0	0	281.77844755939998	572.49808348558486	0.023575479363594557
0	6.666666666666667	6.666666666666667	200	9	5588344373692938088	92	46001	46500	500	500	-1852.4619975665132	54.59586839465247	453755	600000	0	0	256.56694444578028	532.11019535071171	0.92347421050347833
0	6.666666666666667	6.666666666666667	200	9	5588344373692938088	93	46501	47000	500	500	-1863.8690644260516	57.167048670310272	454794	600000	0	0	258.21613173861431	505.39030816987645	0.031753618731793498
0	6.666666666666667	6.666666666666667	200	9	5588344373692938088	94	47001	47500	500	500	-1874.2869077980138	54.790795939576391	453185	600000	0	0	264.31059502559197	572.11113863784715	3.4467321356762994
0	6.666666666666667	6.666666666666667	200	9	5588344373692938088	95	47501	48000	500	500	-1893.3939949431783	52.918128634130547	453138	600000	0	0	260.62017689616005	549.6936114293909	0.0047640718019658712
0	6.666666666666667	6.666666666666667	200	9	5588344373692938088	96	48001	48500	500	500	-1869.8779791900802	54.449788213586906	453485	600000	0	0	259.25255159304686	588.34119803751241	0.01087467714057172
0	6.666666666666667	6.666666666666667	200	9	5588344373692938088	97	48501	49000	500	500	-1856.5681686511259	54.882836515589076	454012	600000	0	0	279.72975409211296	496.93886673855707	1.9741140228852068
0	6.666666666666667	6.666666666666667	200	9	5588344373692938088	98	49001	49500	500	500	-1878.816819356535	55.852081508972752	455364	600000	0	0	282.63578662058234	565.28764509250266	0.84084304603101601
0	6.666666666666667	6.666666666666667	200	9	5588344373692938088	99	49501	50000	500	500	-1808.1654228111995	54.83241949608054	453962	600000	0	0	286.70801795097867	506.36344966659698	0.3270556243760937
0	6.666666666666667	6.666666666666667	200	10	4576147576126373143	0	1	500	500	500	-1840.8750878145681	53.879257353955623	452352	600000	0	0	292.36630861495155	499.17432822193473	0.013569115024683781
0	6.666666666666667	6.666666666666667	200	10	4576147576126373143	1	501	1000	500	500	-1817.7041627458461	55.516306171287525	454730	600000	0	0	252.88516478509428	524.12113833855642	0.53066380284028258
0	6.666666666666667	6.666666666666667	200	10	4576147576126373143	2	1001	1500	500	500	-1870.0598022114682	54.812891126064912	453880	600000	0	0	266.39525821680286	571.85480299719461	0.005561796569914193
0	6.666666666666667	6.666666666666667	200	10	4576147576126373143	3	1501	2000	500	500	-1822.4802736417182	55.919200912802374	454695	600000	0	0	256.5578138942962	521.41094897474329	0.59111152542239631
0	6.666666666666667	6.666666666666667	200	10	4576147576126373143	4	2001	2500	500	500	-1838.1426811349083	54.389138345926966	453960	600000	0	0	268.75853093957403	668.71800483690924	0.11726588032427238
0	6.666666666666667	6.666666666666667	200	10	4576147576126373143	5	2501	3000	500	500	-1834.3144235099644	52.895878353092478	449799	600000	0	0	253.93984396532224	558.1761385525125	10.147803139294879
0	6.666666666666667	6.666666666666667	200	10	4576147576126373143	6	3001	3500	500	500	-1864.253971605584	55.561390428384307	454006	600000	0	0	265.52279622069739	552.34294270556347	1.7904728473495966
0	6.666666666666667	6.666666666666667	200	10	4576147576126373143	7	3501	4000	500	500	-1837.5618203952088	55.591355597756312	454088	600000	0	0	261.36774235295815	567.31900933836505	0.027894593733240262
0	6.666666666666667	6.666666666666667	200	10	4576147576126373143	8	4001	4500	500	500	-1811.2706488982351	55.157915466460736	453511	600000	0	0	270.31863817399051	519.85753206928621	2.5108423455897553
0	6.666666666666667	6.666666666666667	200	10	4576147576126373143	9	4501	5000	500	500	-1726.6519291271384	53.772032780977668	453165	600000	0	0	264.42151709564365	472.90766177256813	0.029172958829482069
0	6.666666666666667	6.666666666666667	200	10	4576147576126373143	10	5001	5500	500	500	-1897.0229544566198	56.056213491883533	454096	600000	0	0	276.74818791238499	550.53177855321258	0.017820671525105136
0	6.666666666666667	6.666666666666667	200	10	4576147576126373143	11	5501	6000	500	500	-1851.5396479992248	56.246694203842218	453219	600000	0	0	273.04534980749327	579.13409864537118	0.51411218972997696
0	6.666666666666667	6.666666666666667	200	10	4576147576126373143	12	6001	6500	500	500	-1809.4442138469281	54.833946946989542	453412	600000	0	0	264.75194801534138	549.04987552696173	0.17462629232247037
0	6.666666666666667	6.666666666666667	200	10	4576147576126373143	13	6501	7000	500	500	-1835.4470580028246	56.51475975345712	454041	600000	0	0	243.41006132345373	592.95426276749208	0.12591169387104834
0	6.666666666666667	6.666666666666667	200	10	4576147576126373143	14	7001	7500	500	500	-1857.8572387117861	55.726248444458406	453643	600000	0	0	269.2471060978969	525.2200660167365	0.011769070389095006
0	6.666666666666667	6.666666666666667	200	10	4576147576126373143	15	7501	8000	500	500	-1873.2295604179358	55.447606659902604	452716	600000	0	0	279.05540145421838	515.16329239597223	0.0035861281336292349
0	6.666666666666667	6.666666666666667	200	10	4576147576126373143	16	8001	8500	500	500	-1883.7190710116433	55.026660840271639	454222	600000	0	0	259.38058255026095	544.81941334895566	1.3089829577537015
0	6.666666666666667	6.666666666666667	200	10	4576147576126373143	17	8501	9000	500	500	-1793.1079974577517	54.93319788296327	452493	600000	0	0	268.27702483148664	547.28810560960744	-0.0072836630580911015
0	6.666666666666667	6.666666666666667	200	10	4576147576126373143	18	9001	9500	500	500	-1864.7033563299362	54.72692573908175	453500	600000	0	0	286.00167823888	554.34210307447552	1.1679863497965095
0	6.666666666666667	6.666666666666667	200	10	4576147576126373143	19	9501	10000	500	500	-1828.9930353759407	54.947591359969657	453925	600000	0	0	294.5730931631208	494.74945861077634	0.014398520788513039
0	6.666666666666667	6.666666666666667	200	10	4576147576126373143	20	10001	10500	500	500	-1877.9085142105848	56.073861959932941	454111	600000	0	0	264.04164892347524	532.04310760254543	2.050061041842913
0	6.666666666666667	6.666666666666667	200	10	4576147576126373143	21	10501	11000	500	500	-1766.5661958467788	54.999432889765359	453493	600000	0	0	272.6905474264305	486.79557505940261	0.46990673462597032
0	6.666666666666667	6.666666666666667	200	10	4576147576126373143	22	11001	11500	500	500	-1880.5273004447004	55.669453518170393	454627	600000	0	0	267.52605152206394	572.35257411734563	0.034887280281752669
0	6.666666666666667	6.666666666666667	200	10	4576147576126373143	23	11501	12000	500	500	-1783.4597881568834	53.780259563713422	453535	600000	0	0	268.92955436663584	503.02009058834119	0.78015053372210308
0	6.666666666666667	6.666666666666667	200	10	4576147576126373143	24	12001	12500	500	500	-1885.6638278791913	56.641970131767053	453457	600000	0	0	266.50738144162398	614.28684024483402	0.33174917801978432
0	6.666666666666667	6.666666666666667	200	10	4576147576126373143	25	12501	13000	500	500	-1817.7454385480146	54.890544381528791	452304	600000	0	0	269.15198567717874	494.20369681811184	0.67095259085388426
0	6.666666666666667	6.666666666666667	200	10	4576147576126373143	26	13001	13500	500	500	-1762.6383424505286	54.066900299703178	453943	600000	0	0	275.74346244197949	482.52375371357419	1.84927921723769
0	6.666666666666667	6.666666666666667	200	10	4576147576126373143	27	13501	14000	500	500	-1870.6304500536321	55.812295241833063	453321	600000	0	0	259.29650184335662	528.25665443041589	0.018256735179307631
0	6.666666666666667	6.666666666666667	200	10	4576147576126373143	28	14001	14500	500	500	-1733.2672560471153	54.449702948178917	454451	600000	0	0	268.94384688342433	455.43192574285473	0.019603178552868555
0	6.666666666666667	6.666666666666667	200	10	4576147576126373143	29	14501	15000	500	500	-1880.4779850325422	55.378461976710334	453486	600000	0	0	252.84970884791244	537.05485852404365	0.010255611754672373
0	6.666666666666667	6.666666666666667	200	10	4576147576126373143	30	15001	15500	500	500	-1854.3869195111924	55.777559428675019	454855	600000	0	0	260.14136872066092	507.95273379837266	0.028034863519690936
0	6.666666666666667	6.666666666666667	200	10	4576147576126373143	31	15501	16000	500	500	-1814.6233669276146	55.206203837281592	452774	600000	0	0	247.38096859808294	529.12440521904534	4.9769668469726343
0	6.666666666666667	6.666666666666667	200	10	4576147576126373143	32	16001	16500	500	500	-1856.9930956638882	56.034874337782298	453995	600000	0	0	267.48689910427095	521.41872829141892	0.011660157583828136
0	6.666666666666667	6.666666666666667	200	10	4576147576126373143	33	16501	17000	500	500	-1857.1338982666232	55.545061518771185	454080	600000	0	0	274.42409494042687	538.21525828990389	0.0013840656493962226
0	6.666666666666667	6.666666666666667	200	10	4576147576126373143	34	17001	17500	500	500	-1857.5053585109433	54.243523172879875	454402	600000	0	0	266.72627342598707	571.57332685340236	0.024808755098045098
0	6.666666666666667	6.666666666666667	200	10	4576147576126373143	35	17501	18000	500	500	-1833.0828853951048	55.467995340931928	453814	600000	0	0	264.15272266465939	499.69942481463562	0.045368386109239295
0	6.666666666666667	6.666666666666667	200	10	4576147576126373143	36	18001	18500	500	500	-1827.7211096853716	54.921609341711203	453371	600000	0	0	267.67639599247315	523.91272661989956	0.029626688724217282
0	6.666666666666667	6.666666666666667	200	10	4576147576126373143	37	18501	19000	500	500	-1956.0263111719694	57.57216623872835	455018	600000	0	0	263.46961433888731	559.97344061199794	0.27783441548429622
0	6.666666666666667	6.666666666666667	200	10	4576147576126373143	38	19001	19500	500	500	-1874.0020846173534	55.951650832656185	454836	600000	0	0	262.76047900555903	541.95323032376029	0.026157344339809985
0	6.666666666666667	6.666666666666667	200	10	4576147576126373143	39	19501	20000	500	500	-1915.7511334966796	55.542054454290898	453267	600000	0	0	273.48493219580786	550.4464987216171	0.0054486274037864315
0	6.666666666666667	6.666666666666667	200	10	4576147576126373143	40	20001	20500	500	500	-1843.3403617910612	54.827365874819648	451757	600000	0	0	255.82398619133528	539.21096291505512	0.67237416982639386
0	6.666666666666667	6.666666666666667	200	10	4576147576126373143	41	20501	21000	500	500	-1816.5928640031443	54.310147357777915	452113	600000	0	0	267.35007749691749	520.27134476377773	0.020355900034851993
0	6.666666666666667	6.666666666666667	200	10	4576147576126373143	42	21001	21500	500	500	-1863.8017013361223	55.725962216100001	452603	600000	0	0	254.3988722259021	601.24387271251192	0.33565841970529642
0	6.666666666666667	6.666666666666667	200	10	4576147576126373143	43	21501	22000	500	500	-1871.1680515519854	56.621466682167146	453852	600000	0	0	245.203293423459	524.83333936302165	0.013017683596427521
0	6.666666666666667	6.666666666666667	200	10	4576147576126373143	44	22001	22500	500	500	-1829.0945162880005	55.261386603186011	453517	600000	0	0	257.76908143441995	523.91919562994167	0.099552421710726591
0	6.666666666666667	6.666666666666667	200	10	4576147576126373143	45	22501	23000	500	500	-1795.1565942535635	54.43081741896782	452334	600000	0	0	265.71628723105789	506.83464827872928	4.506646910604676
0	6.666666666666667	6.666666666666667	200	10	4576147576126373143	46	23001	23500	500	500	-1814.413044930297	56.345632503667744	454621	600000	0	0	272.58958939111943	527.8429769161545	0.018934900430793631
0	6.666666666666667	6.666666666666667	200	10	4576147576126373143	47	23501	24000	500	500	-1817.18634196311	55.791200844507586	453881	600000	0	0	255.12442009347657	501.0083184237871	0.02664752664818356
0	6.666666666666667	6.666666666666667	200	10	4576147576126373143	48	24001	24500	500	500	-1832.1821049605578	54.397248559595106	454154	600000	0	0	267.01410397123408	511.28103690356443	2.1839346450434176
0	6.666666666666667	6.666666666666667	200	10	4576147576126373143	49	24501	25000	500	500	-1828.8669287606876	54.428735976285409	452630	600000	0	0	270.42982927785005	547.02278782646613	1.7945046291743658
0	6.666666666666667	6.666666666666667	200	10	4576147576126373143	50	25001	25500	500	500	-1788.0438331853034	55.231034147871149	453095	600000	0	0	269.97789055986527	498.33448296464979	0.010648003028041532
0	6.666666666666667	6.666666666666667	200	10	4576147576126373143	51	25501	26000	500	500	-1817.7456778598798	55.568859380538498	452370	600000	0	0	256.15254784406096	518.6983914562793	0.83692441903423531
0	6.666666666666667	6.666666666666667	200	10	4576147576126373143	52	26001	26500	500	500	-1833.0718358245138	57.362889171951899	455507	600000	0	0	263.84908710693173	516.5069232892298	0.016058307872969541
0	6.666666666666667	6.666666666666667	200	10	4576147576126373143	53	26501	27000	500	500	-1846.3906847984135	54.453962426935838	453543	600000	0	0	276.24162696931944	562.85673107792934	1.406154615285462
0	6.666666666666667	6.666666666666667	200	10	4576147576126373143	54	27001	27500	500	500	-1760.5083727231283	54.654660275109123	453157	600000	0	0	235.61047766372496	489.75485636384622	1.0247604699269062
0	6.666666666666667	6.666666666666667	200	10	4576147576126373143	55	27501	28000	500	500	-1770.4795357009521	55.123013003975856	454094	600000	0	0	260.45575128143582	487.51473014583797	6.4946465730457428
0	6.666666666666667	6.666666666666667	200	10	4576147576126373143	56	28001	28500	500	500	-1859.1677816049	55.732303777121274	453861	600000	0	0	271.96155606246646	530.60013386264814	0.71774977337233703
0	6.666666666666667	6.666666666666667	200	10	4576147576126373143	57	28501	29000	500	500	-1798.5096876023076	54.419745743914959	452361	600000	0	0	270.63795473889184	534.08659332543834	0.050312772876133408
0	6.666666666666667	6.666666666666667	200	10	4576147576126373143	58	29001	29500	500	500	-1767.9140049670939	54.374679988076601	454001	600000	0	0	285.85639546220602	458.52231314047629	0.014593605503049946
0	6.666666666666667	6.666666666666667	200	10	4576147576126373143	59	29501	30000	500	500	-1811.3777405011513	56.806567731562957	454703	600000	0	0	255.35731018870783	505.35226347795424	0.49867555933297325
0	6.666666666666667	6.666666666666667	200	10	4576147576126373143	60	30001	30500	500	500	-1801.971713712727	55.978738981492327	453668	600000	0	0	251.59825064391859	585.43226142576225	0.011890563098505887
0	6.666666666666667	6.666666666666667	200	10	4576147576126373143	61	30501	31000	500	500	-1797.0520898154796	56.765254493144042	453200	600000	0	0	252.44895656628839	513.31000467665569	0.0062920019755659772
0	6.666666666666667	6.666666666666667	200	10	4576147576126373143	62	31001	31500	500	500	-1855.578003851617	54.415449431351504	453656	600000	0	0	272.39988375579509	525.0032382899891	0.013233229244447987
0	6.666666666666667	6.666666666666667	200	10	4576147576126373143	63	31501	32000	500	500	-1860.8069003049645	54.851905576431506	453528	600000	0	0	266.53075837861667	501.41727873405165	-0.012468785935656866
0	6.666666666666667	6.666666666666667	200	10	4576147576126373143	64	32001	32500	500	500	-1800.0343988316279	55.191371723198721	453558	600000	0	0	261.84031313192037	502.98023622419009	0.010312106202763745
0	6.666666666666667	6.666666666666667	200	10	4576147576126373143	65	32501	33000	500	500	-1888.7921045294249	56.713052093753767	453065	600000	0	0	268.42498216694361	545.37051056666667	0.53605069489992063
0	6.666666666666667	6.666666666666667	200	10	4576147576126373143	66	33001	33500	500	500	-1803.9839821415403	54.755734796166223	452892	600000	0	0	279.56099850108359	510.64625247732914	1.3644432629865286
0	6.666666666666667	6.666666666666667	200	10	4576147576126373143	67	33501	34000	500	500	-1779.2909852370783	54.484792388243328	454146	600000	0	0	267.8555548787885	522.59722413438453	0.011489179988098491
0	6.666666666666667	6.666666666666667	200	10	4576147576126373143	68	34001	34500	500	500	-1853.316558640118	57.12351896321929	454528	600000	0	0	249.11782803028157	528.15088653798034	0.021327801150093927
0	6.666666666666667	6.666666666666667	200	10	4576147576126373143	69	34501	35000	500	500	-1809.5891933303749	57.584764145995727	453940	600000	0	0	251.62736850596511	503.04971167700631	0.0077293747350562986
0	6.666666666666667	6.666666666666667	200	10	4576147576126373143	70	35001	35500	500	500	-1867.9687736489152	55.494931002140625	453773	600000	0	0	276.44805559114332	516.90575306176174	0.049620802395245363
0	6.666666666666667	6.666666666666667	200	10	4576147576126373143	71	35501	36000	500	500	-1797.3491890792043	53.573473527318775	452777	600000	0	0	255.41666879378715	534.79805175864681	2.1386074722716706
0	6.666666666666667	6.666666666666667	200	10	4576147576126373143	72	36001	36500	500	500	-1877.2320373489249	55.929842858380098	455113	600000	0	0	257.47326096115341	536.81604928720856	0.016030999606665541
0	6.666666666666667	6.666666666666667	200	10	4576147576126373143	73	36501	37000	500	500	-1774.5914906252574	54.116069375066772	451694	600000	0	0	263.9561166976419	522.59002095886285	6.2600746058317567
0	6.666666666666667	6.666666666666667	200	10	4576147576126373143	74	37001	37500	500	500	-1779.2742439962958	54.833995782550872	453117	600000	0	0	273.6563673814772	465.33028033429429	1.6898355936522782
0	6.666666666666667	6.666666666666667	200	10	4576147576126373143	75	37501	38000	500	500	-1900.6784498835282	55.930374417752056	452318	600000	0	0	264.49944538245774	571.65107918664785	1.2804721696755366
0	6.666666666666667	6.666666666666667	200	10	4576147576126373143	76	38001	38500	500	500	-1846.6275540750005	55.12999344298062	454146	600000	0	0	265.41077556203845	523.28660174722552	0.028705388524252556
0	6.666666666666667	6.666666666666667	200	10	4576147576126373143	77	38501	39000	500	500	-1752.1682601112036	52.753937232520499	453136	600000	0	0	270.16090108950277	473.6722698941013	0.018024105566450413
0	6.666666666666667	6.666666666666667	200	10	4576147576126373143	78	39001	39500	500	500	-1866.5494925571725	56.220783243577905	454406	600000	0	0	264.39390112575018	522.79675597947289	2.1551834483961936
0	6.666666666666667	6.666666666666667	200	10	4576147576126373143	79	39501	40000	500	500	-1784.6292316516108	53.640795209674607	454132	600000	0	0	252.06419101567113	493.49203565955531	0.83557804142785175
0	6.666666666666667	6.666666666666667	200	10	4576147576126373143	80	40001	40500	500	500	-1780.9753484094431	54.225912626703213	454487	600000	0	0	262.0889726846209	511.20496161731018	0.01757159445172405
0	6.666666666666667	6.666666666666667	200	10	4576147576126373143	81	40501	41000	500	500	-1833.0101315319175	54.85711844949649	453973	600000	0	0	257.71109763932748	539.04292165619461	1.5904329099123617
0	6.666666666666667	6.666666666666667	200	10	4576147576126373143	82	41001	41500	500	500	-1787.9706650472187	53.946064104724897	453825	600000	0	0	280.04490078182988	514.75807333417595	0.0067952724119408519
0	6.666666666666667	6.666666666666667	200	10	4576147576126373143	83	41501	42000	500	500	-1812.0405680688289	54.89027649174384	452077	600000	0	0	239.53434879066268	557.41895800525822	6.2861984872380239
0	6.666666666666667	6.666666666666667	200	10	4576147576126373143	84	42001	42500	500	500	-1870.8315060404143	55.307504192730946	453715	600000	0	0	246.79278768508527	682.84747853045496	0.8347890722603033
0	6.666666666666667	6.666666666666667	200	10	4576147576126373143	85	42501	43000	500	500	-1799.3455270246038	54.553575594830768	454592	600000	0	0	280.8815354497562	473.47351348261594	0.0087987521325249545
0	6.666666666666667	6.666666666666667	200	10	4576147576126373143	86	43001	43500	500	500	-1912.0899929618358	55.550389097524516	454657	600000	0	0	270.38027379435016	563.97804436942113	3.9934911824267596
0	6.666666666666667	6.666666666666667	200	10	4576147576126373143	87	43501	44000	500	500	-1924.542340537568	56.732101224284307	452622	600000	0	0	245.11155868052151	566.42653664373847	0.078128868843672275
0	6.666666666666667	6.666666666666667	200	10	4576147576126373143	88	44001	44500	500	500	-1826.1494302785543	56.11914690345214	454776	600000	0	0	255.73722478587962	526.05473191766282	0.777560158923291
0	6.666666666666667	6.666666666666667	200	10	4576147576126373143	89	44501	45000	500	500	-1847.471110117755	54.864523953486646	453190	600000	0	0	269.32994366593897	647.66885717224375	1.1408795851439473
0	6.666666666666667	6.666666666666667	200	10	4576147576126373143	90	45001	45500	500	500	-1759.3843910862049	53.396167824835672	452666	600000	0	0	262.69695397823631	498.85249094303174	2.5027745440828344
0	6.666666666666667	6.666666666666667	200	10	4576147576126373143	91	45501	46000	500	500	-1871.555532864375	56.562622914937435	453914	600000	0	0	260.93703780453131	527.56611816144971	0.035328997701615801
0	6.666666666666667	6.666666666666667	200	10	4576147576126373143	92	46001	46500	500	500	-1761.7477180182816	53.840242544556673	454240	600000	0	0	256.53185968409571	510.22789565694154	0.11103212802450914
0	6.666666666666667	6.666666666666667	200	10	4576147576126373143	93	46501	47000	500	500	-1823.5701492395424	54.034466175112165	453594	600000	0	0	269.79981974489817	518.64848758966457	0.019747268647341717
0	6.666666666666667	6.666666666666667	200	10	4576147576126373143	94	47001	47500	500	500	-1792.2509783762803	54.65608001355664	454224	600000	0	0	257.96128617278487	517.13925389466692	0.0099866292583433106
0	6.666666666666667	6.666666666666667	200	10	4576147576126373143	95	47501	48000	500	500	-1850.6111513099549	54.366837026658459	453704	600000	0	0	271.54347013587466	551.32333003351744	0.022725305295754682
0	6.666666666666667	6.666666666666667	200	10	4576147576126373143	96	48001	48500	500	500	-1827.038219247391	55.195452660348508	453946	600000	0	0	250.71654377583823	545.15968303658315	0.0092982972206156009
0	6.666666666666667	6.666666666666667	200	10	4576147576126373143	97	48501	49000	500	500	-1836.8924190832884	53.944023199797499	453318	600000	0	0	275.11353291717262	496.72003944842317	0.024960497191461206
0	6.666666666666667	6.666666666666667	200	10	4576147576126373143	98	49001	49500	500	500	-1799.4461464611604	55.641389350334897	454070	600000	0	0	284.77500585352664	495.31792100412542	0.0073771264762758412
0	6.666666666666667	6.666666666666667	200	10	4576147576126373143	99	49501	50000	500	500	-1824.9204435170388	56.656104722259521	454410	600000	0	0	274.80232635426637	576.77609595643833	0.088174621906238482
0	6.666666666666667	6.666666666666667	200	11	5918098914004107166	0	1	500	500	500	-1896.4472456119463	54.103291834832859	452937	600000	0	0	277.65596572653908	540.66364185937971	0.043168597964543733
0	6.666666666666667	6.666666666666667	200	11	5918098914004107166	1	501	1000	500	500	-1830.1737506590912	56.226050350228725	454771	600000	0	0	275.364239118829	508.71674897284646	0.025954267653503185
0	6.666666666666667	6.666666666666667	200	11	5918098914004107166	2	1001	1500	500	500	-1862.5195762001733	57.122794068562889	454618	600000	0	0	263.34360713125125	521.35037591601997	0.0055054470848629918
0	6.666666666666667	6.666666666666667	200	11	5918098914004107166	3	1501	2000	500	500	-1829.7685092286963	58.083192749854824	454957	600000	0	0	263.52976567364033	519.863660349675	0.014935706615786014
0	6.666666666666667	6.666666666666667	200	11	5918098914004107166	4	2001	2500	500	500	-1790.6773340219629	54.223272085586352	452630	600000	0	0	269.08707705407016	516.14165099454181	0.005696112361529589
0	6.666666666666667	6.666666666666667	200	11	5918098914004107166	5	2501	3000	500	500	-1797.3159333420726	54.668771481037403	453095	600000	0	0	258.84291381143862	489.1473585988054	1.8979949120744526
0	6.666666666666667	6.666666666666667	200	11	5918098914004107166	6	3001	3500	500	500	-1754.183531787729	52.782582536233733	452888	600000	0	0	264.65414673712149	469.63834236430728	0.019242489625816199
0	6.666666666666667	6.666666666666667	200	11	5918098914004107166	7	3501	4000	500	500	-1778.4303595138531	53.208355215488609	452754	600000	0	0	278.13207453794058	529.4224508420632	0.017984723659187213
0	6.666666666666667	6.666666666666667	200	11	5918098914004107166	8	4001	4500	500	500	-1799.3132623356357	56.996149720905187	454643	600000	0	0	257.01393567504249	526.62626024811698	0.023476820709497602
0	6.666666666666667	6.666666666666667	200	11	5918098914004107166	9	4501	5000	500	500	-1780.0860892116114	54.513074542741073	454170	600000	0	0	277.16760954407141	490.33069205375182	0.35245602896898037
0	6.666666666666667	6.666666666666667	200	11	5918098914004107166	10	5001	5500	500	500	-1870.88044483423	55.374552232936558	453341	600000	0	0	270.28387963694689	514.39402405355736	0.020237141315726619
0	6.666666666666667	6.666666666666667	200	11	5918098914004107166	11	5501	6000	500	500	-1926.2670839157956	56.084326618219649	453650	600000	0	0	235.09282893245802	546.42071085969872	1.8073165089019616
0	6.666666666666667	6.666666666666667	200	11	5918098914004107166	12	6001	6500	500	500	-1795.9693931735267	53.573922845514545	452262	600000	0	0	275.76185724007377	519.06634261724241	1.6846374609459975
0	6.666666666666667	6.666666666666667	200	11	5918098914004107166	13	6501	7000	500	500	-1916.6645577478737	55.793549180216509	454676	600000	0	0	267.15957271091935	530.95072673617415	0.014500503816542202
0	6.666666666666667	6.666666666666667	200	11	5918098914004107166	14	7001	7500	500	500	-1788.2549233196939	53.48496842905643	452961	600000	0	0	287.83364536918629	511.5701745626136	2.5683007838549603
0	6.666666666666667	6.666666666666667	200	11	5918098914004107166	15	7501	8000	500	500	-1845.8006270353751	55.220925386042943	453623	600000	0	0	273.45259845801905	534.46247644990854	1.053333606286424
0	6.666666666666667	6.666666666666667	200	11	5918098914004107166	16	8001	8500	500	500	-1830.6385240240229	55.186788298294807	454579	600000	0	0	278.81404356820178	528.07868981591321	0.010302446380639511
0	6.666666666666667	6.666666666666667	200	11	5918098914004107166	17	8501	9000	500	500	-1852.969144847096	54.869922269079886	453134	600000	0	0	274.7615206644154	590.70337709424541	0.037298528140964189
0	6.666666666666667	6.666666666666667	200	11	5918098914004107166	18	9001	9500	500	500	-1903.3201935650843	53.832990945478898	452091	600000	0	0	287.87667055835709	544.98896909582038	0.14381584148987786
0	6.666666666666667	6.666666666666667	200	11	5918098914004107166	19	9501	10000	500	500	-1856.6542676806343	56.811464026849734	455591	600000	0	0	256.98380589800115	535.50365861330465	0.023965144082596177
0	6.666666666666667	6.666666666666667	200	11	5918098914004107166	20	10001	10500	500	500	-1794.914969481538	53.253481430039677	453132	600000	0	0	278.18051913911535	572.06567484044876	0.020440410090595898
0	6.666666666666667	6.666666666666667	200	11	5918098914004107166	21	10501	11000	500	500	-1800.5236711373836	56.085370197168807	453295	600000	0	0	256.79563638643401	501.63891985178049	1.0129916175535139
0	6.666666666666667	6.666666666666667	200	11	5918098914004107166	22	11001	11500	500	500	-1715.7674334929027	56.304088919301527	452541	600000	0	0	251.48033308740054	488.39728502461173	2.0234896225471131
0	6.666666666666667	6.666666666666667	200	11	5918098914004107166	23	11501	12000	500	500	-1878.0700060785705	54.952122638914531	454018	600000	0	0	272.6153194551967	536.35804722282751	0.17837869021843261
0	6.666666666666667	6.666666666666667	200	11	5918098914004107166	24	12001	12500	500	500	-1752.1605819336119	55.091643302649544	453349	600000	0	0	270.46027441240938	475.6533483959002	0.015058473316019271
0	6.666666666666667	6.666666666666667	200	11	5918098914004107166	25	12501	13000	500	500	-1835.702315898915	53.991901966087973	452369	600000	0	0	260.40694556900974	495.51155740063518	1.0914853451654318
0	6.666666666666667	6.666666666666667	200	11	5918098914004107166	26	13001	13500	500	500	-1807.6941511984326	55.17167127421348	455375	600000	0	0	281.61211586355682	484.85239379807842	0.020672001877998468
0	6.666666666666667	6.666666666666667	200	11	5918098914004107166	27	13501	14000	500	500	-1832.7027989251526	54.370693964584312	453858	600000	0	0	270.43556437492907	499.48164733651481	0.011035052522369953
0	6.666666666666667	6.666666666666667	200	11	5918098914004107166	28	14001	14500	500	500	-1803.5114699977987	54.084930153058728	452096	600000	0	0	251.96122721183434	500.85567229795964	5.4807484883773157
0	6.666666666666667	6.666666666666667	200	11	5918098914004107166	29	14501	15000	500	500	-1839.5457533832937	55.210976537016521	453641	600000	0	0	264.64452516754176	520.12523960021667	0.0076071817856284245
0	6.666666666666667	6.666666666666667	200	11	5918098914004107166	30	15001	15500	500	500	-1867.2980734302553	56.093253897557815	454339	600000	0	0	249.04336226996296	535.36919170816248	0.087841839804021535
0	6.666666666666667	6.666666666666667	200	11	5918098914004107166	31	15501	16000	500	500	-1884.2316250073516	55.961513076273405	453433	600000	0	0	269.10392777609258	505.81368259457525	0.12325199170409484
0	6.666666666666667	6.666666666666667	200	11	5918098914004107166	32	16001	16500	500	500	-1876.2098945338325	57.85357572671618	453605	600000	0	0	261.66913583542521	533.36841668641762	0.01182362650670879
0	6.666666666666667	6.666666666666667	200	11	5918098914004107166	33	16501	17000	500	500	-1850.9547024981869	56.75762921364759	454647	600000	0	0	244.45559201907389	565.16291873566126	0.052362882477007107
0	6.666666666666667	6.666666666666667	200	11	5918098914004107166	34	17001	17500	500	500	-1789.7906087921888	54.053013814550383	451911	600000	0	0	247.7671429289739	487.15673476178887	6.8064642685603385
0	6.666666666666667	6.666666666666667	200	11	5918098914004107166	35	17501	18000	500	500	-1794.8896286670247	54.403176329053743	453059	600000	0	0	257.78655220040554	507.30125417564108	2.3475541810840763
0	6.666666666666667	6.666666666666667	200	11	5918098914004107166	36	18001	18500	500	500	-1869.3842519630832	54.982480918993495	452890	600000	0	0	278.53546556548531	517.08106672620522	0.0091611694575681555
0	6.666666666666667	6.666666666666667	200	11	5918098914004107166	37	18501	19000	500	500	-1781.614299296243	54.013400873986356	452801	600000	0	0	254.72789877396787	516.16931641154417	0.0072238266658069756
0	6.666666666666667	6.666666666666667	200	11	5918098914004107166	38	19001	19500	500	500	-1820.1959744869196	55.235299109988041	453795	600000	0	0	263.50716939517929	518.48984598551726	0.019517890289218645
0	6.666666666666667	6.666666666666667	200	11	5918098914004107166	39	19501	20000	500	500	-1888.7495711447646	55.638086612692824	453829	600000	0	0	256.86567621212271	525.51037911639514	3.1692099288448312
0	6.666666666666667	6.666666666666667	200	11	5918098914004107166	40	20001	20500	500	500	-1809.2147222438014	53.879013754088504	453324	600000	0	0	296.04778501665646	548.60603450367046	1.2057749506430233
0	6.666666666666667	6.666666666666667	200	11	5918098914004107166	41	20501	21000	500	500	-1829.16762849612	56.312743394837284	453570	600000	0	0	266.90791990384997	523.2603389780212	0.027759358581944806
0	6.666666666666667	6.666666666666667	200	11	5918098914004107166	42	21001	21500	500	500	-1776.0280882043887	53.889954505342985	453252	600000	0	0	243.04792093885368	506.62006396784341	1.9319878817956331
0	6.666666666666667	6.666666666666667	200	11	5918098914004107166	43	21501	22000	500	500	-1779.960151794085	53.765306787361574	453113	600000	0	0	254.43918454796847	485.88672126145508	4.9206023619556856
0	6.666666666666667	6.666666666666667	200	11	5918098914004107166	44	22001	22500	500	500	-1815.2442456454953	55.988366178940218	453228	600000	0	0	287.48686692424565	490.88380539948207	0.34467650337285066
0	6.666666666666667	6.666666666666667	200	11	5918098914004107166	45	22501	23000	500	500	-1726.294684224149	50.634584387939043	452868	600000	0	0	282.73946144115433	464.09823628321902	0.0084955229756583511
0	6.666666666666667	6.666666666666667	200	11	5918098914004107166	46	23001	23500	500	500	-1847.360181048738	54.847458590234254	453108	600000	0	0	277.49136668706348	538.267868411103	0.046996566015276575
0	6.666666666666667	6.666666666666667	200	11	5918098914004107166	47	23501	24000	500	500	-1786.2023951778165	54.042374086190065	453780	600000	0	0	249.52772287472359	515.95908503955775	0.0057796659273252355
0	6.666666666666667	6.666666666666667	200	11	5918098914004107166	48	24001	24500	500	500	-1797.7239069515306	54.164460798356004	453265	600000	0	0	276.22374547349295	490.3576624908589	0.033669622528292142
0	6.666666666666667	6.666666666666667	200	11	5918098914004107166	49	24501	25000	500	500	-1770.9490219147269	55.299481751560542	453039	600000	0	0	258.67472465873215	474.04211616705959	0.064094331251160236
0	6.666666666666667	6.666666666666667	200	11	5918098914004107166	50	25001	25500	500	500	-1815.5768727790255	53.618702744153616	454267	600000	0	0	266.18066343973805	490.95688102141867	0.39991562750652326
0	6.666666666666667	6.666666666666667	200	11	5918098914004107166	51	25501	26000	500	500	-1873.2798270320091	57.252083715122048	454655	600000	0	0	267.13074110557068	530.34064733645812	0.017599779094748403
0	6.666666666666667	6.666666666666667	200	11	5918098914004107166	52	26001	26500	500	500	-1905.4825090884819	55.950221156102714	453408	600000	0	0	266.79688899224703	511.57282556551456	0.044713155141718981
0	6.666666666666667	6.666666666666667	200	11	5918098914004107166	53	26501	27000	500	500	-1812.5481734461393	55.654222054749326	454670	600000	0	0	273.72276660450746	494.31145811044797	0.016947288725823524
0	6.666666666666667	6.666666666666667	200	11	5918098914004107166	54	27001	27500	500	500	-1791.578257416759	55.69953464762412	454948	600000	0	0	252.18077252210716	570.04376012617411	2.4164287759190382
0	6.666666666666667	6.666666666666667	200	11	5918098914004107166	55	27501	28000	500	500	-1873.553747436579	56.267366665631307	454283	600000	0	0	254.89902204502752	534.81530451288063	0.024433427436801526
0	6.666666666666667	6.666666666666667	200	11	5918098914004107166	56	28001	28500	500	500	-1863.6696856860647	57.613225518708511	455308	600000	0	0	243.29867687777713	586.24792828162515	0.65591110978700151
0	6.666666666666667	6.666666666666667	200	11	5918098914004107166	57	28501	29000	500	500	-1847.4830415476069	55.593341712290432	454191	600000	0	0	265.29501455094436	553.78029536410929	0.84785175665985824
0	6.666666666666667	6.666666666666667	200	11	5918098914004107166	58	29001	29500	500	500	-1767.9254773642303	54.01133231195719	453253	600000	0	0	267.34979042313142	518.99417754320348	0.019210810843842893
0	6.666666666666667	6.666666666666667	200	11	5918098914004107166	59	29501	30000	500	500	-1825.7136611174508	55.541429943505598	453599	600000	0	0	271.44216617179154	525.07371702880744	0.013219892931106045
0	6.666666666666667	6.666666666666667	200	11	5918098914004107166	60	30001	30500	500	500	-1817.1774000406404	55.056006188005718	453323	600000	0	0	274.39101581063687	528.44294584815475	0.013525897648223045
0	6.666666666666667	6.666666666666667	200	11	5918098914004107166	61	30501	31000	500	500	-1808.6323687969434	52.818422407156135	453309	600000	0	0	256.85587419929044	512.88729859499358	5.6298411809044815
0	6.666666666666667	6.666666666666667	200	11	5918098914004107166	62	31001	31500	500	500	-1835.3627283947371	54.528749692786839	453074	600000	0	0	267.86316595916065	518.72597735941395	0.7303361332081646
0	6.666666666666667	6.666666666666667	200	11	5918098914004107166	63	31501	32000	500	500	-1876.303413507992	53.629410053106326	452864	600000	0	0	270.20610061266694	541.67800933478509	0.012722269182521317
0	6.666666666666667	6.666666666666667	200	11	5918098914004107166	64	32001	32500	500	500	-1821.423381782894	55.988751821937498	454223	600000	0	0	274.23489497358764	594.19206320121293	0.064553449045684483
0	6.666666666666667	6.666666666666667	200	11	5918098914004107166	65	32501	33000	500	500	-1849.3535170216169	55.773572333793467	454445	600000	0	0	281.48593748195589	516.31891629205938	0.045454628494218711
0	6.666666666666667	6.666666666666667	200	11	5918098914004107166	66	33001	33500	500	500	-1758.1457323755444	53.763147806848963	454972	600000	0	0	261.38988623184952	490.93326587143122	1.4711495924802636
0	6.666666666666667	6.666666666666667	200	11	5918098914004107166	67	33501	34000	500	500	-1824.6383753714481	54.243822065457493	452865	600000	0	0	249.80949651830591	504.65829222145948	3.2840647598184636
0	6.666666666666667	6.666666666666667	200	11	5918098914004107166	68	34001	34500	500	500	-1794.2965243028382	48.581137359056093	444815	600000	0	0	203.35316187558288	575.4980991358824	32.143837580375482
0	6.666666666666667	6.666666666666667	200	11	5918098914004107166	69	34501	35000	500	500	-1933.3030139180651	54.688373697074098	454126	600000	0	0	254.37897379672305	579.27714128591231	0.0058356441264591236
0	6.666666666666667	6.666666666666667	200	11	5918098914004107166	70	35001	35500	500	500	-1776.1259989273105	54.248099657388167	453321	600000	0	0	259.1477590890708	515.45965796024348	0.014257277733402777
0	6.666666666666667	6.666666666666667	200	11	5918098914004107166	71	35501	36000	500	500	-1828.4774158325006	54.844308256398158	453869	600000	0	0	254.07862704105065	509.83671813555281	3.3413169978451571
0	6.666666666666667	6.666666666666667	200	11	5918098914004107166	72	36001	36500	500	500	-1785.2858522678898	54.436662383761131	454617	600000	0	0	270.54258273666778	491.44059926125493	0.018613173927206881
0	6.666666666666667	6.666666666666667	200	11	5918098914004107166	73	36501	37000	500	500	-1736.091826242123	53.962492413336093	453608	600000	0	0	246.71460230533532	563.01685904302735	0.010468271831228011
0	6.666666666666667	6.666666666666667	200	11	5918098914004107166	74	37001	37500	500	500	-1753.8224604716108	53.261704735094888	453308	600000	0	0	283.53629745616803	468.92572787933585	0.082024506307559739
0	6.666666666666667	6.666666666666667	200	11	5918098914004107166	75	37501	38000	500	500	-1861.9345279577421	54.704759672639156	454143	600000	0	0	265.41311698286671	497.46080713720232	1.3364168477169922
0	6.666666666666667	6.666666666666667	200	11	5918098914004107166	76	38001	38500	500	500	-1780.9720203364161	54.02957039274964	453703	600000	0	0	269.19369400904333	501.0710058219417	0.33952668262978719
0	6.666666666666667	6.666666666666667	200	11	5918098914004107166	77	38501	39000	500	500	-1817.401315185107	55.041778611994317	452378	600000	0	0	255.36761077783623	501.28016969450482	2.7844650009455174
0	6.666666666666667	6.666666666666667	200	11	5918098914004107166	78	39001	39500	500	500	-1920.2885806220879	55.741751914334358	454166	600000	0	0	269.40359839447558	544.32870938885151	0.11846483777926239
0	6.666666666666667	6.666666666666667	200	11	5918098914004107166	79	39501	40000	500	500	-1863.2507539637193	56.133669783088571	453447	600000	0	0	276.10965269301096	579.28991511409629	0.010256594044440643
0	6.666666666666667	6.666666666666667	200	11	5918098914004107166	80	40001	40500	500	500	-1787.2947952337972	52.295464542370127	450770	600000	0	0	240.47699191817944	508.07033329936399	11.259459365618058
0	6.666666666666667	6.666666666666667	200	11	5918098914004107166	81	40501	41000	500	500	-1825.7074114975283	54.44771306798193	454157	600000	0	0	261.20832896127018	522.94886920563295	0.16392287901398439
0	6.666666666666667	6.666666666666667	200	11	5918098914004107166	82	41001	41500	500	500	-1793.0963993056773	55.915081411658313	452872	600000	0	0	275.07571666859201	499.71497412261857	0.0098873237361869117
0	6.666666666666667	6.666666666666667	200	11	5918098914004107166	83	41501	42000	500	500	-1877.0000646065964	53.868530697848826	454820	600000	0	0	289.11941145231685	517.65662829708913	0.20195928904376256
0	6.666666666666667	6.666666666666667	200	11	5918098914004107166	84	42001	42500	500	500	-1888.553779722441	55.376582708915102	452195	600000	0	0	256.35290221662331	542.96153714086358	1.8237843685083159
0	6.666666666666667	6.666666666666667	200	11	5918098914004107166	85	42501	43000	500	500	-1815.0635684476374	54.614954063415091	453500	600000	0	0	264.48709785154279	533.83614097196039	0.063319129156622689
0	6.666666666666667	6.666666666666667	200	11	5918098914004107166	86	43001	43500	500	500	-1795.2896854106957	53.729826209426221	453154	600000	0	0	278.06512895541152	513.22836849847977	0.0071149543781515497
0	6.666666666666667	6.666666666666667	200	11	5918098914004107166	87	43501	44000	500	500	-1890.6776740478715	56.938133225029688	453089	600000	0	0	254.41188056122758	613.61170468024341	0.0077906726158752009
0	6.666666666666667	6.666666666666667	200	11	5918098914004107166	88	44001	44500	500	500	-1880.5370413495698	56.323517490221164	452962	600000	0	0	252.46456516589751	538.55877292128923	3.1753341665604022
0	6.666666666666667	6.666666666666667	200	11	5918098914004107166	89	44501	45000	500	500	-1943.9549989473471	56.943072027730103	453980	600000	0	0	262.41137861824006	608.69829312793638	0.42494113355529317
0	6.666666666666667	6.666666666666667	200	11	5918098914004107166	90	45001	45500	500	500	-1902.3351949664268	55.464581990659504	452658	600000	0	0	252.29294000593472	633.3954385488679	3.5534912405179555
0	6.666666666666667	6.666666666666667	200	11	5918098914004107166	91	45501	46000	500	500	-1815.7088088470512	54.915086500454727	452985	600000	0	0	276.8926510269294	486.25963150338259	0.034213235393432968
0	6.666666666666667	6.666666666666667	200	11	5918098914004107166	92	46001	46500	500	500	-1850.4987492910341	55.904484370707863	455960	600000	0	0	259.06494422673381	533.19542947829632	0.011776681861313799
0	6.666666666666667	6.666666666666667	200	11	5918098914004107166	93	46501	47000	500	500	-1891.5809349200365	57.424160292289841	455613	600000	0	0	258.56625548178437	542.6360759320138	0.33424868512930583
0	6.666666666666667	6.666666666666667	200	11	5918098914004107166	94	47001	47500	500	500	-1824.0830824210905	54.031626338013808	453075	600000	0	0	275.27850369355957	490.01408783244119	0.012784257838463389
0	6.666666666666667	6.666666666666667	200	11	5918098914004107166	95	47501	48000	500	500	-1922.7210404359432	56.07474610840643	454491	600000	0	0	243.43021897915418	592.10884990455384	0.013916834228710007
0	6.666666666666667	6.666666666666667	200	11	5918098914004107166	96	48001	48500	500	500	-1822.8412158886274	54.067421303187103	452440	600000	0	0	282.15135634717643	516.12104468398093	0.012193866404044507
0	6.666666666666667	6.666666666666667	200	11	5918098914004107166	97	48501	49000	500	500	-1895.7400985825482	53.893978613109773	453678	600000	0	0	288.58758856355746	556.11967346097128	0.0047423353117115631
0	6.666666666666667	6.666666666666667	200	11	5918098914004107166	98	49001	49500	500	500	-1788.7579600497045	55.459620612534941	453833	600000	0	0	285.55850925707529	511.30500902321751	0.013546061618889195
0	6.666666666666667	6.666666666666667	200	11	5918098914004107166	99	49501	50000	500	500	-1940.9063660575766	56.403085051152125	454285	600000	0	0	255.46048358927081	582.86345436313718	1.4890143884221316
0	6.666666666666667	6.666666666666667	200	12	12162996638670718282	0	1	500	500	500	-1801.5024074654257	54.150452863629674	450952	600000	0	0	262.23850476721918	509.61205608540752	7.2418073406213059
0	6.666666666666667	6.666666666666667	200	12	12162996638670718282	1	501	1000	500	500	-1888.8628006155677	54.289876521824347	453067	600000	0	0	285.85108786836156	525.4806412832063	0.011610526884889951
0	6.666666666666667	6.666666666666667	200	12	12162996638670718282	2	1001	1500	500	500	-1784.226200517578	55.018604240850806	454996	600000	0	0	255.35049713284167	502.77816331259743	0.010245363988168964
0	6.666666666666667	6.666666666666667	200	12	12162996638670718282	3	1501	2000	500	500	-1881.0785271467601	55.240421318117271	451802	600000	0	0	261.87715515412839	543.7992004898075	4.1009318070156304
0	6.666666666666667	6.666666666666667	200	12	12162996638670718282	4	2001	2500	500	500	-1796.5451181172475	53.419573989427512	449558	600000	0	0	247.84498781215254	522.83384342714567	7.5426521744516144
0	6.666666666666667	6.666666666666667	200	12	12162996638670718282	5	2501	3000	500	500	-1797.9989831816347	54.924425058910018	454735	600000	0	0	265.725541276976	489.94673034442252	0.011054931691132117
0	6.666666666666667	6.666666666666667	200	12	12162996638670718282	6	3001	3500	500	500	-1842.9268221267519	54.89480929241595	454144	600000	0	0	256.96439839170091	507.04386155407883	0.016379798745071204
0	6.666666666666667	6.666666666666667	200	12	12162996638670718282	7	3501	4000	500	500	-1922.6480121369423	54.880119975563701	454137	600000	0	0	264.51145123834146	557.35732907716351	0.1022993677097794
0	6.666666666666667	6.666666666666667	200	12	12162996638670718282	8	4001	4500	500	500	-1868.40413659982	54.21764684050224	453923	600000	0	0	281.60462800614084	531.1832309887784	0.0055191207786364676
0	6.666666666666667	6.666666666666667	200	12	12162996638670718282	9	4501	5000	500	500	-1873.5359299635606	52.730907173878194	452839	600000	0	0	268.59052313630758	530.90487500533084	-0.0023259939403265906
0	6.666666666666667	6.666666666666667	200	12	12162996638670718282	10	5001	5500	500	500	-1859.9859524908181	56.632758731733063	453637	600000	0	0	239.47934407332252	544.59574987569738	0.45448303723988609
0	6.666666666666667	6.666666666666667	200	12	12162996638670718282	11	5501	6000	500	500	-1853.1726882028122	55.50260289457038	454908	600000	0	0	267.60043661444405	521.3194057520252	0.010596364037181014
0	6.666666666666667	6.666666666666667	200	12	12162996638670718282	12	6001	6500	500	500	-1850.2622179176003	54.792723613355712	453697	600000	0	0	275.48284013736799	515.37004987529554	1.1514412574638277
0	6.666666666666667	6.666666666666667	200	12	12162996638670718282	13	6501	7000	500	500	-1867.9460538842948	56.089257356524222	452594	600000	0	0	262.67445113852301	533.4540205398954	0.38519961456805119
0	6.666666666666667	6.666666666666667	200	12	12162996638670718282	14	7001	7500	500	500	-1845.0021456818874	55.763887567622128	453702	600000	0	0	259.19999982436912	561.88842191610718	0.029569912858109244
0	6.666666666666667	6.666666666666667	200	12	12162996638670718282	15	7501	8000	500	500	-1835.651356530977	55.009391709416981	453766	600000	0	0	263.03247238454367	537.10415417905074	-0.0092221758466783932
0	6.666666666666667	6.666666666666667	200	12	12162996638670718282	16	8001	8500	500	500	-1863.3876468165747	54.803865741438706	453283	600000	0	0	268.06079503437797	517.91351153645303	0.024450385203083277
0	6.666666666666667	6.666666666666667	200	12	12162996638670718282	17	8501	9000	500	500	-1855.0880165229132	55.006921052987209	453767	600000	0	0	259.82275288587971	540.5772410926204	2.0065847105038674
0	6.666666666666667	6.666666666666667	200	12	12162996638670718282	18	9001	9500	500	500	-1804.1439833083371	56.997473256401697	454692	600000	0	0	255.21500629781627	500.06546358767565	0.96086895223486013
0	6.666666666666667	6.666666666666667	200	12	12162996638670718282	19	9501	10000	500	500	-1843.3299182498934	55.212121992490715	452878	600000	0	0	286.35030397148699	500.74458762665398	0.0098386711376662068
0	6.666666666666667	6.666666666666667	200	12	12162996638670718282	20	10001	10500	500	500	-1822.2609446516587	56.615897393637532	453743	600000	0	0	258.66049983783722	526.86294755668894	1.7220114667479265
0	6.666666666666667	6.666666666666667	200	12	12162996638670718282	21	10501	11000	500	500	-1832.7455547031047	56.009689634941573	454207	600000	0	0	266.36929415507325	535.87398973048187	0.012164910299446966
0	6.666666666666667	6.666666666666667	200	12	12162996638670718282	22	11001	11500	500	500	-1868.8152046418581	55.023013004677615	453575	600000	0	0	250.30519909624869	550.99648613696161	0.15395037589402852
0	6.666666666666667	6.666666666666667	200	12	12162996638670718282	23	11501	12000	500	500	-1822.9022188660449	56.40402383352081	454360	600000	0	0	273.21234471952238	515.72122922960148	0.012038513919061749
0	6.666666666666667	6.666666666666667	200	12	12162996638670718282	24	12001	12500	500	500	-1861.1995701242981	56.815587137598627	455200	600000	0	0	271.1121175822031	507.94339330915471	0.80046347229904879
0	6.666666666666667	6.666666666666667	200	12	12162996638670718282	25	12501	13000	500	500	-1793.3513231822587	54.924898064855618	453551	600000	0	0	259.14972495827158	516.76926026095634	0.66982811936741171
0	6.666666666666667	6.666666666666667	200	12	12162996638670718282	26	13001	13500	500	500	-1749.0664102341052	54.121340101587258	453197	600000	0	0	238.91159775227763	487.43995033579284	2.1918415166121448
0	6.666666666666667	6.666666666666667	200	12	12162996638670718282	27	13501	14000	500	500	-1773.670498682822	55.627685808365293	453718	600000	0	0	257.99365032535127	488.97355219707202	0.017748594913119028
0	6.666666666666667	6.666666666666667	200	12	12162996638670718282	28	14001	14500	500	500	-1849.2805479909873	55.696411385955166	453684	600000	0	0	278.75227228355971	513.0352032909426	0.019502443246924541
0	6.666666666666667	6.666666666666667	200	12	12162996638670718282	29	14501	15000	500	500	-1803.892529326788	54.882127144831365	452194	600000	0	0	282.23448211737281	499.22785761220513	0.027936559615878459
0	6.666666666666667	6.666666666666667	200	12	12162996638670718282	30	15001	15500	500	500	-1776.632791375461	55.3722968051447	453603	600000	0	0	281.17120792975476	482.08338350539782	0.02062321522283175
0	6.666666666666667	6.666666666666667	200	12	12162996638670718282	31	15501	16000	500	500	-1829.7087379322884	54.183714939326222	453042	600000	0	0	274.12042517508462	571.37899518390805	0.84901095305269969
0	6.666666666666667	6.666666666666667	200	12	12162996638670718282	32	16001	16500	500	500	-1814.7443410182143	54.405007598950107	453506	600000	0	0	268.80217598576769	514.16513396955759	0.015554340651655632
0	6.666666666666667	6.666666666666667	200	12	12162996638670718282	33	16501	17000	500	500	-1822.1018498810818	55.697127479334242	453287	600000	0	0	272.16024268774538	553.36113863203207	1.193498631171507
0	6.666666666666667	6.666666666666667	200	12	12162996638670718282	34	17001	17500	500	500	-1804.94672130863	53.574768216342783	453947	600000	0	0	270.79997910470809	501.81202928630279	0.025865972726843916
0	6.666666666666667	6.666666666666667	200	12	12162996638670718282	35	17501	18000	500	500	-1826.1764029414271	55.403062736184125	453443	600000	0	0	260.79816238372428	523.22995004599784	3.273464056020039
0	6.666666666666667	6.666666666666667	200	12	12162996638670718282	36	18001	18500	500	500	-1782.9478390891002	54.603502786065526	452987	600000	0	0	277.76284195231523	480.71762178301805	1.0077711319807705
0	6.666666666666667	6.666666666666667	200	12	12162996638670718282	37	18501	19000	500	500	-1828.8662530692102	54.546824109812839	452868	600000	0	0	280.61971109952026	478.67305804963553	0.29259260849584362
0	6.666666666666667	6.666666666666667	200	12	12162996638670718282	38	19001	19500	500	500	-1890.2473317867193	54.318710258153807	451681	600000	0	0	266.99447820263754	534.32250185451574	1.0038780027051122
0	6.666666666666667	6.666666666666667	200	12	12162996638670718282	39	19501	20000	500	500	-1867.431130046913	55.254984483092876	453789	600000	0	0	274.65693657865467	487.17772742087942	0.011583811437759229
0	6.666666666666667	6.666666666666667	200	12	12162996638670718282	40	20001	20500	500	500	-1863.1773424538649	55.279754624967893	452544	600000	0	0	278.92038010705005	508.06846680205922	1.1020475144222466
0	6.666666666666667	6.666666666666667	200	12	12162996638670718282	41	20501	21000	500	500	-1803.3191677829784	55.357601683610845	454127	600000	0	0	274.75745337789073	478.33809783361897	0.017515345755432229
0	6.666666666666667	6.666666666666667	200	12	12162996638670718282	42	21001	21500	500	500	-1785.0507442708304	56.746872703882197	453555	600000	0	0	259.36981650146839	490.46787794234814	0.016250978738774565
0	6.666666666666667	6.666666666666667	200	12	12162996638670718282	43	21501	22000	500	500	-1819.461319288479	54.865869338105362	452704	600000	0	0	260.04095774641377	515.68446673065444	0.70379818235093605
0	6.666666666666667	6.666666666666667	200	12	12162996638670718282	44	22001	22500	500	500	-1867.7045168925561	56.241473176380772	454672	600000	0	0	244.7286912130964	542.24588206510782	0.64371512210963588
0	6.666666666666667	6.666666666666667	200	12	12162996638670718282	45	22501	23000	500	500	-1824.7665837198815	54.585856277012269	453135	600000	0	0	265.20853429740578	492.13567505161615	6.6653647612077052
0	6.666666666666667	6.666666666666667	200	12	12162996638670718282	46	23001	23500	500	500	-1773.1525806475051	52.652739498087406	453864	600000	0	0	270.24552850741298	525.00606942137335	0.76130924887859242
0	6.666666666666667	6.666666666666667	200	12	12162996638670718282	47	23501	24000	500	500	-1822.936657195303	54.241179276866092	452152	600000	0	0	277.21299772535588	536.3814710914661	3.0490571047889179
0	6.666666666666667	6.666666666666667	200	12	12162996638670718282	48	24001	24500	500	500	-1819.8208838673149	56.805460275943759	453225	600000	0	0	239.04412164777338	514.15562881855635	0.61663382833133829
0	6.666666666666667	6.666666666666667	200	12	12162996638670718282	49	24501	25000	500	500	-1885.3302488937759	57.712221523980723	453436	600000	0	0	259.27491178537343	543.68463035013588	0.023318486797320629
0	6.666666666666667	6.666666666666667	200	12	12162996638670718282	50	25001	25500	500	500	-1803.5866951908029	55.710306833375562	453255	600000	0	0	264.39559769722234	502.15822720015751	2.9754820618948852
0	6.666666666666667	6.666666666666667	200	12	12162996638670718282	51	25501	26000	500	500	-1874.1722540522533	55.742567886596952	453096	600000	0	0	265.47015428027703	533.88403617545725	0.010952142377331558
0	6.666666666666667	6.666666666666667	200	12	12162996638670718282	52	26001	26500	500	500	-1895.3147874960277	55.789656185322436	454275	600000	0	0	237.48103077109343	583.5035330715109	0.020304281311500898
0	6.666666666666667	6.666666666666667	200	12	12162996638670718282	53	26501	27000	500	500	-1867.2457114799365	56.023053433211452	452364	600000	0	0	261.15008128342839	529.8809542161838	1.7811569581656652
0	6.666666666666667	6.666666666666667	200	12	12162996638670718282	54	27001	27500	500	500	-1769.8919159018355	53.085901822565475	451979	600000	0	0	275.75118835635988	483.39321587104325	1.1864470803677092
0	6.666666666666667	6.666666666666667	200	12	12162996638670718282	55	27501	28000	500	500	-1809.421209969737	55.48048114689297	453032	600000	0	0	280.59018526597862	512.44215423940659	0.023908762665551291
0	6.666666666666667	6.666666666666667	200	12	12162996638670718282	56	28001	28500	500	500	-1787.7747319884143	55.157297430916742	452826	600000	0	0	252.80173625750464	515.73524302040846	3.4953524345283715
0	6.666666666666667	6.666666666666667	200	12	12162996638670718282	57	28501	29000	500	500	-1863.3717216141636	55.362222928969388	453135	600000	0	0	255.17044622690779	534.14168307017542	2.7197663108504151
0	6.666666666666667	6.666666666666667	200	12	12162996638670718282	58	29001	29500	500	500	-1854.4188282471705	54.661325769177203	454389	600000	0	0	265.44922638993228	507.84147271914503	0.01363537501698704
0	6.666666666666667	6.666666666666667	200	12	12162996638670718282	59	29501	30000	500	500	-1828.6478734149293	55.323939293008699	452779	600000	0	0	259.5860464074633	496.9120136817719	0.011723171256761068
0	6.666666666666667	6.666666666666667	200	12	12162996638670718282	60	30001	30500	500	500	-1794.4081656004976	52.483652189436604	452900	600000	0	0	278.52140164755298	480.12929157217474	0.67831904887089656
0	6.666666666666667	6.666666666666667	200	12	12162996638670718282	61	30501	31000	500	500	-1727.1492172222729	52.95587272914247	450132	600000	0	0	247.80747291851137	488.85921550350957	8.9566552044492713
0	6.666666666666667	6.666666666666667	200	12	12162996638670718282	62	31001	31500	500	500	-1861.1114976087736	55.819969155275778	454099	600000	0	0	255.82182906098913	600.95043674158342	0.20160405183251409
0	6.666666666666667	6.666666666666667	200	12	12162996638670718282	63	31501	32000	500	500	-1793.4885656733825	55.307807598646818	453913	600000	0	0	260.34573391894219	602.49084181469289	0.038524096600885585
0	6.666666666666667	6.666666666666667	200	12	12162996638670718282	64	32001	32500	500	500	-1862.2226094411394	55.861167339985577	453048	600000	0	0	262.35227532774746	538.79385611795067	0.83924350882233056
0	6.666666666666667	6.666666666666667	200	12	12162996638670718282	65	32501	33000	500	500	-1761.9006471853641	53.189465636233507	454746	600000	0	0	259.22130877749817	492.11516033160217	1.2385221996637235
0	6.666666666666667	6.666666666666667	200	12	12162996638670718282	66	33001	33500	500	500	-1819.809792143765	53.001719514439003	451904	600000	0	0	267.5151140389508	502.75484276659529	0.092259954337103919
0	6.666666666666667	6.666666666666667	200	12	12162996638670718282	67	33501	34000	500	500	-1964.1759051575864	54.969413817099102	453243	600000	0	0	271.44190281700969	616.26439424374439	0.63038058259476348
0	6.666666666666667	6.666666666666667	200	12	12162996638670718282	68	34001	34500	500	500	-1788.5239658744356	54.918516760542659	452303	600000	0	0	282.70439238427088	478.99048481746706	1.6466024126300438
0	6.666666666666667	6.666666666666667	200	12	12162996638670718282	69	34501	35000	500	500	-1759.3307427281927	54.299640678998088	452721	600000	0	0	251.00701579212824	513.07211758713549	1.8381238953933563
0	6.666666666666667	6.666666666666667	200	12	12162996638670718282	70	35001	35500	500	500	-1854.4132586825533	53.697884694983713	453953	600000	0	0	265.44029620281009	553.19796845120152	0.012671463482175651
0	6.666666666666667	6.666666666666667	200	12	12162996638670718282	71	35501	36000	500	500	-1816.2448826221103	57.043357107056963	455402	600000	0	0	265.40592800129576	535.81957998654457	0.044105949672764752
0	6.666666666666667	6.666666666666667	200	12	12162996638670718282	72	36001	36500	500	500	-1775.0220844406556	55.669453042054492	454827	600000	0	0	243.8506084066872	488.04013523843895	0.0088800299944026915
0	6.666666666666667	6.666666666666667	200	12	12162996638670718282	73	36501	37000	500	500	-1801.0590280452022	55.207632635776754	454555	600000	0	0	264.70799502183053	513.33916853273763	0.004622672835474852
0	6.666666666666667	6.666666666666667	200	12	12162996638670718282	74	37001	37500	500	500	-1817.8909805233689	55.819646686201821	453398	600000	0	0	247.72086044566041	559.84151979259843	0.34884983235821682
0	6.666666666666667	6.666666666666667	200	12	12162996638670718282	75	37501	38000	500	500	-1837.6536635393065	55.933893188577912	453632	600000	0	0	260.89217282655176	562.27799296327817	0.34119137741657973
0	6.666666666666667	6.666666666666667	200	12	12162996638670718282	76	38001	38500	500	500	-1933.7337209973302	56.376859882073276	454628	600000	0	0	248.23655970638282	591.61552208783769	1.55790634043547
0	6.666666666666667	6.666666666666667	200	12	12162996638670718282	77	38501	39000	500	500	-1821.6783447197276	55.557965433088945	454214	600000	0	0	249.08967596582136	516.26082454583582	0.65984156927073756
0	6.666666666666667	6.666666666666667	200	12	12162996638670718282	78	39001	39500	500	500	-1830.4738231811139	55.660571347307418	454273	600000	0	0	258.46368963974635	521.48125817841628	1.4896498764489832
0	6.666666666666667	6.666666666666667	200	12	12162996638670718282	79	39501	40000	500	500	-1860.9422508312182	57.36885889039992	455490	600000	0	0	259.08864734925288	513.47827005665783	0.046884103642572422
0	6.666666666666667	6.666666666666667	200	12	12162996638670718282	80	40001	40500	500	500	-1863.7001034978805	56.1460057624124	453943	600000	0	0	260.19849298861425	582.14676728320387	1.0019533603224529
0	6.666666666666667	6.666666666666667	200	12	12162996638670718282	81	40501	41000	500	500	-1904.8836554832305	54.767730076292629	453306	600000	0	0	252.56187686667843	543.31288856173705	3.7168712461502729
0	6.666666666666667	6.666666666666667	200	12	12162996638670718282	82	41001	41500	500	500	-1885.0310633200329	54.35379108563226	453645	600000	0	0	245.51207453667246	596.92333812840104	0.037060927867363619
0	6.666666666666667	6.666666666666667	200	12	12162996638670718282	83	41501	42000	500	500	-1786.8717747679771	55.265294770863441	453902	600000	0	0	280.67680771365292	509.95791183007111	0.019009622439451663
0	6.666666666666667	6.666666666666667	200	12	12162996638670718282	84	42001	42500	500	500	-1776.1676025976806	54.326822032996994	453188	600000	0	0	260.19013267927045	479.94085641818248	0.0085245497946763865
0	6.666666666666667	6.666666666666667	200	12	12162996638670718282	85	42501	43000	500	500	-1724.4455536499427	54.61054450062008	454536	600000	0	0	275.49434929386354	475.53036895495734	0.11880880372231563
0	6.666666666666667	6.666666666666667	200	12	12162996638670718282	86	43001	43500	500	500	-1807.4824663234847	52.875566167181297	451682	600000	0	0	246.50365841347232	501.63193634207124	5.7450461441099483
0	6.666666666666667	6.666666666666667	200	12	12162996638670718282	87	43501	44000	500	500	-1764.4853324623916	54.479404471462544	452987	600000	0	0	277.43855174629329	467.61144318852445	0.99173490117326124
0	6.666666666666667	6.666666666666667	200	12	12162996638670718282	88	44001	44500	500	500	-1866.5757792598604	55.4330459030109	455222	600000	0	0	286.27533734166138	528.48920164601304	0.95546039779967629
0	6.666666666666667	6.666666666666667	200	12	12162996638670718282	89	44501	45000	500	500	-1759.0480127900662	53.25125910154005	453812	600000	0	0	277.3235793919817	467.95258975571875	0.090224927395407425
0	6.666666666666667	6.666666666666667	200	12	12162996638670718282	90	45001	45500	500	500	-1814.7011331044255	54.984038662180488	453018	600000	0	0	269.04698220639028	508.81669755271184	0.31837762862011681
0	6.666666666666667	6.666666666666667	200	12	12162996638670718282	91	45501	46000	500	500	-1880.0463436565683	56.788340431027201	453569	600000	0	0	269.86715329837375	610.61830174461022	0.049120244399310099
0	6.666666666666667	6.666666666666667	200	12	12162996638670718282	92	46001	46500	500	500	-1856.2673307408481	55.91269417267327	454915	600000	0	0	269.82419438170365	531.42903394039149	0.026125915158965968
0	6.666666666666667	6.666666666666667	200	12	12162996638670718282	93	46501	47000	500	500	-1778.8638296530748	54.315018726316573	453584	600000	0	0	266.00576110535377	488.14959511814465	0.13264777821953919
0	6.666666666666667	6.666666666666667	200	12	12162996638670718282	94	47001	47500	500	500	-1836.7663510112209	53.339061037129071	453609	600000	0	0	267.03011531063362	531.21985967586465	2.6298493701568568
0	6.666666666666667	6.666666666666667	200	12	12162996638670718282	95	47501	48000	500	500	-1746.2083560595786	54.490943385439053	453191	600000	0	0	258.7140578823354	465.50510015158079	0.011981683698117843
0	6.666666666666667	6.666666666666667	200	12	12162996638670718282	96	48001	48500	500	500	-1825.0102011420017	55.448579827215951	451720	600000	0	0	250.46031357669372	540.66651963460697	6.9376026449310837
0	6.666666666666667	6.666666666666667	200	12	12162996638670718282	97	48501	49000	500	500	-1826.3607754655156	54.092910668656842	452011	600000	0	0	251.05098304797238	559.19312852010626	0.34242923979525242
0	6.666666666666667	6.666666666666667	200	12	12162996638670718282	98	49001	49500	500	500	-1784.6661300171488	53.394598220778995	453084	600000	0	0	263.8170210756108	510.29722037940803	2.721209242444584
0	6.666666666666667	6.666666666666667	200	12	12162996638670718282	99	49501	50000	500	500	-1794.4875939670476	54.81482162554142	452242	600000	0	0	263.24112429117639	503.98451884775756	1.4801630586157619
0	6.666666666666667	6.666666666666667	200	13	9238976087555830898	0	1	500	500	500	-1852.5111333095902	57.084575327135084	454993	600000	0	0	274.07890697376428	524.89906600740903	0.0098163227112600393
0	6.666666666666667	6.666666666666667	200	13	9238976087555830898	1	501	1000	500	500	-1876.8878261424175	55.249371882092923	453691	600000	0	0	266.60915225567226	540.64581158818521	0.0099260802849623127
0	6.666666666666667	6.666666666666667	200	13	9238976087555830898	2	1001	1500	500	500	-1834.9991244360103	56.483573978230261	454491	600000	0	0	269.92930529868056	498.02032655769801	0.089396012734919247
0	6.666666666666667	6.666666666666667	200	13	9238976087555830898	3	1501	2000	500	500	-1791.997943991943	54.823793358490612	452865	600000	0	0	260.0367182168074	486.05510586205298	0.020390523677935032
0	6.666666666666667	6.666666666666667	200	13	9238976087555830898	4	2001	2500	500	500	-1818.4185652655121	52.636529109846087	448911	600000	0	0	239.64524596368247	561.24780305432159	12.73704673016746
0	6.666666666666667	6.666666666666667	200	13	9238976087555830898	5	2501	3000	500	500	-1908.7224100484179	54.853146467734931	454051	600000	0	0	249.10125967706142	593.92276450927181	1.3028283586827933
0	6.666666666666667	6.666666666666667	200	13	9238976087555830898	6	3001	3500	500	500	-1795.3946056673778	54.92434573140757	453212	600000	0	0	262.94935993745582	478.92003025175188	0.077923750003641268
0	6.666666666666667	6.666666666666667	200	13	9238976087555830898	7	3501	4000	500	500	-1824.5649401732953	54.839759507874589	453156	600000	0	0	262.51401385046262	496.93308569030364	0.78165784756591383
0	6.666666666666667	6.666666666666667	200	13	9238976087555830898	8	4001	4500	500	500	-1861.432409887334	55.320807911547355	454044	600000	0	0	263.57720012934465	512.86603350626865	-0.00050507176145080004
0	6.666666666666667	6.666666666666667	200	13	9238976087555830898	9	4501	5000	500	500	-1785.6043988661725	56.004179005271688	453247	600000	0	0	264.25775107440228	472.54976379252349	2.1088434543511907
0	6.666666666666667	6.666666666666667	200	13	9238976087555830898	10	5001	5500	500	500	-1819.9951327681315	54.503099758682232	454476	600000	0	0	296.89955062951208	507.42404922078885	0.33486854917922565
0	6.666666666666667	6.666666666666667	200	13	9238976087555830898	11	5501	6000	500	500	-1817.3401429900098	54.788223095489322	453049	600000	0	0	253.74459152624664	530.30235572829145	0.017090921957788042
0	6.666666666666667	6.666666666666667	200	13	9238976087555830898	12	6001	6500	500	500	-1785.1086505471233	55.071791228656174	453333	600000	0	0	258.84408499817579	490.99272413204591	2.6606679848422838
0	6.666666666666667	6.666666666666667	200	13	9238976087555830898	13	6501	7000	500	500	-1803.1845721817854	55.616706704747386	455029	600000	0	0	264.03434586360049	519.57460763964684	0.043143191663276417
0	6.666666666666667	6.666666666666667	200	13	9238976087555830898	14	7001	7500	500	500	-1797.5116088471259	56.511228869893721	454226	600000	0	0	261.26037247883085	549.52180948457294	0.016268289176535923
0	6.666666666666667	6.666666666666667	200	13	9238976087555830898	15	7501	8000	500	500	-1801.8069896881966	56.449493338877183	453964	600000	0	0	259.45509929154076	487.05442846793613	0.020150481198296735
0	6.666666666666667	6.666666666666667	200	13	9238976087555830898	16	8001	8500	500	500	-1796.6780684364946	55.141685902771464	452168	600000	0	0	260.26851510691279	497.08974952777976	3.1648383788534278
0	6.666666666666667	6.666666666666667	200	13	9238976087555830898	17	8501	9000	500	500	-1842.6465683692074	56.657650834430498	453952	600000	0	0	265.62368800245923	567.69267081183568	0.013683925404114079
0	6.666666666666667	6.666666666666667	200	13	9238976087555830898	18	9001	9500	500	500	-1853.0921706640622	54.679301615235204	454310	600000	0	0	254.15763356273541	541.52135124721678	0.37648630419521267
0	6.666666666666667	6.666666666666667	200	13	9238976087555830898	19	9501	10000	500	500	-1829.3544857202569	57.09521567781497	454820	600000	0	0	259.06526079147989	531.47475832713394	0.014829445134861863
0	6.666666666666667	6.666666666666667	200	13	9238976087555830898	20	10001	10500	500	500	-1823.7894084285003	52.756702609880954	453944	600000	0	0	271.64645301796617	514.32167312229114	0.013161162542772747
0	6.666666666666667	6.666666666666667	200	13	9238976087555830898	21	10501	11000	500	500	-1837.3756846797005	56.403871360209209	455193	600000	0	0	255.19112149734286	515.41489610665565	-0.0053748606583150799
0	6.666666666666667	6.666666666666667	200	13	9238976087555830898	22	11001	11500	500	500	-1867.7583644036897	54.823296373833088	452943	600000	0	0	264.93935953805197	540.61525467881916	0.010929531657484415
0	6.666666666666667	6.666666666666667	200	13	9238976087555830898	23	11501	12000	500	500	-1839.2290245449403	55.698111832101162	452500	600000	0	0	268.20169787619142	562.14482079327615	2.6043598325019803
0	6.666666666666667	6.666666666666667	200	13	9238976087555830898	24	12001	12500	500	500	-1795.8341742237176	56.455104347868321	454689	600000	0	0	237.63664113677925	521.44114249311792	0.050939380533731766
0	6.666666666666667	6.666666666666667	200	13	9238976087555830898	25	12501	13000	500	500	-1808.794276390556	54.437065330657795	453724	600000	0	0	289.64325449143735	485.54691436920274	0.48050585878161589
0	6.666666666666667	6.666666666666667	200	13	9238976087555830898	26	13001	13500	500	500	-1868.8194375085552	56.772072608174014	453655	600000	0	0	266.35406365560806	622.94197587388987	0.0086978958494520267
0	6.666666666666667	6.666666666666667	200	13	9238976087555830898	27	13501	14000	500	500	-1791.7989356534442	53.99919846006847	452178	600000	0	0	271.22495012905739	550.85229052585237	1.7967789762239401
0	6.666666666666667	6.666666666666667	200	13	9238976087555830898	28	14001	14500	500	500	-1842.2443819734315	54.279765134664132	453950	600000	0	0	249.31510402133159	530.28703883043192	0.0029106573210796304
0	6.666666666666667	6.666666666666667	200	13	9238976087555830898	29	14501	15000	500	500	-1921.1104555233769	59.192124479378975	454825	600000	0	0	234.26200441624593	604.64974940198988	0.034835168892843785
0	6.666666666666667	6.666666666666667	200	13	9238976087555830898	30	15001	15500	500	500	-1850.3338861069903	54.794548567161407	454379	600000	0	0	262.12759661856433	510.5955128462175	2.9007430046966509
0	6.666666666666667	6.666666666666667	200	13	9238976087555830898	31	15501	16000	500	500	-1816.0333416552107	55.193191870281886	453860	600000	0	0	275.77470282564036	507.07968569179388	0.0352136776222116
0	6.666666666666667	6.666666666666667	200	13	9238976087555830898	32	16001	16500	500	500	-1783.047352786876	54.794687130681965	451995	600000	0	0	242.99637588700517	556.93471796181007	12.103728896182073
0	6.666666666666667	6.666666666666667	200	13	9238976087555830898	33	16501	17000	500	500	-1802.1457093759918	53.676101993524725	453255	600000	0	0	253.28713925270858	515.97551146421233	0.052012891891615641
0	6.666666666666667	6.666666666666667	200	13	9238976087555830898	34	17001	17500	500	500	-1790.8443995461002	53.526579846593769	451617	600000	0	0	253.05046098353327	538.48957095238723	7.1951575232306553
0	6.666666666666667	6.666666666666667	200	13	9238976087555830898	35	17501	18000	500	500	-1877.4828846100031	54.66823970916397	453435	600000	0	0	275.29185868575502	530.31632501033448	2.034085877720988
0	6.666666666666667	6.666666666666667	200	13	9238976087555830898	36	18001	18500	500	500	-1804.3690388785053	54.5715645555157	453295	600000	0	0	263.36482648857981	487.31866572757019	0.014705739387236162
0	6.666666666666667	6.666666666666667	200	13	9238976087555830898	37	18501	19000	500	500	-1781.9755706610383	54.970921578920432	453090	600000	0	0	266.79257584687355	507.21355726598415	0.33244872562756939
0	6.666666666666667	6.666666666666667	200	13	9238976087555830898	38	19001	19500	500	500	-1831.6283082368666	55.649129143200426	454083	600000	0	0	272.91346459102459	496.94016438970488	0.0050207354869026537
0	6.666666666666667	6.666666666666667	200	13	9238976087555830898	39	19501	20000	500	500	-1757.6812840750804	54.548701450406455	455201	600000	0	0	272.55809502948148	469.53242992199768	0.011930658931873778
0	6.666666666666667	6.666666666666667	200	13	9238976087555830898	40	20001	20500	500	500	-1835.8016889752428	55.477371694496824	454073	600000	0	0	242.31573444013617	515.18599264294619	0.0086961982040196315
0	6.666666666666667	6.666666666666667	200	13	9238976087555830898	41	20501	21000	500	500	-1826.5497135942137	55.108674611721398	453547	600000	0	0	277.70914926420778	502.96651505933983	0.020896863615798015
0	6.666666666666667	6.666666666666667	200	13	9238976087555830898	42	21001	21500	500	500	-1777.5850539897808	55.575891708556142	455016	600000	0	0	264.60357816191976	501.3237432611536	0.1177834855223278
0	6.666666666666667	6.666666666666667	200	13	9238976087555830898	43	21501	22000	500	500	-1798.0213349786932	54.862122002119222	453645	600000	0	0	269.69742674195669	478.82111994643935	1.2371362447606202
0	6.666666666666667	6.666666666666667	200	13	9238976087555830898	44	22001	22500	500	500	-1767.803081622144	53.152408147141742	452443	600000	0	0	260.39082517773556	526.48466530567384	1.8457569253868722
0	6.666666666666667	6.666666666666667	200	13	9238976087555830898	45	22501	23000	500	500	-1861.6930616421539	56.380686964580704	455710	600000	0	0	256.95315138892192	486.74713651555362	0.062083882137069231
0	6.666666666666667	6.666666666666667	200	13	9238976087555830898	46	23001	23500	500	500	-1786.2641859843211	54.050306177992553	453298	600000	0	0	279.6817260760713	479.49172420367086	0.0029415958772117082
0	6.666666666666667	6.666666666666667	200	13	9238976087555830898	47	23501	24000	500	500	-1813.7348246991412	54.994847239876002	453200	600000	0	0	250.61125494716418	510.04953674456482	0.022960249024439952
0	6.666666666666667	6.666666666666667	200	13	9238976087555830898	48	24001	24500	500	500	-1800.4385174861761	53.755398453006663	450380	600000	0	0	262.37523345503621	501.21349734025551	2.4294739084972958
0	6.666666666666667	6.666666666666667	200	13	9238976087555830898	49	24501	25000	500	500	-1796.4685003418115	54.809835885827795	453506	600000	0	0	248.81712674099208	573.89924281128697	0.0077441422157728647
0	6.666666666666667	6.666666666666667	200	13	9238976087555830898	50	25001	25500	500	500	-1807.9817830282464	56.994542896993984	454857	600000	0	0	254.79537551639092	545.36091717645206	0.022760242868606877
0	6.666666666666667	6.666666666666667	200	13	9238976087555830898	51	25501	26000	500	500	-1822.2185232860024	54.420200541825679	453854	600000	0	0	259.46057055005707	520.67624964192441	0.024675469607843861
0	6.666666666666667	6.666666666666667	200	13	9238976087555830898	52	26001	26500	500	500	-1854.8797331046426	56.148656060602839	453497	600000	0	0	258.22334686901041	526.9987386510694	0.029546140371127693
0	6.666666666666667	6.666666666666667	200	13	9238976087555830898	53	26501	27000	500	500	-1815.4093110085973	56.081160670565801	453522	600000	0	0	247.40352580465878	511.76067047790804	0.018142345838189265
0	6.666666666666667	6.666666666666667	200	13	9238976087555830898	54	27001	27500	500	500	-1918.4589649987893	55.846902021389042	453017	600000	0	0	269.52351680960294	565.96139690242546	0.049289374218042512
0	6.666666666666667	6.666666666666667	200	13	9238976087555830898	55	27501	28000	500	500	-1846.8248828096407	55.503844195135621	453496	600000	0	0	272.68481378880955	538.74605139875212	1.9265290338404022
0	6.666666666666667	6.666666666666667	200	13	9238976087555830898	56	28001	28500	500	500	-1885.0390727290114	56.680670394443389	455372	600000	0	0	268.57492588432126	607.50214211923515	0.018830676267045023
0	6.666666666666667	6.666666666666667	200	13	9238976087555830898	57	28501	29000	500	500	-1845.7944008434499	55.497040712821146	454678	600000	0	0	274.77946027305427	510.8373420767324	0.24386486784691028
0	6.666666666666667	6.666666666666667	200	13	9238976087555830898	58	29001	29500	500	500	-1893.7675509208873	56.451482474982974	454194	600000	0	0	256.38384108792246	636.84969969492067	0.0080916918944373469
0	6.666666666666667	6.666666666666667	200	13	9238976087555830898	59	29501	30000	500	500	-1863.0563341945601	54.930296811242322	453269	600000	0	0	280.28983268342677	547.05865913571188	0.18988657275879797
0	6.666666666666667	6.666666666666667	200	13	9238976087555830898	60	30001	30500	500	500	-1798.2846914166935	55.14534471890709	453246	600000	0	0	253.72585684942149	493.6932399335297	2.0034833446008831
0	6.666666666666667	6.666666666666667	200	13	9238976087555830898	61	30501	31000	500	500	-1819.4078788058073	55.886410846079443	453857	600000	0	0	270.26757657252455	518.74798320155696	1.2426549102836939
0	6.666666666666667	6.666666666666667	200	13	9238976087555830898	62	31001	31500	500	500	-1789.2756222164073	54.24081098406743	452887	600000	0	0	251.6417050237236	500.55708352148412	0.016320016922750268
0	6.666666666666667	6.666666666666667	200	13	9238976087555830898	63	31501	32000	500	500	-1792.9254872392792	55.389085716119844	454168	600000	0	0	255.8488696985894	525.20370565662961	0.004494639427872921
0	6.666666666666667	6.666666666666667	200	13	9238976087555830898	64	32001	32500	500	500	-1788.8499665955546	54.837512496897503	453047	600000	0	0	252.26525621153502	495.90842183282302	4.4418083237162858
0	6.666666666666667	6.666666666666667	200	13	9238976087555830898	65	32501	33000	500	500	-1777.2704620908253	53.150673413105146	453048	600000	0	0	258.13175532827404	486.17511752308451	2.1765665827758318
0	6.666666666666667	6.666666666666667	200	13	9238976087555830898	66	33001	33500	500	500	-1819.7119593519219	52.914643049897826	453098	600000	0	0	304.35129343373876	492.04049050500021	0.0017566837998786867
0	6.666666666666667	6.666666666666667	200	13	9238976087555830898	67	33501	34000	500	500	-1852.0960462814196	54.154038621775179	454536	600000	0	0	288.03214095094324	503.36497649807029	0.078275970154353294
0	6.666666666666667	6.666666666666667	200	13	9238976087555830898	68	34001	34500	500	500	-1856.4968291757291	55.797542303075268	453688	600000	0	0	260.60089068487753	544.87098390460733	0.83513505424001488
0	6.666666666666667	6.666666666666667	200	13	9238976087555830898	69	34501	35000	500	500	-1840.5188301133617	54.182452514337974	453380	600000	0	0	257.50447507590411	542.87363893404029	0.016046371629211822
0	6.666666666666667	6.666666666666667	200	13	9238976087555830898	70	35001	35500	500	500	-1773.1090934622198	55.975638615689142	453951	600000	0	0	243.70867942442726	517.7111565489065	3.5015269447472863
0	6.666666666666667	6.666666666666667	200	13	9238976087555830898	71	35501	36000	500	500	-1784.915178480994	53.570324232791897	452185	600000	0	0	261.82390040095572	506.83258464573811	3.9966865582278164
0	6.666666666666667	6.666666666666667	200	13	9238976087555830898	72	36001	36500	500	500	-1806.7819281825264	55.304616406758498	453901	600000	0	0	257.78374606086658	518.0566505247541	0.0048612010615797585
0	6.666666666666667	6.666666666666667	200	13	9238976087555830898	73	36501	37000	500	500	-1869.2719096523974	56.556080381630906	454458	600000	0	0	257.60256549553952	496.19584826098679	0.03388926649999921
0	6.666666666666667	6.666666666666667	200	13	9238976087555830898	74	37001	37500	500	500	-1762.1621403483587	53.712948008656468	452693	600000	0	0	267.80892494686429	479.98939167868377	0.83082361820500572
0	6.666666666666667	6.666666666666667	200	13	9238976087555830898	75	37501	38000	500	500	-1792.1354520282027	56.33467463663839	454548	600000	0	0	248.75354774944466	502.0078959633301	1.5510993321461402
0	6.666666666666667	6.666666666666667	200	13	9238976087555830898	76	38001	38500	500	500	-1804.4122369739457	56.407137665689497	454110	600000	0	0	244.39045610477262	627.26080793068024	0.07254694898153892
0	6.666666666666667	6.666666666666667	200	13	9238976087555830898	77	38501	39000	500	500	-1816.1732701608801	54.684250341655286	453087	600000	0	0	253.55973069556461	484.81323957894045	0.021934278612781927
0	6.666666666666667	6.666666666666667	200	13	9238976087555830898	78	39001	39500	500	500	-1809.9401239514434	55.164588055806291	451995	600000	0	0	252.01148145357291	499.25623219684155	4.8042108891072397
0	6.666666666666667	6.666666666666667	200	13	9238976087555830898	79	39501	40000	500	500	-1798.8871689664638	57.320486372876125	454240	600000	0	0	236.68316687600131	519.52809903834736	1.8432400510451572
0	6.666666666666667	6.666666666666667	200	13	9238976087555830898	80	40001	40500	500	500	-1814.5308647337292	53.154343185634666	452654	600000	0	0	251.89288758056756	502.73297641392901	4.1466634030295024
0	6.666666666666667	6.666666666666667	200	13	9238976087555830898	81	40501	41000	500	500	-1863.2440716534877	56.523364273648042	453838	600000	0	0	251.57364359810123	539.12910164205277	0.17816062696315452
0	6.666666666666667	6.666666666666667	200	13	9238976087555830898	82	41001	41500	500	500	-1771.169071585141	54.541688613548516	454123	600000	0	0	257.64623099949961	481.60628708963389	0.040320115847535754
0	6.666666666666667	6.666666666666667	200	13	9238976087555830898	83	41501	42000	500	500	-1806.348582282523	55.17456944686748	454021	600000	0	0	263.12994288041131	478.12323881684273	0.032635135515463341
0	6.666666666666667	6.666666666666667	200	13	9238976087555830898	84	42001	42500	500	500	-1817.0302631976701	55.908793026188313	453973	600000	0	0	271.95875951806164	555.24557255036041	0.013661112597418174
0	6.666666666666667	6.666666666666667	200	13	9238976087555830898	85	42501	43000	500	500	-1838.6910604450327	54.855871121347619	454191	600000	0	0	266.05930666195076	547.92576078837794	0.010522561350773771
0	6.666666666666667	6.666666666666667	200	13	9238976087555830898	86	43001	43500	500	500	-1878.3112268047464	55.715452298599324	455256	600000	0	0	269.53641277166912	567.92718301365369	1.3516944944006288
0	6.666666666666667	6.666666666666667	200	13	9238976087555830898	87	43501	44000	500	500	-1754.704389664231	55.129550196623654	453296	600000	0	0	257.70009977223441	476.17910569155941	0.020845661945730218
0	6.666666666666667	6.666666666666667	200	13	9238976087555830898	88	44001	44500	500	500	-1807.7681371299273	55.801155383980969	453607	600000	0	0	248.62834452530043	533.966682708392	0.67455856483058851
0	6.666666666666667	6.666666666666667	200	13	9238976087555830898	89	44501	45000	500	500	-1829.2533044018935	56.381503087422793	455802	600000	0	0	265.53244911050223	547.27062913616646	0.058327353893156325
0	6.666666666666667	6.666666666666667	200	13	9238976087555830898	90	45001	45500	500	500	-1870.984033423661	56.30171175779855	453552	600000	0	0	258.85153862787348	557.56852025598471	0.73093293620848709
0	6.666666666666667	6.666666666666667	200	13	9238976087555830898	91	45501	46000	500	500	-1856.5199945715071	54.702324885005034	454787	600000	0	0	280.80625275774605	525.6878641634147	1.3299212416012569
0	6.666666666666667	6.666666666666667	200	13	9238976087555830898	92	46001	46500	500	500	-1771.8870139892531	53.057173751027733	451459	600000	0	0	263.90944152636621	497.16932965524813	2.1602334740216729
0	6.666666666666667	6.666666666666667	200	13	9238976087555830898	93	46501	47000	500	500	-1841.2987737158558	53.528510182697772	451797	600000	0	0	270.95354560802986	497.21554254663295	0.65613260598778922
0	6.666666666666667	6.666666666666667	200	13	9238976087555830898	94	47001	47500	500	500	-1813.7802718397345	52.539795144121712	453092	600000	0	0	267.01478164018533	491.11550042784791	1.505298032718329
0	6.666666666666667	6.666666666666667	200	13	9238976087555830898	95	47501	48000	500	500	-1801.4282432356897	54.471074634532151	453144	600000	0	0	251.59360103763694	498.17221440317945	3.7158836124713805
0	6.666666666666667	6.666666666666667	200	13	9238976087555830898	96	48001	48500	500	500	-1836.7316658697141	55.418805797639081	452817	600000	0	0	257.69816520449888	577.96324536130123	3.2862562814146572
0	6.666666666666667	6.666666666666667	200	13	9238976087555830898	97	48501	49000	500	500	-1796.6580274566811	54.140155061937712	452452	600000	0	0	262.99949008713577	530.83201448609896	4.5815324271609921
0	6.666666666666667	6.666666666666667	200	13	9238976087555830898	98	49001	49500	500	500	-1871.7317325782053	57.082665571868418	454555	600000	0	0	267.75245530773088	532.56131021033059	0.2098908489204338
0	6.666666666666667	6.666666666666667	200	13	9238976087555830898	99	49501	50000	500	500	-1904.1390774031286	56.026572964713274	454828	600000	0	0	264.75206635416293	599.21485054794948	0.46369264121258152
0	6.666666666666667	6.666666666666667	200	14	1778408897178048201	0	1	500	500	500	-1846.3171534099322	55.03544396600028	452936	600000	0	0	258.44805059701343	538.92265530831537	0.047401151432048427
0	6.666666666666667	6.666666666666667	200	14	1778408897178048201	1	501	1000	500	500	-1905.6037514471732	54.4842940962196	453187	600000	0	0	270.51631842011471	518.15364343856083	0.058197791282579903
0	6.666666666666667	6.666666666666667	200	14	1778408897178048201	2	1001	1500	500	500	-1798.2100678401391	53.278905505995432	452466	600000	0	0	264.55792343641639	515.29803347495283	2.8153757392386769
0	6.666666666666667	6.666666666666667	200	14	1778408897178048201	3	1501	2000	500	500	-1838.5820296467259	55.867170008994002	455242	600000	0	0	262.69855604574218	517.55223096731231	0.032186383188386618
0	6.666666666666667	6.666666666666667	200	14	1778408897178048201	4	2001	2500	500	500	-1804.8485651514172	53.076889991438868	452916	600000	0	0	282.81207077778777	517.4020669072803	2.2959590778700658
0	6.666666666666667	6.666666666666667	200	14	1778408897178048201	5	2501	3000	500	500	-1820.1768613207414	56.432598631792466	454677	600000	0	0	251.23881020920439	491.35038774719862	0.0080519597949306066
0	6.666666666666667	6.666666666666667	200	14	1778408897178048201	6	3001	3500	500	500	-1851.3931349177765	55.501589594289136	454261	600000	0	0	285.70421851535821	513.26911345073393	0.011084615459747251
0	6.666666666666667	6.666666666666667	200	14	1778408897178048201	7	3501	4000	500	500	-1771.1049989620333	57.288300370363878	455262	600000	0	0	261.5660762278041	488.91350859005553	0.10990394943501526
0	6.666666666666667	6.666666666666667	200	14	1778408897178048201	8	4001	4500	500	500	-1846.0075158974862	54.699428025655656	454502	600000	0	0	254.95174708239705	570.84712112290879	1.5802655122646703
0	6.666666666666667	6.666666666666667	200	14	1778408897178048201	9	4501	5000	500	500	-1830.4693082867559	55.82722267353946	452712	600000	0	0	254.21909138676844	602.18454411235587	2.3291997016847623
0	6.666666666666667	6.666666666666667	200	14	1778408897178048201	10	5001	5500	500	500	-1819.9690373706992	55.38076155544455	454332	600000	0	0	259.73575396991578	503.15368972847222	1.296188525155674
0	6.666666666666667	6.666666666666667	200	14	1778408897178048201	11	5501	6000	500	500	-1885.1122256479041	56.755876286767126	454421	600000	0	0	261.94000582999803	599.9564909135637	0.0081946652398828951
0	6.666666666666667	6.666666666666667	200	14	1778408897178048201	12	6001	6500	500	500	-1843.2629542700463	54.582771806258819	454247	600000	0	0	281.2181136376002	738.59912298221332	0.25394208580261757
0	6.666666666666667	6.666666666666667	200	14	1778408897178048201	13	6501	7000	500	500	-1832.4730607404197	54.006696586516938	453465	600000	0	0	271.34552199198305	542.52129383290207	0.021610740343584626
0	6.666666666666667	6.666666666666667	200	14	1778408897178048201	14	7001	7500	500	500	-1790.1811224499238	54.017330897717031	453443	600000	0	0	264.03154615702738	492.25210960952739	0.0089156166246066194
0	6.666666666666667	6.666666666666667	200	14	1778408897178048201	15	7501	8000	500	500	-1772.1175900637838	55.469576505302548	455642	600000	0	0	235.85674394603529	533.28582139920604	0.0056230755507894609
0	6.666666666666667	6.666666666666667	200	14	1778408897178048201	16	8001	8500	500	500	-1885.5628946650788	56.104420233236702	454813	600000	0	0	255.4153453656337	521.07090540925799	0.38086618994445931
0	6.666666666666667	6.666666666666667	200	14	1778408897178048201	17	8501	9000	500	500	-1832.6286752960825	56.073920116867271	452438	600000	0	0	268.69916743213975	545.44874240384547	0.016625656508560946
0	6.666666666666667	6.666666666666667	200	14	1778408897178048201	18	9001	9500	500	500	-1868.1698035839968	55.101253419783788	453456	600000	0	0	273.21952027088872	524.2146337568737	0.01545663117125331
0	6.666666666666667	6.666666666666667	200	14	1778408897178048201	19	9501	10000	500	500	-1853.4026519082306	55.288153460931014	452057	600000	0	0	242.84510447447258	542.5460360967345	9.6796271966712446
0	6.666666666666667	6.666666666666667	200	14	1778408897178048201	20	10001	10500	500	500	-1859.5226514547164	54.413837321573304	454651	600000	0	0	253.65327216337261	539.82995635784278	0.18946339822589719
0	6.666666666666667	6.666666666666667	200	14	1778408897178048201	21	10501	11000	500	500	-1863.4177357877654	54.618985744485521	453512	600000	0	0	273.84122865265584	529.50030262918278	0.022085228242757972
0	6.666666666666667	6.666666666666667	200	14	1778408897178048201	22	11001	11500	500	500	-1897.3047292332258	57.565435486326287	454340	600000	0	0	255.70877812337594	536.97116525168235	0.10053720600715485
0	6.666666666666667	6.666666666666667	200	14	1778408897178048201	23	11501	12000	500	500	-1804.1914882205531	53.582917163579012	453998	600000	0	0	270.24023724114136	504.5709068461282	0.011763772448184776
0	6.666666666666667	6.666666666666667	200	14	1778408897178048201	24	12001	12500	500	500	-1856.8826745442668	56.958648556357076	454363	600000	0	0	254.23370082423048	519.47149699837291	0.35446869800179787
0	6.666666666666667	6.666666666666667	200	14	1778408897178048201	25	12501	13000	500	500	-1773.3944515575542	52.706858562278697	452445	600000	0	0	251.60343125102247	613.45752714059927	9.3667112355674291
0	6.666666666666667	6.666666666666667	200	14	1778408897178048201	26	13001	13500	500	500	-1901.2538623289286	57.838014758607144	455423	600000	0	0	249.85225451908161	532.84408454408913	0.051679171492987099
0	6.666666666666667	6.666666666666667	200	14	1778408897178048201	27	13501	14000	500	500	-1888.350649800394	56.446923610920351	454879	600000	0	0	265.31195654410101	544.23870525380869	0.01197082453966136
0	6.666666666666667	6.666666666666667	200	14	1778408897178048201	28	14001	14500	500	500	-1904.5322229114199	56.591222489351253	454874	600000	0	0	254.52788502284801	525.45215921373415	0.95377015258075615
0	6.666666666666667	6.666666666666667	200	14	1778408897178048201	29	14501	15000	500	500	-1797.6288982711735	54.792729551992913	453884	600000	0	0	280.39857959039517	505.33700997227419	0.56488188146722706
0	6.666666666666667	6.666666666666667	200	14	1778408897178048201	30	15001	15500	500	500	-1809.5248766761995	55.941483969562732	453485	600000	0	0	276.31887358838878	499.06011653178712	0.041218930965875582
0	6.666666666666667	6.666666666666667	200	14	1778408897178048201	31	15501	16000	500	500	-1835.4205148158035	55.807255317909302	454521	600000	0	0	263.96382137267415	524.02756529912233	0.062873282970194871
0	6.666666666666667	6.666666666666667	200	14	1778408897178048201	32	16001	16500	500	500	-1867.194237357344	54.258045351849674	452918	600000	0	0	274.12067111825519	552.6026424492876	0.0052774753490893887
0	6.666666666666667	6.666666666666667	200	14	1778408897178048201	33	16501	17000	500	500	-1887.0671412913898	54.8117185690651	453745	600000	0	0	271.36769171196141	636.916135544187	0.024008109431377402
0	6.666666666666667	6.666666666666667	200	14	1778408897178048201	34	17001	17500	500	500	-1815.6214280214974	53.506992242267309	450764	600000	0	0	242.05424413559479	535.68761465872547	11.414123028168426
0	6.666666666666667	6.666666666666667	200	14	1778408897178048201	35	17501	18000	500	500	-1814.9117871069627	55.219898794065628	452512	600000	0	0	235.07075257118274	526.38225368308201	6.6312579891919832
0	6.666666666666667	6.666666666666667	200	14	1778408897178048201	36	18001	18500	500	500	-1821.5367182302423	56.704497216277495	453108	600000	0	0	269.38413718763246	494.17336726051337	0.018269710281594565
0	6.666666666666667	6.666666666666667	200	14	1778408897178048201	37	18501	19000	500	500	-1798.6698093653861	54.524782372597677	451930	600000	0	0	275.07416342304487	486.86634668702237	0.065463847574397285
0	6.666666666666667	6.666666666666667	200	14	1778408897178048201	38	19001	19500	500	500	-1849.5518290024725	55.775160894151391	453425	600000	0	0	278.30072098513097	538.35845164084367	0.010650855440699755
0	6.666666666666667	6.666666666666667	200	14	1778408897178048201	39	19501	20000	500	500	-1780.7490741529002	53.716622934802103	453639	600000	0	0	245.06971128968115	519.06062885660344	5.8142881393064272
0	6.666666666666667	6.666666666666667	200	14	1778408897178048201	40	20001	20500	500	500	-1826.7273467643242	54.937310686098442	453792	600000	0	0	281.02404973459164	503.31658546905572	0.016953467774422876
0	6.666666666666667	6.666666666666667	200	14	1778408897178048201	41	20501	21000	500	500	-1856.5566040806232	55.220348907331868	453788	600000	0	0	271.55547772532907	541.07966098444899	0.022208225265328126
0	6.666666666666667	6.666666666666667	200	14	1778408897178048201	42	21001	21500	500	500	-1834.7376515296964	54.931757631832383	454168	600000	0	0	279.92778518581741	544.99210655138961	0.0095011098670866219
0	6.666666666666667	6.666666666666667	200	14	1778408897178048201	43	21501	22000	500	500	-1771.3798043544246	52.052632957084988	451734	600000	0	0	278.55090542589886	469.58785270663941	0.014741936316784368
0	6.666666666666667	6.666666666666667	200	14	1778408897178048201	44	22001	22500	500	500	-1897.3789307703178	55.580981068541639	453737	600000	0	0	268.77425335579426	537.21036685584147	1.6564179075811072
0	6.666666666666667	6.666666666666667	200	14	1778408897178048201	45	22501	23000	500	500	-1949.4861396418742	56.33439154748887	455529	600000	0	0	252.83601913110223	559.25688160792538	1.1838343003486651
0	6.666666666666667	6.666666666666667	200	14	1778408897178048201	46	23001	23500	500	500	-1778.7306653965748	54.791759868532431	452523	600000	0	0	285.03998926784095	477.83940957054966	0.0068284413030711552
0	6.666666666666667	6.666666666666667	200	14	1778408897178048201	47	23501	24000	500	500	-1906.0238057131853	55.047512657994609	452994	600000	0	0	258.78958514640203	549.10582916212468	0.0098712809831672695
0	6.666666666666667	6.666666666666667	200	14	1778408897178048201	48	24001	24500	500	500	-1842.821837014124	57.3293430021617	454164	600000	0	0	249.01738983775283	534.86728243339974	1.9105614317867787
0	6.666666666666667	6.666666666666667	200	14	1778408897178048201	49	24501	25000	500	500	-1781.156905119567	54.746921610124033	453098	600000	0	0	276.92366794352489	495.1865226914162	1.9062848508950341
0	6.666666666666667	6.666666666666667	200	14	1778408897178048201	50	25001	25500	500	500	-1843.2333646180173	54.484827346387448	453638	600000	0	0	268.02798069805249	516.57765394168064	0.014764977336355985
0	6.666666666666667	6.666666666666667	200	14	1778408897178048201	51	25501	26000	500	500	-1805.0765153788486	55.672199453317795	453319	600000	0	0	251.07544752343588	526.4837843345756	3.4301747140084937
0	6.666666666666667	6.666666666666667	200	14	1778408897178048201	52	26001	26500	500	500	-1858.4092697574254	56.284391243900842	454284	600000	0	0	262.1839854437689	546.79036750772536	0.014870618499918123
0	6.666666666666667	6.666666666666667	200	14	1778408897178048201	53	26501	27000	500	500	-1877.7774749266403	57.726220797453806	453972	600000	0	0	255.65796184566318	548.15170909662891	0.13566839438527203
0	6.666666666666667	6.666666666666667	200	14	1778408897178048201	54	27001	27500	500	500	-1841.7855230109312	55.792186112153871	454633	600000	0	0	260.20459416440832	548.06957906615969	0.018030689019233815
0	6.666666666666667	6.666666666666667	200	14	1778408897178048201	55	27501	28000	500	500	-1876.8826773429846	54.483680928194929	453687	600000	0	0	263.79016054227048	576.97573962615616	1.0549961763346107
0	6.666666666666667	6.666666666666667	200	14	1778408897178048201	56	28001	28500	500	500	-1871.6305995007747	55.402664078784134	454179	600000	0	0	272.04026836649916	547.84858200685676	0.038881284214586295
0	6.666666666666667	6.666666666666667	200	14	1778408897178048201	57	28501	29000	500	500	-1796.4600065743793	54.713026347728501	452937	600000	0	0	262.47577651531668	511.50669178897357	3.6473236998640397
0	6.666666666666667	6.666666666666667	200	14	1778408897178048201	58	29001	29500	500	500	-1800.3381264195455	52.472763009261158	453483	600000	0	0	272.51050417939422	469.98838321808665	3.0007888665351192
0	6.666666666666667	6.666666666666667	200	14	1778408897178048201	59	29501	30000	500	500	-1785.0514219756647	53.074873791393465	451576	600000	0	0	263.4899220366068	540.88614548226246	0.48986843422493787
0	6.666666666666667	6.666666666666667	200	14	1778408897178048201	60	30001	30500	500	500	-1860.4451727852559	55.787000228600725	453336	600000	0	0	264.98208049021741	547.21903742041513	0.065791212321098677
0	6.666666666666667	6.666666666666667	200	14	1778408897178048201	61	30501	31000	500	500	-1837.7722936910707	55.252770503969565	453564	600000	0	0	271.16398688405411	522.51809770920715	3.1560266468336011
0	6.666666666666667	6.666666666666667	200	14	1778408897178048201	62	31001	31500	500	500	-1849.7111294623944	56.423000698636308	454508	600000	0	0	269.0227852429577	508.99026564488565	0.0041776596885367044
0	6.666666666666667	6.666666666666667	200	14	1778408897178048201	63	31501	32000	500	500	-1863.5934657657372	56.178895370095496	453777	600000	0	0	273.14849880735341	557.63139576760432	0.015027288053957139
0	6.666666666666667	6.666666666666667	200	14	1778408897178048201	64	32001	32500	500	500	-1862.5310461695967	55.225263295182685	454658	600000	0	0	260.72305378843811	527.41873471538383	0.85285480544469283
0	6.666666666666667	6.666666666666667	200	14	1778408897178048201	65	32501	33000	500	500	-1746.9521600669045	55.542847833295809	453531	600000	0	0	258.10865020657366	489.89968835246799	0.021410303289559604
0	6.666666666666667	6.666666666666667	200	14	1778408897178048201	66	33001	33500	500	500	-1755.5150389104601	55.035886159756593	452785	600000	0	0	274.76167005717508	475.06394307700612	0.80143839602399403
0	6.666666666666667	6.666666666666667	200	14	1778408897178048201	67	33501	34000	500	500	-1863.0693419589527	54.08010761017519	452924	600000	0	0	270.79905769912693	520.91444027114187	0.031167220521043676
0	6.666666666666667	6.666666666666667	200	14	1778408897178048201	68	34001	34500	500	500	-1880.7514944887084	54.729040863672047	453729	600000	0	0	272.92224355366784	570.13245380253352	2.482071507994696
0	6.666666666666667	6.666666666666667	200	14	1778408897178048201	69	34501	35000	500	500	-1799.8801680701947	56.572114151881983	455172	600000	0	0	272.31561436866616	491.17360556227817	0.045950037894268166
0	6.666666666666667	6.666666666666667	200	14	1778408897178048201	70	35001	35500	500	500	-1834.228943183115	56.243567116222742	452951	600000	0	0	237.55335223894798	570.26025818894584	1.5605585370282458
0	6.666666666666667	6.666666666666667	200	14	1778408897178048201	71	35501	36000	500	500	-1816.6610315183693	54.49731337127173	453262	600000	0	0	270.90933955432439	494.98469683947417	0.0044112790986415382
0	6.666666666666667	6.666666666666667	200	14	1778408897178048201	72	36001	36500	500	500	-1788.1676554624514	55.286056274468308	453503	600000	0	0	269.95909703477065	503.18296854410818	1.4287212627537922
0	6.666666666666667	6.666666666666667	200	14	1778408897178048201	73	36501	37000	500	500	-1881.2490016605575	56.112387893537573	454018	600000	0	0	273.65983154741429	577.01978369006883	0.004205225656935309
0	6.666666666666667	6.666666666666667	200	14	1778408897178048201	74	37001	37500	500	500	-1885.2622539543033	53.611671622993519	453023	600000	0	0	286.77818477634946	526.39989142815932	0.055535087762365216
0	6.666666666666667	6.666666666666667	200	14	1778408897178048201	75	37501	38000	500	500	-1861.7782381189411	55.629031321650629	454431	600000	0	0	275.09593559353556	517.33905403795814	0.065767325275576535
0	6.666666666666667	6.666666666666667	200	14	1778408897178048201	76	38001	38500	500	500	-1779.3923947010346	55.207065625485619	452596	600000	0	0	258.29362076672567	496.55313530611653	0.020983619198408465
0	6.666666666666667	6.666666666666667	200	14	1778408897178048201	77	38501	39000	500	500	-1939.366900601746	55.273909935659589	453844	600000	0	0	265.81669214394861	561.80177698218893	0.020479086101930867
0	6.666666666666667	6.666666666666667	200	14	1778408897178048201	78	39001	39500	500	500	-1893.8113833837103	54.129091294335126	454275	600000	0	0	270.53913568723505	527.26182033375198	0.019892914006377972
0	6.666666666666667	6.666666666666667	200	14	1778408897178048201	79	39501	40000	500	500	-1880.7893374198145	55.735963620732988	453592	600000	0	0	271.51079657096665	530.9565991523358	0.0080398710884221364
0	6.666666666666667	6.666666666666667	200	14	1778408897178048201	80	40001	40500	500	500	-1811.8303393908211	54.398873519698412	454238	600000	0	0	278.28319776571794	475.80614384137476	0.017251629966076685
0	6.666666666666667	6.666666666666667	200	14	1778408897178048201	81	40501	41000	500	500	-1745.9286671048205	51.723366787457444	450387	600000	0	0	254.38670500764869	521.80805222020217	14.689934657058448
0	6.666666666666667	6.666666666666667	200	14	1778408897178048201	82	41001	41500	500	500	-1869.6496176965602	54.28902150555848	454491	600000	0	0	268.62428288064677	508.56594196919423	0.045076690305450424
0	6.666666666666667	6.666666666666667	200	14	1778408897178048201	83	41501	42000	500	500	-1857.9137937738085	55.739466257504105	453430	600000	0	0	271.76636273904813	542.38109226587892	0.037239724748209628
0	6.666666666666667	6.666666666666667	200	14	1778408897178048201	84	42001	42500	500	500	-1856.1585267127543	56.022172985534382	453300	600000	0	0	252.0091515676711	538.74744787735744	0.0099865378950490524
0	6.666666666666667	6.666666666666667	200	14	1778408897178048201	85	42501	43000	500	500	-1803.6333489311407	52.782580718666942	453260	600000	0	0	256.44639466159572	496.31508543960507	0.99717942826004313
0	6.666666666666667	6.666666666666667	200	14	1778408897178048201	86	43001	43500	500	500	-1807.001222623951	56.388771720407853	453198	600000	0	0	259.39882319055863	529.55044161439673	2.5860481776520889
0	6.666666666666667	6.666666666666667	200	14	1778408897178048201	87	43501	44000	500	500	-1775.2889100477817	56.015886470984441	454179	600000	0	0	250.1103937333248	547.67800620524167	0.20324379517410088
0	6.666666666666667	6.666666666666667	200	14	1778408897178048201	88	44001	44500	500	500	-1767.6143489936212	53.720813055699601	452871	600000	0	0	276.01564037219862	499.16551581662429	0.01144646563822148
0	6.666666666666667	6.666666666666667	200	14	1778408897178048201	89	44501	45000	500	500	-1811.1139637905419	53.366168712387967	453460	600000	0	0	254.35226941475401	515.01031001375691	0.33961259303142549
0	6.666666666666667	6.666666666666667	200	14	1778408897178048201	90	45001	45500	500	500	-1705.4552797324141	53.626647492284697	453345	600000	0	0	258.03199220416525	472.34146451732266	0.001534031439687715
0	6.666666666666667	6.666666666666667	200	14	1778408897178048201	91	45501	46000	500	500	-1869.5036767654417	56.861580806322408	454848	600000	0	0	266.0476952109571	527.87038810814579	0.0061573005903533167
0	6.666666666666667	6.666666666666667	200	14	1778408897178048201	92	46001	46500	500	500	-1824.6216217693238	56.570503962913904	453459	600000	0	0	227.32973265463173	575.61592133451859	0.33860676550725838
0	6.666666666666667	6.666666666666667	200	14	1778408897178048201	93	46501	47000	500	500	-1826.1883481828888	54.615875087268357	452837	600000	0	0	267.96032910230696	523.00648216855063	1.6986807608576457
0	6.666666666666667	6.666666666666667	200	14	1778408897178048201	94	47001	47500	500	500	-1769.6666521681113	54.578614127770592	453216	600000	0	0	259.04059447203599	496.61390360739114	3.1784281886432542
0	6.666666666666667	6.666666666666667	200	14	1778408897178048201	95	47501	48000	500	500	-1883.8090860051459	57.31826205472926	455453	600000	0	0	259.20966171623695	525.55231180267594	0.016194739771565516
0	6.666666666666667	6.666666666666667	200	14	1778408897178048201	96	48001	48500	500	500	-1896.9170340768032	53.947784117829492	452580	600000	0	0	306.17249127135761	536.37329294299752	0.020930922916318935
0	6.666666666666667	6.666666666666667	200	14	1778408897178048201	97	48501	49000	500	500	-1805.7569610313897	55.212434673240075	453441	600000	0	0	285.55195775416922	486.44488784308214	0.022745589655463062
0	6.666666666666667	6.666666666666667	200	14	1778408897178048201	98	49001	49500	500	500	-1841.7627139232732	56.925758568964753	454602	600000	0	0	250.1946279578026	492.2954612374225	0.04323434076947668
0	6.666666666666667	6.666666666666667	200	14	1778408897178048201	99	49501	50000	500	500	-1745.3246610283074	53.048916325498908	450840	600000	0	0	271.98390858757966	469.79949885660369	4.1444928574961608
0	6.666666666666667	6.666666666666667	200	15	17773684519375945441	0	1	500	500	500	-1828.8739340894774	56.815125671571529	453415	600000	0	0	243.96648628232296	541.94357912717294	1.7284568896593913
0	6.666666666666667	6.666666666666667	200	15	17773684519375945441	1	501	1000	500	500	-1811.7067854934476	55.198907646753341	453882	600000	0	0	281.66583832506865	501.8183145695175	0.014154105993931151
0	6.666666666666667	6.666666666666667	200	15	17773684519375945441	2	1001	1500	500	500	-1861.6506827785483	55.83567052051874	453915	600000	0	0	254.06108469452775	568.55923775213967	0.52316124252545015
0	6.666666666666667	6.666666666666667	200	15	17773684519375945441	3	1501	2000	500	500	-1906.6757026785813	54.223524602697694	453657	600000	0	0	256.09901760477879	563.45536764438896	0.4720243012266197
0	6.666666666666667	6.666666666666667	200	15	17773684519375945441	4	2001	2500	500	500	-1830.8866301865346	56.308016177954073	454649	600000	0	0	262.08985554186086	518.82043134860737	1.2630224133771275
0	6.666666666666667	6.666666666666667	200	15	17773684519375945441	5	2501	3000	500	500	-1806.0956112223453	55.549826909795499	455038	600000	0	0	256.65312292773893	516.42646065447059	0.010407874568008251
0	6.666666666666667	6.666666666666667	200	15	17773684519375945441	6	3001	3500	500	500	-1830.9554826586525	55.551715313244145	452896	600000	0	0	278.14014374745921	501.64347705845296	0.035834320214517559
0	6.666666666666667	6.666666666666667	200	15	17773684519375945441	7	3501	4000	500	500	-1819.4568070690189	54.096513161907566	451362	600000	0	0	267.50508392475268	514.02438998933576	5.363296211763271
0	6.666666666666667	6.666666666666667	200	15	17773684519375945441	8	4001	4500	500	500	-1881.0642732149802	55.211556874522941	454722	600000	0	0	264.9663302368852	552.72448226187271	0.063773609380700785
0	6.666666666666667	6.666666666666667	200	15	17773684519375945441	9	4501	5000	500	500	-1877.7771831434172	55.735021503315139	452969	600000	0	0	248.39600796649989	568.65960512993627	0.014941234402675618
0	6.666666666666667	6.666666666666667	200	15	17773684519375945441	10	5001	5500	500	500	-1903.5880901796891	55.128692256590583	453507	600000	0	0	295.88684321654171	519.2366434359833	0.015781542370681752
0	6.666666666666667	6.666666666666667	200	15	17773684519375945441	11	5501	6000	500	500	-1873.3121120127157	54.268609534558387	453324	600000	0	0	268.1786720276321	556.51662578983053	5.5329876690763244
0	6.666666666666667	6.666666666666667	200	15	17773684519375945441	12	6001	6500	500	500	-1948.8863137017293	55.11372177506027	452924	600000	0	0	264.34625258574448	622.19798006193366	3.4314225333136403
0	6.666666666666667	6.666666666666667	200	15	17773684519375945441	13	6501	7000	500	500	-1877.3414781047636	53.835244075039569	452319	600000	0	0	286.18695571915879	549.7894164906628	0.0066921628009795394
0	6.666666666666667	6.666666666666667	200	15	17773684519375945441	14	7001	7500	500	500	-1869.1068026873959	54.734410699191052	454188	600000	0	0	281.18407083211167	488.75719970054359	0.01884968960521307
0	6.666666666666667	6.666666666666667	200	15	17773684519375945441	15	7501	8000	500	500	-1863.7103696089398	54.848015064837703	452367	600000	0	0	260.79694988687612	597.01345988653952	0.014125479444754967
0	6.666666666666667	6.666666666666667	200	15	17773684519375945441	16	8001	8500	500	500	-1823.6778355893748	53.534907654131935	453831	600000	0	0	281.33402822154403	554.70829128322589	1.1543637194114689
0	6.666666666666667	6.666666666666667	200	15	17773684519375945441	17	8501	9000	500	500	-1856.6225680940813	56.078606790861869	453925	600000	0	0	270.10400211688255	518.27185371060636	0.2209195558437288
0	6.666666666666667	6.666666666666667	200	15	17773684519375945441	18	9001	9500	500	500	-1864.5683134295643	53.994504146288627	452941	600000	0	0	269.92170383802795	504.03682412666558	0.01190517806886068
0	6.666666666666667	6.666666666666667	200	15	17773684519375945441	19	9501	10000	500	500	-1888.138669727701	56.518884918496873	453358	600000	0	0	279.25018276048536	525.23433291401284	0.011031563517650812
0	6.666666666666667	6.666666666666667	200	15	17773684519375945441	20	10001	10500	500	500	-1899.6837724310001	57.10951482617979	453739	600000	0	0	249.94784034720118	593.45425330812316	1.5023572710625397
0	6.666666666666667	6.666666666666667	200	15	17773684519375945441	21	10501	11000	500	500	-1899.1563424318895	55.197560830650801	454513	600000	0	0	270.01204725624666	565.83834304151651	1.2067789227019741
0	6.666666666666667	6.666666666666667	200	15	17773684519375945441	22	11001	11500	500	500	-1825.068871484877	56.06649434949248	453856	600000	0	0	250.54620528444363	690.07702617422126	2.3400409949570524
0	6.666666666666667	6.666666666666667	200	15	17773684519375945441	23	11501	12000	500	500	-1808.239949236129	54.388687305902764	453614	600000	0	0	288.77333452929156	496.76411749259648	0.0050450912410725428
0	6.666666666666667	6.666666666666667	200	15	17773684519375945441	24	12001	12500	500	500	-1865.8284810335226	53.534918686228359	452967	600000	0	0	268.59082806660632	564.95740464733512	2.0487616063648604
0	6.666666666666667	6.666666666666667	200	15	17773684519375945441	25	12501	13000	500	500	-1764.06768052446	54.392693595135817	452958	600000	0	0	241.11574189768419	590.15030727388228	0.037511123449081203
0	6.666666666666667	6.666666666666667	200	15	17773684519375945441	26	13001	13500	500	500	-1858.7779563041784	56.874852408608604	454214	600000	0	0	269.01137297295975	509.47990445678812	0.010097590517437013
0	6.666666666666667	6.666666666666667	200	15	17773684519375945441	27	13501	14000	500	500	-1830.5999147686307	53.932734086222233	453309	600000	0	0	268.38185537742436	513.54815823988542	2.030842192174751
0	6.666666666666667	6.666666666666667	200	15	17773684519375945441	28	14001	14500	500	500	-1878.2203413604491	55.1310608529757	455248	600000	0	0	262.11441035720782	554.73901385250838	3.1492209921064718
0	6.666666666666667	6.666666666666667	200	15	17773684519375945441	29	14501	15000	500	500	-1898.0256058245229	57.176053776190578	452092	600000	0	0	255.54042218093878	551.74148725043665	0.006762409990982975
0	6.666666666666667	6.666666666666667	200	15	17773684519375945441	30	15001	15500	500	500	-1823.4248389638026	56.964132900337034	453161	600000	0	0	268.96805216444369	528.44717791140374	0.012047027954368385
0	6.666666666666667	6.666666666666667	200	15	17773684519375945441	31	15501	16000	500	500	-1780.7617783320443	54.709843175975607	452535	600000	0	0	257.57377281175667	493.38879935359574	1.817611052671817
0	6.666666666666667	6.666666666666667	200	15	17773684519375945441	32	16001	16500	500	500	-1870.7817323043312	55.921892744336077	455209	600000	0	0	259.1524391187931	512.26722379904311	0.0096978355999431352
0	6.666666666666667	6.666666666666667	200	15	17773684519375945441	33	16501	17000	500	500	-1860.8407990523099	55.072018194322837	454471	600000	0	0	247.53825594615975	615.14858549081737	0.0089106772109452861
0	6.666666666666667	6.666666666666667	200	15	17773684519375945441	34	17001	17500	500	500	-1916.6640603884111	56.352754919757935	452823	600000	0	0	261.82338441886549	591.3564840625595	0.0082651071089714315
0	6.666666666666667	6.666666666666667	200	15	17773684519375945441	35	17501	18000	500	500	-1830.8281642507995	56.023433270593969	452832	600000	0	0	256.24307033718111	521.41065390737492	1.5376654700231707
0	6.666666666666667	6.666666666666667	200	15	17773684519375945441	36	18001	18500	500	500	-1816.6769614605196	56.155413832287252	453768	600000	0	0	263.3718990580528	516.87113849978596	0.021025338571541263
0	6.666666666666667	6.666666666666667	200	15	17773684519375945441	37	18501	19000	500	500	-1743.6788544302067	53.983683836493682	452897	600000	0	0	258.14694075383579	546.79257600263998	5.5066113410354589
0	6.666666666666667	6.666666666666667	200	15	17773684519375945441	38	19001	19500	500	500	-1755.3483648286765	53.719198095862353	452708	600000	0	0	246.80001094392895	490.9484711418238	5.4754708578743161
0	6.666666666666667	6.666666666666667	200	15	17773684519375945441	39	19501	20000	500	500	-1890.4903418252113	53.158652982206341	453729	600000	0	0	277.81213221304284	601.34073550728499	0.010205985515039252
0	6.666666666666667	6.666666666666667	200	15	17773684519375945441	40	20001	20500	500	500	-1831.7610623609785	55.02433310370359	453887	600000	0	0	258.74066153018617	492.01996904338137	0.34164756991050593
0	6.666666666666667	6.666666666666667	200	15	17773684519375945441	41	20501	21000	500	500	-1847.7100964811607	54.755126815174251	454281	600000	0	0	269.73798431339048	521.35119009534537	0.078340755809639062
0	6.666666666666667	6.666666666666667	200	15	17773684519375945441	42	21001	21500	500	500	-1792.7119348801421	53.982770792079521	452654	600000	0	0	248.7063295867506	496.16702808379762	4.2001763845109013
0	6.666666666666667	6.666666666666667	200	15	17773684519375945441	43	21501	22000	500	500	-1780.2225325318179	53.804521818888269	453558	600000	0	0	258.5936144802838	501.38577527194911	3.2276400743225708
0	6.666666666666667	6.666666666666667	200	15	17773684519375945441	44	22001	22500	500	500	-1863.6669808886425	56.093269925677149	454956	600000	0	0	267.2865340948664	549.58107298896709	0.022713987117562666
0	6.666666666666667	6.666666666666667	200	15	17773684519375945441	45	22501	23000	500	500	-1855.357557749853	55.121972049290989	454761	600000	0	0	265.05080217287815	572.48236773169617	0.015316343723498735
0	6.666666666666667	6.666666666666667	200	15	17773684519375945441	46	23001	23500	500	500	-1881.669071775867	56.930009199911801	454365	600000	0	0	261.133377157486	543.9687612272196	0.48771473158780371
0	6.666666666666667	6.666666666666667	200	15	17773684519375945441	47	23501	24000	500	500	-1784.4948326607403	53.144265058021453	452715	600000	0	0	268.59571370203861	483.49856023896081	3.2889826152839632
0	6.666666666666667	6.666666666666667	200	15	17773684519375945441	48	24001	24500	500	500	-1799.8492456685008	56.78081572211191	453718	600000	0	0	254.92210217042759	547.12164801951451	0.0091360171192707493
0	6.666666666666667	6.666666666666667	200	15	17773684519375945441	49	24501	25000	500	500	-1735.7106608187473	53.297278023342969	452188	600000	0	0	286.66825011326989	475.06702025514386	0.09394691122849877
0	6.666666666666667	6.666666666666667	200	15	17773684519375945441	50	25001	25500	500	500	-1847.3471086804943	55.328824345309634	453266	600000	0	0	283.84452695788906	495.2246322512928	0.6837481288501549
0	6.666666666666667	6.666666666666667	200	15	17773684519375945441	51	25501	26000	500	500	-1924.1061909111122	55.124094588091424	452400	600000	0	0	259.49352314094494	543.10714282422339	5.057697389587549
0	6.666666666666667	6.666666666666667	200	15	17773684519375945441	52	26001	26500	500	500	-1804.4828394777958	56.261027833151871	455311	600000	0	0	263.06462176187551	503.56586910755937	1.1649561975790337
0	6.666666666666667	6.666666666666667	200	15	17773684519375945441	53	26501	27000	500	500	-1902.2286913475878	54.771640863475014	453900	600000	0	0	269.86304661279013	686.7510728150753	0.34446218027502445
0	6.666666666666667	6.666666666666667	200	15	17773684519375945441	54	27001	27500	500	500	-1818.8527405454206	54.91334809047008	453051	600000	0	0	260.63968103067623	540.4036739779682	1.0723830285845215
0	6.666666666666667	6.666666666666667	200	15	17773684519375945441	55	27501	28000	500	500	-1834.2963055492651	55.613381120391757	453530	600000	0	0	284.66625429117954	492.86217145619349	0.10249331371551477
0	6.666666666666667	6.666666666666667	200	15	17773684519375945441	56	28001	28500	500	500	-1886.5194511044037	55.264680877037883	454371	600000	0	0	267.85055760878771	504.81998254934729	0.96386695390295873
0	6.666666666666667	6.666666666666667	200	15	17773684519375945441	57	28501	29000	500	500	-1856.2419735522083	57.710172897386634	454451	600000	0	0	265.08087075983588	508.92126076020475	0.0006060956014258892
0	6.666666666666667	6.666666666666667	200	15	17773684519375945441	58	29001	29500	500	500	-1779.88378776646	53.066960172599458	454158	600000	0	0	290.00027378583144	473.6618491354397	0.018567121930552287
0	6.666666666666667	6.666666666666667	200	15	17773684519375945441	59	29501	30000	500	500	-1862.1607970446437	54.922650418587843	451952	600000	0	0	266.42653150501502	531.87343828767064	1.2319081456558225
0	6.666666666666667	6.666666666666667	200	15	17773684519375945441	60	30001	30500	500	500	-1830.9232913130406	55.319628398710066	453508	600000	0	0	260.17112075054746	507.09476913731788	0.014818489842290446
0	6.666666666666667	6.666666666666667	200	15	17773684519375945441	61	30501	31000	500	500	-1884.1621736640548	54.666564126945339	454367	600000	0	0	266.79764794479672	523.39517318611297	0.52451115546533045
0	6.666666666666667	6.666666666666667	200	15	17773684519375945441	62	31001	31500	500	500	-1756.1895161783498	53.8367026006608	452298	600000	0	0	281.79092642437467	483.82004587365827	0.030855491275765382
0	6.666666666666667	6.666666666666667	200	15	17773684519375945441	63	31501	32000	500	500	-1822.1751331378755	54.257961918811382	452509	600000	0	0	249.37372121240901	489.46079991006468	0.71301149180628098
0	6.666666666666667	6.666666666666667	200	15	17773684519375945441	64	32001	32500	500	500	-1822.793691996666	53.353989363179089	453777	600000	0	0	264.58764589889768	502.92302626563691	0.0064395053305495668
0	6.666666666666667	6.666666666666667	200	15	17773684519375945441	65	32501	33000	500	500	-1796.7313698579294	55.451362477825931	453956	600000	0	0	264.10019901207801	494.81485809404779	0.022402108768821132
0	6.666666666666667	6.666666666666667	200	15	17773684519375945441	66	33001	33500	500	500	-1750.2369470653355	52.846315693044083	453176	600000	0	0	263.16894690560116	519.70948145041984	0.016589295534924244
0	6.666666666666667	6.666666666666667	200	15	17773684519375945441	67	33501	34000	500	500	-1838.26659755932	54.558726879543528	452683	600000	0	0	248.51846587112308	511.99050673309131	4.021558334476806
0	6.666666666666667	6.666666666666667	200	15	17773684519375945441	68	34001	34500	500	500	-1842.2092823098214	56.546789569451015	454696	600000	0	0	251.31522397612889	514.4420322922806	1.8148642086426594
0	6.666666666666667	6.666666666666667	200	15	17773684519375945441	69	34501	35000	500	500	-1798.3466049050212	54.975665933598194	454070	600000	0	0	258.74162669402563	568.5318172399376	0.080911231136585257
0	6.666666666666667	6.666666666666667	200	15	17773684519375945441	70	35001	35500	500	500	-1858.9908068554221	54.509227580473286	452308	600000	0	0	286.65682917105983	578.37333408034692	0.12035436899914169
0	6.666666666666667	6.666666666666667	200	15	17773684519375945441	71	35501	36000	500	500	-1914.0852956376448	56.151558357776871	451995	600000	0	0	264.42664367527567	534.88544395181793	0.013180355020456508
0	6.666666666666667	6.666666666666667	200	15	17773684519375945441	72	36001	36500	500	500	-1883.4802995947009	56.499443319014397	453836	600000	0	0	268.01816049804052	554.03780347726331	0.020399750039117516
0	6.666666666666667	6.666666666666667	200	15	17773684519375945441	73	36501	37000	500	500	-1844.337957443586	54.303519504008904	453843	600000	0	0	270.95058269577595	526.86938938463766	0.010498345692723584
0	6.666666666666667	6.666666666666667	200	15	17773684519375945441	74	37001	37500	500	500	-1907.7601826631001	57.396955214981325	453471	600000	0	0	241.07926551310015	544.34125527015135	1.3400221890903892
0	6.666666666666667	6.666666666666667	200	15	17773684519375945441	75	37501	38000	500	500	-1802.468113857582	55.906713222455778	454640	600000	0	0	266.44583059329608	498.90147490904684	0.043143796523168534
0	6.666666666666667	6.666666666666667	200	15	17773684519375945441	76	38001	38500	500	500	-1823.5397580675162	55.926374036263411	453393	600000	0	0	243.37691268703819	544.05194609747934	1.807780657305893
0	6.666666666666667	6.666666666666667	200	15	17773684519375945441	77	38501	39000	500	500	-1804.1746310781684	56.480631362342677	452061	600000	0	0	267.67146434694138	525.95678025004429	1.6362656069606798
0	6.666666666666667	6.666666666666667	200	15	17773684519375945441	78	39001	39500	500	500	-1900.4350909250556	56.005004420814096	455182	600000	0	0	268.97180029765076	537.26097125737658	0.0058124059756160026
0	6.666666666666667	6.666666666666667	200	15	17773684519375945441	79	39501	40000	500	500	-1806.3650934002337	55.83825001954164	453131	600000	0	0	239.59074449903954	522.18716281164836	3.7584011125899095
0	6.666666666666667	6.666666666666667	200	15	17773684519375945441	80	40001	40500	500	500	-1793.0798961344283	56.636278400467766	454199	600000	0	0	248.84572974525457	528.65637338683132	0.010971090651493024
0	6.666666666666667	6.666666666666667	200	15	17773684519375945441	81	40501	41000	500	500	-1870.644438074688	54.812023247180875	452876	600000	0	0	261.95038544085799	512.98071698733906	0.15195744082960799
0	6.666666666666667	6.666666666666667	200	15	17773684519375945441	82	41001	41500	500	500	-1930.0799964499522	56.294023243303698	454131	600000	0	0	286.3030187351435	570.12641029623205	0.011624190427198616
0	6.666666666666667	6.666666666666667	200	15	17773684519375945441	83	41501	42000	500	500	-1793.0675674427891	54.388439524585969	452539	600000	0	0	272.67806505988221	485.22680087897021	0.71719941098791995
0	6.666666666666667	6.666666666666667	200	15	17773684519375945441	84	42001	42500	500	500	-1820.0818853539236	55.024251799741364	453402	600000	0	0	246.12646720541935	525.44598031662042	1.320735279459996
0	6.666666666666667	6.666666666666667	200	15	17773684519375945441	85	42501	43000	500	500	-1741.6799159367663	52.823081405524206	452927	600000	0	0	273.27699918951612	478.4086985452264	6.4831193681286665
0	6.666666666666667	6.666666666666667	200	15	17773684519375945441	86	43001	43500	500	500	-1806.2245479116752	53.899468426736263	451498	600000	0	0	248.14206304166512	570.7481896064985	6.4656909047211197
0	6.666666666666667	6.666666666666667	200	15	17773684519375945441	87	43501	44000	500	500	-1795.0804860718715	55.327136437639567	454139	600000	0	0	259.23183133612866	486.45598552713835	1.3238611131354674
0	6.666666666666667	6.666666666666667	200	15	17773684519375945441	88	44001	44500	500	500	-1803.9882141719427	55.887342922999785	454000	600000	0	0	252.73876098340867	505.14887193114993	2.0325196034385002
0	6.666666666666667	6.666666666666667	200	15	17773684519375945441	89	44501	45000	500	500	-1796.2348421685649	55.857755322683104	452968	600000	0	0	263.92480470185939	514.92518755900801	0.14878065223166534
0	6.666666666666667	6.666666666666667	200	15	17773684519375945441	90	45001	45500	500	500	-1856.4807937226365	54.820772035467392	453777	600000	0	0	274.45727531745939	545.64251922299172	0.0027410825766436232
0	6.666666666666667	6.666666666666667	200	15	17773684519375945441	91	45501	46000	500	500	-1812.8206202396223	52.922701784626845	454014	600000	0	0	285.53798284236234	461.891907289313	0.11199224301922601
0	6.666666666666667	6.666666666666667	200	15	17773684519375945441	92	46001	46500	500	500	-1861.0457523807477	54.014468098347336	453253	600000	0	0	256.19865175429362	552.30139207169702	0.014271029553610476
0	6.666666666666667	6.666666666666667	200	15	17773684519375945441	93	46501	47000	500	500	-1865.2305792180014	55.048713605563918	452589	600000	0	0	265.8412977733085	580.51085150512597	4.8072701337145638
0	6.666666666666667	6.666666666666667	200	15	17773684519375945441	94	47001	47500	500	500	-1762.9880671258854	53.107435924576578	452101	600000	0	0	269.57343904782658	475.02311525505235	1.0930611074057124
0	6.666666666666667	6.666666666666667	200	15	17773684519375945441	95	47501	48000	500	500	-1783.0330820444578	55.289483207378389	455325	600000	0	0	257.2653025383454	517.33877957526533	0.18503701827144872
0	6.666666666666667	6.666666666666667	200	15	17773684519375945441	96	48001	48500	500	500	-1833.3691354377179	56.168213538509143	454232	600000	0	0	267.79846886848804	509.88267803221504	0.0064287048184243339
0	6.666666666666667	6.666666666666667	200	15	17773684519375945441	97	48501	49000	500	500	-1760.6229669232785	52.969261623322033	453815	600000	0	0	270.53706608977632	488.88571563091114	0.0064138643706767107
0	6.666666666666667	6.666666666666667	200	15	17773684519375945441	98	49001	49500	500	500	-1758.1127477994635	53.36187461558746	453296	600000	0	0	273.65098335950739	510.31978295074094	0.010926648395159987
0	6.666666666666667	6.666666666666667	200	15	17773684519375945441	99	49501	50000	500	500	-1860.4004778637673	55.488971434251404	453490	600000	0	0	266.29834734056607	530.18443230276637	1.0765575299839265
