# replica-bin sums; observable mean = sum_sign_O / sum_sign
# sum_sign_Ehub is the total energy (not per site); sum_sign_D is per site
# Szz/Sperp: N^-1 sum_ij exp[-iq.(ri-rj)] <..>; Q is the staggered momentum, 0 is q=0; nan = q not measured
# lattice=chain Lx=6 Ly=1 n=6 pbc=1 U=4 dtau=0.050000000000000003 nwarm=2000 nmeas=50000 nbin=100 global_update=none global_interval=100
# szz_Q_index=3 szz_0_index=0 sperp_Q_index=3
# columns: beta_index	beta_requested	beta_effective	Ltr	replica_id	seed	bin_id	sweep_begin	sweep_end	count	sum_sign	sum_sign_Ehub	sum_sign_D	local_accepted	local_attempts	global_accepted	global_attempts	sum_sign_Szz_Q	sum_sign_Sperp_Q	sum_sign_Szz_0
0	10	10	200	0	270927104	0	1	500	500	500	-1809.1306132341431	54.714597120440516	423789	600000	0	0	265.91081150824431	515.56522905375107	0.00012465512337611159
0	10	10	200	0	270927104	1	501	1000	500	500	-1839.1372605781048	56.901536950941079	426783	600000	0	0	255.29634115397741	514.18007502495107	3.3915700270959963e-05
0	10	10	200	0	270927104	2	1001	1500	500	500	-1819.6867435869558	54.648169804199107	424816	600000	0	0	265.20630616178391	517.70939947391207	-0.00030903273385528399
0	10	10	200	0	270927104	3	1501	2000	500	500	-1816.0068665410695	54.221435265944287	425529	600000	0	0	267.83003843135134	487.7794529167719	6.0139116466094433e-05
0	10	10	200	0	270927104	4	2001	2500	500	500	-1910.7951407455096	55.388341429345971	425476	600000	0	0	259.73819106047802	570.13308526185506	-0.00026464199773294707
0	10	10	200	0	270927104	5	2501	3000	500	500	-1918.2662721905597	56.510939695111979	425332	600000	0	0	267.89013096451174	590.86552810990577	3.8509132925179192e-05
0	10	10	200	0	270927104	6	3001	3500	500	500	-1858.0780475981346	53.921692685318092	424176	600000	0	0	256.33629678954378	531.80141800188733	6.2325494854382728e-05
0	10	10	200	0	270927104	7	3501	4000	500	500	-1842.7170606956513	55.579935495615779	424108	600000	0	0	275.49520036864476	504.23916310405781	0.00012047066547360429
0	10	10	200	0	270927104	8	4001	4500	500	500	-1761.2414950724517	55.707550856039951	424201	600000	0	0	292.43757267884479	477.24922649119054	0.00094455194389078765
0	10	10	200	0	270927104	9	4501	5000	500	500	-1806.5280462808232	55.115223249774132	426065	600000	0	0	238.59128881913296	500.20323143881564	-1.6821902989173229e-05
0	10	10	200	0	270927104	10	5001	5500	500	500	-1833.2957420261125	54.653820986477271	422637	600000	0	0	277.51493744023679	502.181640393301	1.4254674212424894e-05
0	10	10	200	0	270927104	11	5501	6000	500	500	-1824.6151959865106	56.804087982500093	424520	600000	0	0	251.82227468589207	515.21749321064055	0.0019140084370483921
0	10	10	200	0	270927104	12	6001	6500	500	500	-1848.7352388537072	56.013246733633942	424552	600000	0	0	262.1267810709295	510.31263510355967	-0.00073448118429478174
0	10	10	200	0	270927104	13	6501	7000	500	500	-1876.0438725736608	54.520088866997682	423566	600000	0	0	280.75366294563514	550.56311377766485	9.5270259930689576e-05
0	10	10	200	0	270927104	14	7001	7500	500	500	-1764.9924700451011	53.742701284330423	425919	600000	0	0	268.56648642090232	471.42463911616943	0.0046733622559542503
0	10	10	200	0	270927104	15	7501	8000	500	500	-1842.0197625206627	54.791428054026845	422278	600000	0	0	259.65440240669426	539.4961861674351	0.00010010024905039497
0	10	10	200	0	270927104	16	8001	8500	500	500	-1890.1103568127492	56.625170734737104	423781	600000	0	0	276.06554021600653	524.06218474487491	2.3838340527550573e-05
0	10	10	200	0	270927104	17	8501	9000	500	500	-1821.1757632341612	55.207098892277351	425981	600000	0	0	258.02336526382584	529.51233283956356	5.5191676693963146e-05
0	10	10	200	0	270927104	18	9001	9500	500	500	-1833.4667898292862	55.678918802681324	424865	600000	0	0	263.25671874071526	529.17153814677397	0.00041258108869286997
0	10	10	200	0	270927104	19	9501	10000	500	500	-1876.5350871386534	55.754193652967096	424888	600000	0	0	272.03998672519168	580.9778994438866	6.9113804734790307e-05
0	10	10	200	0	270927104	20	10001	10500	500	500	-1869.7213812389743	53.504627339509803	424053	600000	0	0	261.89547249918155	529.82873256277878	0.00021460844660411282
0	10	10	200	0	270927104	21	10501	11000	500	500	-1816.0739514569802	54.077060215256296	424584	600000	0	0	268.36559189204331	502.35737442661758	0.00010350308704256665
0	10	10	200	0	270927104	22	11001	11500	500	500	-1834.6647460599982	54.220260567006079	425186	600000	0	0	252.23605219685038	553.93513356161463	0.00016833668223299595
0	10	10	200	0	270927104	23	11501	12000	500	500	-1873.336539160249	54.808736473356525	424756	600000	0	0	250.55215945415401	540.41705742101226	-9.6649557830125356e-05
0	10	10	200	0	270927104	24	12001	12500	500	500	-1876.3962009502688	55.492635545368991	425039	600000	0	0	254.52437378031325	536.74851738660755	0.00032026503334643214
0	10	10	200	0	270927104	25	12501	13000	500	500	-1834.7685591615652	54.52663157769382	424467	600000	0	0	275.67932462789827	486.05968995644446	0.00044990873286471927
0	10	10	200	0	270927104	26	13001	13500	500	500	-1830.2126081080389	53.369025504560227	424311	600000	0	0	281.83283740279802	491.86799070160754	0.0002296731853785616
0	10	10	200	0	270927104	27	13501	14000	500	500	-1800.8264006160509	56.009524185274053	423794	600000	0	0	270.34915318402534	505.35161244629836	0.00017443313655808693
0	10	10	200	0	270927104	28	14001	14500	500	500	-1821.6755215513715	54.779137757381676	424281	600000	0	0	276.13886565110386	541.84195054146085	0.00019406232000671625
0	10	10	200	0	270927104	29	14501	15000	500	500	-1872.4265630304085	56.224496993115437	424405	600000	0	0	267.41191577419465	517.74972955564022	-4.3176933646412543e-05
0	10	10	200	0	270927104	30	15001	15500	500	500	-1892.4412616798352	55.197121497849615	424402	600000	0	0	267.6780587230827	598.9025521718811	9.8170163582598127e-05
0	10	10	200	0	270927104	31	15501	16000	500	500	-1898.8594298511557	54.878285969078348	424153	600000	0	0	268.21264066504978	570.91914150602065	0.00010640643154430249
0	10	10	200	0	270927104	32	16001	16500	500	500	-1856.0161483547056	56.595363105357627	424520	600000	0	0	246.37240938909045	508.96328724092803	2.1050168554865266e-05
0	10	10	200	0	270927104	33	16501	17000	500	500	-1917.8679186426639	56.380284964778603	425888	600000	0	0	250.64974296029533	543.3669811421795	0.00060442550397016835
0	10	10	200	0	270927104	34	17001	17500	500	500	-1804.4503262331143	56.358399114675294	425829	600000	0	0	248.5913232325297	508.95103596675074	2.6189477662577273e-05
0	10	10	200	0	270927104	35	17501	18000	500	500	-1789.9846213501239	53.09949202009215	424237	600000	0	0	268.2926707400278	482.70396234764689	0.00010198977181769907
0	10	10	200	0	270927104	36	18001	18500	500	500	-1802.1435485068284	55.122202935212925	425831	600000	0	0	260.25799124591191	526.68021729150189	7.1310895986093228e-05
0	10	10	200	0	270927104	37	18501	19000	500	500	-1846.1213517528777	56.604263480965244	425576	600000	0	0	269.24973385899762	538.35321739101391	0.00011185506716403923
0	10	10	200	0	270927104	38	19001	19500	500	500	-1792.9179697539892	54.664612838463356	423642	600000	0	0	246.95210992163925	487.89437374690766	1.7973503127544661e-05
0	10	10	200	0	270927104	39	19501	20000	500	500	-1794.5748002727735	53.289948177083431	423513	600000	0	0	271.53577833071881	525.82842160938458	5.8706026721875048e-05
0	10	10	200	0	270927104	40	20001	20500	500	500	-1803.3149060692833	55.061086187893324	423851	600000	0	0	273.062273215858	481.71873304217331	0.0024892155022522588
0	10	10	200	0	270927104	41	20501	21000	500	500	-1861.8968290585067	55.485556384018622	423458	600000	0	0	274.19134325474579	495.79449740462127	4.1185748041560721e-05
0	10	10	200	0	270927104	42	21001	21500	500	500	-1780.6292823275503	54.817879283593527	424630	600000	0	0	281.93103495423333	508.23456617582565	5.7865870219130092e-06
0	10	10	200	0	270927104	43	21501	22000	500	500	-1812.1946160072532	53.739869640246809	424966	600000	0	0	272.24335491822222	495.76067059158419	-4.2342925444891078e-05
0	10	10	200	0	270927104	44	22001	22500	500	500	-1906.6271720859343	54.522885099237811	425377	600000	0	0	269.74566783553354	559.36200293531715	0.00073726125956342307
0	10	10	200	0	270927104	45	22501	23000	500	500	-1832.8777595404927	55.929815303218021	424432	600000	0	0	248.80164464014578	512.54520682323175	0.00010214527833181391
0	10	10	200	0	270927104	46	23001	23500	500	500	-1840.1280294818832	55.263907511162557	425265	600000	0	0	250.2384181173029	571.06319498117853	9.8357490278410993e-06
0	10	10	200	0	270927104	47	23501	24000	500	500	-1802.5502038758293	55.651114591528859	424336	600000	0	0	267.95516575246904	523.93653179834064	2.3000088880930398e-06
0	10	10	200	0	270927104	48	24001	24500	500	500	-1915.9084984124174	56.517763912278703	424856	600000	0	0	259.3845773993263	605.56217559382458	0.00035864989035082725
0	10	10	200	0	270927104	49	24501	25000	500	500	-1748.3045724381554	53.878845627097725	425770	600000	0	0	264.95414837114714	476.13759573708637	0.0001359169736123357
0	10	10	200	0	270927104	50	25001	25500	500	500	-1880.5276300221835	56.510447699388301	427127	600000	0	0	282.05757793253088	543.14081246781154	9.3923898433777991e-05
0	10	10	200	0	270927104	51	25501	26000	500	500	-1848.5771185305234	54.939910258456457	423670	600000	0	0	252.37646661263673	522.94202385451229	-3.3926690271158632e-05
0	10	10	200	0	270927104	52	26001	26500	500	500	-1893.9546125605525	55.344288869135184	425384	600000	0	0	272.47180967812119	532.48022456266062	-1.1363349296012051e-05
0	10	10	200	0	270927104	53	26501	27000	500	500	-1792.1006069877687	56.131819847179656	424833	600000	0	0	269.13401973984475	480.83879192033146	9.5011701885643582e-06
0	10	10	200	0	270927104	54	27001	27500	500	500	-1949.9801641055644	56.486401647000214	426282	600000	0	0	252.26857306401146	571.69830615994135	0.00060378408685329171
0	10	10	200	0	270927104	55	27501	28000	500	500	-1779.0720782603619	56.466904440172861	423755	600000	0	0	264.2249873360729	487.14685197001796	1.1277999820492522e-05
0	10	10	200	0	270927104	56	28001	28500	500	500	-1820.7521926297929	54.743047769927067	423237	600000	0	0	261.38583209057617	519.66128757093247	-0.00032118092743183468
0	10	10	200	0	270927104	57	28501	29000	500	500	-1851.7367861832158	57.20365933793822	423740	600000	0	0	250.61936023544553	527.24978011741041	4.8811739222976103e-05
0	10	10	200	0	270927104	58	29001	29500	500	500	-1866.5175059964154	55.244061942970497	425736	600000	0	0	261.69078722887463	541.77497150751026	2.3881805176040331e-05
0	10	10	200	0	270927104	59	29501	30000	500	500	-1902.2392511843764	56.063746262144768	425652	600000	0	0	267.8061982905935	524.8808059837387	4.7037167405821034e-05
0	10	10	200	0	270927104	60	30001	30500	500	500	-1957.2447662025622	55.389604076471301	422990	600000	0	0	272.97356966331012	556.87706458748778	0.00071064839771326231
0	10	10	200	0	270927104	61	30501	31000	500	500	-1847.4148226000723	56.458656523339236	423565	600000	0	0	258.17043771191641	559.39193251588836	0.00012087227798402809
0	10	10	200	0	270927104	62	31001	31500	500	500	-1869.6581563716129	56.402698844287848	424602	600000	0	0	250.37032256432937	535.08542834329978	-5.2269530938062677e-05
0	10	10	200	0	270927104	63	31501	32000	500	500	-1824.4956735952333	56.131802630198102	423878	600000	0	0	248.02659397974091	512.88521959724062	-0.00018768185621893818
0	10	10	200	0	270927104	64	32001	32500	500	500	-1835.0048290589325	54.423223989500414	425110	600000	0	0	248.67757613780472	517.5049769938654	-5.3249488726261495e-06
0	10	10	200	0	270927104	65	32501	33000	500	500	-1796.6843700392931	53.359467647817638	423932	600000	0	0	254.72977277264968	496.92225458461786	1.9697690272057318e-05
0	10	10	200	0	270927104	66	33001	33500	500	500	-1797.6806448543971	54.571939445336945	424113	600000	0	0	253.96334643307065	535.25181070400049	5.1067571977069377e-05
0	10	10	200	0	270927104	67	33501	34000	500	500	-1840.9285824510262	54.26980949584258	422364	600000	0	0	280.21216520442806	509.5158212043641	2.9391787566988588e-05
0	10	10	200	0	270927104	68	34001	34500	500	500	-1885.2847079569376	54.71671266088201	425108	600000	0	0	249.31206348200431	568.72783072054574	0.00031420943595523759
0	10	10	200	0	270927104	69	34501	35000	500	500	-1981.9620816338752	57.603156070956551	425732	600000	0	0	248.32007940762477	716.29689021681577	0.00034073440574734998
0	10	10	200	0	270927104	70	35001	35500	500	500	-1798.1109816557507	54.448711140166679	425118	600000	0	0	262.74233101789804	514.51918322271001	0.00010684454086118748
0	10	10	200	0	270927104	71	35501	36000	500	500	-1904.4967938693449	55.177772692371391	424764	600000	0	0	274.17557690739335	543.50687199905894	8.7468434067395681e-06
0	10	10	200	0	270927104	72	36001	36500	500	500	-1870.4183468594026	54.696609713725465	425280	600000	0	0	294.95617677818137	546.06774839306104	0.0010699568818030437
0	10	10	200	0	270927104	73	36501	37000	500	500	-1831.262322947551	56.057835763959076	424317	600000	0	0	262.36835883194357	536.99518763429762	0.0001756805045649141
0	10	10	200	0	270927104	74	37001	37500	500	500	-1821.4175190247931	57.115505154072586	424018	600000	0	0	259.72331313148129	504.60581730766802	-7.7593741335952946e-06
0	10	10	200	0	270927104	75	37501	38000	500	500	-1807.9295999927831	55.009263441995159	425596	600000	0	0	248.61068850630332	527.48163958236921	0.00068918507261021378
0	10	10	200	0	270927104	76	38001	38500	500	500	-1828.6386727589099	54.942069628518098	424134	600000	0	0	263.81425536494874	496.46483497568624	5.0008121090497113e-05
0	10	10	200	0	270927104	77	38501	39000	500	500	-1830.6877258040718	55.100676201322571	424575	600000	0	0	283.82540164723292	501.80651193642223	-0.00036332782958879256
0	10	10	200	0	270927104	78	39001	39500	500	500	-1801.7059240645633	53.505680169384128	424583	600000	0	0	285.61155267847488	479.40777050706265	0.00015063799548984804
0	10	10	200	0	270927104	79	39501	40000	500	500	-1863.5497927054594	54.349677301771017	424698	600000	0	0	272.29556588876943	548.8094119440284	-5.3046590458990641e-05
0	10	10	200	0	270927104	80	40001	40500	500	500	-1815.9410133698034	54.208679038990702	424212	600000	0	0	265.32663479874572	496.26746414858633	2.3083639982290696e-05
0	10	10	200	0	270927104	81	40501	41000	500	500	-1833.3906446212318	55.603417064244482	424820	600000	0	0	274.62989570537775	571.06911140961415	0.00021573546392071342
0	10	10	200	0	270927104	82	41001	41500	500	500	-1863.5463171064705	54.501038286099302	424503	600000	0	0	284.07808791386424	505.24802037792074	7.6373429842455516e-05
0	10	10	200	0	270927104	83	41501	42000	500	500	-1799.127135371896	54.524458883208617	424142	600000	0	0	273.39212217803976	514.69225090730185	0.00010647498968441647
0	10	10	200	0	270927104	84	42001	42500	500	500	-1900.0425605323228	56.338911198842204	424527	600000	0	0	263.79798349123075	563.07789254855209	0.00024592401156534505
0	10	10	200	0	270927104	85	42501	43000	500	500	-1842.0102065265846	55.030507377901024	424165	600000	0	0	271.32991469350418	534.80955229198878	0.00013616711441899489
0	10	10	200	0	270927104	86	43001	43500	500	500	-1896.0987280700024	55.426752682980954	424438	600000	0	0	260.80202358355211	529.34498873364134	2.9915488798622669e-05
0	10	10	200	0	270927104	87	43501	44000	500	500	-1827.4255941589067	57.58548526260477	426327	600000	0	0	257.07408604728897	521.94374442065202	0.0011924196106145113
0	10	10	200	0	270927104	88	44001	44500	500	500	-1829.7529980751724	54.893763313933476	423880	600000	0	0	269.34649213234309	576.70838379405359	0.00010023925835542343
0	10	10	200	0	270927104	89	44501	45000	500	500	-1750.9078405418209	55.813386840501146	423755	600000	0	0	257.27797064930269	507.74688089257279	0.00039929274450197552
0	10	10	200	0	270927104	90	45001	45500	500	500	-1867.4612134844251	56.114028271868015	424762	600000	0	0	257.63617442647882	524.18927156147947	4.430687085550785e-05
0	10	10	200	0	270927104	91	45501	46000	500	500	-1809.8835370105658	54.703222913907595	424219	600000	0	0	287.75154543225676	470.63768205364511	0.0071481160943039331
0	10	10	200	0	270927104	92	46001	46500	500	500	-1853.0849093577287	54.770419715006469	424154	600000	0	0	268.80619546185216	541.70518475780011	6.9964056136704697e-05
0	10	10	200	0	270927104	93	46501	47000	500	500	-1878.1227428152731	56.116247710153196	424757	600000	0	0	240.08903406719361	544.42781649122867	-3.5221136938182818e-06
0	10	10	200	0	270927104	94	47001	47500	500	500	-1894.3910089162689	55.450376708602249	425802	600000	0	0	274.97969201125636	510.05772621815794	-0.00012052176918676125
0	10	10	200	0	270927104	95	47501	48000	500	500	-1846.8901051253031	53.053559494101108	424925	600000	0	0	269.81380373509847	566.39938104202281	-0.0011068471270001647
0	10	10	200	0	270927104	96	48001	48500	500	500	-1800.2623853636878	55.853464367435286	425304	600000	0	0	274.78566553506926	494.66526468950133	0.0004862150605028264
0	10	10	200	0	270927104	97	48501	49000	500	500	-1842.8661711556401	55.573877564982347	424207	600000	0	0	269.96582885457059	543.32362090459412	0.00019740332978028914
0	10	10	200	0	270927104	98	49001	49500	500	500	-1929.0923766879748	56.450566029891029	425939	600000	0	0	255.50636783555174	537.44930676799822	4.1189459864450259e-05
0	10	10	200	0	270927104	99	49501	50000	500	500	-1878.8146116470316	55.958105228739242	425257	600000	0	0	247.15347353558784	577.53145419041709	-2.7912521330775133e-05
0	10	10	200	1	10092364033559536019	0	1	500	500	500	-1826.228561148167	56.000555410937281	424911	600000	0	0	256.97622459019647	526.76614228585254	2.5986508975192848e-05
0	10	10	200	1	10092364033559536019	1	501	1000	500	500	-1914.7345389123338	57.330481562479768	425088	600000	0	0	264.64256955762391	543.0755499259817	0.0013707817902353057
0	10	10	200	1	10092364033559536019	2	1001	1500	500	500	-1876.5740139081443	54.511948657306178	424847	600000	0	0	264.94477825238607	540.5722975838446	6.3257004913997467e-05
0	10	10	200	1	10092364033559536019	3	1501	2000	500	500	-1851.0671588689343	54.305244565450401	425701	600000	0	0	271.68300353259832	540.92617402797043	0.0014884554578670553
0	10	10	200	1	10092364033559536019	4	2001	2500	500	500	-1895.3089263661607	56.579842886757419	424850	600000	0	0	273.04425593257474	567.02908376934897	-0.00057272030472023644
0	10	10	200	1	10092364033559536019	5	2501	3000	500	500	-1921.5575117572569	55.708540866361361	425235	600000	0	0	280.59455294572496	540.06095538460136	0.00021494364357761928
0	10	10	200	1	10092364033559536019	6	3001	3500	500	500	-1917.516447891551	56.8354976947791	423746	600000	0	0	264.22076710554444	542.8943772506052	-0.00025000187246212779
0	10	10	200	1	10092364033559536019	7	3501	4000	500	500	-1849.999899966474	56.346675618193743	425678	600000	0	0	256.39130828059427	549.99033545259135	0.00032267705526508971
0	10	10	200	1	10092364033559536019	8	4001	4500	500	500	-1838.2813684774183	52.546286219933904	425366	600000	0	0	285.31410331040382	510.7073048270222	7.4877337645935335e-05
0	10	10	200	1	10092364033559536019	9	4501	5000	500	500	-1846.3523878613589	52.721038322472246	425953	600000	0	0	273.30865703379453	549.34736524769437	0.00067496498556185967
0	10	10	200	1	10092364033559536019	10	5001	5500	500	500	-1791.7065961138176	55.044472379436982	424865	600000	0	0	268.56738939853091	488.96885463988895	0.0001017059899355601
0	10	10	200	1	10092364033559536019	11	5501	6000	500	500	-1800.14327165648	54.044532479531682	425061	600000	0	0	271.89581680803423	477.12706327008419	6.0324504655920616e-05
0	10	10	200	1	10092364033559536019	12	6001	6500	500	500	-1789.009868447039	53.787214070249028	422939	600000	0	0	278.6795585251607	479.74952486188687	0.00022680538614193007
0	10	10	200	1	10092364033559536019	13	6501	7000	500	500	-1861.3758488546603	56.753512352819037	425103	600000	0	0	250.44967913283497	528.29179202026978	0.00015174623930307621
0	10	10	200	1	10092364033559536019	14	7001	7500	500	500	-1952.2080757423648	58.05176396855601	426710	600000	0	0	262.54109753519077	581.36617813492228	0.00011109352598261353
0	10	10	200	1	10092364033559536019	15	7501	8000	500	500	-1967.849270792344	53.12200993519734	424189	600000	0	0	268.69055425449579	567.33651150557694	3.2159542428384959e-05
0	10	10	200	1	10092364033559536019	16	8001	8500	500	500	-1814.3452463215056	54.251878608132479	423642	600000	0	0	247.74916791876154	510.78218218949178	0.043132596352652451
0	10	10	200	1	10092364033559536019	17	8501	9000	500	500	-1830.9741192860888	54.267587021455611	424841	600000	0	0	271.1633507322781	580.24821138799666	0.0002995062871680084
0	10	10	200	1	10092364033559536019	18	9001	9500	500	500	-1864.7489439108679	55.660231934927303	425282	600000	0	0	260.77405671804621	517.15714699593241	6.058767037364867e-05
0	10	10	200	1	10092364033559536019	19	9501	10000	500	500	-1811.616764655211	55.701617989358489	425316	600000	0	0	243.30832168716458	489.7827672389601	0.00010513575302805756
0	10	10	200	1	10092364033559536019	20	10001	10500	500	500	-1868.5595094216974	55.46516298100682	426001	600000	0	0	251.80783311736508	530.46663652455788	2.5705507594212907e-05
0	10	10	200	1	10092364033559536019	21	10501	11000	500	500	-1841.2466867428222	56.334666026038917	423333	600000	0	0	259.6947805064251	528.84425516270869	0.0052332334698121001
0	10	10	200	1	10092364033559536019	22	11001	11500	500	500	-1828.854240375324	53.299929977315038	424950	600000	0	0	272.12761125775387	514.00070582540093	0.00061235720286884781
0	10	10	200	1	10092364033559536019	23	11501	12000	500	500	-1899.7535825350546	55.3027520996501	423438	600000	0	0	272.81824122977207	543.13845832125241	0.00027770005131810013
0	10	10	200	1	10092364033559536019	24	12001	12500	500	500	-1855.0059463158823	54.549777017949687	423807	600000	0	0	277.23290490228692	550.6716027149788	-0.00015883274200224881
0	10	10	200	1	10092364033559536019	25	12501	13000	500	500	-1830.8013337635675	55.738320211766855	424779	600000	0	0	250.17278209023047	504.99344092107469	0.0001352582583194136
0	10	10	200	1	10092364033559536019	26	13001	13500	500	500	-1897.8228151353076	57.578580823586947	426707	600000	0	0	264.18387268757152	559.8409248383216	0.00027803790026759796
0	10	10	200	1	10092364033559536019	27	13501	14000	500	500	-1909.4229879065701	56.115230926005253	424808	600000	0	0	270.67615082538248	529.38574949259669	0.00024859505081645407
0	10	10	200	1	10092364033559536019	28	14001	14500	500	500	-1828.0722651207868	55.68197955310729	425040	600000	0	0	259.52638359723613	534.7934905517933	5.7323057103233342e-05
0	10	10	200	1	10092364033559536019	29	14501	15000	500	500	-1888.4849402562256	55.430835404563211	423835	600000	0	0	282.38633254223754	503.53155326775391	0.00087121274315238545
0	10	10	200	1	10092364033559536019	30	15001	15500	500	500	-1909.6085433813785	55.029672648947674	424651	600000	0	0	261.48747602833129	570.85893879432865	-0.00069290768294712245
0	10	10	200	1	10092364033559536019	31	15501	16000	500	500	-1830.3046442838881	52.816258628800853	423898	600000	0	0	266.20632468621926	551.24988236039553	-6.6264263200862622e-05
0	10	10	200	1	10092364033559536019	32	16001	16500	500	500	-1851.8351791689104	55.045969313314359	425525	600000	0	0	272.08908155843176	507.56971112618157	-0.0023051996626008465
0	10	10	200	1	10092364033559536019	33	16501	17000	500	500	-1863.7343340506006	52.895781615566271	422887	600000	0	0	271.48128648277236	622.6577408946622	0.00037612556891560678
0	10	10	200	1	10092364033559536019	34	17001	17500	500	500	-1833.7162297096984	54.842698752665619	424394	600000	0	0	251.74541555787326	527.06808771743772	0.00024782538693097822
0	10	10	200	1	10092364033559536019	35	17501	18000	500	500	-1851.0684464630262	54.814235308119656	423539	600000	0	0	276.46949307553098	495.44118835927139	0.00031457752640899996
0	10	10	200	1	10092364033559536019	36	18001	18500	500	500	-1838.1951658026403	54.824195619909368	425234	600000	0	0	257.14804346151453	520.45141326220823	0.00014253833722098009
0	10	10	200	1	10092364033559536019	37	18501	19000	500	500	-1842.4064875519584	54.48016186547369	426161	600000	0	0	256.10444182327478	577.14680017783019	-7.2674081501656731e-05
0	10	10	200	1	10092364033559536019	38	19001	19500	500	500	-1870.4685996800786	55.142026072625541	425096	600000	0	0	257.45397132593814	552.57114066071154	0.00010776089598591346
0	10	10	200	1	10092364033559536019	39	19501	20000	500	500	-1784.990258756558	54.921747368303173	424278	600000	0	0	274.36692875294091	516.46536401464607	0.00081964265722793493
0	10	10	200	1	10092364033559536019	40	20001	20500	500	500	-1839.9739568651378	55.34267546644854	424243	600000	0	0	262.01462926713606	496.84173461251436	-2.8051698907889922e-05
0	10	10	200	1	10092364033559536019	41	20501	21000	500	500	-1883.9266024264182	56.180851825483096	425132	600000	0	0	265.76993051935949	517.10874507256187	6.8280706039291204e-05
0	10	10	200	1	10092364033559536019	42	21001	21500	500	500	-1860.0509411478899	55.516290672952778	424940	600000	0	0	268.08429963243759	521.87128326638572	0.00011911298718304582
0	10	10	200	1	10092364033559536019	43	21501	22000	500	500	-1819.681148347312	54.429683169607785	423894	600000	0	0	252.02159507369592	521.0416198907734	0.00025525242003028023
0	10	10	200	1	10092364033559536019	44	22001	22500	500	500	-1867.1442888431939	56.622908381231603	425340	600000	0	0	246.89661774272071	568.89040528854468	0.00064042906957666548
0	10	10	200	1	10092364033559536019	45	22501	23000	500	500	-1807.1647810171244	56.596806183264235	425398	600000	0	0	260.35154469322816	500.82990518168037	0.0001517729502205693
0	10	10	200	1	10092364033559536019	46	23001	23500	500	500	-1866.0278393321016	55.586636408894336	423866	600000	0	0	264.16058699919637	578.21218592731066	7.0297114356151406e-06
0	10	10	200	1	10092364033559536019	47	23501	24000	500	500	-1816.6204740473072	54.140139018777973	423973	600000	0	0	252.40897507501228	550.24057257454831	0.00013649236302469339
0	10	10	200	1	10092364033559536019	48	24001	24500	500	500	-1837.7584046871957	53.410555186340666	423038	600000	0	0	280.20819604081316	528.38845388022037	0.00070470036212782528
0	10	10	200	1	10092364033559536019	49	24501	25000	500	500	-1838.536167790528	53.934738050479282	425180	600000	0	0	265.3475907775524	564.59141167403016	0.0023658609156085252
0	10	10	200	1	10092364033559536019	50	25001	25500	500	500	-1826.2444730939874	57.034350296862499	424947	600000	0	0	258.4481272877145	524.59775478357187	0.00035348694836717995
0	10	10	200	1	10092364033559536019	51	25501	26000	500	500	-1835.7676046037213	54.371052882811206	424582	600000	0	0	268.53245230421931	588.93688726993173	0.00011468806745912646
0	10	10	200	1	10092364033559536019	52	26001	26500	500	500	-1869.4412320676158	55.623862320202051	422996	600000	0	0	262.94104249772175	560.39608265307243	0.0023133944683952604
0	10	10	200	1	10092364033559536019	53	26501	27000	500	500	-1868.4286472328672	56.221524532864038	424081	600000	0	0	256.11836464378871	529.75070939761247	8.4489792802865007e-05
0	10	10	200	1	10092364033559536019	54	27001	27500	500	500	-1913.8214943138548	57.769653167353752	424386	600000	0	0	240.67662518106835	559.14778983556471	0.00013677267266348536
0	10	10	200	1	10092364033559536019	55	27501	28000	500	500	-1825.6170870723672	55.053527622103537	425564	600000	0	0	276.92363842274148	527.44259687918156	0.0032249240269550689
0	10	10	200	1	10092364033559536019	56	28001	28500	500	500	-1838.4154046095409	54.352426158961904	424975	600000	0	0	285.17663994210176	488.36844374890563	0.00017932278127434873
0	10	10	200	1	10092364033559536019	57	28501	29000	500	500	-1816.0727289346562	55.347406194431535	426580	600000	0	0	272.32997930673366	483.2912011760082	0.00024124988670171091
0	10	10	200	1	10092364033559536019	58	29001	29500	500	500	-1810.3966024816982	55.363704388974796	423980	600000	0	0	265.89211981781273	505.30839356258599	8.2715732151956504e-05
0	10	10	200	1	10092364033559536019	59	29501	30000	500	500	-1829.3411766591823	56.548454357067904	427481	600000	0	0	259.65053831005036	535.01164791442147	-3.3750739107496486e-05
0	10	10	200	1	10092364033559536019	60	30001	30500	500	500	-1828.5996458277025	54.316765581488063	425969	600000	0	0	287.81792162562061	560.88664520715713	2.3372102655589472e-05
0	10	10	200	1	10092364033559536019	61	30501	31000	500	500	-1847.0119799358765	54.009725307594302	424700	600000	0	0	268.6866683490797	509.79278520912931	1.1300817888219189e-05
0	10	10	200	1	10092364033559536019	62	31001	31500	500	500	-1869.3774474238921	55.340228387508539	424667	600000	0	0	237.85689234721386	523.08620139203117	-6.8291456364946557e-06
0	10	10	200	1	10092364033559536019	63	31501	32000	500	500	-1887.7481144871929	55.503692056022658	425194	600000	0	0	259.22339270508184	543.69480208741174	0.00026773079078459751
0	10	10	200	1	10092364033559536019	64	32001	32500	500	500	-1828.5738893387911	54.913541428523402	424348	600000	0	0	258.05999639244015	507.55090715611044	0.00043472097044729808
0	10	10	200	1	10092364033559536019	65	32501	33000	500	500	-1888.9716631850813	55.521373613246986	425095	600000	0	0	268.1090759902408	570.25120098951049	0.00040846477631830384
0	10	10	200	1	10092364033559536019	66	33001	33500	500	500	-1803.3328648435295	54.049075226118518	423453	600000	0	0	256.1671620838157	542.80280965954159	-1.9845523653364737e-05
0	10	10	200	1	10092364033559536019	67	33501	34000	500	500	-1784.5300144264966	54.21246085701906	422662	600000	0	0	290.68902110018001	496.91799991924933	0.000618477304492889
0	10	10	200	1	10092364033559536019	68	34001	34500	500	500	-1887.2331783884426	55.65701896801589	424500	600000	0	0	260.49634862165573	533.88908254283183	0.00010079918592205016
0	10	10	200	1	10092364033559536019	69	34501	35000	500	500	-1771.9820111044496	53.568881574185404	422642	600000	0	0	260.00236175204191	491.89007416461476	7.8714483833416046e-06
0	10	10	200	1	10092364033559536019	70	35001	35500	500	500	-1801.7497638950638	53.813305012894965	425532	600000	0	0	273.80638925463546	501.53365183273866	0.00015728858713254487
0	10	10	200	1	10092364033559536019	71	35501	36000	500	500	-1851.1533914176239	55.259767851506908	424659	600000	0	0	267.12558261165782	562.10911296290806	-5.6616949799106384e-05
0	10	10	200	1	10092364033559536019	72	36001	36500	500	500	-1816.9790490699604	54.177361335017942	424830	600000	0	0	269.60528114301303	506.19778988989162	-4.0562076409627197e-05
0	10	10	200	1	10092364033559536019	73	36501	37000	500	500	-1785.7528787922818	54.307751106525195	424759	600000	0	0	281.70471170472763	496.27712215133101	4.6220002005880035e-05
0	10	10	200	1	10092364033559536019	74	37001	37500	500	500	-1848.6069425632768	54.235291805081758	424237	600000	0	0	267.75130372244934	546.60097891974112	1.0381556986831934e-05
0	10	10	200	1	10092364033559536019	75	37501	38000	500	500	-1829.4176045011307	53.786138190886263	425366	600000	0	0	270.51273679142514	491.09006871459684	0.00074881072547880315
0	10	10	200	1	10092364033559536019	76	38001	38500	500	500	-1758.1983608605794	52.950228508768774	423183	600000	0	0	275.63034046896553	501.65985202911412	5.1707464186743789e-05
0	10	10	200	1	10092364033559536019	77	38501	39000	500	500	-1920.7881351012882	55.19950000282325	422571	600000	0	0	257.52205386270828	564.51155372479263	7.6758372449134846e-05
0	10	10	200	1	10092364033559536019	78	39001	39500	500	500	-1931.4327736218809	55.887855027133369	424123	600000	0	0	255.89387265633098	560.45371150179881	1.3367845561289072e-05
0	10	10	200	1	10092364033559536019	79	39501	40000	500	500	-1874.700492569742	54.844823853966609	423910	600000	0	0	252.43203609190172	497.75974726444343	-0.00030817394219003857
0	10	10	200	1	10092364033559536019	80	40001	40500	500	500	-1791.8956905594807	54.714906441941977	424857	600000	0	0	267.96137355093265	485.48662091985011	-0.00012987214856712448
0	10	10	200	1	10092364033559536019	81	40501	41000	500	500	-1794.9473907236504	54.133172922177238	423594	600000	0	0	261.74370652868237	510.88746158308464	0.0001589101479566091
0	10	10	200	1	10092364033559536019	82	41001	41500	500	500	-1835.3847025329571	56.178684269147865	424348	600000	0	0	264.40108465936959	593.94821073607545	0.00010627348216105352
0	10	10	200	1	10092364033559536019	83	41501	42000	500	500	-1895.5620807645375	55.291940540414203	424612	600000	0	0	265.12040430635551	539.47759402749284	7.4479961799793728e-05
0	10	10	200	1	10092364033559536019	84	42001	42500	500	500	-1834.1777892412481	55.043205037426986	422781	600000	0	0	275.23335999448187	486.12457562056312	1.7901123179141231e-05
0	10	10	200	1	10092364033559536019	85	42501	43000	500	500	-1815.7361743131476	54.746347843410177	423418	600000	0	0	227.48277487043973	543.745955545377	-0.00018537309180073408
0	10	10	200	1	10092364033559536019	86	43001	43500	500	500	-1813.5793412088194	54.985373230408328	424813	600000	0	0	235.94927628124998	510.17755489238579	-0.00036439580449074491
0	10	10	200	1	10092364033559536019	87	43501	44000	500	500	-1913.7035526946138	56.779130843433698	424874	600000	0	0	266.74838121503768	539.34476256205551	3.5576085172793704e-05
0	10	10	200	1	10092364033559536019	88	44001	44500	500	500	-1818.2061028328567	54.379957913969456	423751	600000	0	0	269.98539332861043	510.16167171700391	2.855512788694363e-05
0	10	10	200	1	10092364033559536019	89	44501	45000	500	500	-1865.5672233973742	57.017521948284269	426668	600000	0	0	256.12546068331596	542.80680033766703	0.00017661370859487283
0	10	10	200	1	10092364033559536019	90	45001	45500	500	500	-1744.8505368362228	50.807899593341332	419611	600000	0	0	245.07780442623871	527.07207021619001	16.083043523910625
0	10	10	200	1	10092364033559536019	91	45501	46000	500	500	-1810.0659020150256	53.350802972888971	423872	600000	0	0	285.2504957687666	508.73319981881212	2.8817794766513454e-05
0	10	10	200	1	10092364033559536019	92	46001	46500	500	500	-1873.3085792480986	56.029469357786027	425258	600000	0	0	261.61855290488859	523.60512702442156	-6.5783226833024386e-05
0	10	10	200	1	10092364033559536019	93	46501	47000	500	500	-1850.3849386151637	57.550203645820787	425478	600000	0	0	248.3663283133202	558.52359941732152	0.00013704128067068219
0	10	10	200	1	10092364033559536019	94	47001	47500	500	500	-1912.3769230711716	55.288809762498502	425652	600000	0	0	260.57966556746277	549.79694634206362	0.00034849960190179902
0	10	10	200	1	10092364033559536019	95	47501	48000	500	500	-1933.7321261598324	56.20035471048719	425105	600000	0	0	266.312059736717	603.69270236280079	-1.133512148233354e-05
0	10	10	200	1	10092364033559536019	96	48001	48500	500	500	-1850.116839507617	55.508461808561073	423962	600000	0	0	265.44491951401773	530.52639780773677	-5.6985348981612275e-06
0	10	10	200	1	10092364033559536019	97	48501	49000	500	500	-1803.8910122048262	54.152212018345075	426709	600000	0	0	285.16170034688059	524.83853131689989	-0.0011170576951319211
0	10	10	200	1	10092364033559536019	98	49001	49500	500	500	-1826.7904102373798	55.651675576700782	425204	600000	0	0	268.88105878845028	523.86309618782082	0.001023147937177972
0	10	10	200	1	10092364033559536019	99	49501	50000	500	500	-1839.9994669861819	55.782889615405516	424860	600000	0	0	258.12910433553571	486.52079664628013	5.0865483195047113e-05
0	10	10	200	2	9284860853051418063	0	1	500	500	500	-1838.0981516515742	56.406323208765457	426008	600000	0	0	282.66708073525479	495.1358425384505	0.00010603560799220598
0	10	10	200	2	9284860853051418063	1	501	1000	500	500	-1890.9556637641926	55.315358237911177	422930	600000	0	0	259.40861280989344	579.75806042724389	5.2359721901810931e-05
0	10	10	200	2	9284860853051418063	2	1001	1500	500	500	-1926.9988149209553	54.842721016717768	424131	600000	0	0	278.03998833467062	614.76254441046706	3.3138885041093913e-05
0	10	10	200	2	9284860853051418063	3	1501	2000	500	500	-1873.0160168837324	55.319951402669403	426147	600000	0	0	235.03479731284315	570.39306201257193	0.00021855425380751595
0	10	10	200	2	9284860853051418063	4	2001	2500	500	500	-1904.4110249896462	57.112556077690471	424247	600000	0	0	269.29984233816913	576.57866879367134	0.0032493905056137666
0	10	10	200	2	9284860853051418063	5	2501	3000	500	500	-1859.722309429482	54.040276378410276	424593	600000	0	0	251.29185868677635	620.0489071738308	-8.4084022134826866e-05
0	10	10	200	2	9284860853051418063	6	3001	3500	500	500	-1867.8262631132134	54.351759194122494	424106	600000	0	0	276.21477911154	538.59838621645463	8.9148012777550496e-05
0	10	10	200	2	9284860853051418063	7	3501	4000	500	500	-1796.0234121396993	55.215149901451511	425223	600000	0	0	263.62452203732039	505.73484624584324	4.1976955674927641e-05
0	10	10	200	2	9284860853051418063	8	4001	4500	500	500	-1875.268950347993	54.262935637540238	422534	600000	0	0	270.63219693677689	518.29548785173279	-0.00023246881953772368
0	10	10	200	2	9284860853051418063	9	4501	5000	500	500	-1851.870734376336	55.976346757061648	424253	600000	0	0	271.29875910320982	585.78093455219164	3.4889592125902425e-05
0	10	10	200	2	9284860853051418063	10	5001	5500	500	500	-1830.7677010439963	55.270725919271555	425118	600000	0	0	266.61090144610176	509.08503346470064	0.00017116288299737749
0	10	10	200	2	9284860853051418063	11	5501	6000	500	500	-1845.1979607214232	55.12148060361956	424147	600000	0	0	274.06122665830981	518.99582846789326	0.00037078406255266485
0	10	10	200	2	9284860853051418063	12	6001	6500	500	500	-1822.9158009530831	54.762299766187446	423500	600000	0	0	271.52425264876609	552.44766080591751	-1.3123358723578904e-05
0	10	10	200	2	9284860853051418063	13	6501	7000	500	500	-1842.7171760589833	55.420703414857584	425027	600000	0	0	233.95662237129204	537.42819368587482	7.617373315798697e-06
0	10	10	200	2	9284860853051418063	14	7001	7500	500	500	-1756.5646016511337	54.141651822525859	423785	600000	0	0	261.0247821311421	502.79169045885936	0.0003467134244124144
0	10	10	200	2	9284860853051418063	15	7501	8000	500	500	-1821.688097316322	53.945426593297704	424741	600000	0	0	265.28863227945385	527.42956858575337	-6.6179307585556747e-05
0	10	10	200	2	9284860853051418063	16	8001	8500	500	500	-1880.2132865828823	56.789083249122505	426383	600000	0	0	267.24499359820214	534.43897275284735	0.0001290184022357255
0	10	10	200	2	9284860853051418063	17	8501	9000	500	500	-1834.0176441219617	55.408726266583166	426591	600000	0	0	264.26990693541222	504.27977590279374	-0.00015641186278960806
0	10	10	200	2	9284860853051418063	18	9001	9500	500	500	-1895.1550241572895	55.086598139145408	424726	600000	0	0	273.07098432870299	501.57485181199473	1.2829084454351006e-05
0	10	10	200	2	9284860853051418063	19	9501	10000	500	500	-1884.9244215356575	53.594222758834036	424227	600000	0	0	279.9120179629972	551.43758848798007	9.0103913667939551e-07
0	10	10	200	2	9284860853051418063	20	10001	10500	500	500	-1815.0975680766674	54.512972386796427	424094	600000	0	0	252.75173449907004	512.0351986472009	0.00017506380531744431
0	10	10	200	2	9284860853051418063	21	10501	11000	500	500	-1808.102970222275	53.843308453585067	424582	600000	0	0	283.87554812386736	497.9218525322587	7.3949351270668946e-06
0	10	10	200	2	9284860853051418063	22	11001	11500	500	500	-1843.6140773901657	53.53275820633867	425927	600000	0	0	297.96024204310862	498.34570405913291	0.00082886540995874775
0	10	10	200	2	9284860853051418063	23	11501	12000	500	500	-1849.3815593549443	54.874466831249748	425231	600000	0	0	249.94737483896375	529.39427874999183	2.336350454614748e-06
0	10	10	200	2	9284860853051418063	24	12001	12500	500	500	-1820.1417357522851	53.411911883369974	423874	600000	0	0	274.82314133098515	494.19980061100364	0.0013301190963398233
0	10	10	200	2	9284860853051418063	25	12501	13000	500	500	-1861.1350192199654	56.519059462141669	424449	600000	0	0	268.96867596042597	544.15500056246731	0.00056667401508408348
0	10	10	200	2	9284860853051418063	26	13001	13500	500	500	-1813.4266106825312	56.112121350193988	425697	600000	0	0	268.79469299750252	533.9256182293434	-8.7497521287706434e-05
0	10	10	200	2	9284860853051418063	27	13501	14000	500	500	-1815.024697268241	55.187161800002166	425399	600000	0	0	262.77988993156936	517.95777114003931	0.00034937870779541789
0	10	10	200	2	9284860853051418063	28	14001	14500	500	500	-1942.7067852972889	54.162908200906251	424856	600000	0	0	286.14540171522901	554.47670318572057	5.3679582542093054e-05
0	10	10	200	2	9284860853051418063	29	14501	15000	500	500	-1886.3757255386117	55.133987234752446	426658	600000	0	0	257.4274278675631	537.9320378087499	4.1445825864573377e-05
0	10	10	200	2	9284860853051418063	30	15001	15500	500	500	-1831.1424255048491	53.072417705693525	424212	600000	0	0	275.796185583659	571.16850528151292	0.00020893616804595406
0	10	10	200	2	9284860853051418063	31	15501	16000	500	500	-1808.1125847531559	53.31618151381975	424301	600000	0	0	260.09370970570183	509.22794993450327	0.00076960575933995704
0	10	10	200	2	9284860853051418063	32	16001	16500	500	500	-1912.055290530323	53.769265153529801	423577	600000	0	0	281.14274351682707	535.21040231620191	-0.0015510370860548758
0	10	10	200	2	9284860853051418063	33	16501	17000	500	500	-1798.5801862536964	54.899514639375923	425401	600000	0	0	272.77000424859824	474.95600197509992	1.0376644936115518e-05
0	10	10	200	2	9284860853051418063	34	17001	17500	500	500	-1898.2343001098934	55.422960976568419	424899	600000	0	0	249.46975623308634	593.96488649552589	4.9074277090837218e-05
0	10	10	200	2	9284860853051418063	35	17501	18000	500	500	-1840.8595990393048	53.32110505968587	422579	600000	0	0	280.88062045840798	500.38312341923904	-0.00014627555457014988
0	10	10	200	2	9284860853051418063	36	18001	18500	500	500	-1852.2760682633468	53.032284363931872	423599	600000	0	0	277.19886035448542	533.78552949955042	0.0050554272045922983
0	10	10	200	2	9284860853051418063	37	18501	19000	500	500	-1820.5537091728452	53.953510417004495	423679	600000	0	0	275.10286327108736	518.12268275428937	0.0003164694139553259
0	10	10	200	2	9284860853051418063	38	19001	19500	500	500	-1782.4328346038601	55.067725070323469	425217	600000	0	0	274.07275011030072	484.84797897038084	0.00015846188595486829
0	10	10	200	2	9284860853051418063	39	19501	20000	500	500	-1784.9133011370109	54.056571411521517	424726	600000	0	0	260.83677205232163	500.55221586299228	0.00079763672136162571
0	10	10	200	2	9284860853051418063	40	20001	20500	500	500	-1866.7863387323735	56.330047980018428	424281	600000	0	0	265.67230123350913	515.95712237337864	0.00030411840441166868
0	10	10	200	2	9284860853051418063	41	20501	21000	500	500	-1795.8411597419538	55.399995226774379	425017	600000	0	0	258.33931952665756	490.94424029718368	-0.00017428561235746198
0	10	10	200	2	9284860853051418063	42	21001	21500	500	500	-1791.6698972587042	54.608817779042539	423860	600000	0	0	283.27056851842076	485.62522307418755	3.2525393990830972e-05
0	10	10	200	2	9284860853051418063	43	21501	22000	500	500	-1856.8550455296122	55.853137373562561	424610	600000	0	0	263.31394188863891	515.95507053352787	0.00057536447966046941
0	10	10	200	2	9284860853051418063	44	22001	22500	500	500	-1902.7672287469168	55.193331184158133	425011	600000	0	0	275.16379809372114	647.62541499034421	-1.5521467687038202e-05
0	10	10	200	2	9284860853051418063	45	22501	23000	500	500	-1810.5758646865368	54.061033523934611	423623	600000	0	0	265.76277828003992	525.26196696198258	0.00020282973256418018
0	10	10	200	2	9284860853051418063	46	23001	23500	500	500	-1882.3246073945436	52.843694843790907	423364	600000	0	0	258.1606942119252	532.02534444873322	8.2790406603960352e-05
0	10	10	200	2	9284860853051418063	47	23501	24000	500	500	-1890.3739920557712	56.52757617144109	425212	600000	0	0	256.01335245678695	555.16472229160479	-0.00078941801570260161
0	10	10	200	2	9284860853051418063	48	24001	24500	500	500	-1859.3072127571845	56.141607678527201	425259	600000	0	0	261.06733653262245	544.73269490582516	0.00019991811514177572
0	10	10	200	2	9284860853051418063	49	24501	25000	500	500	-1849.4579244387019	57.233824538734517	425338	600000	0	0	254.59525906777452	515.84367674273767	0.00078640875946818728
0	10	10	200	2	9284860853051418063	50	25001	25500	500	500	-1852.5088994414425	54.750170589189835	424787	600000	0	0	271.82865548828249	523.08062034235775	2.532092528829039e-05
0	10	10	200	2	9284860853051418063	51	25501	26000	500	500	-1933.4681063299104	56.948195154486271	425709	600000	0	0	242.26572560110441	581.75695464395153	-0.00022800476179007825
0	10	10	200	2	9284860853051418063	52	26001	26500	500	500	-1750.9072084060031	55.003493286577054	424395	600000	0	0	256.79945232634958	507.12852571500486	0.00017801297482020428
0	10	10	200	2	9284860853051418063	53	26501	27000	500	500	-1877.7642332545554	55.979975638226612	424061	600000	0	0	257.6277827056075	529.58841324272385	-5.8349419221150029e-05
0	10	10	200	2	9284860853051418063	54	27001	27500	500	500	-1857.2315846666147	56.217129006257679	425543	600000	0	0	247.39606533181885	530.58008704047415	3.4359558138442935e-05
0	10	10	200	2	9284860853051418063	55	27501	28000	500	500	-1877.6707690480787	55.321510215779533	425505	600000	0	0	255.88824121668372	597.36941387282457	0.00146627036245655
0	10	10	200	2	9284860853051418063	56	28001	28500	500	500	-1911.7825994208788	55.076271233589495	423134	600000	0	0	269.23892330840044	575.4834885389804	1.9750265870121331
0	10	10	200	2	9284860853051418063	57	28501	29000	500	500	-1848.3452417089939	54.741126296831474	423765	600000	0	0	258.4307107397874	549.77724170859381	2.6860081188983884e-05
0	10	10	200	2	9284860853051418063	58	29001	29500	500	500	-1812.6255528533286	55.698794905822993	425023	600000	0	0	273.82337665639739	482.247193885417	0.00031355989735957584
0	10	10	200	2	9284860853051418063	59	29501	30000	500	500	-1859.3122276161662	55.849541420174461	424578	600000	0	0	257.97334395958978	525.17382218557475	0.0001519889598576587
0	10	10	200	2	9284860853051418063	60	30001	30500	500	500	-1810.2700864711771	54.568025656856051	425179	600000	0	0	253.01238554442406	499.29105322147046	0.00019196180478973462
0	10	10	200	2	9284860853051418063	61	30501	31000	500	500	-1769.8891218216536	52.721937202689531	423715	600000	0	0	251.03862919103801	477.19200449320897	8.6601330763333247e-05
0	10	10	200	2	9284860853051418063	62	31001	31500	500	500	-1726.6746834829116	56.31172155122163	424792	600000	0	0	247.14479389096263	485.41629420671302	0.00037676566072149481
0	10	10	200	2	9284860853051418063	63	31501	32000	500	500	-1841.2414960769593	53.36444780176371	424899	600000	0	0	269.52228807640421	515.9784081971751	0.00076749158358220928
0	10	10	200	2	9284860853051418063	64	32001	32500	500	500	-1824.8790430378519	55.965148361808609	425317	600000	0	0	256.94611959773169	547.35185742512954	0.00013896561566285182
0	10	10	200	2	9284860853051418063	65	32501	33000	500	500	-1829.1391649765901	55.391136072284276	423984	600000	0	0	277.80672475220331	571.6549297493508	6.0518364329919361e-05
0	10	10	200	2	9284860853051418063	66	33001	33500	500	500	-1823.5068135985323	53.081084826301385	425896	600000	0	0	266.37665781636827	519.39831363520739	0.00026526897347611405
0	10	10	200	2	9284860853051418063	67	33501	34000	500	500	-1873.7063149945716	54.851428177426392	424590	600000	0	0	263.45399880166582	563.49972046724088	8.4843481850643859e-05
0	10	10	200	2	9284860853051418063	68	34001	34500	500	500	-1803.0311703955776	50.713447666821956	418681	600000	0	0	243.23593741906143	544.67810728542418	18.232506134487362
0	10	10	200	2	9284860853051418063	69	34501	35000	500	500	-1778.5290249678317	53.552938002164254	424731	600000	0	0	292.12822392446446	485.55575138289163	0.0008475426977211537
0	10	10	200	2	9284860853051418063	70	35001	35500	500	500	-1823.4789856343068	57.192637496928924	424239	600000	0	0	247.01384817649677	542.87886233733002	8.7591438670518024e-05
0	10	10	200	2	9284860853051418063	71	35501	36000	500	500	-1900.9064747750872	56.552396893800001	424401	600000	0	0	282.08514955524316	554.12407633655164	-2.5155028777941875e-05
0	10	10	200	2	9284860853051418063	72	36001	36500	500	500	-1878.8852192824982	56.023517784731531	424095	600000	0	0	275.47159257185484	548.95818978702243	0.00033272197660392123
0	10	10	200	2	9284860853051418063	73	36501	37000	500	500	-1900.4463878965369	55.764275515548739	424776	600000	0	0	279.68717603956196	575.94894196122027	4.8669833388916929e-05
0	10	10	200	2	9284860853051418063	74	37001	37500	500	500	-1816.6000398312285	55.550855775197782	424383	600000	0	0	268.45309309309727	504.45581536565686	0.00050798737998938935
0	10	10	200	2	9284860853051418063	75	37501	38000	500	500	-1779.9240477919045	53.925926590576609	423052	600000	0	0	259.29222342997502	520.69591421454993	3.8240481182431411e-05
0	10	10	200	2	9284860853051418063	76	38001	38500	500	500	-1876.82011061188	56.056296376967396	424941	600000	0	0	261.5897971014968	560.73203378380094	0.00012586478382863958
0	10	10	200	2	9284860853051418063	77	38501	39000	500	500	-1906.9390550524486	55.72222509160359	425326	600000	0	0	265.18158717130893	609.64367885710863	-0.0014432630555736212
0	10	10	200	2	9284860853051418063	78	39001	39500	500	500	-1907.690840329725	54.303308713966786	424719	600000	0	0	286.99703730928678	513.77547354629166	-7.0506289427625643e-05
0	10	10	200	2	9284860853051418063	79	39501	40000	500	500	-1850.9697707232406	55.624962790304473	424666	600000	0	0	267.34542333209657	604.71434353831273	1.817665152110495e-05
0	10	10	200	2	9284860853051418063	80	40001	40500	500	500	-1817.6956982357253	53.423147429174371	425342	600000	0	0	269.4569451741948	511.49435109883166	0.00015008410365656075
0	10	10	200	2	9284860853051418063	81	40501	41000	500	500	-1854.4896689943546	56.167138735100409	425190	600000	0	0	262.70375889742013	515.8704180682879	0.00092192849299990698
0	10	10	200	2	9284860853051418063	82	41001	41500	500	500	-1887.1300459022862	55.592661814667871	425405	600000	0	0	263.09753398107165	553.39012835508731	8.3205461397334063e-05
0	10	10	200	2	9284860853051418063	83	41501	42000	500	500	-1854.8211065987732	53.450672752021568	424764	600000	0	0	265.69760892012908	590.66947909998601	1.6220614253190786e-05
0	10	10	200	2	9284860853051418063	84	42001	42500	500	500	-1812.6170338919699	55.718772634645354	426094	600000	0	0	273.3458784104177	494.9125216125762	7.8401806256514389e-05
0	10	10	200	2	9284860853051418063	85	42501	43000	500	500	-1891.1495394879712	55.492188999401208	425344	600000	0	0	284.13412899361884	513.11141004977139	8.0969709479447021e-06
0	10	10	200	2	9284860853051418063	86	43001	43500	500	500	-1882.6776552496237	55.567497056600558	424083	600000	0	0	277.05610224129305	500.25348531289507	3.512832921839436e-05
0	10	10	200	2	9284860853051418063	87	43501	44000	500	500	-1860.7063792497329	54.257116508414335	423670	600000	0	0	273.96482174862149	528.77608366429376	3.5290322385172116e-05
0	10	10	200	2	9284860853051418063	88	44001	44500	500	500	-1884.3816165308112	54.824352377682324	425220	600000	0	0	265.07535684958822	524.03501493686451	7.4468622510854177e-05
0	10	10	200	2	9284860853051418063	89	44501	45000	500	500	-1844.5397596467324	56.049992788540443	424861	600000	0	0	252.19275301528617	542.11255354855882	-0.00074632547802586113
0	10	10	200	2	9284860853051418063	90	45001	45500	500	500	-1865.50660229502	54.749723152523998	422502	600000	0	0	284.69408574220677	548.35450061159463	0.00014782322411153198
0	10	10	200	2	9284860853051418063	91	45501	46000	500	500	-1806.5560091938214	55.08772206959312	423960	600000	0	0	255.4506767834807	520.53125180142979	3.6577159904316688e-05
0	10	10	200	2	9284860853051418063	92	46001	46500	500	500	-1757.720658741729	54.622675969734885	423399	600000	0	0	249.26206028212644	480.38922687344359	4.8166197803296799e-05
0	10	10	200	2	9284860853051418063	93	46501	47000	500	500	-1877.7648000741112	54.205875857001331	425128	600000	0	0	271.97404153697357	526.98351392087352	0.00020675304470160516
0	10	10	200	2	9284860853051418063	94	47001	47500	500	500	-1896.036036739768	56.400006253783246	424813	600000	0	0	261.13925298309226	538.91773988811838	-2.2426715888308298e-05
0	10	10	200	2	9284860853051418063	95	47501	48000	500	500	-1844.6461733280171	54.104969552946088	425313	600000	0	0	288.66413722261206	503.28131015673586	0.00035150729972819157
0	10	10	200	2	9284860853051418063	96	48001	48500	500	500	-1802.5220863665211	56.009372469547657	425439	600000	0	0	282.86358055567337	485.71215443006417	-4.4730431562877808e-06
0	10	10	200	2	9284860853051418063	97	48501	49000	500	500	-1819.2032627723052	56.293040915557029	424254	600000	0	0	261.54961365837084	486.71650498209613	0.00074815311406079053
0	10	10	200	2	9284860853051418063	98	49001	49500	500	500	-1837.7641244852302	55.629734978434378	424176	600000	0	0	285.29174588890425	516.34883422053917	5.7031030677487389e-05
0	10	10	200	2	9284860853051418063	99	49501	50000	500	500	-1836.7238926312912	54.72559789240897	424025	600000	0	0	262.98277815148566	512.86566226547154	0.00051778093050623144
0	10	10	200	3	1006958627556797480	0	1	500	500	500	-1893.5129012820007	56.325041022632625	425572	600000	0	0	242.56342327908112	555.71129707803709	-4.8425049378286438e-05
0	10	10	200	3	1006958627556797480	1	501	1000	500	500	-1861.68345303449	57.101907114966522	426055	600000	0	0	262.62999774368348	531.12624411890692	0.0023867656271417416
0	10	10	200	3	1006958627556797480	2	1001	1500	500	500	-1782.5896408860715	54.857277095350469	425219	600000	0	0	263.93433187365412	470.73570289935327	0.00022643456557453384
0	10	10	200	3	1006958627556797480	3	1501	2000	500	500	-1925.7047530475104	53.557398184304546	424077	600000	0	0	270.21803472478194	566.22987410520523	0.00015170853128276972
0	10	10	200	3	1006958627556797480	4	2001	2500	500	500	-1864.2232244526917	55.25598559291462	424212	600000	0	0	288.8760801955126	541.4400605929909	0.00014654737284736674
0	10	10	200	3	1006958627556797480	5	2501	3000	500	500	-1891.2912296810755	54.475371364756505	425619	600000	0	0	269.60761096560935	543.90562137031293	-0.00042533700931868371
0	10	10	200	3	1006958627556797480	6	3001	3500	500	500	-1797.3217430034113	54.861777975157707	424118	600000	0	0	279.19712308145489	621.79586459890061	2.0721501975987561e-05
0	10	10	200	3	1006958627556797480	7	3501	4000	500	500	-1886.6273979049799	55.139283885022408	424652	600000	0	0	271.52073144667736	528.21830959533565	0.00018962492874649109
0	10	10	200	3	1006958627556797480	8	4001	4500	500	500	-1784.7942388955939	55.200599897149957	424026	600000	0	0	258.32466454270161	498.47701123012922	3.8302562091201033
0	10	10	200	3	1006958627556797480	9	4501	5000	500	500	-1829.2521944044065	54.205458682201069	424903	600000	0	0	268.74606127284778	505.88832558350072	-0.00016642262158359471
0	10	10	200	3	1006958627556797480	10	5001	5500	500	500	-1893.1780239782993	53.768542504099408	424923	600000	0	0	260.48756330735711	542.61269409466399	6.7752871051855249e-05
0	10	10	200	3	1006958627556797480	11	5501	6000	500	500	-1842.2952275110945	54.097228967695173	423125	600000	0	0	293.33374177267143	496.10069280654653	9.0226321718477054e-05
0	10	10	200	3	1006958627556797480	12	6001	6500	500	500	-1857.4978727930743	54.98684966646686	425089	600000	0	0	273.30642891869945	507.35915143322416	2.7764505758472886e-05
0	10	10	200	3	1006958627556797480	13	6501	7000	500	500	-1798.2414018320894	54.686627126662266	423946	600000	0	0	251.86383627371333	518.27388964267141	0.00028285750519180128
0	10	10	200	3	1006958627556797480	14	7001	7500	500	500	-1849.6647320801483	56.979980743996187	425347	600000	0	0	277.44496963343551	516.35660326935238	4.5066835559462872e-05
0	10	10	200	3	1006958627556797480	15	7501	8000	500	500	-1839.6501432377845	55.215268277704595	423788	600000	0	0	263.32783372396381	528.10060825999858	1.4220508611194201e-05
0	10	10	200	3	1006958627556797480	16	8001	8500	500	500	-1948.1578859971826	56.834554497572306	425941	600000	0	0	251.78122626705581	630.95004286777259	4.1402993668758354e-05
0	10	10	200	3	1006958627556797480	17	8501	9000	500	500	-1824.9247038665294	53.168474631443253	422564	600000	0	0	258.66184315610741	515.17033219102393	0.0002592789473054931
0	10	10	200	3	1006958627556797480	18	9001	9500	500	500	-1822.7380980155824	55.37210058831409	423383	600000	0	0	254.95643576998626	509.68806354153082	0.00012679193122870302
0	10	10	200	3	1006958627556797480	19	9501	10000	500	500	-1872.0575218502563	56.546641223905638	424905	600000	0	0	250.60220127497203	529.0037482180411	0.00011988545128870846
0	10	10	200	3	1006958627556797480	20	10001	10500	500	500	-1885.7162842499351	56.253125851798885	425037	600000	0	0	273.27578547276283	535.27623622574743	2.3585387364606397e-05
0	10	10	200	3	1006958627556797480	21	10501	11000	500	500	-1860.0969749324113	53.547359194386729	424123	600000	0	0	258.65673335655873	537.24363020386818	2.7427234195832734e-05
0	10	10	200	3	1006958627556797480	22	11001	11500	500	500	-1892.641670215557	54.228498890566989	425369	600000	0	0	249.80721844588464	552.72095774021079	5.6435417713142956e-05
0	10	10	200	3	1006958627556797480	23	11501	12000	500	500	-1876.4841802079814	55.427532872619203	423332	600000	0	0	265.56890084290455	551.98380067818618	4.1624806052457975e-05
0	10	10	200	3	1006958627556797480	24	12001	12500	500	500	-1815.9716067762804	55.80115388634615	423868	600000	0	0	261.78971729391981	571.73212743862007	0.00063994925605959639
0	10	10	200	3	1006958627556797480	25	12501	13000	500	500	-1880.6131194061531	55.21959803035287	425697	600000	0	0	263.16762529274541	523.6143445678515	0.00012642384984703001
0	10	10	200	3	1006958627556797480	26	13001	13500	500	500	-1841.4483652531762	53.793362912687748	423971	600000	0	0	297.28475088005695	521.29243689143323	6.1649297944823183e-05
0	10	10	200	3	1006958627556797480	27	13501	14000	500	500	-1843.2518701221725	55.736769297942935	424598	600000	0	0	277.77521549054637	517.82819242626783	0.00017948250959292215
0	10	10	200	3	1006958627556797480	28	14001	14500	500	500	-1815.7414222520274	54.125620807969362	423365	600000	0	0	277.17689743523573	490.6270794412502	2.0564016445883546e-05
0	10	10	200	3	1006958627556797480	29	14501	15000	500	500	-1901.0322367155759	54.955408541997045	424594	600000	0	0	273.28486651028459	568.78527099276198	0.013174283267773477
0	10	10	200	3	1006958627556797480	30	15001	15500	500	500	-1896.2398328118845	55.790522051751772	424846	600000	0	0	253.96829790081901	543.29425877573442	2.4165694826786019e-05
0	10	10	200	3	1006958627556797480	31	15501	16000	500	500	-1818.8057374554257	54.77206870936768	424958	600000	0	0	255.18512822336265	546.08066070019549	-0.00013122608622416143
0	10	10	200	3	1006958627556797480	32	16001	16500	500	500	-1891.4699920065639	54.989277389849846	424670	600000	0	0	280.21847437531204	518.85631146908929	1.2613163643815396e-06
0	10	10	200	3	1006958627556797480	33	16501	17000	500	500	-1856.0419465405571	58.903950951103162	425223	600000	0	0	257.14182538763782	560.50288341514465	0.00028304832787697459
0	10	10	200	3	1006958627556797480	34	17001	17500	500	500	-1827.3600479354609	56.772176352558283	426459	600000	0	0	255.07717051494291	509.78873452160292	0.00048121115659257061
0	10	10	200	3	1006958627556797480	35	17501	18000	500	500	-1793.0017912406772	55.258500581627423	423842	600000	0	0	269.12652708039371	492.69093295464631	3.4544074324324229e-05
0	10	10	200	3	1006958627556797480	36	18001	18500	500	500	-1866.3127979218309	54.727242489515696	424353	600000	0	0	243.31825877795222	547.12905313736496	0.0001102657806305746
0	10	10	200	3	1006958627556797480	37	18501	19000	500	500	-1826.2058681666588	55.475958144180147	425108	600000	0	0	262.55122739734867	513.96684614759101	0.00023516603769668673
0	10	10	200	3	1006958627556797480	38	19001	19500	500	500	-1826.3865502914275	55.548944279486243	424712	600000	0	0	267.22574625857283	590.06991162302893	-4.8230117285883924e-05
0	10	10	200	3	1006958627556797480	39	19501	20000	500	500	-1790.9834381475807	53.745739254216105	425099	600000	0	0	257.74847083787421	491.42156503716711	7.0422404820824334e-05
0	10	10	200	3	1006958627556797480	40	20001	20500	500	500	-1899.8165618262831	54.992156671947548	424799	600000	0	0	256.10394767717401	547.88302146739102	3.2902355362301444e-06
0	10	10	200	3	1006958627556797480	41	20501	21000	500	500	-1773.940208660875	55.537758656235127	425821	600000	0	0	265.68865888998766	478.46142020511377	-9.3422817725998298e-05
0	10	10	200	3	1006958627556797480	42	21001	21500	500	500	-1900.5756937213725	55.395612276841639	424110	600000	0	0	278.35148877263242	574.24851795196616	0.0001389791301013477
0	10	10	200	3	1006958627556797480	43	21501	22000	500	500	-1847.4900176483752	55.062247806862047	424110	600000	0	0	284.69935961417934	506.03907693866608	1.9746489368233308e-05
0	10	10	200	3	1006958627556797480	44	22001	22500	500	500	-1811.0717028388583	56.507032891894895	424965	600000	0	0	257.45287849434715	499.10327209547631	0.00012733926261525305
0	10	10	200	3	1006958627556797480	45	22501	23000	500	500	-1856.1858714771149	54.022330251234912	425594	600000	0	0	278.41622334971049	557.43514437216481	-1.4719455477819658e-05
0	10	10	200	3	1006958627556797480	46	23001	23500	500	500	-1863.2660277176562	55.781118323412962	425385	600000	0	0	259.62504180293445	535.92848091512133	-4.1535329052064443e-06
0	10	10	200	3	1006958627556797480	47	23501	24000	500	500	-1861.1701871166524	56.71428695666593	424453	600000	0	0	252.7551513072319	507.5942511568278	0.0009808234683705546
0	10	10	200	3	1006958627556797480	48	24001	24500	500	500	-1865.1177106190823	54.833702911872784	426172	600000	0	0	274.69345815322799	516.66775583800154	0.00010332842344905223
0	10	10	200	3	1006958627556797480	49	24501	25000	500	500	-1914.087419686758	55.60566934653324	425135	600000	0	0	266.38740901682075	528.39538299766559	0.0021965319795347617
0	10	10	200	3	1006958627556797480	50	25001	25500	500	500	-1896.9496721245116	55.479420575723317	425540	600000	0	0	261.30288369948596	531.32699531165622	-4.2801824735947336e-06
0	10	10	200	3	1006958627556797480	51	25501	26000	500	500	-1828.3580817333011	56.044900178507866	424880	600000	0	0	263.54588123487531	548.77232757068009	-3.3505904943199903e-05
0	10	10	200	3	1006958627556797480	52	26001	26500	500	500	-1901.8456646139146	55.700764889043562	424739	600000	0	0	264.26302631097815	581.5675778859927	-2.8523334514059593e-06
0	10	10	200	3	1006958627556797480	53	26501	27000	500	500	-1904.6574308347251	54.808134668745453	425380	600000	0	0	269.01438769610576	600.1597079803513	1.0238773350349487e-06
0	10	10	200	3	1006958627556797480	54	27001	27500	500	500	-1897.6307638108085	56.784039743516637	425746	600000	0	0	242.27817784197228	561.31000563720158	0.00079544904951926775
0	10	10	200	3	1006958627556797480	55	27501	28000	500	500	-1811.6385649121232	55.882613546903009	424405	600000	0	0	269.15924107852209	509.49411370201983	7.8901494901750829e-05
0	10	10	200	3	1006958627556797480	56	28001	28500	500	500	-1830.5529626234122	55.486748833923357	424690	600000	0	0	261.41472238688249	602.76649090619821	0.00087753253388213608
0	10	10	200	3	1006958627556797480	57	28501	29000	500	500	-1899.5813760088577	56.142562728274861	427526	600000	0	0	285.98244548891569	524.28556429971457	-0.00013600003995313851
0	10	10	200	3	1006958627556797480	58	29001	29500	500	500	-1846.3681006171569	56.416962520407509	425654	600000	0	0	266.06596848397942	517.49867690259657	3.6953907307476088e-05
0	10	10	200	3	1006958627556797480	59	29501	30000	500	500	-1800.1881900374199	55.398055865035253	424467	600000	0	0	259.04726762421438	506.49074431141867	2.3899622361814536e-05
0	10	10	200	3	1006958627556797480	60	30001	30500	500	500	-1795.4048265125075	56.078256178515133	424028	600000	0	0	256.17759236837765	482.29344970157234	0.00015972652071164634
0	10	10	200	3	1006958627556797480	61	30501	31000	500	500	-1849.4844258116739	54.61779999300586	423437	600000	0	0	255.70887859147129	529.57350745392534	0.00020996102320530304
0	10	10	200	3	1006958627556797480	62	31001	31500	500	500	-1812.1338685438902	54.838481083198808	424852	600000	0	0	267.5619116148066	519.75033502410986	2.4633188660286042e-05
0	10	10	200	3	1006958627556797480	63	31501	32000	500	500	-1808.3981337690757	54.09569231225376	423555	600000	0	0	263.06038995664704	547.52473721413457	3.8442700020609976e-05
0	10	10	200	3	1006958627556797480	64	32001	32500	500	500	-1886.854996877307	55.420380193737572	424587	600000	0	0	264.62850686207236	565.07020636159848	6.8663498136643103e-05
0	10	10	200	3	1006958627556797480	65	32501	33000	500	500	-1874.6228520198795	55.110772278502118	425397	600000	0	0	254.05435139691861	546.92055865204657	-0.00032607804226433113
0	10	10	200	3	1006958627556797480	66	33001	33500	500	500	-1840.9526073144475	56.065518061122404	425307	600000	0	0	270.84141862756519	523.26537486876487	5.0566057900255354e-05
0	10	10	200	3	1006958627556797480	67	33501	34000	500	500	-1841.8641083966356	56.967936189731653	425056	600000	0	0	236.07987788685799	512.25416673007715	-4.7796739534598322e-05
0	10	10	200	3	1006958627556797480	68	34001	34500	500	500	-1861.5913597590256	54.996942214408314	424058	600000	0	0	276.35223443722981	522.54158613426205	-2.651950176916125e-05
0	10	10	200	3	1006958627556797480	69	34501	35000	500	500	-1847.1067034274397	54.778051139562763	423221	600000	0	0	265.33952460920983	506.3652300202088	-1.8935899776816125e-05
0	10	10	200	3	1006958627556797480	70	35001	35500	500	500	-1852.0343750520826	55.156302681154749	422812	600000	0	0	272.95533991562837	526.1841283245742	0.0015559607603178778
0	10	10	200	3	1006958627556797480	71	35501	36000	500	500	-1810.0155268309372	54.450093331351994	424035	600000	0	0	270.68786577674706	514.29806950612067	-0.00013614742293376042
0	10	10	200	3	1006958627556797480	72	36001	36500	500	500	-1860.9446743946969	53.869299078147563	425340	600000	0	0	270.52771618758266	524.32722683532631	0.00019603853991096795
0	10	10	200	3	1006958627556797480	73	36501	37000	500	500	-1810.5485736350427	55.851279976135018	425021	600000	0	0	253.90032189418824	497.9931485184045	0.0021640747389013557
0	10	10	200	3	1006958627556797480	74	37001	37500	500	500	-1908.3902496665844	55.432946660312368	423872	600000	0	0	254.33046035485503	543.31462136895254	0.00014496562749409067
0	10	10	200	3	1006958627556797480	75	37501	38000	500	500	-1803.9848710153885	54.343146493123207	423777	600000	0	0	258.43905020988228	509.9504062937919	9.97613512327261e-05
0	10	10	200	3	1006958627556797480	76	38001	38500	500	500	-1818.4570283762998	54.152269128148163	423741	600000	0	0	273.32830091385637	500.94414672974995	0.00012859704309519157
0	10	10	200	3	1006958627556797480	77	38501	39000	500	500	-1814.3062358431075	55.796748462787015	426500	600000	0	0	272.35797338833822	506.71636845052393	0.00050351906254239456
0	10	10	200	3	1006958627556797480	78	39001	39500	500	500	-1824.1766655076999	54.291938234451081	424996	600000	0	0	249.00683139335098	533.60318115605332	7.2917530214994475e-05
0	10	10	200	3	1006958627556797480	79	39501	40000	500	500	-1812.9459866072154	54.389132884324326	423844	600000	0	0	270.60990952258214	473.62325696099475	-4.4374393389664464e-05
0	10	10	200	3	1006958627556797480	80	40001	40500	500	500	-1895.0874889498791	53.906608305362369	425047	600000	0	0	268.40734356237266	521.62421939334581	1.6407428977591409e-05
0	10	10	200	3	1006958627556797480	81	40501	41000	500	500	-1773.6202984750248	55.34317414250399	424670	600000	0	0	270.530498639374	493.87307964173795	0.00017780660058313216
0	10	10	200	3	1006958627556797480	82	41001	41500	500	500	-1787.1775628283012	55.40534985150974	424685	600000	0	0	252.06567307867462	505.13437091727911	0.00011202402796781595
0	10	10	200	3	1006958627556797480	83	41501	42000	500	500	-1899.1126574443783	56.074396274270477	426036	600000	0	0	249.59422465271163	570.53017462648074	-9.7375081954106894e-05
0	10	10	200	3	1006958627556797480	84	42001	42500	500	500	-1863.720173160013	54.868249975881376	425717	600000	0	0	262.04696100531186	567.08590006455915	-0.00076296403058569422
0	10	10	200	3	1006958627556797480	85	42501	43000	500	500	-1929.9656626033604	56.327602932516015	426147	600000	0	0	252.98054939546714	557.65961584712898	0.00022460376012186235
0	10	10	200	3	1006958627556797480	86	43001	43500	500	500	-1872.5752438773709	55.517403786673498	423170	600000	0	0	259.99855933431326	548.28367906425319	0.00059786541805658029
0	10	10	200	3	1006958627556797480	87	43501	44000	500	500	-1798.7596309744263	55.884757193299166	424233	600000	0	0	253.84468209213259	496.68944610930504	4.5825481098361842e-05
0	10	10	200	3	1006958627556797480	88	44001	44500	500	500	-1863.0471827766407	56.948043811932308	426452	600000	0	0	266.05333645669378	564.1380944629002	0.00012263513489378175
0	10	10	200	3	1006958627556797480	89	44501	45000	500	500	-1820.0081375355862	55.894665577164844	425185	600000	0	0	261.7231797742345	506.35871421682356	7.7898629834138449e-06
0	10	10	200	3	1006958627556797480	90	45001	45500	500	500	-1869.2872361031593	55.656197357368015	424815	600000	0	0	268.84610034256002	510.99512289416379	-4.0394498927695734e-05
0	10	10	200	3	1006958627556797480	91	45501	46000	500	500	-1924.7352526372397	52.932115252031572	425420	600000	0	0	265.16656339128735	545.02309904322738	4.2373916889118479e-05
0	10	10	200	3	1006958627556797480	92	46001	46500	500	500	-1856.6882721736067	55.705251218016457	426145	600000	0	0	262.99701635628759	531.74940587789058	9.5192713520263469e-05
0	10	10	200	3	1006958627556797480	93	46501	47000	500	500	-1859.9961431067084	55.720007645628002	423813	600000	0	0	257.26633084846384	562.15661831890634	0.00016473926907619704
0	10	10	200	3	1006958627556797480	94	47001	47500	500	500	-1825.4682202213805	54.437070876566587	424181	600000	0	0	270.03000937799641	495.92786858816009	5.7718153975289122e-05
0	10	10	200	3	1006958627556797480	95	47501	48000	500	500	-1797.3467985778232	55.564015094421144	424698	600000	0	0	261.43395250641811	514.91957951365237	-8.5764829313291651e-05
0	10	10	200	3	1006958627556797480	96	48001	48500	500	500	-1953.1959770263188	56.19933369623346	425304	600000	0	0	259.28719986246779	566.434503815634	1.2381641861671422e-05
0	10	10	200	3	1006958627556797480	97	48501	49000	500	500	-1805.2214476780402	54.161405043065677	424346	600000	0	0	284.6606748276543	502.5825107824466	-2.7714724175823928e-05
0	10	10	200	3	1006958627556797480	98	49001	49500	500	500	-1865.5919257315009	55.237733287344632	426124	600000	0	0	260.05731758121192	531.64473940038283	0.00013248489721919002
0	10	10	200	3	1006958627556797480	99	49501	50000	500	500	-1833.7266371684007	54.20471329483842	424129	600000	0	0	262.10453426887392	528.629275150853	-0.00035708188227765402
0	10	10	200	4	10242981086789234084	0	1	500	500	500	-1843.2693645352626	57.226577585902319	425126	600000	0	0	251.18367941898435	646.9297036550164	0.00023671991302937585
0	10	10	200	4	10242981086789234084	1	501	1000	500	500	-1872.0637160286269	55.63923396908767	422416	600000	0	0	261.91606358266955	561.24593949723646	-8.0570619636047004e-05
0	10	10	200	4	10242981086789234084	2	1001	1500	500	500	-1845.2869689063166	55.127040236216473	425108	600000	0	0	266.07223745440081	514.63324842950703	-0.00011064088352768837
0	10	10	200	4	10242981086789234084	3	1501	2000	500	500	-1761.6933047106907	55.459471646320772	426278	600000	0	0	254.54386166030156	490.01642988139145	0.00015249309782257848
0	10	10	200	4	10242981086789234084	4	2001	2500	500	500	-1836.5066052245993	56.158166525731502	424899	600000	0	0	252.32986228056535	526.52849702264371	0.0018869670096378923
0	10	10	200	4	10242981086789234084	5	2501	3000	500	500	-1899.5762351309568	56.789839741380696	425663	600000	0	0	247.50920273538267	564.5758246160226	-0.00028945277091743578
0	10	10	200	4	10242981086789234084	6	3001	3500	500	500	-1833.7918902237075	55.829300108650713	423766	600000	0	0	254.63283338104489	510.46406950000352	0.00011860100158554654
0	10	10	200	4	10242981086789234084	7	3501	4000	500	500	-1888.5743500504545	56.848026282460197	425195	600000	0	0	269.31328209112479	523.43645406955136	2.0802706068403135e-05
0	10	10	200	4	10242981086789234084	8	4001	4500	500	500	-1867.0557313859042	54.332956408489508	425444	600000	0	0	275.74547743472289	562.04813048993151	-0.0002977916420502702
0	10	10	200	4	10242981086789234084	9	4501	5000	500	500	-1956.5253837983573	55.217887331168889	424324	600000	0	0	259.19590115547271	695.60925682100742	0.00012562809590049859
0	10	10	200	4	10242981086789234084	10	5001	5500	500	500	-1910.6274623813642	54.957423476181077	425380	600000	0	0	259.99880357617815	564.37910682593395	0.00024615364631603448
0	10	10	200	4	10242981086789234084	11	5501	6000	500	500	-1772.091590371966	53.916861857643198	425329	600000	0	0	272.13866255134354	478.48882948722252	0.00013631304663981145
0	10	10	200	4	10242981086789234084	12	6001	6500	500	500	-1912.0925146703021	54.915999833088364	425744	600000	0	0	262.59266250727751	536.59944902718178	9.150992958956504e-05
0	10	10	200	4	10242981086789234084	13	6501	7000	500	500	-1882.0140305477044	54.205817192837344	424092	600000	0	0	267.02091624306001	537.19627777249491	7.5482065966951282e-05
0	10	10	200	4	10242981086789234084	14	7001	7500	500	500	-1793.7874916278827	55.757539587454197	424756	600000	0	0	252.83441396430553	533.48102037598949	9.2978719772316405e-05
0	10	10	200	4	10242981086789234084	15	7501	8000	500	500	-1887.3072296051716	55.166378003902587	423771	600000	0	0	277.0340837081423	537.30187656542455	0.00036383820155517935
0	10	10	200	4	10242981086789234084	16	8001	8500	500	500	-1826.5343024834929	55.156294860713501	423197	600000	0	0	261.00958634204079	496.44521374481366	7.6584189207513004e-05
0	10	10	200	4	10242981086789234084	17	8501	9000	500	500	-1877.0191631590958	56.776446629384779	424689	600000	0	0	251.087436002495	518.82718662211425	0.00010028242574889455
0	10	10	200	4	10242981086789234084	18	9001	9500	500	500	-1967.5256473074974	56.130337627334612	424548	600000	0	0	254.65638844664417	578.97482381876364	0.00022535903903098088
0	10	10	200	4	10242981086789234084	19	9501	10000	500	500	-1844.0202716315616	54.981841405767419	425284	600000	0	0	245.81855511969511	507.30460997708366	0.0016736458953610137
0	10	10	200	4	10242981086789234084	20	10001	10500	500	500	-1796.0911166634951	54.569100250492504	425553	600000	0	0	254.14543603541844	513.16965620264159	6.7067820613541664e-06
0	10	10	200	4	10242981086789234084	21	10501	11000	500	500	-1904.995912941743	55.006643668430137	424616	600000	0	0	280.80081449382561	515.29504552214985	2.8561551612288134e-05
0	10	10	200	4	10242981086789234084	22	11001	11500	500	500	-1839.0174818558698	55.520385372059337	425953	600000	0	0	247.56256469232997	582.35518224880957	0.00080809775948506373
0	10	10	200	4	10242981086789234084	23	11501	12000	500	500	-1884.3132717408678	56.245134695861537	423773	600000	0	0	261.05641146609554	542.19926473601015	0.0011143041489497956
0	10	10	200	4	10242981086789234084	24	12001	12500	500	500	-1848.0511193265954	57.510460255544125	425007	600000	0	0	255.37716770286539	525.41446331805923	0.0014930158788038065
0	10	10	200	4	10242981086789234084	25	12501	13000	500	500	-1820.7540762844433	55.432006338200551	424146	600000	0	0	265.06415050783272	503.13138284156526	2.9686201402395768e-05
0	10	10	200	4	10242981086789234084	26	13001	13500	500	500	-1856.5959891229645	54.4780762480436	424538	600000	0	0	278.15295318745115	523.80624661878699	-0.00027084481131752305
0	10	10	200	4	10242981086789234084	27	13501	14000	500	500	-1852.4178705335896	54.987760199966978	423577	600000	0	0	262.5126307817788	515.87768087163943	0.0009602126246467446
0	10	10	200	4	10242981086789234084	28	14001	14500	500	500	-1895.8976376374437	56.317753266529081	425900	600000	0	0	254.18686364631813	547.39348015000132	9.1071770942425007e-05
0	10	10	200	4	10242981086789234084	29	14501	15000	500	500	-1806.2096897043737	54.476487079246553	425214	600000	0	0	254.73282466141117	525.03355134992262	-0.00099156672524897517
0	10	10	200	4	10242981086789234084	30	15001	15500	500	500	-1832.9370502291422	55.24472525873319	425937	600000	0	0	268.84028455020967	485.71926092516969	5.4528584115309822e-05
0	10	10	200	4	10242981086789234084	31	15501	16000	500	500	-1775.0529247059706	54.912626691575454	426242	600000	0	0	268.90144016228879	506.61551281549879	6.6118208774568698e-05
0	10	10	200	4	10242981086789234084	32	16001	16500	500	500	-1845.7467519238915	53.168502981329162	425288	600000	0	0	273.96424696157453	548.86319976097309	3.3628730844052171e-05
0	10	10	200	4	10242981086789234084	33	16501	17000	500	500	-1854.8853218250113	56.414878364307697	424790	600000	0	0	259.07162639003292	512.02964874827546	2.2880662309424336e-05
0	10	10	200	4	10242981086789234084	34	17001	17500	500	500	-1885.9204840319851	56.309011101503003	425380	600000	0	0	251.83855099052496	568.04526079044979	0.00055982227513943269
0	10	10	200	4	10242981086789234084	35	17501	18000	500	500	-1903.4838930924554	54.748547451499043	423740	600000	0	0	269.27412444199075	538.72955976149365	0.0002410142177683865
0	10	10	200	4	10242981086789234084	36	18001	18500	500	500	-1876.2365444406621	56.077001701862315	424670	600000	0	0	268.20538148739308	527.18659928817965	0.0001602516712901556
0	10	10	200	4	10242981086789234084	37	18501	19000	500	500	-1900.8506481084848	55.361487211455945	424292	600000	0	0	260.10003381066974	535.47546169709801	0.00010415242813806298
0	10	10	200	4	10242981086789234084	38	19001	19500	500	500	-1890.6000591181771	55.447558010610173	424610	600000	0	0	264.67405286392835	588.79308445113941	6.2152904713192665e-05
0	10	10	200	4	10242981086789234084	39	19501	20000	500	500	-1798.3968650722547	53.420392864433424	424419	600000	0	0	296.0499162833396	477.85344613898508	0.00012237813547894338
0	10	10	200	4	10242981086789234084	40	20001	20500	500	500	-1855.4936019567022	54.959955995999216	425812	600000	0	0	259.45999507274308	513.6101010502075	0.00022530589453058743
0	10	10	200	4	10242981086789234084	41	20501	21000	500	500	-1855.1270865882814	54.504659554424805	425796	600000	0	0	263.19666687778135	510.92813669163388	3.4449793663312217e-05
0	10	10	200	4	10242981086789234084	42	21001	21500	500	500	-1859.8162126670036	55.721336780144384	425828	600000	0	0	270.90458691450038	512.98184754265526	-3.9202530164353223e-05
0	10	10	200	4	10242981086789234084	43	21501	22000	500	500	-1851.621305413237	52.939246436561071	425844	600000	0	0	255.9065965401139	566.56292537345576	0.012418842476936871
0	10	10	200	4	10242981086789234084	44	22001	22500	500	500	-1847.4903143643623	54.454035353360311	424700	600000	0	0	280.89384655324761	552.92550727871094	-1.9698381046336574e-05
0	10	10	200	4	10242981086789234084	45	22501	23000	500	500	-1883.3913271425629	53.893846238554843	424867	600000	0	0	267.38744494423361	512.0565797877814	0.00045570464561377763
0	10	10	200	4	10242981086789234084	46	23001	23500	500	500	-1822.8891350002068	55.168416816509499	425838	600000	0	0	244.63702150569895	584.68470263199902	8.8701264331081115e-06
0	10	10	200	4	10242981086789234084	47	23501	24000	500	500	-1844.0266032354484	54.760134621054881	424582	600000	0	0	268.18359928496864	573.92671663443491	7.585560280078639e-05
0	10	10	200	4	10242981086789234084	48	24001	24500	500	500	-1831.4260029197023	56.239959178476106	424795	600000	0	0	246.40393074158692	531.30679349721618	-0.00014719838199970384
0	10	10	200	4	10242981086789234084	49	24501	25000	500	500	-1865.6086424630696	55.363998513195355	424120	600000	0	0	269.26168521256272	502.01297178536186	5.7671956238338408e-05
0	10	10	200	4	10242981086789234084	50	25001	25500	500	500	-1815.6170348758753	54.891888535320035	424317	600000	0	0	250.53788351499088	500.40143818224169	-2.3840746432599279e-05
0	10	10	200	4	10242981086789234084	51	25501	26000	500	500	-1881.1064338377546	53.159216545474308	424388	600000	0	0	277.94660654840732	511.22010607294789	0.00012576840319885224
0	10	10	200	4	10242981086789234084	52	26001	26500	500	500	-1909.1355930089951	54.701579145440732	424733	600000	0	0	271.1982531800399	523.34831165204344	-6.4945093217102156e-06
0	10	10	200	4	10242981086789234084	53	26501	27000	500	500	-1820.9606602910724	54.983854109059365	424888	600000	0	0	252.38494728673294	506.85363462580295	-3.5067371936317155e-05
0	10	10	200	4	10242981086789234084	54	27001	27500	500	500	-1894.3002692489056	55.413122385671755	424551	600000	0	0	275.65630109586334	529.90093953609755	8.0611063467568892e-05
0	10	10	200	4	10242981086789234084	55	27501	28000	500	500	-1821.5902504736578	55.744417252030402	425744	600000	0	0	254.77062409293779	492.99589598159412	0.0002944857305993147
0	10	10	200	4	10242981086789234084	56	28001	28500	500	500	-1799.7342204986103	53.645163728771315	424384	600000	0	0	272.72922855794485	522.19019871882517	-1.4312586929978555e-05
0	10	10	200	4	10242981086789234084	57	28501	29000	500	500	-1852.3342890480501	56.610933394646956	424044	600000	0	0	266.27252715385123	508.93825546307818	-0.00086996414239350018
0	10	10	200	4	10242981086789234084	58	29001	29500	500	500	-1796.4959459562569	54.060479776050769	426034	600000	0	0	272.84085209958312	519.15205508239842	-0.001384647908371504
0	10	10	200	4	10242981086789234084	59	29501	30000	500	500	-1837.2830924488478	54.85118205885577	424830	600000	0	0	262.38681855851712	519.28985672865872	3.1233220707935466e-05
0	10	10	200	4	10242981086789234084	60	30001	30500	500	500	-1840.1928281375508	55.321309364004996	425431	600000	0	0	261.15120387285145	524.07403540116479	0.000451160901570954
0	10	10	200	4	10242981086789234084	61	30501	31000	500	500	-1903.5990198914533	53.413010974696448	424226	600000	0	0	268.06039036640362	531.06816197817852	-9.1484306383043973e-06
0	10	10	200	4	10242981086789234084	62	31001	31500	500	500	-1837.2267680762889	54.948205359407787	424899	600000	0	0	264.13918238037292	553.87173061575106	1.8255371319704162e-05
0	10	10	200	4	10242981086789234084	63	31501	32000	500	500	-1774.9984846823111	54.14814240356089	425155	600000	0	0	296.87887327643296	519.86613314297801	0.0039856280440662677
0	10	10	200	4	10242981086789234084	64	32001	32500	500	500	-1863.1137227624515	53.614360311732582	424858	600000	0	0	272.34485791440039	555.26541778669377	3.4265295687983136e-05
0	10	10	200	4	10242981086789234084	65	32501	33000	500	500	-1833.4018200753133	54.761000700727671	424163	600000	0	0	279.91543010736706	536.991119918251	3.0574143466029227e-05
0	10	10	200	4	10242981086789234084	66	33001	33500	500	500	-1863.4841172578133	57.126123279273848	425394	600000	0	0	250.88951868464184	564.90920200127118	0.00028990071262896045
0	10	10	200	4	10242981086789234084	67	33501	34000	500	500	-1805.8106800607879	54.161358505279232	425246	600000	0	0	262.57138715171624	563.20937612883961	-0.00011865150648570505
0	10	10	200	4	10242981086789234084	68	34001	34500	500	500	-1760.171498387135	53.178020068123935	419481	600000	0	0	251.87269150176763	497.81204902361281	13.134751567689792
0	10	10	200	4	10242981086789234084	69	34501	35000	500	500	-1849.1084634326598	55.771160541550131	425971	600000	0	0	259.85371548144406	523.82834723201529	0.00023695859823752129
0	10	10	200	4	10242981086789234084	70	35001	35500	500	500	-1829.1243726163875	55.935364541948871	426068	600000	0	0	275.47941807525109	498.42831902871103	0.00010281386220767355
0	10	10	200	4	10242981086789234084	71	35501	36000	500	500	-1825.9208985519651	53.985148642946648	425158	600000	0	0	273.6466721418775	500.08257412463468	5.5619809010470137e-05
0	10	10	200	4	10242981086789234084	72	36001	36500	500	500	-1806.691991783955	55.733773123920685	425461	600000	0	0	257.85292486571899	531.40288760220824	0.00010835920853438771
0	10	10	200	4	10242981086789234084	73	36501	37000	500	500	-1915.6550932707983	56.350129763375314	424620	600000	0	0	262.41768265482915	601.6810517268641	0.00010344565202049503
0	10	10	200	4	10242981086789234084	74	37001	37500	500	500	-1849.8434118317687	55.651179942448898	425132	600000	0	0	269.23883309831524	527.59657386796493	0.00020682466538018794
0	10	10	200	4	10242981086789234084	75	37501	38000	500	500	-1826.0917104796426	54.151677046501106	424577	600000	0	0	285.36050345911912	492.82366992479825	0.0018154896084846435
0	10	10	200	4	10242981086789234084	76	38001	38500	500	500	-1872.7913844001453	56.053602066216349	424354	600000	0	0	261.99853008974407	595.59075514420169	0.00012458356696436076
0	10	10	200	4	10242981086789234084	77	38501	39000	500	500	-1875.2479970219563	55.858322355445914	425222	600000	0	0	236.79389450618044	561.40494612068778	0.00074855072358615796
0	10	10	200	4	10242981086789234084	78	39001	39500	500	500	-1912.2318491383749	56.576166634002313	425613	600000	0	0	258.43244050926194	556.21471453404467	-0.00013994172802002386
0	10	10	200	4	10242981086789234084	79	39501	40000	500	500	-1909.1784058077901	53.734762552964845	423599	600000	0	0	281.30692852498208	526.20437747152891	6.2902312750488757e-05
0	10	10	200	4	10242981086789234084	80	40001	40500	500	500	-1895.7880779342963	54.68787592873619	425914	600000	0	0	260.14675240900897	537.96494224643652	-0.00035325000760834066
0	10	10	200	4	10242981086789234084	81	40501	41000	500	500	-1900.2106662935121	55.450696924304317	425560	600000	0	0	249.40962842050541	548.93959695374633	0.0053230185506370487
0	10	10	200	4	10242981086789234084	82	41001	41500	500	500	-1829.527251471832	55.169959191607951	424010	600000	0	0	277.39577964875832	549.66726150995817	2.8557598916019451e-05
0	10	10	200	4	10242981086789234084	83	41501	42000	500	500	-1862.2157636343145	55.337127431844102	423313	600000	0	0	253.35379454408229	514.48974994347316	-0.0056820889378893383
0	10	10	200	4	10242981086789234084	84	42001	42500	500	500	-1900.9250777393852	55.72641881964838	425821	600000	0	0	260.25940619991439	540.98254294746778	0.00012442005293457803
0	10	10	200	4	10242981086789234084	85	42501	43000	500	500	-1810.7438486816188	55.655248057104878	424606	600000	0	0	267.86076069763709	514.97948182579114	1.8349625207687379e-05
0	10	10	200	4	10242981086789234084	86	43001	43500	500	500	-1790.6927419798212	54.427320058022616	423383	600000	0	0	273.2463092466366	483.91471117697307	1.5667995916285117e-05
0	10	10	200	4	10242981086789234084	87	43501	44000	500	500	-1766.5047232399627	53.830444485718083	424177	600000	0	0	264.94178713309964	478.19926936315835	-0.00034337224346934326
0	10	10	200	4	10242981086789234084	88	44001	44500	500	500	-1840.904413411909	54.538690138070962	425931	600000	0	0	260.5881304551404	545.69107822938577	0.00045301205608925865
0	10	10	200	4	10242981086789234084	89	44501	45000	500	500	-1859.3256201189267	54.736626377043834	425605	600000	0	0	266.76525453100203	518.59634575579753	0.0007449316239219073
0	10	10	200	4	10242981086789234084	90	45001	45500	500	500	-1893.3540489354384	55.555007630356585	425139	600000	0	0	263.06402553756715	554.28430949674384	0.0001115779364501147
0	10	10	200	4	10242981086789234084	91	45501	46000	500	500	-1801.450997025921	54.092413229389351	426687	600000	0	0	268.75856304655696	496.13771611552812	8.9081798727457041e-05
0	10	10	200	4	10242981086789234084	92	46001	46500	500	500	-1775.0883056460307	56.544437305629906	424249	600000	0	0	256.6765731455173	483.98417377609104	-6.9642731873075281e-05
0	10	10	200	4	10242981086789234084	93	46501	47000	500	500	-1928.8534045116576	55.902154623378763	425091	600000	0	0	267.52068970694603	540.91507502422678	0.0010654150554611104
0	10	10	200	4	10242981086789234084	94	47001	47500	500	500	-1773.4464364951057	54.27166197555055	423687	600000	0	0	266.95646577467829	523.10906715344015	0.00020034625688754196
0	10	10	200	4	10242981086789234084	95	47501	48000	500	500	-1905.5541525324634	57.35147159121702	425319	600000	0	0	266.93762870666814	540.76749339925459	9.0984848822017321e-05
0	10	10	200	4	10242981086789234084	96	48001	48500	500	500	-1902.3597405743344	55.803709774047746	424037	600000	0	0	264.09094453194461	540.07143485873951	0.00022134937621038606
0	10	10	200	4	10242981086789234084	97	48501	49000	500	500	-1815.7532668154447	53.797543402994584	424312	600000	0	0	282.19714611786208	537.4342181028785	0.00015838366516604863
0	10	10	200	4	10242981086789234084	98	49001	49500	500	500	-1845.1137558306334	54.592193727387233	424609	600000	0	0	274.72178371944	512.30718847531114	0.00011628016825201526
0	10	10	200	4	10242981086789234084	99	49501	50000	500	500	-1912.7285580926687	57.166538439766953	423933	600000	0	0	254.87677440216987	603.20341889048007	2.8691166406342082e-05
0	10	10	200	5	8072799561488039607	0	1	500	500	500	-1873.4720824459332	55.089240941129241	424286	600000	0	0	262.41740702813826	563.20825231305923	0.00010450921218967356
0	10	10	200	5	8072799561488039607	1	501	1000	500	500	-1837.6974725998107	56.104681391098239	424984	600000	0	0	261.16554686953845	522.00907703486678	3.7279010184733875e-05
0	10	10	200	5	8072799561488039607	2	1001	1500	500	500	-1888.0259725162005	57.352141134803141	423833	600000	0	0	258.65546735866894	559.70574523178902	0.00026323752261734728
0	10	10	200	5	8072799561488039607	3	1501	2000	500	500	-1919.3794196823962	55.739182459350033	424757	600000	0	0	272.9212497246333	603.39479893690918	0.0001455565753591484
0	10	10	200	5	8072799561488039607	4	2001	2500	500	500	-1854.5169313948029	51.597667959301013	422799	600000	0	0	293.7713710667652	613.59791872849303	5.733010005617297e-05
0	10	10	200	5	8072799561488039607	5	2501	3000	500	500	-1873.6404236210678	56.384660818427278	423720	600000	0	0	266.66916849841982	523.29447804101585	9.1411372378617128e-05
0	10	10	200	5	8072799561488039607	6	3001	3500	500	500	-1876.2113200276201	53.370274241663331	425101	600000	0	0	274.45671939198797	534.2788674721545	-0.00028462418910699464
0	10	10	200	5	8072799561488039607	7	3501	4000	500	500	-1825.2779784806808	55.113213962672859	425154	600000	0	0	263.62596043203348	513.62291715495712	1.4086158075409208e-05
0	10	10	200	5	8072799561488039607	8	4001	4500	500	500	-1816.5639066139076	55.408905663996201	422780	600000	0	0	251.32383346189141	493.11831204996969	-4.6114998451275216e-06
0	10	10	200	5	8072799561488039607	9	4501	5000	500	500	-1888.2334262589461	55.014057117316902	424392	600000	0	0	275.75981891613822	527.29537876511665	0.00013195589736375124
0	10	10	200	5	8072799561488039607	10	5001	5500	500	500	-1800.3268311608149	54.872608476215333	424913	600000	0	0	247.26266487798807	519.57908553072014	6.6213831977095532e-05
0	10	10	200	5	8072799561488039607	11	5501	6000	500	500	-1919.0563738713993	55.389551228785422	424348	600000	0	0	279.99684885576289	551.19285553460156	0.00012146765690067731
0	10	10	200	5	8072799561488039607	12	6001	6500	500	500	-1861.2588331595298	57.297825784450076	424659	600000	0	0	257.95229491497423	542.33152517430358	8.2379872620094651e-05
0	10	10	200	5	8072799561488039607	13	6501	7000	500	500	-1884.0797249007892	55.849540571694654	424345	600000	0	0	268.46041171108311	540.87670409660041	2.5655420554905138e-05
0	10	10	200	5	8072799561488039607	14	7001	7500	500	500	-1843.6022189872865	55.155935762602105	424391	600000	0	0	258.78077981481096	525.61628934828389	5.8565282151985789e-05
0	10	10	200	5	8072799561488039607	15	7501	8000	500	500	-1834.1949959087258	54.758518877266162	422968	600000	0	0	275.34640143080651	505.82601686449169	7.8037972691525237e-05
0	10	10	200	5	8072799561488039607	16	8001	8500	500	500	-1851.9430993336746	55.97235209694793	424396	600000	0	0	264.89483571418691	548.89477589227204	0.00010710405457376696
0	10	10	200	5	8072799561488039607	17	8501	9000	500	500	-1767.7199303023306	54.10859638914426	423313	600000	0	0	279.64673502780806	474.07489675381277	0.00045865718193887939
0	10	10	200	5	8072799561488039607	18	9001	9500	500	500	-1847.9510961894568	55.653851651822244	425249	600000	0	0	277.14515401599152	528.96262786168734	0.00061080674992018756
0	10	10	200	5	8072799561488039607	19	9501	10000	500	500	-1868.2082860612891	55.922550741221691	425006	600000	0	0	260.85095867106185	522.64173855105514	0.00042462671854962599
0	10	10	200	5	8072799561488039607	20	10001	10500	500	500	-1859.8325643911762	55.770439624749216	424430	600000	0	0	276.47054815400764	526.8702740277356	3.0991628859881868e-05
0	10	10	200	5	8072799561488039607	21	10501	11000	500	500	-1848.7020401400375	54.775204430893865	424617	600000	0	0	268.77205893585818	540.1279034720767	0.00027053689962735583
0	10	10	200	5	8072799561488039607	22	11001	11500	500	500	-1855.4998871433547	57.753748501059782	426300	600000	0	0	240.78531151303321	525.40045054419102	0.00011127846078985736
0	10	10	200	5	8072799561488039607	23	11501	12000	500	500	-1835.5119031562915	56.218497854904832	425047	600000	0	0	259.38558104811295	509.17916222154696	0.0014726988209915034
0	10	10	200	5	8072799561488039607	24	12001	12500	500	500	-1868.8128495769452	54.301330851325375	423892	600000	0	0	262.03736634863969	512.54128219172287	9.0775750978265858e-05
0	10	10	200	5	8072799561488039607	25	12501	13000	500	500	-1817.8321249510113	53.099522994035937	425452	600000	0	0	286.87756388201979	560.20971131065551	-0.00020078248134466903
0	10	10	200	5	8072799561488039607	26	13001	13500	500	500	-1795.1479996093626	54.435698476217752	424977	600000	0	0	264.44807487776677	506.70147781042556	-0.002433712607322541
0	10	10	200	5	8072799561488039607	27	13501	14000	500	500	-1855.0402521839221	56.071510760814171	426068	600000	0	0	247.43437769012178	525.7685973314434	-8.300903575144078e-05
0	10	10	200	5	8072799561488039607	28	14001	14500	500	500	-1923.990583210357	55.407553740288492	425874	600000	0	0	268.58974025883538	566.38607756343197	2.1820174504387406e-05
0	10	10	200	5	8072799561488039607	29	14501	15000	500	500	-1816.6789741910948	54.485336417599839	423619	600000	0	0	268.67886274607901	507.10397557173314	0.0013080730212012919
0	10	10	200	5	8072799561488039607	30	15001	15500	500	500	-1860.4870232370629	55.405831672766645	425264	600000	0	0	266.4508751390963	553.65060732981988	4.2178188430798578e-06
0	10	10	200	5	8072799561488039607	31	15501	16000	500	500	-1779.7817143552957	55.71242327178107	425316	600000	0	0	260.41910903552565	493.29212693906106	0.043431095904931244
0	10	10	200	5	8072799561488039607	32	16001	16500	500	500	-1846.2059251959815	56.528991057799637	426666	600000	0	0	256.76286440868159	520.73605009537164	0.0001399660955033096
0	10	10	200	5	8072799561488039607	33	16501	17000	500	500	-1867.6449707934535	52.62545546370599	424733	600000	0	0	297.46969133277531	584.12238529545107	0.00064915596101436737
0	10	10	200	5	8072799561488039607	34	17001	17500	500	500	-1854.0256609006638	55.094932089633453	425252	600000	0	0	279.2628751111817	510.18967166175685	0.0002527384518357585
0	10	10	200	5	8072799561488039607	35	17501	18000	500	500	-1863.0924004700134	56.744299114658858	425547	600000	0	0	244.37274241960793	549.86619260479324	4.1303620095083511e-06
0	10	10	200	5	8072799561488039607	36	18001	18500	500	500	-1879.8135838523654	54.278100506792491	424323	600000	0	0	262.90104134945767	523.97598057059884	-0.00022933296533491843
0	10	10	200	5	8072799561488039607	37	18501	19000	500	500	-1875.0194831354841	53.969250344577929	425869	600000	0	0	266.47486177052474	514.85735896913866	0.0020788336278472152
0	10	10	200	5	8072799561488039607	38	19001	19500	500	500	-1861.6996820101069	56.167832474613711	425503	600000	0	0	262.31699764305603	591.36728952471174	0.00031321082691606656
0	10	10	200	5	8072799561488039607	39	19501	20000	500	500	-1841.0478143243204	55.015330430506005	422344	600000	0	0	267.35859631256409	553.72147711560274	7.6328040985985973e-05
0	10	10	200	5	8072799561488039607	40	20001	20500	500	500	-1824.0847628451727	55.414515308134085	426476	600000	0	0	257.87074673319125	529.24074670914501	1.5754541627972543e-05
0	10	10	200	5	8072799561488039607	41	20501	21000	500	500	-1792.394400022092	54.524881023404305	424739	600000	0	0	258.73692180141211	493.12738359259947	-0.00087139506444849663
0	10	10	200	5	8072799561488039607	42	21001	21500	500	500	-1792.5129338778397	54.605121746213079	425002	600000	0	0	267.3537442140568	505.47232471216438	0.00011124629197801007
0	10	10	200	5	8072799561488039607	43	21501	22000	500	500	-1836.1203251817076	55.903993805816853	424285	600000	0	0	239.29813433504944	565.37728740223986	4.0378863079464563e-06
0	10	10	200	5	8072799561488039607	44	22001	22500	500	500	-1822.350452182073	53.723877532521414	424924	600000	0	0	285.89417754463085	501.51581829444075	0.0001864078298158543
0	10	10	200	5	8072799561488039607	45	22501	23000	500	500	-1792.8916999106275	54.906788553900633	424876	600000	0	0	261.67982742304383	561.82438043952891	2.7449304883463383e-05
0	10	10	200	5	8072799561488039607	46	23001	23500	500	500	-1828.3499916347796	55.809539286920923	424141	600000	0	0	261.35249064414018	487.73352766545224	3.9378101942945657e-05
0	10	10	200	5	8072799561488039607	47	23501	24000	500	500	-1769.1296864629828	55.578981421716946	424584	600000	0	0	248.84681835198202	482.56011688373962	2.8590273877378745e-05
0	10	10	200	5	8072799561488039607	48	24001	24500	500	500	-1880.2666947740202	54.878789181776447	424410	600000	0	0	268.90593970378217	526.94160186742738	-0.00049175655871100041
0	10	10	200	5	8072799561488039607	49	24501	25000	500	500	-1859.451824493327	56.343735912818211	424973	600000	0	0	267.35540642836469	557.37572046409571	0.0018206592427856719
0	10	10	200	5	8072799561488039607	50	25001	25500	500	500	-1857.8677399755165	54.175691866603962	424224	600000	0	0	264.42526042840251	545.21184154465323	-8.3361834409171942e-05
0	10	10	200	5	8072799561488039607	51	25501	26000	500	500	-1901.3583693797566	57.253326742876709	424985	600000	0	0	246.66930186297301	579.5730739819569	-1.2405663256923979e-05
0	10	10	200	5	8072799561488039607	52	26001	26500	500	500	-1832.8811191793072	54.094781945417523	424922	600000	0	0	265.50883712351208	521.66858958773014	0.00029111493429213295
0	10	10	200	5	8072799561488039607	53	26501	27000	500	500	-1824.0697713135839	55.398253731624479	425202	600000	0	0	247.54136369479482	529.15623662622011	-9.2617621415691417e-05
0	10	10	200	5	8072799561488039607	54	27001	27500	500	500	-1810.6150983932953	52.714587156943693	424000	600000	0	0	283.13579939819385	508.58753306756751	0.0001445468166048231
0	10	10	200	5	8072799561488039607	55	27501	28000	500	500	-1889.5292946204731	54.392367872244115	424287	600000	0	0	273.31661507331972	521.29533969208535	0.0001326718233202474
0	10	10	200	5	8072799561488039607	56	28001	28500	500	500	-1843.8520213569716	56.633305464949615	426662	600000	0	0	271.75721824932111	520.34407838214156	0.00047130591983314833
0	10	10	200	5	8072799561488039607	57	28501	29000	500	500	-1791.8769993611447	55.581387524469534	424632	600000	0	0	272.16501298597711	483.52722303232241	7.1108931021086883e-05
0	10	10	200	5	8072799561488039607	58	29001	29500	500	500	-1813.7333128841149	55.343295772010379	425198	600000	0	0	245.61527471758072	504.83626634150687	0.00049874952446993183
0	10	10	200	5	8072799561488039607	59	29501	30000	500	500	-1896.156275768047	55.675382751489352	425048	600000	0	0	274.18680827302489	533.09588149908893	0.00013981298087968028
0	10	10	200	5	8072799561488039607	60	30001	30500	500	500	-1868.757407120348	54.270821801801276	425200	600000	0	0	264.21064644006594	547.24425214367125	1.5101512417538961e-05
0	10	10	200	5	8072799561488039607	61	30501	31000	500	500	-1887.0841956316604	55.817666316054869	423619	600000	0	0	267.20754529175866	571.07010042088075	0.0001499759759559638
0	10	10	200	5	8072799561488039607	62	31001	31500	500	500	-1800.9678415667227	56.038672203926069	425295	600000	0	0	256.47278661526298	481.85896317170915	4.5210225792388058e-05
0	10	10	200	5	8072799561488039607	63	31501	32000	500	500	-1868.596579162132	56.424778208216722	425263	600000	0	0	264.85964572594082	518.79276124670787	0.00016603752403585259
0	10	10	200	5	8072799561488039607	64	32001	32500	500	500	-1876.3638883054286	57.087739898342583	425307	600000	0	0	272.89952174894853	568.56231263593111	0.00024463002857467303
0	10	10	200	5	8072799561488039607	65	32501	33000	500	500	-1900.9223081999376	54.190529425131466	424638	600000	0	0	271.46757191710492	543.63091731557665	0.0062002475074961431
0	10	10	200	5	8072799561488039607	66	33001	33500	500	500	-1906.5608014390625	55.945166613413427	424533	600000	0	0	260.4511716373911	528.83846797404476	4.3468436245727886e-07
0	10	10	200	5	8072799561488039607	67	33501	34000	500	500	-1903.6618783803731	55.941233096614717	425032	600000	0	0	244.60177534557761	559.8317186234533	0.0029062864674907819
0	10	10	200	5	8072799561488039607	68	34001	34500	500	500	-1847.2636800009461	54.594801537901617	423826	600000	0	0	269.85574807870131	549.88509662827937	0.00024587778445938014
0	10	10	200	5	8072799561488039607	69	34501	35000	500	500	-1799.0709889165762	52.510828092688662	424528	600000	0	0	269.05665389617178	507.69422034644435	0.00047632216564488837
0	10	10	200	5	8072799561488039607	70	35001	35500	500	500	-1862.301064054993	55.041226064097771	425181	600000	0	0	263.00341758995728	518.66709867762268	-7.9679889192609958e-05
0	10	10	200	5	8072799561488039607	71	35501	36000	500	500	-1780.2870311992908	52.811411760646976	423942	600000	0	0	262.40014537403823	529.16518680625313	-4.8773112841284679e-05
0	10	10	200	5	8072799561488039607	72	36001	36500	500	500	-1868.2044968299415	56.009642755872513	423526	600000	0	0	259.76806718996261	565.00151421997896	0.00055555879462391956
0	10	10	200	5	8072799561488039607	73	36501	37000	500	500	-1922.9580519878782	56.031153685917864	424691	600000	0	0	274.78176001469672	531.46137563204832	3.969280315524805e-05
0	10	10	200	5	8072799561488039607	74	37001	37500	500	500	-1796.4427586822924	56.252211729066957	425224	600000	0	0	239.79893631120083	504.73470197298172	-2.2429582896721394e-05
0	10	10	200	5	8072799561488039607	75	37501	38000	500	500	-1856.4928702148379	55.626722585052121	424466	600000	0	0	257.61184096919357	518.29247862565217	3.6470140080035789e-05
0	10	10	200	5	8072799561488039607	76	38001	38500	500	500	-1797.4212670665813	53.919769207407853	424145	600000	0	0	259.24605034210447	481.14475760229209	1.444917289220489e-05
0	10	10	200	5	8072799561488039607	77	38501	39000	500	500	-1843.6856202057336	55.30944367925094	425199	600000	0	0	256.93000306774684	561.96258338925452	0.00030510840593731572
0	10	10	200	5	8072799561488039607	78	39001	39500	500	500	-1837.6289595646817	55.625387608585037	422592	600000	0	0	252.44150452020091	522.12342267222255	-0.0015531738609816611
0	10	10	200	5	8072799561488039607	79	39501	40000	500	500	-1850.7894131695296	55.054949356313621	423295	600000	0	0	269.97961658614474	578.4259260598966	0.00060601302094381046
0	10	10	200	5	8072799561488039607	80	40001	40500	500	500	-1837.642485321212	56.600266298109503	425851	600000	0	0	257.92918676108786	534.87801450002235	-0.0025933683745296356
0	10	10	200	5	8072799561488039607	81	40501	41000	500	500	-1797.5209489400963	53.77508528240989	423892	600000	0	0	272.54445446527706	518.10809509171668	0.0001271012816390682
0	10	10	200	5	8072799561488039607	82	41001	41500	500	500	-1855.2510230679752	54.404364840552915	424357	600000	0	0	284.63369871421133	525.48840719241048	-3.4057055691811645e-05
0	10	10	200	5	8072799561488039607	83	41501	42000	500	500	-1845.3983218276808	55.055373532819814	425768	600000	0	0	269.18696025139889	511.03690346189927	-0.00012830962337107479
0	10	10	200	5	8072799561488039607	84	42001	42500	500	500	-1851.092139035987	55.775100898747155	424517	600000	0	0	247.02692601736319	538.50335423290653	6.9753442677132738e-05
0	10	10	200	5	8072799561488039607	85	42501	43000	500	500	-1776.5931948322111	54.089485578546174	423714	600000	0	0	275.01183022038606	500.70714511654296	-1.6517711470507977e-06
0	10	10	200	5	8072799561488039607	86	43001	43500	500	500	-1847.3085031592852	55.620087383204158	423592	600000	0	0	266.05129388120895	506.22806094519768	0.0004290120954803968
0	10	10	200	5	8072799561488039607	87	43501	44000	500	500	-1862.9879271228051	54.424002611358937	425838	600000	0	0	252.08884454841055	530.61868521668828	0.0003412999306049414
0	10	10	200	5	8072799561488039607	88	44001	44500	500	500	-1839.5585421581914	56.000419180743656	425183	600000	0	0	258.14969079015452	569.6101883125566	0.0001884006720576869
0	10	10	200	5	8072799561488039607	89	44501	45000	500	500	-1792.7269717051743	54.877492414785102	424459	600000	0	0	241.99368043163889	513.15202031240415	9.0607262523922233e-05
0	10	10	200	5	8072799561488039607	90	45001	45500	500	500	-1850.4455243216059	54.02461786973992	423054	600000	0	0	267.64467501179604	511.66921678642746	4.8177232876085267e-05
0	10	10	200	5	8072799561488039607	91	45501	46000	500	500	-1922.3139582706833	57.381808616344145	423035	600000	0	0	275.29330161252039	540.36549100505317	0.001258037832930845
0	10	10	200	5	8072799561488039607	92	46001	46500	500	500	-1900.1766520669348	55.50431306505169	425129	600000	0	0	251.76812697454992	626.59037816096009	0.00030778129814242554
0	10	10	200	5	8072799561488039607	93	46501	47000	500	500	-1865.9189941799293	54.137374398671604	424491	600000	0	0	270.52483811399429	540.60621177345968	-0.00013624832794201466
0	10	10	200	5	8072799561488039607	94	47001	47500	500	500	-1860.9107284394165	56.229682786808304	425263	600000	0	0	282.37510788084575	517.06154009592251	-5.2139987437606159e-06
0	10	10	200	5	8072799561488039607	95	47501	48000	500	500	-1871.1546098202614	55.084006296658693	424045	600000	0	0	276.37551489447117	524.97888671768817	0.0001313123973851783
0	10	10	200	5	8072799561488039607	96	48001	48500	500	500	-1831.3571089785094	52.921623765263831	424770	600000	0	0	272.79137682299489	536.56594066849914	4.0400225716228748e-05
0	10	10	200	5	8072799561488039607	97	48501	49000	500	500	-1870.610119150778	56.68943169104319	424646	600000	0	0	230.9673800738004	592.08047309055382	0.00099299744053210105
0	10	10	200	5	8072799561488039607	98	49001	49500	500	500	-1832.8912523046188	54.743832566575328	423685	600000	0	0	270.10061128930795	546.84075854519278	3.829117100693013e-05
0	10	10	200	5	8072799561488039607	99	49501	50000	500	500	-1848.4534074290013	54.154639728329911	424289	600000	0	0	272.5666362248964	514.12038614778714	3.5047199606667856e-05
0	10	10	200	6	2284448335913062691	0	1	500	500	500	-1743.3296847331508	56.067752544327696	423904	600000	0	0	265.30736472386576	468.31091272409463	0.00019902911202166149
0	10	10	200	6	2284448335913062691	1	501	1000	500	500	-1814.46453995046	55.764798265471946	425306	600000	0	0	245.95079523965774	499.46282972661612	2.5905090051198821e-05
0	10	10	200	6	2284448335913062691	2	1001	1500	500	500	-1869.6231375520404	56.616745520177311	423735	600000	0	0	261.80573146092371	499.90206238735254	-0.00038323965493447184
0	10	10	200	6	2284448335913062691	3	1501	2000	500	500	-1817.7253330327312	56.59687761188539	423722	600000	0	0	249.09535752765464	519.62036688677222	6.7468504928360623e-05
0	10	10	200	6	2284448335913062691	4	2001	2500	500	500	-1825.9011587651055	56.432090892526809	425432	600000	0	0	274.42793056559424	529.6953011111068	3.3939702453212671e-05
0	10	10	200	6	2284448335913062691	5	2501	3000	500	500	-1881.3887932707466	53.119769379392842	425022	600000	0	0	269.33269137929472	540.48087793411639	0.00020689483921986404
0	10	10	200	6	2284448335913062691	6	3001	3500	500	500	-1825.2715856011682	55.125872133227411	423706	600000	0	0	249.17538766860091	514.50322203766416	0.000384340246601541
0	10	10	200	6	2284448335913062691	7	3501	4000	500	500	-1872.9501146852263	55.921665744199437	425283	600000	0	0	253.74722310238514	538.34670272626317	0.00017998524275254419
0	10	10	200	6	2284448335913062691	8	4001	4500	500	500	-1778.8799855046768	55.437542323446337	423877	600000	0	0	253.48078084354708	505.60770505779311	5.6986853448623878e-05
0	10	10	200	6	2284448335913062691	9	4501	5000	500	500	-1791.8420195501476	54.462750044245297	424377	600000	0	0	277.58916128772603	527.75539829728882	5.9443201384166714e-05
0	10	10	200	6	2284448335913062691	10	5001	5500	500	500	-1829.5487625350679	53.635908280573375	424015	600000	0	0	273.794432709771	510.05461116198705	0.0010889948347576125
0	10	10	200	6	2284448335913062691	11	5501	6000	500	500	-1843.7331708843785	54.089477024570613	425744	600000	0	0	298.2329575146083	515.06096501763489	0.00043776187590561589
0	10	10	200	6	2284448335913062691	12	6001	6500	500	500	-1847.6914789590019	56.715095525106918	426001	600000	0	0	245.69260306649258	512.50533637336935	2.4167452925035201e-06
0	10	10	200	6	2284448335913062691	13	6501	7000	500	500	-1890.6413455844727	55.848290393057034	424347	600000	0	0	291.87666336950116	522.99183516469918	2.9092944515801151e-05
0	10	10	200	6	2284448335913062691	14	7001	7500	500	500	-1873.3984876391401	54.625823159689126	424715	600000	0	0	274.71667305228777	556.60508506088854	3.6981636090222884e-05
0	10	10	200	6	2284448335913062691	15	7501	8000	500	500	-1843.6377150190508	57.033477916696775	425950	600000	0	0	241.93973659186642	527.2024855383255	1.0079789221223894e-05
0	10	10	200	6	2284448335913062691	16	8001	8500	500	500	-1812.440808788584	54.313061887600149	424989	600000	0	0	273.28237532810493	474.83371081302789	0.00013846840517113654
0	10	10	200	6	2284448335913062691	17	8501	9000	500	500	-1884.7646006420059	55.169392165127071	423975	600000	0	0	263.78436783322394	594.28519656180401	0.00024239248968036794
0	10	10	200	6	2284448335913062691	18	9001	9500	500	500	-1837.6600092502731	55.533163084428196	424753	600000	0	0	265.77031522408265	516.18097485801377	0.00011055055775017794
0	10	10	200	6	2284448335913062691	19	9501	10000	500	500	-1824.6369250154582	53.600376002153773	425225	600000	0	0	267.24306477223769	498.72904775674476	0.0001331064990018425
0	10	10	200	6	2284448335913062691	20	10001	10500	500	500	-1750.9168527462994	51.908347832664454	425667	600000	0	0	282.09875438466287	470.78071167659891	0.00019304103831957288
0	10	10	200	6	2284448335913062691	21	10501	11000	500	500	-1863.301429602325	53.655183320874343	425316	600000	0	0	268.57022826987389	557.91567396938706	0.0017449489189012614
0	10	10	200	6	2284448335913062691	22	11001	11500	500	500	-1781.4524792343898	55.628126885602278	424624	600000	0	0	264.75562101570341	484.54665607195591	9.0764360167397168e-05
0	10	10	200	6	2284448335913062691	23	11501	12000	500	500	-1843.4885482398176	54.635875540339711	424767	600000	0	0	285.57240975747749	505.78941378369581	0.0037732461969480495
0	10	10	200	6	2284448335913062691	24	12001	12500	500	500	-1865.0179324966302	55.223872240208514	425532	600000	0	0	261.92072166640747	527.51868141110947	6.3398527656169197e-05
0	10	10	200	6	2284448335913062691	25	12501	13000	500	500	-1766.5287123223286	54.504867275730774	422929	600000	0	0	257.81755432870551	499.10212968110238	-3.1924302897521614e-05
0	10	10	200	6	2284448335913062691	26	13001	13500	500	500	-1888.3225296759858	55.689047708658798	423492	600000	0	0	260.82640786489213	573.35722180145194	5.727774060483456e-05
0	10	10	200	6	2284448335913062691	27	13501	14000	500	500	-1858.0178349593339	54.943208396785309	424580	600000	0	0	278.36730630672406	518.63930389109908	0.00071795984106205876
0	10	10	200	6	2284448335913062691	28	14001	14500	500	500	-1727.4350153226558	54.39312522286972	426162	600000	0	0	295.7876062109209	509.41192332136575	5.4565648414674415e-05
0	10	10	200	6	2284448335913062691	29	14501	15000	500	500	-1802.8792423050475	54.800498024890089	424992	600000	0	0	268.89084222258839	515.97515270597762	7.6749314719053871e-05
0	10	10	200	6	2284448335913062691	30	15001	15500	500	500	-1865.4761915191571	54.340103164279149	425003	600000	0	0	271.56400295132295	521.46338610624809	-9.5233350224141505e-05
0	10	10	200	6	2284448335913062691	31	15501	16000	500	500	-1891.11287485909	55.208408175509874	424092	600000	0	0	252.85214114761254	535.45215472957784	0.000136330846289798
0	10	10	200	6	2284448335913062691	32	16001	16500	500	500	-1816.6253993116954	55.584116891264905	425010	600000	0	0	270.11142209074211	490.40317923223114	1.0770061345394261e-05
0	10	10	200	6	2284448335913062691	33	16501	17000	500	500	-1873.6843511862155	57.55807892071482	425844	600000	0	0	251.37026749320677	580.01498999217199	3.3965215618721097e-05
0	10	10	200	6	2284448335913062691	34	17001	17500	500	500	-1863.711684449687	55.00592135341909	423977	600000	0	0	280.08375658962473	535.81157684052039	0.00010878468018786273
0	10	10	200	6	2284448335913062691	35	17501	18000	500	500	-1842.1058150305601	56.071942975608891	425435	600000	0	0	266.70420617646056	605.17730186610879	7.670943746232163e-05
0	10	10	200	6	2284448335913062691	36	18001	18500	500	500	-1808.9399324982642	54.705515149930015	424472	600000	0	0	268.62366137200206	488.16154885673723	-0.0093845278135708775
0	10	10	200	6	2284448335913062691	37	18501	19000	500	500	-1870.9855092812707	57.160037730995199	427457	600000	0	0	271.38168683976517	542.81600249917426	0.00017941078624382262
0	10	10	200	6	2284448335913062691	38	19001	19500	500	500	-1810.4626635901118	55.075316660456402	424257	600000	0	0	270.24158522173531	483.62946230733922	0.0003479813874822727
0	10	10	200	6	2284448335913062691	39	19501	20000	500	500	-1836.347975792286	54.065077095786499	423682	600000	0	0	262.45047861291397	554.55441431368808	9.0022483761576926e-05
0	10	10	200	6	2284448335913062691	40	20001	20500	500	500	-1868.8530854879621	54.836747276497398	424042	600000	0	0	269.65788716398674	549.64588360761752	0.00031938483688032532
0	10	10	200	6	2284448335913062691	41	20501	21000	500	500	-1813.5438579543807	55.651842832437978	424811	600000	0	0	279.97109621006535	567.72026211348327	0.00035403757393640206
0	10	10	200	6	2284448335913062691	42	21001	21500	500	500	-1785.7259715806824	56.153202149450806	425395	600000	0	0	265.50116903520586	480.24311368246634	0.00011486791636015621
0	10	10	200	6	2284448335913062691	43	21501	22000	500	500	-1791.4757003704522	55.838579868396003	424207	600000	0	0	251.45742873359865	504.92599214970863	0.001119979837829295
0	10	10	200	6	2284448335913062691	44	22001	22500	500	500	-1839.9303933892556	53.162340910135072	423629	600000	0	0	272.06230152460449	533.50706928493719	3.000528512449351
0	10	10	200	6	2284448335913062691	45	22501	23000	500	500	-1766.2454015250964	55.228051577571001	423006	600000	0	0	263.56762578276226	496.2022210031119	2.1613582554551916
0	10	10	200	6	2284448335913062691	46	23001	23500	500	500	-1843.6029050694328	55.16488225091657	423978	600000	0	0	262.36658032771118	517.76919611207961	2.9949286748796786e-05
0	10	10	200	6	2284448335913062691	47	23501	24000	500	500	-1831.2787222305351	55.566295294049404	425066	600000	0	0	253.65163670434771	530.48407090432318	-0.00028085712246577951
0	10	10	200	6	2284448335913062691	48	24001	24500	500	500	-1876.9808132997057	55.215354914276986	425901	600000	0	0	268.12964819128553	535.820681935528	0.00014758149268398585
0	10	10	200	6	2284448335913062691	49	24501	25000	500	500	-1820.9713426350947	54.248953026665532	424659	600000	0	0	264.70931183357436	553.59575995102955	1.1823935691922312e-05
0	10	10	200	6	2284448335913062691	50	25001	25500	500	500	-1918.8711709381564	56.069873722001951	424911	600000	0	0	271.26998405552627	547.02286182577939	-6.9825195490730356e-06
0	10	10	200	6	2284448335913062691	51	25501	26000	500	500	-1862.5663132483585	57.381582204214411	425537	600000	0	0	258.14188356672935	560.73412455504763	-0.0001219213843749207
0	10	10	200	6	2284448335913062691	52	26001	26500	500	500	-1755.9229481175723	51.688243116794212	423559	600000	0	0	273.54312582284786	458.14775121731242	0.0003164471645823036
0	10	10	200	6	2284448335913062691	53	26501	27000	500	500	-1823.0609975881682	55.452674214176746	425828	600000	0	0	262.75220557648737	496.61871141508749	-0.00014101451723260973
0	10	10	200	6	2284448335913062691	54	27001	27500	500	500	-1877.962941120041	55.765662067031343	425670	600000	0	0	281.99356038943938	521.74717658551515	0.00015986267719683686
0	10	10	200	6	2284448335913062691	55	27501	28000	500	500	-1856.3526117931519	56.833032886403423	424971	600000	0	0	283.50803210073673	505.38629112516088	-4.7297502966831372e-07
0	10	10	200	6	2284448335913062691	56	28001	28500	500	500	-1897.5052832709709	56.05547725185707	424544	600000	0	0	260.42451071518485	567.46823906642578	0.00010013279357056504
0	10	10	200	6	2284448335913062691	57	28501	29000	500	500	-1823.3759914988643	55.474236831345451	424663	600000	0	0	274.06835919787454	497.9230972623912	4.5067099474629272e-05
0	10	10	200	6	2284448335913062691	58	29001	29500	500	500	-1835.0987056243557	56.44583842052365	426455	600000	0	0	244.42258302863493	500.51050387274597	0.00025181404403692992
0	10	10	200	6	2284448335913062691	59	29501	30000	500	500	-1811.2336989532464	55.59331104581382	425449	600000	0	0	256.23851829185048	498.65092437418565	7.6973243132054335e-05
0	10	10	200	6	2284448335913062691	60	30001	30500	500	500	-1834.8514858367532	55.421317369745182	423756	600000	0	0	245.67874757939407	521.04934185280956	-4.8019126783023718e-05
0	10	10	200	6	2284448335913062691	61	30501	31000	500	500	-1830.3969606676608	56.172087685973224	424754	600000	0	0	261.9268013270954	517.4698717135733	-0.00012110897772634024
0	10	10	200	6	2284448335913062691	62	31001	31500	500	500	-1860.6913310775537	57.077851231028752	425205	600000	0	0	274.34393514043001	512.47611377936084	0.0032088309331244303
0	10	10	200	6	2284448335913062691	63	31501	32000	500	500	-1931.8216963862899	55.254194908005921	424783	600000	0	0	253.80945935379077	544.6195160361267	5.2283846523422155e-05
0	10	10	200	6	2284448335913062691	64	32001	32500	500	500	-1854.6927948838666	55.125630634752433	425078	600000	0	0	272.24652149959195	510.99732979525641	5.5455176543633259e-05
0	10	10	200	6	2284448335913062691	65	32501	33000	500	500	-1812.0165312442912	53.772953286036845	424951	600000	0	0	285.50511903336383	496.77682767887035	-8.386868003400215e-05
0	10	10	200	6	2284448335913062691	66	33001	33500	500	500	-1856.224530550719	54.407828931395521	425578	600000	0	0	258.16237644186037	526.02964398652159	-5.8744688007967152e-05
0	10	10	200	6	2284448335913062691	67	33501	34000	500	500	-1772.6854759935029	53.92627091965808	424537	600000	0	0	265.68428815399778	485.27859551297877	-1.2853998339052793e-05
0	10	10	200	6	2284448335913062691	68	34001	34500	500	500	-1863.9607281933841	54.691612478239243	425062	600000	0	0	279.94617112602265	515.36807566133143	0.00020145127459170081
0	10	10	200	6	2284448335913062691	69	34501	35000	500	500	-1834.650157144385	55.605351271806555	423708	600000	0	0	249.82444817481141	551.00261950433389	3.8926565891623355e-05
0	10	10	200	6	2284448335913062691	70	35001	35500	500	500	-1831.3610122778809	55.506170297216293	423718	600000	0	0	266.4025738326967	527.48586378522191	0.83361762878486634
0	10	10	200	6	2284448335913062691	71	35501	36000	500	500	-1824.3721123032944	54.716988925159747	424301	600000	0	0	267.04472277305535	522.00482197170015	-2.1460924071644093e-06
0	10	10	200	6	2284448335913062691	72	36001	36500	500	500	-1802.8578205122017	55.478654086723381	424599	600000	0	0	259.41046354221527	514.23882074818016	2.327144126524662e-05
0	10	10	200	6	2284448335913062691	73	36501	37000	500	500	-1841.0399020738312	56.113273107210809	425132	600000	0	0	265.67735434440215	556.15853574629011	8.7833542487046154e-05
0	10	10	200	6	2284448335913062691	74	37001	37500	500	500	-1800.4190582197489	53.171832043932909	422755	600000	0	0	265.50924280308004	490.483718641895	-3.2074572487566608e-05
0	10	10	200	6	2284448335913062691	75	37501	38000	500	500	-1833.8314835678539	55.883415511259919	425773	600000	0	0	260.00803812293748	538.32919345826406	0.00020517426778773046
0	10	10	200	6	2284448335913062691	76	38001	38500	500	500	-1782.0993275309945	53.959927268218948	425320	600000	0	0	274.76887906794514	467.61431998290834	-0.00046438028907950368
0	10	10	200	6	2284448335913062691	77	38501	39000	500	500	-1818.9067711543828	54.17753200894682	424125	600000	0	0	267.52292043175783	505.09084188958218	2.1057019297315165e-05
0	10	10	200	6	2284448335913062691	78	39001	39500	500	500	-1853.9649783951547	55.816815450714401	424357	600000	0	0	272.08483258544362	492.28620441934618	-0.00022075410643557502
0	10	10	200	6	2284448335913062691	79	39501	40000	500	500	-1767.6810720880967	54.323262414589252	421648	600000	0	0	275.24707284115783	490.99057369779166	5.61426222357118e-05
0	10	10	200	6	2284448335913062691	80	40001	40500	500	500	-1814.330140852536	55.670961100409095	425322	600000	0	0	250.8880130416033	560.40187058020013	4.5152690629199382e-05
0	10	10	200	6	2284448335913062691	81	40501	41000	500	500	-1810.1743310087795	54.037081657612781	424459	600000	0	0	282.057062994582	479.22376525961027	-4.6567996597167851e-05
0	10	10	200	6	2284448335913062691	82	41001	41500	500	500	-1912.8620211326556	57.190392860381536	426117	600000	0	0	259.62872637598173	595.49621168862905	0.0010250820643884671
0	10	10	200	6	2284448335913062691	83	41501	42000	500	500	-1900.8152155254143	56.937795545365979	424633	600000	0	0	251.02059723032403	561.94421340259362	3.4930481944282076e-05
0	10	10	200	6	2284448335913062691	84	42001	42500	500	500	-1825.8135862112667	55.611302752855543	423910	600000	0	0	248.820902331822	511.59165339791605	3.1544167133445059e-05
0	10	10	200	6	2284448335913062691	85	42501	43000	500	500	-1932.1711524623743	54.356873785794207	424522	600000	0	0	284.88877315647869	561.9365957590577	3.8192274550326582e-06
0	10	10	200	6	2284448335913062691	86	43001	43500	500	500	-1828.5925148739798	56.182648796686635	425021	600000	0	0	263.93939880744097	498.05207874521807	0.00014021872075692385
0	10	10	200	6	2284448335913062691	87	43501	44000	500	500	-1794.6160348093968	53.236688102019492	424266	600000	0	0	266.71368746313789	538.46828405430358	0.0001081575066182542
0	10	10	200	6	2284448335913062691	88	44001	44500	500	500	-1882.9272263560185	55.943033871148721	427038	600000	0	0	267.21508425964441	523.74095908401512	0.00055317813076135919
0	10	10	200	6	2284448335913062691	89	44501	45000	500	500	-1867.7645888949025	55.388221663238156	424589	600000	0	0	260.69290091070297	541.22766980803988	4.0286726513404174
0	10	10	200	6	2284448335913062691	90	45001	45500	500	500	-1879.4294970362621	56.829690790540155	423921	600000	0	0	244.05682291115903	542.18208745339109	-0.00020773829092921728
0	10	10	200	6	2284448335913062691	91	45501	46000	500	500	-1868.585704259566	56.56719357340689	425758	600000	0	0	255.42427655068724	570.92150729559933	0.00011452550522030501
0	10	10	200	6	2284448335913062691	92	46001	46500	500	500	-1923.9331026934872	57.366327817577371	424702	600000	0	0	267.10001096211613	558.94420278950247	0.00011325795741183475
0	10	10	200	6	2284448335913062691	93	46501	47000	500	500	-1797.4909387178607	56.336780106884291	425113	600000	0	0	259.66017968204511	500.28951063651181	0.0015505157965600451
0	10	10	200	6	2284448335913062691	94	47001	47500	500	500	-1859.7145000227144	55.385363989953746	422887	600000	0	0	274.98213994353767	487.53228609867239	0.00092289525449355347
0	10	10	200	6	2284448335913062691	95	47501	48000	500	500	-1789.1377884474591	55.321234739269755	424834	600000	0	0	276.80150243196363	500.00795384010382	-3.5730434846089914e-05
0	10	10	200	6	2284448335913062691	96	48001	48500	500	500	-1779.9804306353128	55.648328126816196	423965	600000	0	0	266.35825400919805	490.64835410628029	2.1366093140071585e-05
0	10	10	200	6	2284448335913062691	97	48501	49000	500	500	-1852.6645412720213	55.129947210220642	425618	600000	0	0	259.88546579517634	527.42493764017615	0.00027650511355644183
0	10	10	200	6	2284448335913062691	98	49001	49500	500	500	-1828.4304029304228	56.055444609668314	423469	600000	0	0	265.34876577609958	510.15256118613337	-0.00050343175547908753
0	10	10	200	6	2284448335913062691	99	49501	50000	500	500	-1806.5298265307345	53.819186421869354	424059	600000	0	0	278.2581921822765	539.43935119836328	-3.8561824814489338e-05
0	10	10	200	7	16310946905835399263	0	1	500	500	500	-1809.8672905087317	56.580159422004989	424370	600000	0	0	258.76132569125974	538.10892322203063	0.00023308637170271404
0	10	10	200	7	16310946905835399263	1	501	1000	500	500	-1865.7153943389512	53.506581045239301	422283	600000	0	0	236.53809438055114	546.76326203475503	11.943016705342375
0	10	10	200	7	16310946905835399263	2	1001	1500	500	500	-1833.7599584241805	54.457617872019817	424782	600000	0	0	260.09819595050789	529.45815304863549	0.00026667411710589231
0	10	10	200	7	16310946905835399263	3	1501	2000	500	500	-1854.4522503842957	54.922053205295235	425598	600000	0	0	279.46806246753744	510.97964731905836	-0.00019516973127940647
0	10	10	200	7	16310946905835399263	4	2001	2500	500	500	-1855.0730001723962	55.014227652831785	425584	600000	0	0	277.08427259480544	497.71045927662578	1.432884753781288e-05
0	10	10	200	7	16310946905835399263	5	2501	3000	500	500	-1874.775658848708	56.812490901574407	424005	600000	0	0	264.99816131035146	533.30150776210439	7.0428176628836242e-05
0	10	10	200	7	16310946905835399263	6	3001	3500	500	500	-1864.9539515432905	56.119962861284598	425682	600000	0	0	264.38585269405485	547.58596178597975	-0.00096809078450772528
0	10	10	200	7	16310946905835399263	7	3501	4000	500	500	-1780.24247772845	52.244785923771978	421825	600000	0	0	276.88582311570411	576.54342341905783	5.1192288169937837e-05
0	10	10	200	7	16310946905835399263	8	4001	4500	500	500	-1841.1485531362364	54.331303064438842	424203	600000	0	0	272.17544739785279	552.35925922881415	0.00096185126498745169
0	10	10	200	7	16310946905835399263	9	4501	5000	500	500	-1818.9213188315857	57.04336999659867	426846	600000	0	0	242.15916346351034	503.33802632747245	0.00027689615076979053
0	10	10	200	7	16310946905835399263	10	5001	5500	500	500	-1766.0593384355764	51.543519203715654	423971	600000	0	0	289.29021270834033	505.86011177509141	0.00087525353602477501
0	10	10	200	7	16310946905835399263	11	5501	6000	500	500	-1881.863267697443	56.793986970994766	424591	600000	0	0	262.93137430009347	629.7819220560142	0.00024813131530055049
0	10	10	200	7	16310946905835399263	12	6001	6500	500	500	-1835.4419368280758	55.290526113096988	425936	600000	0	0	253.56527940522366	511.18752751537329	0.00014661747648284326
0	10	10	200	7	16310946905835399263	13	6501	7000	500	500	-1825.1356774004466	55.393668081879127	424233	600000	0	0	267.6424820482145	514.42164983749137	2.5184140703914758e-05
0	10	10	200	7	16310946905835399263	14	7001	7500	500	500	-1810.1149006665773	55.267945299018002	424217	600000	0	0	280.60368828407229	507.45105001399855	0.0012242854811826734
0	10	10	200	7	16310946905835399263	15	7501	8000	500	500	-1873.1920788296347	54.374102645942791	423654	600000	0	0	277.62931690003262	596.70272588154592	8.4081324889415416e-05
0	10	10	200	7	16310946905835399263	16	8001	8500	500	500	-1758.8042486388813	53.233091395893688	421633	600000	0	0	247.79195794048547	503.61172726068304	10.282473152537868
0	10	10	200	7	16310946905835399263	17	8501	9000	500	500	-1740.4857765633133	54.440349185223553	425954	600000	0	0	251.78605445230482	487.53971559533369	-0.0015678818302246344
0	10	10	200	7	16310946905835399263	18	9001	9500	500	500	-1872.1048377432242	58.153426700262891	424349	600000	0	0	243.9803599024942	736.18187419103049	-4.9020649587154068e-06
0	10	10	200	7	16310946905835399263	19	9501	10000	500	500	-1852.6042374625047	55.186101852274867	424169	600000	0	0	272.3353087074434	525.09643437413638	0.0016233203237595462
0	10	10	200	7	16310946905835399263	20	10001	10500	500	500	-1816.1254904215573	53.64059205734236	424808	600000	0	0	261.70875864844822	512.20210481646257	0.00011285311281961774
0	10	10	200	7	16310946905835399263	21	10501	11000	500	500	-1960.7180160233959	55.713672552431881	425808	600000	0	0	267.00893197643887	572.26675033410356	2.4981180386095696
0	10	10	200	7	16310946905835399263	22	11001	11500	500	500	-1863.2110024485628	52.846136603461474	424772	600000	0	0	271.91304050621676	527.70445355258539	0.00057200678587118357
0	10	10	200	7	16310946905835399263	23	11501	12000	500	500	-1774.2333606587706	55.175889338427588	423482	600000	0	0	260.49863413412345	493.56580274970287	5.5442444461797098e-06
0	10	10	200	7	16310946905835399263	24	12001	12500	500	500	-1804.1492125064647	54.491618180186272	423825	600000	0	0	251.43464684019136	507.11802815886045	-0.00012607582438964722
0	10	10	200	7	16310946905835399263	25	12501	13000	500	500	-1815.7578653006847	55.254726626096833	423548	600000	0	0	250.55227346585662	498.75252233069585	7.0028316684413367e-05
0	10	10	200	7	16310946905835399263	26	13001	13500	500	500	-1936.5071812900972	55.551446676868743	425918	600000	0	0	259.25594948136427	578.09378077503186	-0.00042691096546436461
0	10	10	200	7	16310946905835399263	27	13501	14000	500	500	-1878.6810014669238	56.915117828341508	423448	600000	0	0	267.43876096589668	546.75893662454098	3.56068620282734e-05
0	10	10	200	7	16310946905835399263	28	14001	14500	500	500	-1830.7713725418901	55.37613759123964	426556	600000	0	0	266.59654150760758	523.51408421871656	0.0002700757109457079
0	10	10	200	7	16310946905835399263	29	14501	15000	500	500	-1882.3818412262394	55.601625253289718	425155	600000	0	0	276.2709830824304	503.66920011449616	0.00011010512720560119
0	10	10	200	7	16310946905835399263	30	15001	15500	500	500	-1872.600814581499	56.537980787752325	425202	600000	0	0	256.39094848349384	584.53495949977753	-8.899514799093843e-05
0	10	10	200	7	16310946905835399263	31	15501	16000	500	500	-1757.2115235897963	54.008245482593757	425647	600000	0	0	276.35976684978721	494.51155587319158	0.00024448756620147838
0	10	10	200	7	16310946905835399263	32	16001	16500	500	500	-1817.8470034077079	55.718867217062112	425171	600000	0	0	261.28623491324805	503.8307787256532	0.00030580216538890487
0	10	10	200	7	16310946905835399263	33	16501	17000	500	500	-1764.6472745282003	53.340229943564637	423919	600000	0	0	285.15349023145484	468.02345842551352	0.0048108835946663918
0	10	10	200	7	16310946905835399263	34	17001	17500	500	500	-1789.8307010237027	55.523803379015163	424357	600000	0	0	243.92258400208283	545.56723484713166	0.00014096616048963882
0	10	10	200	7	16310946905835399263	35	17501	18000	500	500	-1842.5230990517709	54.933826157875295	425923	600000	0	0	265.61357604341634	496.77682474627966	4.9679834585710054e-05
0	10	10	200	7	16310946905835399263	36	18001	18500	500	500	-1897.7865879049557	55.420254593974853	423286	600000	0	0	260.28958709475086	581.51167222164281	3.2376872079256976e-05
0	10	10	200	7	16310946905835399263	37	18501	19000	500	500	-1822.7381791237481	53.894364275976407	423739	600000	0	0	276.91220540798753	574.20022971382616	9.3813155941078929e-05
0	10	10	200	7	16310946905835399263	38	19001	19500	500	500	-1936.5800901117702	57.909419459139237	426286	600000	0	0	250.93697786103246	644.99377390948086	0.00017675950056054659
0	10	10	200	7	16310946905835399263	39	19501	20000	500	500	-1863.7492379010823	56.789990251495887	424875	600000	0	0	245.14824991346404	576.8327096291946	7.426121991063751e-05
0	10	10	200	7	16310946905835399263	40	20001	20500	500	500	-1871.9879443400985	55.500513350423482	424946	600000	0	0	257.4098808256814	548.25268215925632	0.00038677601812150356
0	10	10	200	7	16310946905835399263	41	20501	21000	500	500	-1821.7359413730155	55.469950229068836	424217	600000	0	0	250.54231979141051	535.1408677747263	2.4682983264903931e-05
0	10	10	200	7	16310946905835399263	42	21001	21500	500	500	-1809.5876918116533	54.383284699970595	423969	600000	0	0	285.91618586886904	525.99557719342101	0.00031719266329860695
0	10	10	200	7	16310946905835399263	43	21501	22000	500	500	-1793.3794962421557	53.462674655795325	425026	600000	0	0	263.91481828010308	489.67910263261098	0.00015800023526167545
0	10	10	200	7	16310946905835399263	44	22001	22500	500	500	-1785.0852506606736	55.498356791104229	425204	600000	0	0	263.34008616913383	522.58757373797494	2.0029233520172052e-05
0	10	10	200	7	16310946905835399263	45	22501	23000	500	500	-1814.6006092643138	56.461633736611383	424691	600000	0	0	268.49122274190688	485.47006923704714	0.00064831103084340058
0	10	10	200	7	16310946905835399263	46	23001	23500	500	500	-1873.9421641049346	55.05788224669795	423728	600000	0	0	247.36656994787907	578.18667255253104	-0.00040496523505469351
0	10	10	200	7	16310946905835399263	47	23501	24000	500	500	-1824.3621370974356	57.317069953840246	423130	600000	0	0	258.4965535405376	509.03290550894729	0.00077728579826746923
0	10	10	200	7	16310946905835399263	48	24001	24500	500	500	-1818.3858062638064	53.578729338032417	425560	600000	0	0	278.40872544604235	482.71477437547821	0.00094289506973560056
0	10	10	200	7	16310946905835399263	49	24501	25000	500	500	-1866.1043065755648	54.582049710614307	424819	600000	0	0	288.96801374926116	557.83879976177218	5.3528876428312472e-05
0	10	10	200	7	16310946905835399263	50	25001	25500	500	500	-1890.1484434067625	54.620028270525019	424705	600000	0	0	288.76169437143426	523.52819092697155	5.3817304302063836e-05
0	10	10	200	7	16310946905835399263	51	25501	26000	500	500	-1865.7078975200848	55.696582230835375	426322	600000	0	0	254.52450041004582	563.91396740241078	0.00037294733439789137
0	10	10	200	7	16310946905835399263	52	26001	26500	500	500	-1841.9765039800241	55.248109798434314	424699	600000	0	0	265.86954544158363	522.12862765225066	0.00038986825090804123
0	10	10	200	7	16310946905835399263	53	26501	27000	500	500	-1876.4172623143616	55.929964503924744	426454	600000	0	0	272.9950604329772	502.55140883176449	4.4171151437786235e-05
0	10	10	200	7	16310946905835399263	54	27001	27500	500	500	-1864.6935075300573	56.697953299710527	424979	600000	0	0	256.70088703473704	513.63202863502875	0.00018388184465031881
0	10	10	200	7	16310946905835399263	55	27501	28000	500	500	-1910.7520845447534	56.758534621610977	425491	600000	0	0	262.35013723994172	565.56537350314863	-4.4390219394298458e-05
0	10	10	200	7	16310946905835399263	56	28001	28500	500	500	-1859.7765441392937	55.0489651770108	425603	600000	0	0	282.09063357119663	615.95800114109352	5.020901009144458e-05
0	10	10	200	7	16310946905835399263	57	28501	29000	500	500	-1874.5112844498099	54.609496473397883	423874	600000	0	0	265.0517612378116	560.55919854744934	0.00016940986368000276
0	10	10	200	7	16310946905835399263	58	29001	29500	500	500	-1929.1055941332536	56.04231817331749	424798	600000	0	0	256.5039987550108	562.44585968167542	8.5431481165795131e-05
0	10	10	200	7	16310946905835399263	59	29501	30000	500	500	-1914.5600508898356	56.864460244384262	424802	600000	0	0	269.31935861195291	534.25932404173182	6.2813572370045629e-05
0	10	10	200	7	16310946905835399263	60	30001	30500	500	500	-1817.6394001570993	54.4053899325489	424006	600000	0	0	257.71994583769163	505.8870369194874	0.00023629852227713294
0	10	10	200	7	16310946905835399263	61	30501	31000	500	500	-1856.5896587712282	54.916737848766566	424736	600000	0	0	269.36857633553814	549.96615386667349	5.0467123346277341e-05
0	10	10	200	7	16310946905835399263	62	31001	31500	500	500	-1844.0647997162791	52.815439405138989	423191	600000	0	0	281.23673303007024	572.00439087482437	9.9614212086518715e-05
0	10	10	200	7	16310946905835399263	63	31501	32000	500	500	-1761.8334923342818	55.50838800857332	425145	600000	0	0	238.72325540802223	581.59415826027248	5.8914701902091034e-05
0	10	10	200	7	16310946905835399263	64	32001	32500	500	500	-1787.6814677057125	54.426570436302924	423660	600000	0	0	255.41594563861796	497.38278031520269	7.2290278374594467e-05
0	10	10	200	7	16310946905835399263	65	32501	33000	500	500	-1794.4091200716332	53.963451887331246	423610	600000	0	0	265.04802820431053	503.57587717157651	0.00016841798597126291
0	10	10	200	7	16310946905835399263	66	33001	33500	500	500	-1745.5891287721813	53.716488923466017	424124	600000	0	0	269.41981103005349	489.24934524409917	2.8457992804285596e-05
0	10	10	200	7	16310946905835399263	67	33501	34000	500	500	-1864.9442968909291	53.488392762368747	425077	600000	0	0	284.11892038802495	501.53440146732527	2.2990084491277929e-05
0	10	10	200	7	16310946905835399263	68	34001	34500	500	500	-1829.7516934020268	53.205464059212922	425398	600000	0	0	256.92798470021944	528.13408649029247	0.00013763467556054249
0	10	10	200	7	16310946905835399263	69	34501	35000	500	500	-1868.9718727886843	57.81584354566494	424373	600000	0	0	242.8433151875314	542.99190888629869	8.5597989226887661e-05
0	10	10	200	7	16310946905835399263	70	35001	35500	500	500	-1858.1133688007392	54.342486771481056	425718	600000	0	0	261.62926588754641	532.68741477105084	0.00014180900301887357
0	10	10	200	7	16310946905835399263	71	35501	36000	500	500	-1821.2741089379792	55.02063401317367	424026	600000	0	0	285.43075796981219	510.57199765150204	0.00015164687613472772
0	10	10	200	7	16310946905835399263	72	36001	36500	500	500	-1820.3443007854949	55.104342025652407	425367	600000	0	0	259.85821321340262	532.29553894502635	9.6151509114035928e-06
0	10	10	200	7	16310946905835399263	73	36501	37000	500	500	-1849.9014426504002	54.067231661936205	424686	600000	0	0	273.24239647762613	517.37345713512912	-0.0038404761905553929
0	10	10	200	7	16310946905835399263	74	37001	37500	500	500	-1856.2211821280255	56.308770127689606	423732	600000	0	0	267.11389452685273	499.55424140224022	0.00024960462837964287
0	10	10	200	7	16310946905835399263	75	37501	38000	500	500	-1938.4119307724329	54.058161214041718	423122	600000	0	0	285.18431197230353	547.57533979126674	0.00040519001681604729
0	10	10	200	7	16310946905835399263	76	38001	38500	500	500	-1855.2385969360844	56.346362490504454	424496	600000	0	0	259.56143434109356	491.74218525576958	-0.00011250519030191421
0	10	10	200	7	16310946905835399263	77	38501	39000	500	500	-1949.2539582483757	54.519210546804281	424665	600000	0	0	264.69866076298462	596.72985746144673	-0.00011838101691032004
0	10	10	200	7	16310946905835399263	78	39001	39500	500	500	-1877.2701142278424	56.315736615260448	425042	600000	0	0	268.32550472648006	539.59235153791076	1.4185365603938194e-05
0	10	10	200	7	16310946905835399263	79	39501	40000	500	500	-1833.8304729082752	55.261713150229255	425443	600000	0	0	280.11983963186259	494.41115792364013	0.00015619160745084873
0	10	10	200	7	16310946905835399263	80	40001	40500	500	500	-1868.9743930113229	55.540227591416141	426490	600000	0	0	282.41564024971768	532.74214995830357	8.4691164773154762e-05
0	10	10	200	7	16310946905835399263	81	40501	41000	500	500	-1919.0197665449916	55.59449937573163	425651	600000	0	0	275.92057741950038	524.83258133331185	-0.0015695019352275704
0	10	10	200	7	16310946905835399263	82	41001	41500	500	500	-1874.9711996064857	55.381905567842082	424998	600000	0	0	251.01889976529699	558.7654937011788	8.515866299940146e-05
0	10	10	200	7	16310946905835399263	83	41501	42000	500	500	-1755.316867404053	54.405239035391425	423971	600000	0	0	288.01569293957647	489.45710163637608	-0.00023919500668412365
0	10	10	200	7	16310946905835399263	84	42001	42500	500	500	-1934.2633467563057	54.629630169778096	425810	600000	0	0	267.54112951619175	536.39977557076622	0.00011450159747470482
0	10	10	200	7	16310946905835399263	85	42501	43000	500	500	-1788.2387729950156	54.18704076052709	424593	600000	0	0	259.69226320544254	519.82764828506447	0.00084515875686081365
0	10	10	200	7	16310946905835399263	86	43001	43500	500	500	-1852.2306934975509	54.196374421666164	425173	600000	0	0	268.15719677089277	580.42217632462143	0.00086614399168423819
0	10	10	200	7	16310946905835399263	87	43501	44000	500	500	-1901.2746602768912	55.49063142147277	424247	600000	0	0	260.89528406628079	553.32542010637428	-0.00011912166531133536
0	10	10	200	7	16310946905835399263	88	44001	44500	500	500	-1870.0164668090033	54.667667638974528	424449	600000	0	0	261.79285461509039	549.68584619314993	5.5118328142787116e-05
0	10	10	200	7	16310946905835399263	89	44501	45000	500	500	-1837.9412135648395	53.974723304660984	423989	600000	0	0	287.28504346526717	496.35945255356978	7.9540659373086937e-06
0	10	10	200	7	16310946905835399263	90	45001	45500	500	500	-1866.0234449911991	54.800883876911065	424834	600000	0	0	274.79882975163298	516.75651608131011	3.7529230054519671e-05
0	10	10	200	7	16310946905835399263	91	45501	46000	500	500	-1818.22934292224	52.379398981073606	423773	600000	0	0	267.19001975411157	491.89994104875467	2.7114231179995809e-05
0	10	10	200	7	16310946905835399263	92	46001	46500	500	500	-1856.4208574230565	53.81147636525148	424957	600000	0	0	287.20444953602214	513.12281257768518	0.00051198406410424941
0	10	10	200	7	16310946905835399263	93	46501	47000	500	500	-1874.4262834692279	56.069925555013562	425144	600000	0	0	263.18965930778745	537.58862242957093	6.7979576395459581e-05
0	10	10	200	7	16310946905835399263	94	47001	47500	500	500	-1839.9894432566068	55.600236429219002	425697	600000	0	0	268.51267621670627	510.62953422823227	8.171390665963632e-05
0	10	10	200	7	16310946905835399263	95	47501	48000	500	500	-1810.3689922473436	54.560369980226326	424142	600000	0	0	272.76205857703275	471.75249046489398	0.00028394233911786717
0	10	10	200	7	16310946905835399263	96	48001	48500	500	500	-1886.6032450229818	55.429609113344313	426299	600000	0	0	261.80321124044002	512.57039056521728	6.0573611680467959e-05
0	10	10	200	7	16310946905835399263	97	48501	49000	500	500	-1845.5005679915678	57.048907581771907	425545	600000	0	0	251.68740541125106	549.52907433224664	-0.00029895759312310622
0	10	10	200	7	16310946905835399263	98	49001	49500	500	500	-1848.0532337452555	54.878473133914362	424018	600000	0	0	254.84469678151422	524.99934684076129	0.00083411158808281715
0	10	10	200	7	16310946905835399263	99	49501	50000	500	500	-1886.9529400907356	54.176076838800405	423762	600000	0	0	275.53202246055855	566.09954526640013	0.0011667486290573002
0	10	10	200	8	7622116194563205856	0	1	500	500	500	-1817.4116297426992	54.820055053240502	424514	600000	0	0	257.78476420164867	532.74398866867591	1.2630280739271685e-05
0	10	10	200	8	7622116194563205856	1	501	1000	500	500	-1841.1953632280872	54.933440050357405	426617	600000	0	0	281.66470322660194	519.90707336731396	-0.0002155597873403481
0	10	10	200	8	7622116194563205856	2	1001	1500	500	500	-1829.2442727815464	53.120932767658893	425220	600000	0	0	288.40120287027514	512.30026965891545	0.00034163470464939933
0	10	10	200	8	7622116194563205856	3	1501	2000	500	500	-1857.1922561516469	56.567662560378032	425180	600000	0	0	268.99375047620879	512.88414432481625	0.00034683765038591777
0	10	10	200	8	7622116194563205856	4	2001	2500	500	500	-1797.1396594950677	54.042963678317008	424787	600000	0	0	270.7914089738187	495.04513893620441	0.00020100629094483918
0	10	10	200	8	7622116194563205856	5	2501	3000	500	500	-1823.5624519843007	54.852560207050537	425032	600000	0	0	269.10767772766422	634.08484719106764	5.3390420043504985e-05
0	10	10	200	8	7622116194563205856	6	3001	3500	500	500	-1794.181074972053	55.781694547960214	425272	600000	0	0	239.37131866516836	582.90342873184863	-0.00099463464813514938
0	10	10	200	8	7622116194563205856	7	3501	4000	500	500	-1853.250163265227	53.396679244295576	424164	600000	0	0	302.13269564314339	493.62590522422767	0.00016584424127663578
0	10	10	200	8	7622116194563205856	8	4001	4500	500	500	-1842.2182700246262	55.96110719389943	425448	600000	0	0	255.27539578819227	553.02760527905662	7.6942526741509103e-05
0	10	10	200	8	7622116194563205856	9	4501	5000	500	500	-1886.5497064352423	54.808447381531749	425293	600000	0	0	250.72523083521685	550.13405269730436	5.0020216554112708e-05
0	10	10	200	8	7622116194563205856	10	5001	5500	500	500	-1860.5134563954246	54.179070503545709	423178	600000	0	0	261.0077273437588	530.07660531473277	-8.5375395287891309e-06
0	10	10	200	8	7622116194563205856	11	5501	6000	500	500	-1893.0015114764506	58.784625232729645	425473	600000	0	0	261.95635363981711	520.53626542462234	-0.00011089138790136281
0	10	10	200	8	7622116194563205856	12	6001	6500	500	500	-1881.4735822223242	55.562730456796061	424062	600000	0	0	268.60657195367975	580.0947942925909	9.6684680094432957e-05
0	10	10	200	8	7622116194563205856	13	6501	7000	500	500	-1861.2509276508665	55.324175713928661	424134	600000	0	0	277.99154569801209	521.17510518492293	0.00038278336914088446
0	10	10	200	8	7622116194563205856	14	7001	7500	500	500	-1823.8234879430381	54.553596726632705	424589	600000	0	0	271.92166691819392	479.85124594992135	7.5161788778812592e-05
0	10	10	200	8	7622116194563205856	15	7501	8000	500	500	-1882.7328975974942	55.436228070630023	423469	600000	0	0	266.09696163157292	523.33170608124567	4.4544040925781745e-05
0	10	10	200	8	7622116194563205856	16	8001	8500	500	500	-1852.5398192016676	54.620014715680234	424079	600000	0	0	255.88116108522135	498.93679666218407	3.5940460700752353e-05
0	10	10	200	8	7622116194563205856	17	8501	9000	500	500	-1829.9828078377066	56.396750076670052	423780	600000	0	0	245.89023457808025	528.55831423095788	-0.00024621512884955438
0	10	10	200	8	7622116194563205856	18	9001	9500	500	500	-1857.3008273332173	53.985312368059255	424228	600000	0	0	288.81200289011247	491.15718727071044	-0.00024990232649365929
0	10	10	200	8	7622116194563205856	19	9501	10000	500	500	-1868.6436343856767	56.888348748599022	424538	600000	0	0	246.3633288621777	537.02203718318128	-0.00033087894754653619
0	10	10	200	8	7622116194563205856	20	10001	10500	500	500	-1872.3435371271567	56.135145892561461	425830	600000	0	0	257.007485286058	514.93939046390346	8.883498694372989e-05
0	10	10	200	8	7622116194563205856	21	10501	11000	500	500	-1816.1874647995303	55.785836197642958	424578	600000	0	0	265.22764764973863	489.74441398224513	0.00022698470232635236
0	10	10	200	8	7622116194563205856	22	11001	11500	500	500	-1880.0457388601965	55.626204998227038	424349	600000	0	0	248.79943951089254	527.43811470830963	6.7583033410542379e-05
0	10	10	200	8	7622116194563205856	23	11501	12000	500	500	-1855.3539568897086	54.236796484469529	425448	600000	0	0	279.70855225019415	487.51695799489005	-0.00010336991659282951
0	10	10	200	8	7622116194563205856	24	12001	12500	500	500	-1824.8015713115151	55.972886568638415	425539	600000	0	0	268.77355477602191	506.33593244943319	6.0937233556480745e-05
0	10	10	200	8	7622116194563205856	25	12501	13000	500	500	-1928.3147950134125	55.911750666011621	426654	600000	0	0	271.90340341618696	560.77049865288609	1.7651896803324135e-05
0	10	10	200	8	7622116194563205856	26	13001	13500	500	500	-1794.0549529083585	55.103572984423096	424573	600000	0	0	270.05152599777563	504.62319177257496	0.0002345551242008658
0	10	10	200	8	7622116194563205856	27	13501	14000	500	500	-1867.5282371692947	55.234819624566803	425377	600000	0	0	269.04090965959892	533.60295139848108	0.00011721627225427854
0	10	10	200	8	7622116194563205856	28	14001	14500	500	500	-1922.3472516037502	56.940353754206541	424396	600000	0	0	251.5488278113219	560.54662547272017	-0.00015916907846467469
0	10	10	200	8	7622116194563205856	29	14501	15000	500	500	-1803.5266061641264	53.019685240515159	425427	600000	0	0	262.23677973925982	491.62904887341858	0.00066228124062219396
0	10	10	200	8	7622116194563205856	30	15001	15500	500	500	-1820.0274405066737	53.153693687398146	424974	600000	0	0	274.84597021372883	495.97575976684618	8.8796860887177228e-05
0	10	10	200	8	7622116194563205856	31	15501	16000	500	500	-1888.1981997541975	56.908329563142523	425507	600000	0	0	260.82403957863318	544.82653506995996	0.00010958606925117949
0	10	10	200	8	7622116194563205856	32	16001	16500	500	500	-1781.7492457883043	54.626805281834478	427036	600000	0	0	255.29318577935783	487.86514799395684	0.00063207789402256246
0	10	10	200	8	7622116194563205856	33	16501	17000	500	500	-1871.6241686610479	55.272051459771269	426617	600000	0	0	272.18620829365653	544.21982538464829	-0.00029900153397785972
0	10	10	200	8	7622116194563205856	34	17001	17500	500	500	-1874.3140100719143	56.199520025080858	424601	600000	0	0	277.32664635871515	525.38943284669176	4.9351226425154799e-05
0	10	10	200	8	7622116194563205856	35	17501	18000	500	500	-1822.280649176339	55.197956645227649	426461	600000	0	0	270.00694285269424	570.14728243988657	0.00011390861797432046
0	10	10	200	8	7622116194563205856	36	18001	18500	500	500	-1886.0517533603111	55.616207173920934	424375	600000	0	0	240.3870995756406	529.72660630975781	7.2532428335765134e-05
0	10	10	200	8	7622116194563205856	37	18501	19000	500	500	-1873.2333115956294	56.226554397435564	423497	600000	0	0	270.59190921727918	556.86916789228133	6.2732678341849768e-05
0	10	10	200	8	7622116194563205856	38	19001	19500	500	500	-1876.5788967764627	55.090424241444538	426059	600000	0	0	255.41497208720045	521.23753352091899	-5.9635193567144952e-05
0	10	10	200	8	7622116194563205856	39	19501	20000	500	500	-1844.7595371766631	56.650769371857578	424063	600000	0	0	252.92985314125377	527.38317206171189	0.00095553489567725921
0	10	10	200	8	7622116194563205856	40	20001	20500	500	500	-1840.5359562974472	53.93904619614905	423877	600000	0	0	254.19301479958727	549.70867269669316	0.0002716319530121161
0	10	10	200	8	7622116194563205856	41	20501	21000	500	500	-1860.5283523835803	56.736028130539729	426307	600000	0	0	243.59444268802855	523.65684486893406	0.00063733459522808354
0	10	10	200	8	7622116194563205856	42	21001	21500	500	500	-1829.6970515191922	54.794002068080111	424494	600000	0	0	266.84968002982072	548.97127995839992	0.00021777610557008155
0	10	10	200	8	7622116194563205856	43	21501	22000	500	500	-1789.6453389381666	55.696946769086793	424744	600000	0	0	263.11833093177086	535.9694145052531	0.00025744699708176236
0	10	10	200	8	7622116194563205856	44	22001	22500	500	500	-1824.326581617277	54.19445545969522	425226	600000	0	0	277.78344856830239	519.28320422556067	0.00074266367581537877
0	10	10	200	8	7622116194563205856	45	22501	23000	500	500	-1831.1188519140699	56.41619318037732	424620	600000	0	0	261.11500377947232	588.58199516289687	0.00036962870758849392
0	10	10	200	8	7622116194563205856	46	23001	23500	500	500	-1902.7728523750927	56.52357694206097	425057	600000	0	0	268.21596713209959	530.33396435979751	-9.143994082164628e-06
0	10	10	200	8	7622116194563205856	47	23501	24000	500	500	-1790.8198411762805	55.219922725793104	423793	600000	0	0	258.55195085287221	556.28222343020377	-4.9314299361802013e-05
0	10	10	200	8	7622116194563205856	48	24001	24500	500	500	-1790.3635694640416	55.497047303817403	424503	600000	0	0	247.11796097247088	508.36476188959136	0.00058385698339485275
0	10	10	200	8	7622116194563205856	49	24501	25000	500	500	-1844.4025045498959	53.526660417905759	424481	600000	0	0	268.10266317748835	507.2826517578647	-1.8255362226054148e-05
0	10	10	200	8	7622116194563205856	50	25001	25500	500	500	-1876.6817725816827	57.240476647740422	425844	600000	0	0	267.67179898028076	517.45997427941359	-3.6607226977017071e-06
0	10	10	200	8	7622116194563205856	51	25501	26000	500	500	-1776.068738456371	52.890237284033091	423606	600000	0	0	271.82254621466825	498.36120176832293	0.00012210714030791062
0	10	10	200	8	7622116194563205856	52	26001	26500	500	500	-1867.3272148769395	56.312932652651661	425432	600000	0	0	252.35033556435474	536.30005265511875	9.9085019268027997e-06
0	10	10	200	8	7622116194563205856	53	26501	27000	500	500	-1827.9340719211198	54.031645036747392	424395	600000	0	0	260.11238339226338	524.38282515178128	9.4683899362314305e-05
0	10	10	200	8	7622116194563205856	54	27001	27500	500	500	-1973.719921435274	55.047689547894478	424914	600000	0	0	269.37489562124927	580.36480033047405	-7.3743028577257397e-05
0	10	10	200	8	7622116194563205856	55	27501	28000	500	500	-1854.7791765790184	54.877782901400685	423874	600000	0	0	265.74188432562261	562.45928449493658	6.3751879363958014e-05
0	10	10	200	8	7622116194563205856	56	28001	28500	500	500	-1817.5378424498899	57.701342980901515	424887	600000	0	0	247.71242465658747	532.32189510814726	0.00013520336803448871
0	10	10	200	8	7622116194563205856	57	28501	29000	500	500	-1835.0121100961028	53.745370775564432	424839	600000	0	0	281.37964945503796	477.84144215387198	0.00040356445034830251
0	10	10	200	8	7622116194563205856	58	29001	29500	500	500	-1891.8520572164089	57.469837224447545	424899	600000	0	0	259.75342679051363	531.92354837615642	0.0002045849655987967
0	10	10	200	8	7622116194563205856	59	29501	30000	500	500	-1916.9919737364353	55.463346132756008	424916	600000	0	0	260.95398176490426	608.86386279203305	0.00010435636084069508
0	10	10	200	8	7622116194563205856	60	30001	30500	500	500	-1811.214734961301	54.360934009136706	425025	600000	0	0	280.61952877156085	500.51629451397326	4.9988181708085139e-05
0	10	10	200	8	7622116194563205856	61	30501	31000	500	500	-1820.5897899343981	53.978993101244328	424464	600000	0	0	254.11108973623652	538.8803260169143	6.5513168259326307e-05
0	10	10	200	8	7622116194563205856	62	31001	31500	500	500	-1879.3578072899722	56.81959491375973	425396	600000	0	0	250.09076316337126	522.14347565573598	5.4857970501004383e-05
0	10	10	200	8	7622116194563205856	63	31501	32000	500	500	-1925.5760348334102	54.605414476379281	424797	600000	0	0	285.69692473895969	555.89976738643179	0.00038274872272805338
0	10	10	200	8	7622116194563205856	64	32001	32500	500	500	-1845.1937812168094	53.962998492676803	424638	600000	0	0	284.94420239415729	546.24692603719723	8.4968683633275047e-05
0	10	10	200	8	7622116194563205856	65	32501	33000	500	500	-1828.647437898931	56.043016881441545	424438	600000	0	0	244.32756438776448	517.17718504879747	7.0495683468718262e-05
0	10	10	200	8	7622116194563205856	66	33001	33500	500	500	-1903.1495041561886	56.347312395735429	424099	600000	0	0	273.57602134059192	553.64873692790218	0.00016660616225303013
0	10	10	200	8	7622116194563205856	67	33501	34000	500	500	-1874.4752889850126	56.048623358252065	425316	600000	0	0	271.93480883641433	513.12575729793207	0.00011250350330811036
0	10	10	200	8	7622116194563205856	68	34001	34500	500	500	-1897.7319978368528	56.545538645361631	426337	600000	0	0	234.11864327189403	566.58712451261351	2.6510025874672659e-05
0	10	10	200	8	7622116194563205856	69	34501	35000	500	500	-1915.8315626913891	55.56049675026307	425675	600000	0	0	263.18348139604899	564.73311475659762	2.3858934321005259e-05
0	10	10	200	8	7622116194563205856	70	35001	35500	500	500	-1829.5364531276969	55.179394948866481	424209	600000	0	0	261.3844736516117	502.48348915327665	0.00869351357265284
0	10	10	200	8	7622116194563205856	71	35501	36000	500	500	-1864.5351965672689	56.170767742687168	424864	600000	0	0	267.75854135762853	513.13554418324793	-0.00061394407955197281
0	10	10	200	8	7622116194563205856	72	36001	36500	500	500	-1891.0868457663212	55.345675829736955	424334	600000	0	0	284.75974678995834	525.24646396752212	-3.0059732648244242e-05
0	10	10	200	8	7622116194563205856	73	36501	37000	500	500	-1855.735402477924	56.425974365476421	425649	600000	0	0	254.40484154831563	524.5540713484362	9.2100897470564881e-05
0	10	10	200	8	7622116194563205856	74	37001	37500	500	500	-1912.7479197969408	54.724452654107779	424766	600000	0	0	263.8893535733805	544.8689831111443	-1.5787746572995302e-05
0	10	10	200	8	7622116194563205856	75	37501	38000	500	500	-1857.2106027470902	54.317441110351162	424448	600000	0	0	279.50609577654649	521.62736263274621	5.5863022673416066e-05
0	10	10	200	8	7622116194563205856	76	38001	38500	500	500	-1815.7303887784599	55.15110896572407	423848	600000	0	0	276.44953758857133	484.15906240714617	-4.1495351663321594e-06
0	10	10	200	8	7622116194563205856	77	38501	39000	500	500	-1811.9260653592103	57.477372393328217	423893	600000	0	0	233.20200956264142	526.90271007147305	0.00011212948249521413
0	10	10	200	8	7622116194563205856	78	39001	39500	500	500	-1866.6097083685299	57.22041471877013	426406	600000	0	0	242.46259146324661	544.98568487412717	0.00014278453024947963
0	10	10	200	8	7622116194563205856	79	39501	40000	500	500	-1822.30678419073	55.005364591838791	424496	600000	0	0	285.82358257409106	481.62233469669007	-4.2071785566367189e-05
0	10	10	200	8	7622116194563205856	80	40001	40500	500	500	-1859.1273415614864	55.95320089009661	425659	600000	0	0	255.77395020011488	513.0136746557373	0.00010969346118193104
0	10	10	200	8	7622116194563205856	81	40501	41000	500	500	-1782.4338552591701	54.980920117905839	427335	600000	0	0	258.48491683009786	495.66930811471326	-1.4739265451143406e-05
0	10	10	200	8	7622116194563205856	82	41001	41500	500	500	-1858.2756148708568	54.80252481515133	424405	600000	0	0	250.44582404036248	526.55724554534277	0.00033467246015361069
0	10	10	200	8	7622116194563205856	83	41501	42000	500	500	-1862.1394904550123	55.479116234577006	425749	600000	0	0	245.56715245578138	517.04110787562672	2.7437147779718386e-05
0	10	10	200	8	7622116194563205856	84	42001	42500	500	500	-1806.1573677453507	55.237481566846995	426589	600000	0	0	253.14410004171057	519.73088860774578	0.00063667525701238442
0	10	10	200	8	7622116194563205856	85	42501	43000	500	500	-1827.7805850334544	54.51644297975583	425783	600000	0	0	275.84939293338795	492.75148934562338	5.2075341923444087e-06
0	10	10	200	8	7622116194563205856	86	43001	43500	500	500	-1849.0009772965332	55.844611620581098	425772	600000	0	0	260.8550688835299	498.32535931238857	0.00070926295198712585
0	10	10	200	8	7622116194563205856	87	43501	44000	500	500	-1833.9605346455432	55.753369681688454	423956	600000	0	0	271.7532152498286	495.29427327713699	0.016763691196115656
0	10	10	200	8	7622116194563205856	88	44001	44500	500	500	-1829.5197651552508	55.183367431339626	424973	600000	0	0	285.6951694836327	515.48654835293553	0.00018349537966704939
0	10	10	200	8	7622116194563205856	89	44501	45000	500	500	-1819.35115613266	54.916960849739532	423421	600000	0	0	268.60146983728652	494.36386152444271	0.00042313162337563072
0	10	10	200	8	7622116194563205856	90	45001	45500	500	500	-1751.2536733906365	54.883920384224794	424857	600000	0	0	252.75992160612046	488.86400161820109	3.4532636921364344e-05
0	10	10	200	8	7622116194563205856	91	45501	46000	500	500	-1813.5487136126771	54.508788111845419	425567	600000	0	0	274.64771544672823	493.70259402270534	0.00023886700072081832
0	10	10	200	8	7622116194563205856	92	46001	46500	500	500	-1829.307039866482	55.310190969453309	423827	600000	0	0	257.48242134401579	519.45307923773896	0.00010894100141843728
0	10	10	200	8	7622116194563205856	93	46501	47000	500	500	-1887.1135162009762	56.425489557187419	424642	600000	0	0	258.86385838491475	530.4629886837605	0.0010016523190757313
0	10	10	200	8	7622116194563205856	94	47001	47500	500	500	-1831.2485981455807	55.884385848198463	425473	600000	0	0	235.93170206066227	515.25822690368739	2.7783177691259847e-05
0	10	10	200	8	7622116194563205856	95	47501	48000	500	500	-1774.2842233823942	54.132574408857742	424392	600000	0	0	271.02903014388539	513.58572681840417	0.00095519502152852131
0	10	10	200	8	7622116194563205856	96	48001	48500	500	500	-1922.1001800430959	56.618862845856647	424131	600000	0	0	253.46013896172977	525.82807887414651	3.6226110072298825e-05
0	10	10	200	8	7622116194563205856	97	48501	49000	500	500	-1827.2361227868314	54.438913853768732	425949	600000	0	0	272.50617318437065	548.90217889687096	0.00026508090657296704
0	10	10	200	8	7622116194563205856	98	49001	49500	500	500	-1819.3690397362677	53.08388035210077	426650	600000	0	0	253.98984463605777	534.52881665556811	0.00021623748990329982
0	10	10	200	8	7622116194563205856	99	49501	50000	500	500	-1845.0412858270799	55.613032264807181	424474	600000	0	0	265.57175219016801	493.22125184197603	8.3068898481884851e-05
0	10	10	200	9	8881451394812537652	0	1	500	500	500	-1852.2437262328544	55.83449576104838	424422	600000	0	0	259.24955102505004	516.95610061888203	-0.00051107893605647635
0	10	10	200	9	8881451394812537652	1	501	1000	500	500	-1885.0131401981796	55.93212440866715	423185	600000	0	0	259.07790893670341	579.95080301690439	0.00038411135990917134
0	10	10	200	9	8881451394812537652	2	1001	1500	500	500	-1833.889018167587	55.390721107666501	426027	600000	0	0	258.33825254080483	504.09590675299194	0.00015180279427476115
0	10	10	200	9	8881451394812537652	3	1501	2000	500	500	-1898.5368875005302	55.902289779610037	424778	600000	0	0	269.56289507585825	553.21249954033374	0.00011168430297021101
0	10	10	200	9	8881451394812537652	4	2001	2500	500	500	-1913.3069232978989	56.472550037349464	426437	600000	0	0	265.7070510689046	540.0372447165081	0.00020712386005509331
0	10	10	200	9	8881451394812537652	5	2501	3000	500	500	-1900.6573581574967	56.577902629742546	425496	600000	0	0	255.60791570687661	537.97177749493744	1.2685671961241991e-05
0	10	10	200	9	8881451394812537652	6	3001	3500	500	500	-1885.7580497356334	55.254508982597784	424788	600000	0	0	266.77598397266291	534.96276749515721	0.00010679832881961897
0	10	10	200	9	8881451394812537652	7	3501	4000	500	500	-1904.8153477729329	54.813969427269981	423263	600000	0	0	273.5618940515152	533.85605835812908	5.0745949184478896e-05
0	10	10	200	9	8881451394812537652	8	4001	4500	500	500	-1853.8704806333408	55.931515531744445	425178	600000	0	0	259.13297182536297	540.81435584824067	5.3362357498987677e-05
0	10	10	200	9	8881451394812537652	9	4501	5000	500	500	-1925.9411382911746	55.912706169812829	424915	600000	0	0	267.36550426276551	582.0447205675099	0.00028241225570839457
0	10	10	200	9	8881451394812537652	10	5001	5500	500	500	-1833.8357295858959	54.546031194781108	424450	600000	0	0	276.29150524001648	490.7502453989789	6.4746500720682331e-05
0	10	10	200	9	8881451394812537652	11	5501	6000	500	500	-1895.6150725797606	55.37503467493373	424034	600000	0	0	265.76625814141744	554.21105577394508	8.6832031327252978e-05
0	10	10	200	9	8881451394812537652	12	6001	6500	500	500	-1915.5271520349236	57.407177784327104	424786	600000	0	0	261.69175558598062	504.24615960013227	8.5193208687099322e-05
0	10	10	200	9	8881451394812537652	13	6501	7000	500	500	-1905.7881012207188	57.058528716817307	425655	600000	0	0	257.03322003210326	549.34189650120504	1.6654081855058836e-06
0	10	10	200	9	8881451394812537652	14	7001	7500	500	500	-1860.8137457930095	56.66948543695635	423647	600000	0	0	255.68975003928449	602.07131031467725	8.4420914837991828e-05
0	10	10	200	9	8881451394812537652	15	7501	8000	500	500	-1873.9437180924729	58.381687400530112	426122	600000	0	0	240.35809972235921	618.6456549039533	2.8934939180998133e-05
0	10	10	200	9	8881451394812537652	16	8001	8500	500	500	-1861.6873392255131	54.9399141398303	424578	600000	0	0	279.87077263960555	508.43889471103444	0.00012212650381117826
0	10	10	200	9	8881451394812537652	17	8501	9000	500	500	-1760.6415262742689	54.497336965994592	423495	600000	0	0	264.65849812455889	494.83594003161028	0.00040200433921542378
0	10	10	200	9	8881451394812537652	18	9001	9500	500	500	-1880.5662620094424	54.965301415069085	424299	600000	0	0	246.91552798308251	554.77081660979525	0.00032288599165565817
0	10	10	200	9	8881451394812537652	19	9501	10000	500	500	-1883.1173060103197	55.974469723086848	424219	600000	0	0	273.3641404490009	553.99719237903116	0.00030245266498200065
0	10	10	200	9	8881451394812537652	20	10001	10500	500	500	-1823.600050381262	54.09613945580476	425354	600000	0	0	264.07841147458828	518.41300159708214	0.0053711817643021026
0	10	10	200	9	8881451394812537652	21	10501	11000	500	500	-1743.1898083290234	54.961839524799572	424272	600000	0	0	262.80541125491084	461.65077809018362	6.1557955523273657e-05
0	10	10	200	9	8881451394812537652	22	11001	11500	500	500	-1770.3678881103849	52.988242765244699	423545	600000	0	0	273.26861331844589	479.66410602654554	0.00087970623226056154
0	10	10	200	9	8881451394812537652	23	11501	12000	500	500	-1796.9340394905616	53.999770938741555	424554	600000	0	0	261.14372230324324	489.38464602128084	2.224549322817073e-05
0	10	10	200	9	8881451394812537652	24	12001	12500	500	500	-1864.4356953435108	55.01216636593648	426239	600000	0	0	258.46328710808865	529.52585152567542	0.0007051879989834034
0	10	10	200	9	8881451394812537652	25	12501	13000	500	500	-1824.7648962958124	54.64340501461286	425394	600000	0	0	255.2634932217436	536.65579615694321	0.00039165110654229058
0	10	10	200	9	8881451394812537652	26	13001	13500	500	500	-1841.7441032524057	56.835319725735978	424563	600000	0	0	270.6602024441176	523.84976918770167	0.00093139024895195219
0	10	10	200	9	8881451394812537652	27	13501	14000	500	500	-1773.5813460604136	54.141685212307486	423526	600000	0	0	255.55716712329806	504.85584279349786	7.3845516707573885e-05
0	10	10	200	9	8881451394812537652	28	14001	14500	500	500	-1888.4195419346033	54.906348674113332	424585	600000	0	0	263.44606760135014	566.06642745288036	6.5404202749221708e-05
0	10	10	200	9	8881451394812537652	29	14501	15000	500	500	-1875.2672131070792	55.423448012624142	424993	600000	0	0	274.72685723258775	555.69357810702684	0.00011982399707315708
0	10	10	200	9	8881451394812537652	30	15001	15500	500	500	-1765.330184106705	54.877111344171027	424578	600000	0	0	266.21730041862946	478.54125480461073	0.00043212212281772106
0	10	10	200	9	8881451394812537652	31	15501	16000	500	500	-1806.5689272381317	53.649758791929159	424476	600000	0	0	263.526073878413	491.15208180116997	2.1820290793146483e-06
0	10	10	200	9	8881451394812537652	32	16001	16500	500	500	-1838.7248935610514	53.85728627481064	424528	600000	0	0	290.60689601553491	519.1714722724488	9.9484306962468544e-05
0	10	10	200	9	8881451394812537652	33	16501	17000	500	500	-1818.4191608654853	55.367115140860484	425330	600000	0	0	267.14961203513008	526.41622872683661	0.00026012812712868783
0	10	10	200	9	8881451394812537652	34	17001	17500	500	500	-1840.0292142457297	55.774081933096859	426518	600000	0	0	251.50538815933709	564.57899920593411	0.00028276839047395496
0	10	10	200	9	8881451394812537652	35	17501	18000	500	500	-1865.8840488118403	56.264215094589495	424224	600000	0	0	286.20165438059325	569.23093431939265	-9.6415013594921417e-06
0	10	10	200	9	8881451394812537652	36	18001	18500	500	500	-1891.7163741816628	55.270150938536155	424891	600000	0	0	271.90610912738634	533.15486562862031	1.027554859318301e-05
0	10	10	200	9	8881451394812537652	37	18501	19000	500	500	-1817.532913305412	54.537647720678791	424421	600000	0	0	270.26497616008839	506.95226893662505	0.0023626156968286302
0	10	10	200	9	8881451394812537652	38	19001	19500	500	500	-1876.073677565143	55.431808807840696	425023	600000	0	0	274.33249868580799	524.59011591225374	1.6800105179516384e-05
0	10	10	200	9	8881451394812537652	39	19501	20000	500	500	-1808.4758260711244	54.988275752391203	422857	600000	0	0	274.45290243279624	507.34886069902461	6.4313802468316249e-05
0	10	10	200	9	8881451394812537652	40	20001	20500	500	500	-1823.8976657370806	54.626648004390027	423974	600000	0	0	274.4421050730582	508.08296075086378	0.00020926369493709965
0	10	10	200	9	8881451394812537652	41	20501	21000	500	500	-1919.2693944772664	55.994183553827057	421852	600000	0	0	272.83425348120846	567.54626323373964	0.00015399872511980114
0	10	10	200	9	8881451394812537652	42	21001	21500	500	500	-1791.8358140659047	53.658531094884978	424207	600000	0	0	268.52084785317243	496.69264778369808	-2.9863446546654182e-05
0	10	10	200	9	8881451394812537652	43	21501	22000	500	500	-1930.2001272101254	55.735610997309486	424611	600000	0	0	270.0358809823494	583.33598427435197	-0.00045872646170866605
0	10	10	200	9	8881451394812537652	44	22001	22500	500	500	-1883.4546710070463	55.605870042584563	423298	600000	0	0	243.99095377082872	520.02412946228083	5.6435202659231347e-05
0	10	10	200	9	8881451394812537652	45	22501	23000	500	500	-1860.1816054960889	54.535206212763448	423086	600000	0	0	288.896737162318	528.35137053535857	5.5797010154364411e-05
0	10	10	200	9	8881451394812537652	46	23001	23500	500	500	-1785.7665342770547	55.319064542457127	424229	600000	0	0	258.46719220398711	469.59067726017548	9.6754868042402852e-05
0	10	10	200	9	8881451394812537652	47	23501	24000	500	500	-1763.6633557548093	54.606756952897982	424527	600000	0	0	258.46547010758729	475.17630809997814	1.1906817521197632e-05
0	10	10	200	9	8881451394812537652	48	24001	24500	500	500	-1846.7153913304223	56.249932092740529	425202	600000	0	0	265.06603134177175	510.56388919639005	5.1034831975086785e-05
0	10	10	200	9	8881451394812537652	49	24501	25000	500	500	-1738.4582268267525	54.611447234922252	424041	600000	0	0	275.14296001044414	471.18435489876856	7.385384778602423e-05
0	10	10	200	9	8881451394812537652	50	25001	25500	500	500	-1832.6633707787673	53.521754942314899	424729	600000	0	0	262.22638513087259	588.25041640670884	-0.00030373723555479274
0	10	10	200	9	8881451394812537652	51	25501	26000	500	500	-1813.6010310111806	53.944880004812674	424915	600000	0	0	277.88139028027229	522.60771801387932	0.00012124094019980397
0	10	10	200	9	8881451394812537652	52	26001	26500	500	500	-1831.8040737284598	55.269133742573452	425986	600000	0	0	256.83453820003632	536.29531880417335	3.3707223697982319e-05
0	10	10	200	9	8881451394812537652	53	26501	27000	500	500	-1813.9599064649453	56.359403586838624	424672	600000	0	0	245.30162532163703	512.10906181271469	1.2580913298376643e-05
0	10	10	200	9	8881451394812537652	54	27001	27500	500	500	-1852.5671757513082	54.741405588144922	425742	600000	0	0	284.20951942059685	502.77295883859563	6.1617954767351351e-05
0	10	10	200	9	8881451394812537652	55	27501	28000	500	500	-1904.5210169115805	54.275341695935928	423747	600000	0	0	290.12641472623204	513.90447419509758	0.00011253041791951797
0	10	10	200	9	8881451394812537652	56	28001	28500	500	500	-1830.5424968859388	54.955461445942284	424542	600000	0	0	277.08385416120348	501.34838835001329	0.00027669669471740849
0	10	10	200	9	8881451394812537652	57	28501	29000	500	500	-1859.8205922184231	54.838544829819831	425244	600000	0	0	276.30389679511558	495.1296334219017	4.2960507534223418e-05
0	10	10	200	9	8881451394812537652	58	29001	29500	500	500	-1870.7856795139576	55.605558386074819	425238	600000	0	0	270.54325878860664	539.68535215381644	7.3239617185034994e-05
0	10	10	200	9	8881451394812537652	59	29501	30000	500	500	-1905.8808457244363	56.08043942720365	423746	600000	0	0	261.11316883638318	570.5570357725519	0.00020301711901257518
0	10	10	200	9	8881451394812537652	60	30001	30500	500	500	-1810.7861731295291	52.783674144795079	424223	600000	0	0	282.2709971351066	484.76283406222734	4.9842142026104007e-05
0	10	10	200	9	8881451394812537652	61	30501	31000	500	500	-1797.0362207400481	55.562441709191155	423964	600000	0	0	266.64352971183092	522.62351142646662	-9.4581675914959807e-05
0	10	10	200	9	8881451394812537652	62	31001	31500	500	500	-1872.5935634084483	55.545857481061852	424177	600000	0	0	254.51469520586909	533.94401834714563	6.8274825075122933e-05
0	10	10	200	9	8881451394812537652	63	31501	32000	500	500	-1876.9710527981417	54.852904892742714	424552	600000	0	0	237.96586407206243	533.92662884838853	0.00031233595969175294
0	10	10	200	9	8881451394812537652	64	32001	32500	500	500	-1904.3874583638117	54.598037777198101	424049	600000	0	0	271.82422823720725	539.81182123465101	2.3885903364503389e-05
0	10	10	200	9	8881451394812537652	65	32501	33000	500	500	-1922.011606013868	54.281403313381865	424382	600000	0	0	271.2167267715098	535.68920283752175	5.6571440080643284e-05
0	10	10	200	9	8881451394812537652	66	33001	33500	500	500	-1816.8256320189989	55.611870550261145	424229	600000	0	0	266.93029589521916	507.85217552501496	3.9131035967762421e-05
0	10	10	200	9	8881451394812537652	67	33501	34000	500	500	-1841.934269226228	55.639110795409501	424721	600000	0	0	252.65228906036225	538.41536578112471	3.7943238532942007e-05
0	10	10	200	9	8881451394812537652	68	34001	34500	500	500	-1830.6400184828183	56.601243173526655	425108	600000	0	0	263.33610517108866	551.36570459916732	0.00026345980894204926
0	10	10	200	9	8881451394812537652	69	34501	35000	500	500	-1824.2661919133297	55.727502987502248	424591	600000	0	0	254.30494363403196	507.54801106247578	0.0062890230398050546
0	10	10	200	9	8881451394812537652	70	35001	35500	500	500	-1828.6800941902025	56.772467373380096	424375	600000	0	0	265.62632816683237	514.62893769956588	0.00061298666537406286
0	10	10	200	9	8881451394812537652	71	35501	36000	500	500	-1886.7552867377262	55.952930025614691	424900	600000	0	0	253.41344338203572	579.22271866498056	3.5519232932066047e-05
0	10	10	200	9	8881451394812537652	72	36001	36500	500	500	-1802.8269778756198	56.812796158292713	426349	600000	0	0	250.22046702667183	508.97089038926208	-2.7247154273600766e-05
0	10	10	200	9	8881451394812537652	73	36501	37000	500	500	-1857.0033235990365	56.228530069954125	424618	600000	0	0	267.83986359556519	552.04406965609201	0.00021290805681325572
0	10	10	200	9	8881451394812537652	74	37001	37500	500	500	-1815.7662190240728	53.517586178369207	424960	600000	0	0	269.83127962800529	501.28484985545924	-0.00019820517339345258
0	10	10	200	9	8881451394812537652	75	37501	38000	500	500	-1878.8974781510817	54.509944241045545	426045	600000	0	0	253.28153194568665	544.2087394337052	1.1723581052164081e-05
0	10	10	200	9	8881451394812537652	76	38001	38500	500	500	-1799.2202599953569	56.019293602815708	424148	600000	0	0	255.5499845845585	511.64173805683902	-6.1043320485534373e-06
0	10	10	200	9	8881451394812537652	77	38501	39000	500	500	-1840.50875331215	54.322859867160176	423440	600000	0	0	275.82829421169583	539.68091336784948	-0.00016525444176344431
0	10	10	200	9	8881451394812537652	78	39001	39500	500	500	-1842.8293751696458	57.253425325095158	424623	600000	0	0	254.67250854175879	529.44422402312819	4.4047710701798499e-05
0	10	10	200	9	8881451394812537652	79	39501	40000	500	500	-1814.3828914172238	54.889818164032924	423791	600000	0	0	270.72808186992955	521.49375492996023	0.00015504765437570017
0	10	10	200	9	8881451394812537652	80	40001	40500	500	500	-1798.3320059361065	54.450330485935623	424225	600000	0	0	277.54411236357078	535.10090146316043	-3.1714743665428237e-05
0	10	10	200	9	8881451394812537652	81	40501	41000	500	500	-1865.4768071348324	55.6796599938071	424952	600000	0	0	273.55929395248859	564.12546811989762	0.00014444013195376415
0	10	10	200	9	8881451394812537652	82	41001	41500	500	500	-1857.668034482919	54.683644043042676	425675	600000	0	0	268.7514662979205	521.21837117432256	7.4816650006968209e-05
0	10	10	200	9	8881451394812537652	83	41501	42000	500	500	-1796.1702264485673	54.487304692938949	422757	600000	0	0	253.18749147246939	504.21427900636132	6.8166131071436417e-05
0	10	10	200	9	8881451394812537652	84	42001	42500	500	500	-1920.9476255286841	57.780343284835958	424986	600000	0	0	260.2447891918988	606.89128445699237	0.0001410255931950169
0	10	10	200	9	8881451394812537652	85	42501	43000	500	500	-1879.6881316307656	54.604460810367854	424214	600000	0	0	238.26172064639476	554.78744054525839	-1.6772636767902209e-05
0	10	10	200	9	8881451394812537652	86	43001	43500	500	500	-1823.776363869689	54.1695096346347	425336	600000	0	0	280.70022015776163	490.1506929363469	-0.00014680376715456121
0	10	10	200	9	8881451394812537652	87	43501	44000	500	500	-1817.4264494226591	55.723247726491046	425574	600000	0	0	265.8331750817506	542.12867717419226	5.7522346193679839e-05
0	10	10	200	9	8881451394812537652	88	44001	44500	500	500	-1812.14349589474	55.27038243166205	425645	600000	0	0	256.64885172367372	532.44247202728934	-0.00034557015744964692
0	10	10	200	9	8881451394812537652	89	44501	45000	500	500	-1791.3755068805037	53.874048694326738	424123	600000	0	0	262.76327178870122	487.11413326599484	2.4970660816797352
0	10	10	200	9	8881451394812537652	90	45001	45500	500	500	-1873.4969721602877	54.064737845909015	425095	600000	0	0	288.62025553424058	512.34572961793788	0.00014825048347699599
0	10	10	200	9	8881451394812537652	91	45501	46000	500	500	-1874.6325064743035	54.872722793037077	423795	600000	0	0	265.75714644955582	543.05611437863854	-2.0957215064786278e-05
0	10	10	200	9	8881451394812537652	92	46001	46500	500	500	-1868.2383890344986	53.755989578085227	424384	600000	0	0	272.2368321237845	547.59925461422256	0.00016467023363266297
0	10	10	200	9	8881451394812537652	93	46501	47000	500	500	-1920.2372126026555	56.768644477200404	425826	600000	0	0	271.99598242030351	551.4693437019082	-7.2583843533409885e-06
0	10	10	200	9	8881451394812537652	94	47001	47500	500	500	-1838.1363280888784	53.217134716431339	425316	600000	0	0	264.40531630146398	545.17226260683617	0.00087325371349400221
0	10	10	200	9	8881451394812537652	95	47501	48000	500	500	-1892.1893702546702	56.011673965934577	426901	600000	0	0	269.24429651136677	540.63772801337245	0.00010508950078732175
0	10	10	200	9	8881451394812537652	96	48001	48500	500	500	-1760.7634767515819	53.959671153063319	425561	600000	0	0	297.22354191357965	460.36583539303467	5.1256451927021994e-05
0	10	10	200	9	8881451394812537652	97	48501	49000	500	500	-1875.709334704846	56.375557705968724	424556	600000	0	0	256.08428574878371	521.11437702429419	0.00024056413593127638
0	10	10	200	9	8881451394812537652	98	49001	49500	500	500	-1839.9951871197391	55.683689944522193	423353	600000	0	0	265.39886870872823	510.38971002769534	3.4725762591590458e-05
0	10	10	200	9	8881451394812537652	99	49501	50000	500	500	-1906.3058926299195	58.546740264167497	426836	600000	0	0	240.49918114394117	589.41810411918584	0.00056939267240211559
0	10	10	200	10	5996384629909658526	0	1	500	500	500	-1809.928980855088	53.510900051948248	424582	600000	0	0	290.55080612266835	493.74912037325544	0.0002156356010335295
0	10	10	200	10	5996384629909658526	1	501	1000	500	500	-1854.7221185229084	56.181854789815553	424330	600000	0	0	257.82981509424252	579.81666851012346	0.00019635052146616731
0	10	10	200	10	5996384629909658526	2	1001	1500	500	500	-1814.9068451228391	54.486270588501668	425005	600000	0	0	271.84616702663305	502.8506187328062	-0.00096481713412575833
0	10	10	200	10	5996384629909658526	3	1501	2000	500	500	-1795.6656180792825	53.404210508310413	423498	600000	0	0	265.4968893435227	518.31052800931911	6.4763096228351774e-05
0	10	10	200	10	5996384629909658526	4	2001	2500	500	500	-1899.2454734472969	55.746149953902993	424133	600000	0	0	272.90357816476171	710.04161450179242	0.00043853929844989202
0	10	10	200	10	5996384629909658526	5	2501	3000	500	500	-1861.317992458062	55.02005297613529	426152	600000	0	0	286.05835746682516	516.44773094193567	0.00023264589283202488
0	10	10	200	10	5996384629909658526	6	3001	3500	500	500	-1812.7384660633511	56.498368331313763	424848	600000	0	0	273.98819972134606	483.66602665337786	1.3947007706427192e-05
0	10	10	200	10	5996384629909658526	7	3501	4000	500	500	-1853.4583901534347	53.24210769562211	424477	600000	0	0	282.34032876628788	529.14127618471059	-3.6730919982005374e-05
0	10	10	200	10	5996384629909658526	8	4001	4500	500	500	-1829.2181519529388	52.648244761806886	423123	600000	0	0	298.60616846555439	477.6206318152004	6.9272549454737307e-05
0	10	10	200	10	5996384629909658526	9	4501	5000	500	500	-1850.5243919348238	54.801256999127894	423472	600000	0	0	278.62680013892452	525.50176191626952	2.4119594747032382e-05
0	10	10	200	10	5996384629909658526	10	5001	5500	500	500	-1881.8778897440445	57.007835116165559	424568	600000	0	0	268.79496818367727	521.92309486073998	0.00011709036519092171
0	10	10	200	10	5996384629909658526	11	5501	6000	500	500	-1822.5086476314787	54.665849201960107	423502	600000	0	0	264.09367628096737	497.85685556361813	3.6045913714516854e-05
0	10	10	200	10	5996384629909658526	12	6001	6500	500	500	-1883.2533840164253	54.374464633941756	425540	600000	0	0	280.31867103342393	562.16670476237516	-0.00087877178114586845
0	10	10	200	10	5996384629909658526	13	6501	7000	500	500	-1869.5359333169597	55.470374203707991	424502	600000	0	0	263.13268430121184	550.75904070854313	0.00014577002851997236
0	10	10	200	10	5996384629909658526	14	7001	7500	500	500	-1876.4997547291505	55.678142030399499	423092	600000	0	0	274.92863544942486	533.87945851530014	5.8756729617928694e-06
0	10	10	200	10	5996384629909658526	15	7501	8000	500	500	-1885.1101725361527	55.253615962551734	424015	600000	0	0	263.5332036222236	531.24711609691246	-2.5665200885723816e-05
0	10	10	200	10	5996384629909658526	16	8001	8500	500	500	-1905.0918860694696	56.600962781943338	426399	600000	0	0	256.0483036284711	564.99643392811311	3.8439713871449776e-05
0	10	10	200	10	5996384629909658526	17	8501	9000	500	500	-1798.8844511637542	55.699966033135176	425660	600000	0	0	261.33642900495079	491.2013823158569	7.6952175255516565e-05
0	10	10	200	10	5996384629909658526	18	9001	9500	500	500	-1806.4416800565009	56.2608563007635	425472	600000	0	0	269.7667578098895	516.27677443181051	-0.00026334638540772887
0	10	10	200	10	5996384629909658526	19	9501	10000	500	500	-1837.7024987326126	55.198687419126685	423818	600000	0	0	256.58855295664489	549.74165358896323	-5.159519955259263e-07
0	10	10	200	10	5996384629909658526	20	10001	10500	500	500	-1874.3689549870928	54.829306028030615	424536	600000	0	0	268.90973982602424	540.0528076245331	7.3841228029937353e-05
0	10	10	200	10	5996384629909658526	21	10501	11000	500	500	-1832.5199544544398	55.86640079643265	424988	600000	0	0	273.59529214303234	491.27993724127225	-0.00013225006543913194
0	10	10	200	10	5996384629909658526	22	11001	11500	500	500	-1883.4936495790246	54.681509227356742	423858	600000	0	0	263.56377277495739	546.82563847679785	-0.00089530338976297425
0	10	10	200	10	5996384629909658526	23	11501	12000	500	500	-1854.0873086120787	53.888718892880284	424830	600000	0	0	272.14928521172681	498.04527419278662	9.3525289473455145e-05
0	10	10	200	10	5996384629909658526	24	12001	12500	500	500	-1864.0793953897987	55.036939796896327	424990	600000	0	0	261.11830198335872	515.61148914919204	6.6258197250548863e-05
0	10	10	200	10	5996384629909658526	25	12501	13000	500	500	-1863.9970798646621	54.38481577446256	422936	600000	0	0	261.35373263214251	529.54188107170182	0.00012099210417552972
0	10	10	200	10	5996384629909658526	26	13001	13500	500	500	-1934.1587772509292	56.238770895163739	425243	600000	0	0	261.36451657145528	569.55934846989089	4.3154249367682909e-05
0	10	10	200	10	5996384629909658526	27	13501	14000	500	500	-1900.031669492226	56.312668054133567	425152	600000	0	0	278.44913215757362	525.75790946910899	0.00076443692359428825
0	10	10	200	10	5996384629909658526	28	14001	14500	500	500	-1849.4482130764334	56.367893143031402	424228	600000	0	0	275.58274026138145	505.47646967801029	0.000166211650814692
0	10	10	200	10	5996384629909658526	29	14501	15000	500	500	-1886.443562571015	57.049797537278252	424633	600000	0	0	267.30786515180563	579.10624381905507	4.9741876268962112e-05
0	10	10	200	10	5996384629909658526	30	15001	15500	500	500	-1856.1644319150034	56.085903080165721	424205	600000	0	0	271.51628668603871	524.90275410159791	0.0002840410590593799
0	10	10	200	10	5996384629909658526	31	15501	16000	500	500	-1821.3136179353251	55.21003005856327	424890	600000	0	0	261.11112161713481	539.89441728795987	5.7259639807345317e-05
0	10	10	200	10	5996384629909658526	32	16001	16500	500	500	-1926.8148479898955	54.769483864610251	423853	600000	0	0	238.99837600963366	572.79726036339207	0.00031925412607178375
0	10	10	200	10	5996384629909658526	33	16501	17000	500	500	-1801.9702301728894	55.773034714023765	423711	600000	0	0	261.34393359020714	481.09584944915406	0.00013357938553834137
0	10	10	200	10	5996384629909658526	34	17001	17500	500	500	-1873.9785034403312	56.065237521112017	423998	600000	0	0	259.11070711766234	521.55643331571412	-2.3072604580472662e-05
0	10	10	200	10	5996384629909658526	35	17501	18000	500	500	-1834.4358696329696	55.690494253257391	425122	600000	0	0	269.42373174956811	508.85541016595374	0.00010117068244003616
0	10	10	200	10	5996384629909658526	36	18001	18500	500	500	-1857.9531574088546	54.823942523314948	424473	600000	0	0	277.34455874041032	517.2530110132177	8.1315933440174876e-05
0	10	10	200	10	5996384629909658526	37	18501	19000	500	500	-1804.5362804034066	53.774066452394543	424536	600000	0	0	251.70505296631779	526.82627857321745	3.5158932395613108e-05
0	10	10	200	10	5996384629909658526	38	19001	19500	500	500	-1782.6653943066856	53.168526277803117	423953	600000	0	0	283.14379601788738	467.48323287448579	0.00071897043150986905
0	10	10	200	10	5996384629909658526	39	19501	20000	500	500	-1816.3074304262871	55.580213818633077	425484	600000	0	0	259.57758984677554	504.19012027071051	0.00037041472817009834
0	10	10	200	10	5996384629909658526	40	20001	20500	500	500	-1848.9999373154203	56.017030629676213	424246	600000	0	0	256.47715872969457	729.41470178147063	0.0001533625194104678
0	10	10	200	10	5996384629909658526	41	20501	21000	500	500	-1872.4900468777073	55.493723611612992	424877	600000	0	0	282.49387377239918	502.10819486984684	0.00054987910582240875
0	10	10	200	10	5996384629909658526	42	21001	21500	500	500	-1763.1091368458476	55.284033444965473	425418	600000	0	0	251.84714050011164	497.8337873426957	1.5318164045942613e-05
0	10	10	200	10	5996384629909658526	43	21501	22000	500	500	-1821.9618058683948	54.792185392697128	424248	600000	0	0	255.34674422667177	515.04621811720403	6.2668018466105412e-05
0	10	10	200	10	5996384629909658526	44	22001	22500	500	500	-1836.3729720336644	54.270502461404419	425228	600000	0	0	264.69609381159478	513.40267299625486	-0.00040057706850699884
0	10	10	200	10	5996384629909658526	45	22501	23000	500	500	-1830.8379089027062	53.728295961033353	425133	600000	0	0	261.40804629974491	568.79014713039567	9.9702706864048972e-05
0	10	10	200	10	5996384629909658526	46	23001	23500	500	500	-1840.5970004238613	54.720854129953565	424566	600000	0	0	254.68516588114684	522.24644512185432	0.00024191379707695662
0	10	10	200	10	5996384629909658526	47	23501	24000	500	500	-1833.7077991570918	56.135878386180572	424830	600000	0	0	257.756572804717	547.45117598710544	-0.00033247531504314797
0	10	10	200	10	5996384629909658526	48	24001	24500	500	500	-1776.0567657047307	54.227173009362332	423925	600000	0	0	281.31618407678508	491.89368080439959	1.9362509044460096e-05
0	10	10	200	10	5996384629909658526	49	24501	25000	500	500	-1899.4039199486008	56.702469425133728	425534	600000	0	0	252.08128986670698	569.03990477563173	0.00055856578438801062
0	10	10	200	10	5996384629909658526	50	25001	25500	500	500	-1775.015457701732	54.193631483706802	424250	600000	0	0	282.39545248211044	478.05989702441781	3.6405566327996991e-05
0	10	10	200	10	5996384629909658526	51	25501	26000	500	500	-1844.6619499166877	52.941902607066417	422322	600000	0	0	274.72974742060666	499.15207615328075	5.307825575276654e-06
0	10	10	200	10	5996384629909658526	52	26001	26500	500	500	-1879.7859043439396	56.299525346032645	424763	600000	0	0	268.80313222964674	537.83171366743579	-5.5724611537919937e-05
0	10	10	200	10	5996384629909658526	53	26501	27000	500	500	-1786.8845209613337	53.909847234361457	424425	600000	0	0	264.12660723834432	477.27459592520262	0.00012096547573566364
0	10	10	200	10	5996384629909658526	54	27001	27500	500	500	-1927.4454594225338	57.22443698301921	427437	600000	0	0	247.57641410731335	568.60719076102464	0.00033756204836690815
0	10	10	200	10	5996384629909658526	55	27501	28000	500	500	-1826.4353916686168	53.458570275439165	424389	600000	0	0	281.06281085125255	482.77148404521841	0.00011174859164516583
0	10	10	200	10	5996384629909658526	56	28001	28500	500	500	-1859.7489404163143	55.435941958511151	425021	600000	0	0	283.68183368074841	506.19109585100432	0.00018516697653518177
0	10	10	200	10	5996384629909658526	57	28501	29000	500	500	-1843.6522456710729	55.37760089313651	426798	600000	0	0	252.78776042413696	513.84637326745531	0.00041102254179012566
0	10	10	200	10	5996384629909658526	58	29001	29500	500	500	-1915.2774530831689	53.998096449815669	424294	600000	0	0	259.27674704003056	556.64107955396969	-4.6761072781288595e-06
0	10	10	200	10	5996384629909658526	59	29501	30000	500	500	-1821.6341940769751	56.476269580920992	426309	600000	0	0	254.25130184509149	522.45058499074185	0.00041448125705285959
0	10	10	200	10	5996384629909658526	60	30001	30500	500	500	-1833.5700328356663	53.384198036573309	424235	600000	0	0	284.82840786586883	509.96888098098719	0.00026766790106606017
0	10	10	200	10	5996384629909658526	61	30501	31000	500	500	-1976.7764375723561	55.651174477969874	426372	600000	0	0	246.4912508631443	595.52783114759256	0.00040715184806125584
0	10	10	200	10	5996384629909658526	62	31001	31500	500	500	-1806.365802648628	54.384035591550273	424907	600000	0	0	266.9529459195565	537.55775605618749	9.2687731310499315e-05
0	10	10	200	10	5996384629909658526	63	31501	32000	500	500	-1840.1220659938224	54.977662520515494	424279	600000	0	0	256.62362474643936	533.16792451330616	5.1702438537287065e-05
0	10	10	200	10	5996384629909658526	64	32001	32500	500	500	-1758.0447090689217	52.90315524536058	424375	600000	0	0	271.37300533359337	475.2742372253486	-7.6784920472662218e-05
0	10	10	200	10	5996384629909658526	65	32501	33000	500	500	-1868.8791507466744	56.154575674392497	424939	600000	0	0	260.90490184836284	518.03057835170307	-5.7519372667419042e-05
0	10	10	200	10	5996384629909658526	66	33001	33500	500	500	-1892.4089805506683	54.673910231545257	424268	600000	0	0	265.75694831336432	535.47568549138418	-4.6124650258536735e-05
0	10	10	200	10	5996384629909658526	67	33501	34000	500	500	-1825.2479003326366	55.596528763288482	424652	600000	0	0	256.59106463973376	497.93215422558285	0.00018640057944564281
0	10	10	200	10	5996384629909658526	68	34001	34500	500	500	-1789.4259369724107	54.158016408720997	424438	600000	0	0	265.32639253575223	522.47744685253315	1.0116702146315441e-05
0	10	10	200	10	5996384629909658526	69	34501	35000	500	500	-1821.0178863050187	54.569516280868356	424600	600000	0	0	253.69211360673341	516.89522158984846	0.00030664492760600325
0	10	10	200	10	5996384629909658526	70	35001	35500	500	500	-1719.9489571292952	55.262593633864611	426403	600000	0	0	265.55925212823649	657.07324470225558	-8.0822161602131057e-05
0	10	10	200	10	5996384629909658526	71	35501	36000	500	500	-1835.2254154572142	56.696076194959261	423608	600000	0	0	268.53029756381608	522.05787352960647	3.2368062484022777e-05
0	10	10	200	10	5996384629909658526	72	36001	36500	500	500	-1819.1962287784952	53.202359177354353	424164	600000	0	0	259.01470606578124	514.40555501622953	3.5999905685772424e-05
0	10	10	200	10	5996384629909658526	73	36501	37000	500	500	-1893.0844859199049	58.411556619887428	425109	600000	0	0	258.78561233980804	552.60043793255136	0.00011914926944453279
0	10	10	200	10	5996384629909658526	74	37001	37500	500	500	-1867.5913530238468	56.653641267223577	425449	600000	0	0	261.84235836728675	553.20666457172615	5.394775951415413e-06
0	10	10	200	10	5996384629909658526	75	37501	38000	500	500	-1799.7898673856548	56.043762992789503	424610	600000	0	0	261.28719323457187	520.08047649460286	6.8543573854690232e-05
0	10	10	200	10	5996384629909658526	76	38001	38500	500	500	-1869.8086808981054	55.105854026651286	424362	600000	0	0	270.65578035787848	523.00287087575418	0.00010392073187551797
0	10	10	200	10	5996384629909658526	77	38501	39000	500	500	-1829.8178994659791	55.774029438760152	425080	600000	0	0	251.07567949731481	535.56849048125571	2.9176990778949667e-05
0	10	10	200	10	5996384629909658526	78	39001	39500	500	500	-1766.1970977931308	54.928957348113876	425856	600000	0	0	253.61539949167013	523.97327556878133	0.0001585893008313409
0	10	10	200	10	5996384629909658526	79	39501	40000	500	500	-1812.432002188501	55.737512166975314	424102	600000	0	0	243.7695329421301	514.59352225475106	0.00028036996240553741
0	10	10	200	10	5996384629909658526	80	40001	40500	500	500	-1900.9376443124454	56.357362106793303	426900	600000	0	0	257.79939649332857	578.46296364248064	1.0107519352975127e-05
0	10	10	200	10	5996384629909658526	81	40501	41000	500	500	-1844.2322646599125	54.448820377940343	423416	600000	0	0	278.34181746060801	506.34343506517058	0.00075483894206992215
0	10	10	200	10	5996384629909658526	82	41001	41500	500	500	-1821.5593007236621	55.523071353174181	424788	600000	0	0	266.4643052399025	519.53772864759139	0.00028457426330710258
0	10	10	200	10	5996384629909658526	83	41501	42000	500	500	-1719.5189481011535	53.766601244715709	423138	600000	0	0	263.75341179151627	465.42413656579527	-0.00017921283871894989
0	10	10	200	10	5996384629909658526	84	42001	42500	500	500	-1826.3438222205389	53.849298022960028	424995	600000	0	0	275.93673107242068	610.83395128082645	-0.00014304690866481657
0	10	10	200	10	5996384629909658526	85	42501	43000	500	500	-1844.324373629303	53.196072841236457	422746	600000	0	0	289.04343101417527	537.58285067028896	0.00029560852608714411
0	10	10	200	10	5996384629909658526	86	43001	43500	500	500	-1897.8240001029949	56.063921121029381	426261	600000	0	0	267.65446053313173	521.09971099503753	6.6521692063048046e-05
0	10	10	200	10	5996384629909658526	87	43501	44000	500	500	-1889.8119058501088	56.216066089743556	423257	600000	0	0	248.89662260647103	693.34600165603911	-6.3047024058196519e-06
0	10	10	200	10	5996384629909658526	88	44001	44500	500	500	-1845.9090000475503	55.995090812841326	426309	600000	0	0	248.90056143143917	534.3260767764034	0.00017884715534237345
0	10	10	200	10	5996384629909658526	89	44501	45000	500	500	-1851.1212888010832	53.780925032086508	425083	600000	0	0	279.16556888119322	575.24154043254919	1.4681129278441165e-05
0	10	10	200	10	5996384629909658526	90	45001	45500	500	500	-1851.4733237479229	56.097345078448598	423741	600000	0	0	264.83453955399051	530.93751084247299	-2.2235341624802425e-05
0	10	10	200	10	5996384629909658526	91	45501	46000	500	500	-1835.4531324424734	56.88423369828493	426120	600000	0	0	251.33676839100755	492.72141924127351	0.00035059782964497974
0	10	10	200	10	5996384629909658526	92	46001	46500	500	500	-1850.3349266118369	55.297917288217533	425923	600000	0	0	271.13898957439335	548.10826996327887	0.0052893467320894181
0	10	10	200	10	5996384629909658526	93	46501	47000	500	500	-1935.5407812274495	55.887100973658143	425973	600000	0	0	255.29661562315042	575.48015890669717	0.89835053763595363
0	10	10	200	10	5996384629909658526	94	47001	47500	500	500	-1843.098640033144	56.542974372014747	425360	600000	0	0	249.43981349854357	537.24138806337783	0.00026619295210230048
0	10	10	200	10	5996384629909658526	95	47501	48000	500	500	-1797.9351054671126	55.838979621041673	425221	600000	0	0	251.50458815210231	486.73695408500339	3.3675241481793219e-05
0	10	10	200	10	5996384629909658526	96	48001	48500	500	500	-1894.0849306205889	57.35475197262592	425055	600000	0	0	255.92262709257938	562.53742444235831	3.2715840697813767e-05
0	10	10	200	10	5996384629909658526	97	48501	49000	500	500	-1843.4745433793678	56.313903208011943	424874	600000	0	0	274.90783288215795	564.79923676625845	9.0258142159769391e-05
0	10	10	200	10	5996384629909658526	98	49001	49500	500	500	-1789.4814704190887	54.863591360925405	425589	600000	0	0	282.12447851092639	472.05016635782277	0.00072717018528022331
0	10	10	200	10	5996384629909658526	99	49501	50000	500	500	-1840.9980682549506	54.362178516597261	422487	600000	0	0	270.84005683353371	490.50843609240673	0.00083250327003271077
0	10	10	200	11	1600160768095985755	0	1	500	500	500	-1830.9425137075659	54.490757564630599	423317	600000	0	0	285.63805078164592	545.95138427045163	5.8949435496971721e-06
0	10	10	200	11	1600160768095985755	1	501	1000	500	500	-1843.6421142246124	54.95512271356408	426034	600000	0	0	285.428509791247	493.69251607049921	7.0398861531780431e-05
0	10	10	200	11	1600160768095985755	2	1001	1500	500	500	-1922.5380278132998	55.711963487004233	425922	600000	0	0	271.4649902205577	546.90182133095379	0.00029920432173339645
0	10	10	200	11	1600160768095985755	3	1501	2000	500	500	-1845.3396369608383	56.616275583403144	426484	600000	0	0	250.01370489718346	538.29604275130714	-7.6944186638483694e-05
0	10	10	200	11	1600160768095985755	4	2001	2500	500	500	-1795.3669465480598	54.000045020070722	425796	600000	0	0	264.24721561596976	479.0827422407977	3.5987905713873176e-05
0	10	10	200	11	1600160768095985755	5	2501	3000	500	500	-1874.3886522845771	54.779604447229488	423804	600000	0	0	288.75990629740073	551.62533962413841	0.00013111078565887261
0	10	10	200	11	1600160768095985755	6	3001	3500	500	500	-1813.9641291194871	55.143923061641154	423742	600000	0	0	266.4023217856967	524.02630829819338	0.00022501223607955775
0	10	10	200	11	1600160768095985755	7	3501	4000	500	500	-1889.3852932557452	55.166404154589479	423925	600000	0	0	279.38620232320807	550.36195809291962	1.0372155000348009e-05
0	10	10	200	11	1600160768095985755	8	4001	4500	500	500	-1807.8075287237066	55.539465832475663	425397	600000	0	0	242.6630510298188	568.15604283403434	0.00052543467971984082
0	10	10	200	11	1600160768095985755	9	4501	5000	500	500	-1898.8192471846144	55.724206582804605	423773	600000	0	0	253.82080011744023	533.4385013220633	4.7619802854860053e-06
0	10	10	200	11	1600160768095985755	10	5001	5500	500	500	-1787.6178475030945	53.861566469845734	425893	600000	0	0	261.88565548623899	603.73927451518318	0.0003904749653360029
0	10	10	200	11	1600160768095985755	11	5501	6000	500	500	-1789.5063432712291	54.878704316913549	424854	600000	0	0	275.98428125944099	494.88848912976454	9.7872089064578521e-05
0	10	10	200	11	1600160768095985755	12	6001	6500	500	500	-1868.6627136335551	56.327651696190678	424229	600000	0	0	235.64643143839783	574.25546140238657	2.1649239646693839
0	10	10	200	11	1600160768095985755	13	6501	7000	500	500	-1895.9114981867995	56.073006664822302	426308	600000	0	0	261.01527125017356	525.93778424012999	-0.00012326638082119689
0	10	10	200	11	1600160768095985755	14	7001	7500	500	500	-1907.5191015346561	55.680848504207241	426632	600000	0	0	260.02626266854634	526.87628808955321	1.4632947843349508e-05
0	10	10	200	11	1600160768095985755	15	7501	8000	500	500	-1860.121496663432	55.826541530875382	425460	600000	0	0	244.02852455251644	531.00330697661445	-7.6820799796935223e-05
0	10	10	200	11	1600160768095985755	16	8001	8500	500	500	-1874.6064356174907	54.945723853704564	422859	600000	0	0	272.7755159796472	524.32659793864798	-0.00010586068497345689
0	10	10	200	11	1600160768095985755	17	8501	9000	500	500	-1840.6238511563463	54.580024654901067	423916	600000	0	0	260.73409525493349	512.51010069378776	-4.804469081603803e-05
0	10	10	200	11	1600160768095985755	18	9001	9500	500	500	-1792.535161245946	55.378856402203198	423771	600000	0	0	267.2689201019241	475.38234606220681	0.00028867358125516984
0	10	10	200	11	1600160768095985755	19	9501	10000	500	500	-1872.6210876331454	53.691203570554926	424078	600000	0	0	260.49151024609506	570.53635027950259	7.7785092076388521e-05
0	10	10	200	11	1600160768095985755	20	10001	10500	500	500	-1830.2592972798541	57.547730459114412	427057	600000	0	0	254.24506163266989	507.8177753368289	1.4359168320811815e-05
0	10	10	200	11	1600160768095985755	21	10501	11000	500	500	-1781.9988691901378	54.691176267071519	424972	600000	0	0	260.08272542477272	508.93164402386583	-0.0002465152787520935
0	10	10	200	11	1600160768095985755	22	11001	11500	500	500	-1846.8963327046786	55.00950103233059	425106	600000	0	0	242.61433992786658	550.5808308853251	2.5842219255595617e-05
0	10	10	200	11	1600160768095985755	23	11501	12000	500	500	-1891.5692452018945	57.005826138618943	424690	600000	0	0	276.80060238085815	523.32860467765227	4.0182482159623292e-05
0	10	10	200	11	1600160768095985755	24	12001	12500	500	500	-1795.7392286775794	55.334130132030218	424333	600000	0	0	270.76739728691354	516.81263781299731	0.00079150089610696749
0	10	10	200	11	1600160768095985755	25	12501	13000	500	500	-1870.7959056098928	54.129246273087105	423140	600000	0	0	278.0131983281608	517.07917661943611	7.0634277673615575e-05
0	10	10	200	11	1600160768095985755	26	13001	13500	500	500	-1854.9045989043923	55.131350239187221	422880	600000	0	0	287.69670638994455	579.45126973245885	0.00051939599895583805
0	10	10	200	11	1600160768095985755	27	13501	14000	500	500	-1877.8159613332441	54.167967232197036	423342	600000	0	0	263.10452674350108	526.51907542579067	3.3538199285925344e-05
0	10	10	200	11	1600160768095985755	28	14001	14500	500	500	-1803.5847085282685	54.336438924606014	425493	600000	0	0	266.85966489475084	540.31001242595198	0.00075834165250305804
0	10	10	200	11	1600160768095985755	29	14501	15000	500	500	-1851.7094857924565	55.198160559218699	424996	600000	0	0	275.52921877723247	548.07143273749818	-4.0619055931792088e-05
0	10	10	200	11	1600160768095985755	30	15001	15500	500	500	-1821.8556854454321	55.430469769642528	425192	600000	0	0	267.41235302241353	532.31142538356471	0.0010099454994870413
0	10	10	200	11	1600160768095985755	31	15501	16000	500	500	-1820.1307512048809	56.83300696905274	426317	600000	0	0	273.474520102285	511.10397975389446	0.00023177808703238193
0	10	10	200	11	1600160768095985755	32	16001	16500	500	500	-1795.4582906153887	54.607654647654307	424818	600000	0	0	262.06928379574475	484.60512476284407	-3.6011178703116118e-05
0	10	10	200	11	1600160768095985755	33	16501	17000	500	500	-1860.1525239648895	55.265186239468591	423777	600000	0	0	267.11101398438058	501.48771453182218	-0.00042982803175742323
0	10	10	200	11	1600160768095985755	34	17001	17500	500	500	-1811.6524676116144	54.203355310242955	424487	600000	0	0	263.6565387238677	525.99211875034064	0.00040713240148811293
0	10	10	200	11	1600160768095985755	35	17501	18000	500	500	-1847.7987691818134	54.10511658936381	424719	600000	0	0	269.91663160538218	509.75193315030543	0.00045582923389029037
0	10	10	200	11	1600160768095985755	36	18001	18500	500	500	-1883.502116114809	56.699785147495682	424807	600000	0	0	261.91106470259422	569.00114813364746	0.00011287629568536063
0	10	10	200	11	1600160768095985755	37	18501	19000	500	500	-1851.1841483118774	55.592459181130224	424033	600000	0	0	286.50776443854664	546.093837313314	8.975210347015782e-05
0	10	10	200	11	1600160768095985755	38	19001	19500	500	500	-1797.2799106957082	55.281542399026335	425887	600000	0	0	252.05564077071773	526.46910719068342	0.00012752875221803514
0	10	10	200	11	1600160768095985755	39	19501	20000	500	500	-1857.2617591659525	56.185053618438147	425281	600000	0	0	260.85703744296245	524.18233847306999	7.2527075763708829e-05
0	10	10	200	11	1600160768095985755	40	20001	20500	500	500	-1844.1740768425495	54.985190117622786	424956	600000	0	0	272.69853701972153	510.86493772606718	-0.00096085781583430047
0	10	10	200	11	1600160768095985755	41	20501	21000	500	500	-1833.907913543703	56.13250227379082	423790	600000	0	0	250.26781700696637	489.38331400071212	-7.4557629071323337e-05
0	10	10	200	11	1600160768095985755	42	21001	21500	500	500	-1749.443743822251	53.239404624616583	425047	600000	0	0	284.93685513269435	466.00621154780322	2.2066349766286519e-05
0	10	10	200	11	1600160768095985755	43	21501	22000	500	500	-1798.1878131860753	54.366919910100734	422759	600000	0	0	275.8155723643261	508.56038193447034	7.6772053503508715e-05
0	10	10	200	11	1600160768095985755	44	22001	22500	500	500	-1872.7701775269761	55.053544290288301	426273	600000	0	0	261.96951998828376	547.11821513081679	8.5785093336607069e-06
0	10	10	200	11	1600160768095985755	45	22501	23000	500	500	-1793.139386544136	55.361816490032162	424225	600000	0	0	244.32727154525472	497.81666136069822	0.00036154163035800652
0	10	10	200	11	1600160768095985755	46	23001	23500	500	500	-1938.9861956553239	55.749388926548647	424449	600000	0	0	258.4815162738762	541.60190311918871	2.5284300944410431e-05
0	10	10	200	11	1600160768095985755	47	23501	24000	500	500	-1900.5739670855546	56.836029256548123	425522	600000	0	0	272.86538831986292	568.47291014480766	7.9179017171064126e-05
0	10	10	200	11	1600160768095985755	48	24001	24500	500	500	-1830.1646281317705	53.882050397786315	423737	600000	0	0	268.75873745255035	513.56781347512788	0.00061454363539981138
0	10	10	200	11	1600160768095985755	49	24501	25000	500	500	-1863.6588496576746	56.277114716112933	424712	600000	0	0	273.16966271667758	513.1575989170841	0.00054591995978851208
0	10	10	200	11	1600160768095985755	50	25001	25500	500	500	-1833.8382121947964	54.564934223359174	425986	600000	0	0	275.06782466528091	513.07760304550118	-1.1662363557975521e-07
0	10	10	200	11	1600160768095985755	51	25501	26000	500	500	-1859.4503477892188	57.232508972242748	426595	600000	0	0	264.5261560231296	524.6728371030182	-4.3833261953475186e-05
0	10	10	200	11	1600160768095985755	52	26001	26500	500	500	-1868.916855397594	56.754534592214299	424615	600000	0	0	248.55215866266622	539.33348722737696	0.00026919301466442114
0	10	10	200	11	1600160768095985755	53	26501	27000	500	500	-1898.413620210536	54.264601787428923	426639	600000	0	0	255.98993917062134	591.97119671075006	0.00024446366175846546
0	10	10	200	11	1600160768095985755	54	27001	27500	500	500	-1869.3538852898182	58.260231686966868	426425	600000	0	0	250.28508191533209	526.48952185687904	0.00018294340916735313
0	10	10	200	11	1600160768095985755	55	27501	28000	500	500	-1810.4650544608203	54.891840239488943	423478	600000	0	0	248.14654759558024	528.42895606938077	0.00051241328335650945
0	10	10	200	11	1600160768095985755	56	28001	28500	500	500	-1793.2247359690032	55.032611809235313	423729	600000	0	0	242.89555685567362	561.5820578225721	6.5816202601710671e-05
0	10	10	200	11	1600160768095985755	57	28501	29000	500	500	-1807.3929666175065	54.274774362017411	423747	600000	0	0	263.0203230110144	517.52869242012389	0.00014691730120501928
0	10	10	200	11	1600160768095985755	58	29001	29500	500	500	-1833.1446977772919	54.614298885897391	423304	600000	0	0	268.30009528137373	513.02278608225186	0.00030702762580603213
0	10	10	200	11	1600160768095985755	59	29501	30000	500	500	-1837.4579404962496	55.491263858646747	425216	600000	0	0	250.24165790969172	526.84580920511428	0.0001266876990496229
0	10	10	200	11	1600160768095985755	60	30001	30500	500	500	-1910.84412456527	54.421172272429594	425102	600000	0	0	263.15458730551455	583.30556343938065	8.5473159124441935e-05
0	10	10	200	11	1600160768095985755	61	30501	31000	500	500	-1838.7119406720244	53.654872348076168	424516	600000	0	0	284.44192148105799	489.4766189875042	6.7021566105632729e-05
0	10	10	200	11	1600160768095985755	62	31001	31500	500	500	-1759.1191867739758	55.342773514464817	423765	600000	0	0	264.22060858063264	484.50557991902497	0.00027092422463705616
0	10	10	200	11	1600160768095985755	63	31501	32000	500	500	-1853.351386649465	55.43343164074917	425411	600000	0	0	267.41751006290508	560.19613532968845	0.00018182277585083962
0	10	10	200	11	1600160768095985755	64	32001	32500	500	500	-1871.4704894659235	55.018176703141144	424395	600000	0	0	250.5525950772458	551.59154798869963	6.548054798552011e-05
0	10	10	200	11	1600160768095985755	65	32501	33000	500	500	-1895.7309734854259	55.286530598288941	423701	600000	0	0	288.37372272795182	537.86320651627955	0.0059018350787418327
0	10	10	200	11	1600160768095985755	66	33001	33500	500	500	-1818.0123166076801	55.993064226530578	425128	600000	0	0	255.52575138712584	503.58017552334684	-0.00029594768004294488
0	10	10	200	11	1600160768095985755	67	33501	34000	500	500	-1866.8528603723835	54.14038744168969	423571	600000	0	0	271.2820566315491	536.72530260507642	7.5585304402783811e-05
0	10	10	200	11	1600160768095985755	68	34001	34500	500	500	-1896.3435824847654	56.186735373589585	425957	600000	0	0	256.36815298074742	671.81345074213812	0.0014955581117509812
0	10	10	200	11	1600160768095985755	69	34501	35000	500	500	-1903.8314755686181	56.33123501468058	425435	600000	0	0	259.2284651920337	552.16435517451066	3.569177594186261e-05
0	10	10	200	11	1600160768095985755	70	35001	35500	500	500	-1822.0603665860967	56.276735146498858	423529	600000	0	0	295.24620197180735	495.56346813747956	0.0029231241741211164
0	10	10	200	11	1600160768095985755	71	35501	36000	500	500	-1866.21722489186	55.440975672943786	423590	600000	0	0	265.82370642561062	528.91184971018129	0.00623532812054389
0	10	10	200	11	1600160768095985755	72	36001	36500	500	500	-1758.087601522898	54.736771077706813	425016	600000	0	0	279.21889229101265	469.21589676524036	-0.00012312715868270549
0	10	10	200	11	1600160768095985755	73	36501	37000	500	500	-1833.1421422106218	56.119467817690236	425212	600000	0	0	278.82852858467311	531.69667371075195	-0.00016356281846096241
0	10	10	200	11	1600160768095985755	74	37001	37500	500	500	-1870.6057202935306	54.503172592854348	424549	600000	0	0	261.61768085480327	526.02929282384412	9.0545207569616343e-05
0	10	10	200	11	1600160768095985755	75	37501	38000	500	500	-1881.0453332644777	56.991093656134453	426525	600000	0	0	262.52477273721854	554.36631028151851	1.491962962831429e-05
0	10	10	200	11	1600160768095985755	76	38001	38500	500	500	-1823.0683630755011	54.755880404336672	423296	600000	0	0	256.62704641936114	511.46815806974126	0.00031606574426029774
0	10	10	200	11	1600160768095985755	77	38501	39000	500	500	-1828.4619795400654	55.426329612204981	424020	600000	0	0	255.20143708121068	510.4743525783997	7.0968599882552136e-05
0	10	10	200	11	1600160768095985755	78	39001	39500	500	500	-1891.0067299883699	53.355237459288652	424249	600000	0	0	255.57304827260469	601.59219730600944	0.00010893849696956808
0	10	10	200	11	1600160768095985755	79	39501	40000	500	500	-1823.6222590444497	55.831430311595845	424345	600000	0	0	265.42958197722606	532.20648033675502	9.5162589194146646e-05
0	10	10	200	11	1600160768095985755	80	40001	40500	500	500	-1879.3471853703295	55.937450916009396	423610	600000	0	0	244.93477644501877	512.4213709731057	0.00016655633727822669
0	10	10	200	11	1600160768095985755	81	40501	41000	500	500	-1838.3745617401034	56.640110557381739	424880	600000	0	0	250.62215139413712	527.41968124742777	0.00016973613074380833
0	10	10	200	11	1600160768095985755	82	41001	41500	500	500	-1828.3019887894311	54.318067320498351	423470	600000	0	0	242.51676965829054	507.89685916199068	5.3373046280150023
0	10	10	200	11	1600160768095985755	83	41501	42000	500	500	-1839.0909432676356	54.398122489854941	424916	600000	0	0	263.07368118186446	522.99094495335373	0.00031934258461603708
0	10	10	200	11	1600160768095985755	84	42001	42500	500	500	-1838.9217239070088	54.615192267805959	422417	600000	0	0	272.00064171472656	560.88393413159793	-0.00011929586255311045
0	10	10	200	11	1600160768095985755	85	42501	43000	500	500	-1879.1185664666214	56.351288532993657	423857	600000	0	0	263.0641511757745	541.45730466628788	0.0008698039684461947
0	10	10	200	11	1600160768095985755	86	43001	43500	500	500	-1850.7164735320239	54.957705324265461	422514	600000	0	0	237.2649701060075	547.79038569615602	6.9722538467178348
0	10	10	200	11	1600160768095985755	87	43501	44000	500	500	-1879.5817493833961	56.798956014294781	424846	600000	0	0	254.85207214884085	537.63591094497838	0.00037619334776345327
0	10	10	200	11	1600160768095985755	88	44001	44500	500	500	-1838.3785011614318	55.389498031759231	426447	600000	0	0	249.65789176096104	536.47572249731786	0.0004682944581707198
0	10	10	200	11	1600160768095985755	89	44501	45000	500	500	-1847.2457847365308	54.484514481460401	425532	600000	0	0	258.2581816636644	501.99109628633244	-0.00033284937049803592
0	10	10	200	11	1600160768095985755	90	45001	45500	500	500	-1835.9063819015623	54.894762682018737	425100	600000	0	0	279.68466593197411	502.12160600815258	2.5574254990824035e-05
0	10	10	200	11	1600160768095985755	91	45501	46000	500	500	-1841.8218099720557	55.925737756602949	425250	600000	0	0	260.3364474098139	544.46311130294464	-2.6411749124865667e-05
0	10	10	200	11	1600160768095985755	92	46001	46500	500	500	-1774.073137393	53.902881474203603	424811	600000	0	0	249.48717157783787	494.65049491277449	3.5638193542104713e-05
0	10	10	200	11	1600160768095985755	93	46501	47000	500	500	-1832.8944636721665	55.18381992410081	423331	600000	0	0	259.53451782955369	505.81663294017022	7.4554319276753573e-05
0	10	10	200	11	1600160768095985755	94	47001	47500	500	500	-1896.6224318564409	53.650583018797924	423667	600000	0	0	264.65727987759976	612.44358051688994	8.1575799155564455e-05
0	10	10	200	11	1600160768095985755	95	47501	48000	500	500	-1829.6733246248079	56.004365683059092	424092	600000	0	0	264.78182214051822	558.71246375760563	4.9166615080148696e-05
0	10	10	200	11	1600160768095985755	96	48001	48500	500	500	-1859.3790291504274	54.349334386433128	424324	600000	0	0	267.77988223116364	549.90480401827483	0.036147669207808673
0	10	10	200	11	1600160768095985755	97	48501	49000	500	500	-1905.9694204330904	55.817013440620087	424567	600000	0	0	273.50955801045143	563.94420481520444	-0.00011069166826980024
0	10	10	200	11	1600160768095985755	98	49001	49500	500	500	-1884.8984508648691	54.419052698373015	425962	600000	0	0	282.99670946821675	565.99416992266049	9.4337834927182687e-06
0	10	10	200	11	1600160768095985755	99	49501	50000	500	500	-1825.6834593103504	55.198874123534644	425040	600000	0	0	265.19849816279725	525.27489321562564	-0.00026091766875217912
0	10	10	200	12	2759900832426891822	0	1	500	500	500	-1801.9049709735903	53.571074606848534	426237	600000	0	0	279.96848204088963	492.59981757723915	0.00011910721345728918
0	10	10	200	12	2759900832426891822	1	501	1000	500	500	-1894.2941060806904	55.703552348678045	424838	600000	0	0	262.92555432872098	519.85164062415788	0.00028464376056523076
0	10	10	200	12	2759900832426891822	2	1001	1500	500	500	-1775.0675230603865	55.122213930518768	424680	600000	0	0	230.42714431573302	498.53562817329771	-3.4748194430423001e-05
0	10	10	200	12	2759900832426891822	3	1501	2000	500	500	-1930.9261425947366	56.243520698868437	426695	600000	0	0	267.13807619938507	545.1812502671138	2.7999321156451606e-05
0	10	10	200	12	2759900832426891822	4	2001	2500	500	500	-1798.2955929350883	54.676099408830552	423918	600000	0	0	258.61442751558553	497.02249341417888	7.5911640105167058e-05
0	10	10	200	12	2759900832426891822	5	2501	3000	500	500	-1827.0263251958361	56.059238369857738	425554	600000	0	0	263.35950107980756	535.38585765263883	-0.00037372292950069375
0	10	10	200	12	2759900832426891822	6	3001	3500	500	500	-1958.4745085776881	56.576041052932595	423726	600000	0	0	271.99430853838453	565.97472376636688	-0.00017085303255137544
0	10	10	200	12	2759900832426891822	7	3501	4000	500	500	-1844.8142464859588	56.491043024440287	424551	600000	0	0	252.42568456164807	507.47689260823114	-0.00071435682679218189
0	10	10	200	12	2759900832426891822	8	4001	4500	500	500	-1825.759801291611	54.821551709134582	424100	600000	0	0	255.5407059853386	502.70280641600226	0.00031783487324838942
0	10	10	200	12	2759900832426891822	9	4501	5000	500	500	-1869.2795718721225	55.008560374202013	424586	600000	0	0	260.8742243068815	538.73470789894031	0.0005108401518795192
0	10	10	200	12	2759900832426891822	10	5001	5500	500	500	-1847.5727360208518	53.157344680360488	423136	600000	0	0	265.44086733132798	534.08985313767255	0.00011124096820044667
0	10	10	200	12	2759900832426891822	11	5501	6000	500	500	-1870.7080103300536	55.217180761139375	422421	600000	0	0	248.79913085326351	518.3563652137351	0.00013549705452257227
0	10	10	200	12	2759900832426891822	12	6001	6500	500	500	-1783.6991724213121	52.788812197954925	423411	600000	0	0	285.10337930330826	498.61739577456973	8.5813796943317124e-05
0	10	10	200	12	2759900832426891822	13	6501	7000	500	500	-1811.9730291756871	57.901389805303012	426236	600000	0	0	245.44773167047668	501.54954854605108	0.00047355776127298968
0	10	10	200	12	2759900832426891822	14	7001	7500	500	500	-1839.8471118219188	53.322062826202227	424127	600000	0	0	296.40737405377456	496.88606668152988	7.1983823422974396e-05
0	10	10	200	12	2759900832426891822	15	7501	8000	500	500	-1769.9410797887795	54.695825406212492	423557	600000	0	0	268.40580420257993	476.03105626745543	7.4984345562889785e-05
0	10	10	200	12	2759900832426891822	16	8001	8500	500	500	-1870.8314804128077	55.517956994742491	423199	600000	0	0	259.47275010529756	584.66345537276027	0.00050184153268805517
0	10	10	200	12	2759900832426891822	17	8501	9000	500	500	-1819.1812512518434	55.208168987313059	424037	600000	0	0	271.87555741859478	511.86191465241365	0.00010071237534889023
0	10	10	200	12	2759900832426891822	18	9001	9500	500	500	-1830.7391942236377	56.258227149345366	426600	600000	0	0	244.28096863735882	500.99664976942927	0.0010296415974232935
0	10	10	200	12	2759900832426891822	19	9501	10000	500	500	-1791.5004870884136	55.064232287996354	424868	600000	0	0	258.87186807676756	499.20173122737538	-0.0023422580729324646
0	10	10	200	12	2759900832426891822	20	10001	10500	500	500	-1825.142663796239	54.675565090407993	426930	600000	0	0	274.19355207093281	489.25188554439137	0.0013048489743842247
0	10	10	200	12	2759900832426891822	21	10501	11000	500	500	-1845.0784986020085	54.529998442825892	425575	600000	0	0	274.60253932490713	540.6216338459592	8.8424525516777276e-05
0	10	10	200	12	2759900832426891822	22	11001	11500	500	500	-1838.6442741512531	53.896152870531573	425179	600000	0	0	251.12765347189705	533.53070344313653	0.00016321512269351748
0	10	10	200	12	2759900832426891822	23	11501	12000	500	500	-1810.1557027248693	54.632938707449583	423403	600000	0	0	273.36740557336094	499.40126698309467	0.00010521017672786761
0	10	10	200	12	2759900832426891822	24	12001	12500	500	500	-1863.0216216862914	55.487681718533992	424305	600000	0	0	275.09475532866065	622.94569038911095	0.020886022535672004
0	10	10	200	12	2759900832426891822	25	12501	13000	500	500	-1887.2677532777443	56.678554288742482	425525	600000	0	0	251.84433378766883	559.24594779165398	2.4473917035100005e-05
0	10	10	200	12	2759900832426891822	26	13001	13500	500	500	-1894.6869757710983	56.460577513119446	424528	600000	0	0	268.2494747198503	557.3139636199661	0.00039603211081447759
0	10	10	200	12	2759900832426891822	27	13501	14000	500	500	-1859.5908226875683	53.812399347395598	424658	600000	0	0	283.77044303785379	525.9294192007111	4.7479304498490201e-05
0	10	10	200	12	2759900832426891822	28	14001	14500	500	500	-1805.2033889050138	55.287980998170461	424930	600000	0	0	266.27707408712689	519.06722346678964	0.00090839407981033367
0	10	10	200	12	2759900832426891822	29	14501	15000	500	500	-1915.8384277429741	54.392789059086837	424301	600000	0	0	269.4610696004014	533.84254615428802	3.7223657259328606e-05
0	10	10	200	12	2759900832426891822	30	15001	15500	500	500	-1833.4426533350038	54.405987954401468	425360	600000	0	0	276.09955152631051	493.56661998199559	-0.0021700147048761696
0	10	10	200	12	2759900832426891822	31	15501	16000	500	500	-1844.5518955154357	56.725018771071333	424701	600000	0	0	260.98727481435839	486.2880348980247	1.3512457623110378e-05
0	10	10	200	12	2759900832426891822	32	16001	16500	500	500	-1875.9743053467582	57.270459863241669	425683	600000	0	0	255.49691651331582	520.27916674982691	3.9762817050555497e-06
0	10	10	200	12	2759900832426891822	33	16501	17000	500	500	-1834.5912398316129	55.072297194019313	424359	600000	0	0	271.97810035964648	556.51868769724604	1.7051563008212974e-05
0	10	10	200	12	2759900832426891822	34	17001	17500	500	500	-1795.7516032082951	55.300586901164209	423693	600000	0	0	274.51541121513668	523.94069303567767	6.4300159076350255e-05
0	10	10	200	12	2759900832426891822	35	17501	18000	500	500	-1810.6298419572042	55.772463715066287	426460	600000	0	0	263.62204901774345	524.49639208349913	0.00034288272876331269
0	10	10	200	12	2759900832426891822	36	18001	18500	500	500	-1831.0765763009256	55.920966290747714	423743	600000	0	0	257.88336019422792	519.8182914975215	2.7132411349228135e-05
0	10	10	200	12	2759900832426891822	37	18501	19000	500	500	-1807.8709048831006	56.00712644778762	425005	600000	0	0	255.25898523048173	486.85059982381364	-0.00037247681384557546
0	10	10	200	12	2759900832426891822	38	19001	19500	500	500	-1915.4679290778577	54.682896503222665	423877	600000	0	0	250.82489546388967	548.5663162817491	0.00010118209638943752
0	10	10	200	12	2759900832426891822	39	19501	20000	500	500	-1885.3732050513322	54.978345503036479	423623	600000	0	0	276.21675142272301	549.93692669517145	0.00039019537980995359
0	10	10	200	12	2759900832426891822	40	20001	20500	500	500	-1850.3805691455741	55.682440158170415	425888	600000	0	0	243.31510302076998	518.5349183349739	6.8961964031879735e-05
0	10	10	200	12	2759900832426891822	41	20501	21000	500	500	-1864.5362365146229	55.598081364030762	424762	600000	0	0	262.43257079360086	510.71029142421088	0.00011087889559434983
0	10	10	200	12	2759900832426891822	42	21001	21500	500	500	-1861.5192752463511	55.549501366378614	424982	600000	0	0	268.02918943907571	570.97290065837365	0.00010783471543319526
0	10	10	200	12	2759900832426891822	43	21501	22000	500	500	-1812.3772914025785	53.701888857316824	423006	600000	0	0	271.17790480486764	499.02123581508476	9.5645501339442843e-06
0	10	10	200	12	2759900832426891822	44	22001	22500	500	500	-1909.2718087593137	57.693662874265783	425807	600000	0	0	263.38403172424808	523.05713733344896	0.0005287980396824364
0	10	10	200	12	2759900832426891822	45	22501	23000	500	500	-1825.5043338410583	55.3599046241821	424780	600000	0	0	255.77154594682932	513.17319715887652	0.00019069926821698715
0	10	10	200	12	2759900832426891822	46	23001	23500	500	500	-1823.5534454659207	56.305379992403743	423848	600000	0	0	258.45709006443661	514.89392431021747	0.00010677668752457398
0	10	10	200	12	2759900832426891822	47	23501	24000	500	500	-1913.1669745534755	56.431519675725454	426178	600000	0	0	250.342981869385	661.87467180915201	6.9616442210167266e-05
0	10	10	200	12	2759900832426891822	48	24001	24500	500	500	-1862.2636112762641	55.117537680483004	424630	600000	0	0	272.44182642242345	534.29026496168194	0.00014093228291789739
0	10	10	200	12	2759900832426891822	49	24501	25000	500	500	-1777.2687809033073	52.936547087956818	424574	600000	0	0	259.32367308058838	480.01549166630377	7.8867894070632283e-05
0	10	10	200	12	2759900832426891822	50	25001	25500	500	500	-1842.224611788185	54.993253391807343	424597	600000	0	0	273.01182879974601	550.05768471498084	7.5573875548379216e-05
0	10	10	200	12	2759900832426891822	51	25501	26000	500	500	-1877.8683904673746	55.90836602904951	426687	600000	0	0	263.12166626971009	540.14413225724104	1.0788609255467837e-05
0	10	10	200	12	2759900832426891822	52	26001	26500	500	500	-1873.7519425828507	55.195617293403458	424154	600000	0	0	275.69723667602511	506.07317644090233	7.0559936548963436e-05
0	10	10	200	12	2759900832426891822	53	26501	27000	500	500	-1868.6793771335867	56.353137953247689	423977	600000	0	0	262.01743536270203	534.21536977542621	0.00026099519040528299
0	10	10	200	12	2759900832426891822	54	27001	27500	500	500	-1814.5804822203229	52.559640781447484	423885	600000	0	0	278.19676711854981	492.56760524474424	0.00020293150489198011
0	10	10	200	12	2759900832426891822	55	27501	28000	500	500	-1848.062673389069	54.252029100205	425136	600000	0	0	258.14970687078056	530.88889058876453	0.00059929702918438499
0	10	10	200	12	2759900832426891822	56	28001	28500	500	500	-1875.3588349976947	54.663671798951235	423727	600000	0	0	266.09971023356565	515.7629492071319	-0.0012910130102466088
0	10	10	200	12	2759900832426891822	57	28501	29000	500	500	-1854.8421953831701	54.211951011745604	424264	600000	0	0	280.79437694441106	509.42389866469176	-8.3187890623871678e-05
0	10	10	200	12	2759900832426891822	58	29001	29500	500	500	-1826.7053478633127	54.842719613995158	424900	600000	0	0	268.35019696677688	559.61072878453638	0.00031109408693567582
0	10	10	200	12	2759900832426891822	59	29501	30000	500	500	-1773.5261863866237	54.472920724655104	424884	600000	0	0	271.96689825774479	486.56542492288344	9.4585636163695781e-05
0	10	10	200	12	2759900832426891822	60	30001	30500	500	500	-1811.4170094072749	56.424407477792577	423994	600000	0	0	239.17386770320726	519.46494068596826	4.1639559452027628
0	10	10	200	12	2759900832426891822	61	30501	31000	500	500	-1876.9914895379782	55.454049836776136	424953	600000	0	0	287.48300635769965	517.49138410023261	1.6823082545086795e-05
0	10	10	200	12	2759900832426891822	62	31001	31500	500	500	-1798.1703631949072	53.538962968747903	423017	600000	0	0	237.12245871364755	509.41292742404158	0.00099711704651516309
0	10	10	200	12	2759900832426891822	63	31501	32000	500	500	-1788.9464870611471	55.789242032467399	424193	600000	0	0	265.69493787271784	498.70706004251548	-0.00021995582160165382
0	10	10	200	12	2759900832426891822	64	32001	32500	500	500	-1854.5915858629683	55.489226445725834	425575	600000	0	0	269.13191418414988	510.75938730256792	3.528822635423587e-05
0	10	10	200	12	2759900832426891822	65	32501	33000	500	500	-1874.0023725518643	55.532117783875513	425822	600000	0	0	260.69937693696215	533.81325107091243	0.00068669726739222674
0	10	10	200	12	2759900832426891822	66	33001	33500	500	500	-1809.0623028769407	56.138559368738278	425371	600000	0	0	270.85573502279118	482.58567377849118	0.00030551467970705123
0	10	10	200	12	2759900832426891822	67	33501	34000	500	500	-1831.018348642916	55.714803551596752	424916	600000	0	0	272.70340919483908	574.85913444716198	-0.00051226281603546715
0	10	10	200	12	2759900832426891822	68	34001	34500	500	500	-1803.1083456990211	53.057265686144873	424678	600000	0	0	279.40963511536705	517.53094884073482	4.8803645368851032e-05
0	10	10	200	12	2759900832426891822	69	34501	35000	500	500	-1880.679275572139	55.961285438696336	425087	600000	0	0	248.67370211236192	531.83427135147053	1.5833912972824486e-05
0	10	10	200	12	2759900832426891822	70	35001	35500	500	500	-1824.5591657454308	54.931021006434868	424401	600000	0	0	268.23844900203255	510.3096997765216	0.00060596856141187263
0	10	10	200	12	2759900832426891822	71	35501	36000	500	500	-1820.5982379058078	53.105406197812499	424687	600000	0	0	253.90913498973129	536.29605666596922	-0.0012213980242488803
0	10	10	200	12	2759900832426891822	72	36001	36500	500	500	-1841.6642267990514	57.452688024089937	425203	600000	0	0	245.83199258907663	537.34085818198309	0.00096534714530960135
0	10	10	200	12	2759900832426891822	73	36501	37000	500	500	-1806.4108270352904	56.062147484749481	424261	600000	0	0	275.54151749480553	478.38275537273393	2.3190120270087214e-05
0	10	10	200	12	2759900832426891822	74	37001	37500	500	500	-1891.2167765187019	55.880982028484091	425880	600000	0	0	256.69867558737405	602.71835912610675	0.00035451617235166092
0	10	10	200	12	2759900832426891822	75	37501	38000	500	500	-1904.0851759634299	55.574048613667955	425838	600000	0	0	280.4288917487126	533.17577088487485	0.0007780248703477974
0	10	10	200	12	2759900832426891822	76	38001	38500	500	500	-1892.3256466881348	55.662002366692171	425846	600000	0	0	266.56486119895715	571.30280351632598	-3.5679607238673944e-05
0	10	10	200	12	2759900832426891822	77	38501	39000	500	500	-1931.7899030319804	55.797360513065769	425924	600000	0	0	265.5106773213642	587.46404079812828	0.00063658023357424662
0	10	10	200	12	2759900832426891822	78	39001	39500	500	500	-1821.3795332336417	53.864669402444413	423386	600000	0	0	255.27419047060332	573.06628823898598	0.00031638411594182381
0	10	10	200	12	2759900832426891822	79	39501	40000	500	500	-1899.0147348852681	56.996622678335896	425859	600000	0	0	272.9576739108025	522.88055430987811	0.00057648156450923796
0	10	10	200	12	2759900832426891822	80	40001	40500	500	500	-1825.8719659651194	54.155911066186171	424901	600000	0	0	258.90433405543524	494.59741537438441	-7.8900495959599893e-05
0	10	10	200	12	2759900832426891822	81	40501	41000	500	500	-1814.2324505749264	53.593630820045114	423922	600000	0	0	262.50249906400052	518.54244078473607	3.6230144650938753e-05
0	10	10	200	12	2759900832426891822	82	41001	41500	500	500	-1805.3095735070797	56.117315561761352	424839	600000	0	0	251.56526922153878	490.89433473940255	9.0545330126240886e-05
0	10	10	200	12	2759900832426891822	83	41501	42000	500	500	-1837.9555244298078	53.910551659840287	424218	600000	0	0	278.44907123097391	477.14715519075463	-0.00012392975277183055
0	10	10	200	12	2759900832426891822	84	42001	42500	500	500	-1866.6608795176398	55.092590589442274	425048	600000	0	0	263.01176241280001	520.59157937324539	2.7277937533131298e-05
0	10	10	200	12	2759900832426891822	85	42501	43000	500	500	-1868.7273336476794	56.68420037097647	424389	600000	0	0	250.31991985648659	568.10928509643634	-0.0025652290517284974
0	10	10	200	12	2759900832426891822	86	43001	43500	500	500	-1797.509192493575	54.520481198112464	424243	600000	0	0	272.10275160553391	499.38901071984117	-4.8990530741145379e-05
0	10	10	200	12	2759900832426891822	87	43501	44000	500	500	-1841.6761281006432	56.124929101563545	423664	600000	0	0	271.81715041882705	513.74159703168129	0.00015967333025013067
0	10	10	200	12	2759900832426891822	88	44001	44500	500	500	-1841.0692410281017	54.83270543161278	423441	600000	0	0	252.8419539151169	507.30561609111572	5.2381563294578298e-05
0	10	10	200	12	2759900832426891822	89	44501	45000	500	500	-1831.5908843838899	55.705864035195582	423895	600000	0	0	251.05196677420884	521.00287833339496	0.00027361267922991012
0	10	10	200	12	2759900832426891822	90	45001	45500	500	500	-1817.5399560823075	55.355336483480897	426260	600000	0	0	281.87959161135836	574.16608444773397	0.00027847222938977441
0	10	10	200	12	2759900832426891822	91	45501	46000	500	500	-1795.4103997460818	54.206280832556828	424504	600000	0	0	275.47967747162653	492.90237895420375	0.00018345694117389538
0	10	10	200	12	2759900832426891822	92	46001	46500	500	500	-1931.938104325711	57.545960184557352	424509	600000	0	0	270.96115033454441	590.10030343356755	2.7561065294001728e-05
0	10	10	200	12	2759900832426891822	93	46501	47000	500	500	-1881.776947822148	57.269686611846197	425646	600000	0	0	265.66528618868483	567.74253745980752	-0.00017751352689283694
0	10	10	200	12	2759900832426891822	94	47001	47500	500	500	-1768.9859080369206	52.485578711235767	420899	600000	0	0	256.29537499339079	518.61610031486975	10.92387003729972
0	10	10	200	12	2759900832426891822	95	47501	48000	500	500	-1918.1813182298495	58.018381625290843	425802	600000	0	0	260.44461383944906	547.9669851987145	0.00029718570687762197
0	10	10	200	12	2759900832426891822	96	48001	48500	500	500	-1818.1757894115426	57.065400308784227	425448	600000	0	0	249.37268593965609	554.63730645109013	0.00055018338965718736
0	10	10	200	12	2759900832426891822	97	48501	49000	500	500	-1837.362879894363	58.138957650421752	425677	600000	0	0	273.2966355737467	517.29786001073933	-0.00017299651303733166
0	10	10	200	12	2759900832426891822	98	49001	49500	500	500	-1824.3995326730758	56.10785653780755	426496	600000	0	0	272.34047630782686	507.19206235422274	4.4107589119072816e-05
0	10	10	200	12	2759900832426891822	99	49501	50000	500	500	-1920.4318968791583	55.011140402940534	424883	600000	0	0	280.08089611934531	548.4762082200557	7.1639317497811092e-05
0	10	10	200	13	2901705754423383255	0	1	500	500	500	-1775.3979944696443	55.230414775989956	425776	600000	0	0	253.73557178600961	509.00947324573087	0.00029746401108916837
0	10	10	200	13	2901705754423383255	1	501	1000	500	500	-1806.0469512038646	54.493432917318053	425625	600000	0	0	265.70598869235988	506.16233878686774	0.00044583011481669617
0	10	10	200	13	2901705754423383255	2	1001	1500	500	500	-1905.8750473690291	56.535096140906631	424132	600000	0	0	275.02682450007308	582.9010513863584	0.00031375107568827837
0	10	10	200	13	2901705754423383255	3	1501	2000	500	500	-1871.1357285492693	54.755064595698371	424978	600000	0	0	265.85006325812049	575.64748117771842	-0.00017908907376416414
0	10	10	200	13	2901705754423383255	4	2001	2500	500	500	-1885.2744352293034	56.761738388498479	423423	600000	0	0	257.20217012431431	535.19238199490974	0.00013316999462770898
0	10	10	200	13	2901705754423383255	5	2501	3000	500	500	-1826.3380642297102	56.38394988591638	425566	600000	0	0	250.24279272012575	510.121267689337	-8.4860658921661711e-05
0	10	10	200	13	2901705754423383255	6	3001	3500	500	500	-1799.4584781465326	54.321003920713501	425614	600000	0	0	279.38865827115842	489.85582386660559	6.4107653865605325e-05
0	10	10	200	13	2901705754423383255	7	3501	4000	500	500	-1791.8651628191963	54.949171544669873	424077	600000	0	0	271.48952524374994	497.56869168521723	2.1073132523555118e-05
0	10	10	200	13	2901705754423383255	8	4001	4500	500	500	-1830.4573362878521	56.021354395358557	423709	600000	0	0	278.9636676558157	487.52132329729233	0.0001744898441400562
0	10	10	200	13	2901705754423383255	9	4501	5000	500	500	-1850.8751156975068	54.923949644982308	424728	600000	0	0	261.27143080149779	523.42138491661751	4.0229880475219776e-05
0	10	10	200	13	2901705754423383255	10	5001	5500	500	500	-1810.3944924261255	55.231324451999924	424484	600000	0	0	274.12115945025846	505.41285632432573	7.1180540957989049e-05
0	10	10	200	13	2901705754423383255	11	5501	6000	500	500	-1875.9363241927822	56.082917747418527	424617	600000	0	0	256.51540350375802	544.41351791505338	5.4677568138206096e-05
0	10	10	200	13	2901705754423383255	12	6001	6500	500	500	-1863.5054501190182	55.136363953301078	424052	600000	0	0	239.06023790422489	544.54405972062466	0.00011786496872755299
0	10	10	200	13	2901705754423383255	13	6501	7000	500	500	-1826.4336340365651	54.015578338680506	425994	600000	0	0	264.92561999292406	541.31431947712736	-0.0027468638245543259
0	10	10	200	13	2901705754423383255	14	7001	7500	500	500	-1814.0209826510322	54.517934275909973	425809	600000	0	0	292.65367738612468	492.20931660164263	0.00038163607166320421
0	10	10	200	13	2901705754423383255	15	7501	8000	500	500	-1801.4419526218412	55.043487890718296	425120	600000	0	0	243.7051863772289	514.1838954344455	0.00018409341678219285
0	10	10	200	13	2901705754423383255	16	8001	8500	500	500	-1802.7001417109855	53.765594911000463	424234	600000	0	0	264.45205707786641	494.08635666019592	-4.6067577359067169e-05
0	10	10	200	13	2901705754423383255	17	8501	9000	500	500	-1801.72442678839	52.974781187193905	424731	600000	0	0	285.05074842220057	498.65129846087808	-0.00016538508360561962
0	10	10	200	13	2901705754423383255	18	9001	9500	500	500	-1861.1724146400084	55.429772524421928	425323	600000	0	0	266.870493531725	513.72947892195873	0.0017494577941037431
0	10	10	200	13	2901705754423383255	19	9501	10000	500	500	-1840.082195938623	57.983705847131198	426408	600000	0	0	251.77963739185444	515.13456145014561	0.0001360964406420407
0	10	10	200	13	2901705754423383255	20	10001	10500	500	500	-1876.1478508819796	55.506301373363755	424839	600000	0	0	254.84903717737882	592.95939988167072	0.00016272570661241215
0	10	10	200	13	2901705754423383255	21	10501	11000	500	500	-1817.493394366516	54.793305721355416	424104	600000	0	0	265.02132262843952	510.44193361402057	0.00018534937702717125
0	10	10	200	13	2901705754423383255	22	11001	11500	500	500	-1885.0997520848723	55.97274300546902	425750	600000	0	0	261.59543459405955	547.76097171990125	-5.5719792921638511e-05
0	10	10	200	13	2901705754423383255	23	11501	12000	500	500	-1896.8190425407022	54.590145130217358	423525	600000	0	0	274.39814128117609	578.43027125147739	0.000552576446124183
0	10	10	200	13	2901705754423383255	24	12001	12500	500	500	-1957.4285831355182	55.281330642596025	425753	600000	0	0	254.33275984864051	605.67613074917926	0.00010285759640074146
0	10	10	200	13	2901705754423383255	25	12501	13000	500	500	-1885.2660693315017	57.005030183640912	426510	600000	0	0	267.08762649765924	600.29157027467443	1.9322522941635442e-05
0	10	10	200	13	2901705754423383255	26	13001	13500	500	500	-1753.9436839062471	54.019582364129604	424293	600000	0	0	263.39195509624881	482.41963839122673	-1.3986879256154548e-05
0	10	10	200	13	2901705754423383255	27	13501	14000	500	500	-1794.1021047204347	54.433039229524191	424810	600000	0	0	273.9067210492222	485.6527470436377	1.33647227001122e-05
0	10	10	200	13	2901705754423383255	28	14001	14500	500	500	-1858.2681630877412	55.445748828060765	423251	600000	0	0	270.73650704450989	620.22524355148505	0.00015688294320314019
0	10	10	200	13	2901705754423383255	29	14501	15000	500	500	-1786.338276092933	53.468355085152929	423822	600000	0	0	279.03435283331805	486.25627941609758	-0.00076039164611846647
0	10	10	200	13	2901705754423383255	30	15001	15500	500	500	-1786.9772287675228	57.015433881761631	425367	600000	0	0	254.83034865953152	479.45752314012395	0.00016118552286626992
0	10	10	200	13	2901705754423383255	31	15501	16000	500	500	-1830.6439133952899	55.752546831075982	423625	600000	0	0	268.74640355129418	503.52468646404856	-0.00018637267911845654
0	10	10	200	13	2901705754423383255	32	16001	16500	500	500	-1742.4950952125835	54.064333192509842	425241	600000	0	0	279.20515601083525	489.94033772962865	9.1016092978108459e-05
0	10	10	200	13	2901705754423383255	33	16501	17000	500	500	-1882.2871340439515	56.495135059660058	425948	600000	0	0	267.22717068654885	549.416210857951	1.8439814852166944e-05
0	10	10	200	13	2901705754423383255	34	17001	17500	500	500	-1827.331868588273	54.194555119660706	425228	600000	0	0	260.85546892370814	514.7499014358599	9.7907198124855751e-05
0	10	10	200	13	2901705754423383255	35	17501	18000	500	500	-1796.8063163409804	54.360686404308744	424567	600000	0	0	272.35046696086567	507.95267604951869	0.00024390806431960185
0	10	10	200	13	2901705754423383255	36	18001	18500	500	500	-1783.2273884963613	53.511043233996986	424672	600000	0	0	270.78689916486388	518.92559277951091	9.4275446758734351e-05
0	10	10	200	13	2901705754423383255	37	18501	19000	500	500	-1853.5838699637216	54.567207776255493	426044	600000	0	0	275.72642156378498	520.22958841694958	0.00020431346569418918
0	10	10	200	13	2901705754423383255	38	19001	19500	500	500	-1866.8816014359895	56.331845834142968	423250	600000	0	0	261.60850842086558	522.49261243472131	0.00015363462936962029
0	10	10	200	13	2901705754423383255	39	19501	20000	500	500	-1870.8324859475667	54.65078076373117	425418	600000	0	0	258.17881866338962	552.99508538473196	6.1074158069859331e-05
0	10	10	200	13	2901705754423383255	40	20001	20500	500	500	-1815.6124938794667	56.146745060867268	425488	600000	0	0	246.46191098553462	533.75846117889114	-5.5534172435616168e-06
0	10	10	200	13	2901705754423383255	41	20501	21000	500	500	-1822.6100069651757	57.116839875204207	424880	600000	0	0	252.73148277020508	511.93944273995726	0.00022409090177104209
0	10	10	200	13	2901705754423383255	42	21001	21500	500	500	-1817.3724229089532	54.644608886011902	423435	600000	0	0	279.0619273979932	497.08596957245163	0.00015191449749362554
0	10	10	200	13	2901705754423383255	43	21501	22000	500	500	-1845.4975904152557	54.610701446661267	424388	600000	0	0	261.33236278827565	519.50287542718831	3.8166895150116419e-05
0	10	10	200	13	2901705754423383255	44	22001	22500	500	500	-1891.2608226499274	54.281912663480142	424597	600000	0	0	247.53610860765508	565.49825567473965	-5.8965985724163103e-05
0	10	10	200	13	2901705754423383255	45	22501	23000	500	500	-1896.8166229537326	55.35455074696911	423875	600000	0	0	277.01439125010046	545.94287285701182	1.1955731007781933e-05
0	10	10	200	13	2901705754423383255	46	23001	23500	500	500	-1808.1291605675165	54.487260279123298	424500	600000	0	0	270.56001201407787	477.65924411973771	6.2976371000518977e-05
0	10	10	200	13	2901705754423383255	47	23501	24000	500	500	-1828.0189865408852	54.041948254770297	425590	600000	0	0	277.34472368890164	500.17804783336879	1.7716473298095192
0	10	10	200	13	2901705754423383255	48	24001	24500	500	500	-1831.996220595232	53.645110732634564	424506	600000	0	0	280.07224796329842	526.13717171142173	-0.00059183197390744917
0	10	10	200	13	2901705754423383255	49	24501	25000	500	500	-1907.031378016804	57.334266542125164	424569	600000	0	0	241.91085277829688	575.95515039213979	0.00010160245971983319
0	10	10	200	13	2901705754423383255	50	25001	25500	500	500	-1902.034056941261	55.487281815012395	423504	600000	0	0	257.79937220379895	560.81243243811207	2.2895611342374476e-05
0	10	10	200	13	2901705754423383255	51	25501	26000	500	500	-1853.8541740299622	55.718975615276278	424775	600000	0	0	270.17788658684304	515.07791194499475	1.1991857765346564e-05
0	10	10	200	13	2901705754423383255	52	26001	26500	500	500	-1822.4494569908629	55.231476073676298	424764	600000	0	0	243.32287879286307	500.90627844503081	0.000212717121366543
0	10	10	200	13	2901705754423383255	53	26501	27000	500	500	-1851.1780007485788	54.702292114842088	423543	600000	0	0	284.88415079341263	501.88677632209823	8.8957097754123639e-05
0	10	10	200	13	2901705754423383255	54	27001	27500	500	500	-1810.3969839852089	54.232335440946855	424057	600000	0	0	288.0020402691905	487.20019412190288	0.00083565208909409158
0	10	10	200	13	2901705754423383255	55	27501	28000	500	500	-1751.5680920751902	53.305867373478996	424542	600000	0	0	272.16803305326914	508.20228377682491	7.0584074328527762e-05
0	10	10	200	13	2901705754423383255	56	28001	28500	500	500	-1829.9020460135332	53.230489707539171	424427	600000	0	0	272.77273376200276	553.26242654137263	4.390300144504452e-05
0	10	10	200	13	2901705754423383255	57	28501	29000	500	500	-1941.8072797432758	56.678253420574201	424386	600000	0	0	269.3305533562621	615.56249459964488	0.00092683089584815349
0	10	10	200	13	2901705754423383255	58	29001	29500	500	500	-1808.4044816591866	56.120052245404445	424537	600000	0	0	259.39800541232631	520.87385288523978	0.000108051554095507
0	10	10	200	13	2901705754423383255	59	29501	30000	500	500	-1793.8209662203658	54.169055096896457	424869	600000	0	0	268.31936084671122	482.8021850181662	0.00023777367798177536
0	10	10	200	13	2901705754423383255	60	30001	30500	500	500	-1892.8756935662716	55.745659901186492	425337	600000	0	0	265.9391750059271	556.37450182806299	-8.8568905970081991e-05
0	10	10	200	13	2901705754423383255	61	30501	31000	500	500	-1906.254102409893	54.034655258940809	423552	600000	0	0	276.81387056987296	539.34530351947137	0.00013965557814324848
0	10	10	200	13	2901705754423383255	62	31001	31500	500	500	-1802.872384358797	56.854153815847191	425222	600000	0	0	249.02865795937464	560.81852210416457	9.9655926978693492e-05
0	10	10	200	13	2901705754423383255	63	31501	32000	500	500	-1905.3131477608185	57.283659064977037	425399	600000	0	0	248.79153022259763	556.07071042095413	0.0001846146047181265
0	10	10	200	13	2901705754423383255	64	32001	32500	500	500	-1830.7860775058691	56.789835180503616	427640	600000	0	0	269.20891961039092	508.19405036454316	-9.3410040127868451e-05
0	10	10	200	13	2901705754423383255	65	32501	33000	500	500	-1879.4536303002762	54.529280989383516	425716	600000	0	0	258.99935261531709	541.8268482768782	4.937405334799979e-05
0	10	10	200	13	2901705754423383255	66	33001	33500	500	500	-1809.2678286380542	54.159334305678435	425802	600000	0	0	272.33181002206362	508.93417965755964	3.3472136880950701e-05
0	10	10	200	13	2901705754423383255	67	33501	34000	500	500	-1810.4730628971545	54.931246542395648	425382	600000	0	0	256.78699664254839	550.90524828224795	1.7449008837487038e-06
0	10	10	200	13	2901705754423383255	68	34001	34500	500	500	-1857.0840743458407	55.295023718369954	423644	600000	0	0	262.7178093684459	546.43548498374935	0.00873066222832246
0	10	10	200	13	2901705754423383255	69	34501	35000	500	500	-1869.2884944484267	57.024571365058108	425981	600000	0	0	255.90405752185202	582.75272156890355	0.00034949080357849508
0	10	10	200	13	2901705754423383255	70	35001	35500	500	500	-1859.7644582864862	54.916321776370097	424857	600000	0	0	257.46839925332	521.02623702829806	6.9104755938918336e-05
0	10	10	200	13	2901705754423383255	71	35501	36000	500	500	-1799.9889362834606	55.330933502084306	423724	600000	0	0	278.52348646914692	495.4588441415296	-2.0583661908779966e-05
0	10	10	200	13	2901705754423383255	72	36001	36500	500	500	-1911.617593430318	56.991241627148675	425575	600000	0	0	272.24291785458081	557.15913069268856	-1.086109609972861e-05
0	10	10	200	13	2901705754423383255	73	36501	37000	500	500	-1883.9730577902769	54.02456270251524	425387	600000	0	0	288.42154717234462	600.39919094062839	0.00067951462676981518
0	10	10	200	13	2901705754423383255	74	37001	37500	500	500	-1887.6135352211472	55.803328990730769	424001	600000	0	0	281.24789958685227	505.1295678287043	0.00011025571684254255
0	10	10	200	13	2901705754423383255	75	37501	38000	500	500	-1848.4250138788643	54.141520563168498	423384	600000	0	0	270.11231434409581	497.55003537242874	-0.0002922469172970883
0	10	10	200	13	2901705754423383255	76	38001	38500	500	500	-1861.4454095840481	54.522198713653097	423483	600000	0	0	265.66988352429649	537.33086338467103	0.00019212329873559764
0	10	10	200	13	2901705754423383255	77	38501	39000	500	500	-1818.1088919847853	55.80533457882607	424661	600000	0	0	249.45963682802466	512.71681680458244	0.00024744537142937001
0	10	10	200	13	2901705754423383255	78	39001	39500	500	500	-1807.1613104319511	54.677639661922484	425464	600000	0	0	272.20498689878917	498.25036918315419	0.00010829931573698792
0	10	10	200	13	2901705754423383255	79	39501	40000	500	500	-1922.9208879458351	55.62012518444218	425202	600000	0	0	252.53485668867131	642.33367037052835	0.0010783815976973634
0	10	10	200	13	2901705754423383255	80	40001	40500	500	500	-1874.0891005945327	55.519806102081212	425510	600000	0	0	245.61346421118031	586.01584125324382	0.00011441157983044585
0	10	10	200	13	2901705754423383255	81	40501	41000	500	500	-1867.2811015678278	55.516564846472598	424313	600000	0	0	269.22253730890958	528.6403849217304	0.00063689480792448181
0	10	10	200	13	2901705754423383255	82	41001	41500	500	500	-1847.2156681185388	54.854116623309032	425249	600000	0	0	274.24566847267118	540.28332666107974	7.4918833906980107e-05
0	10	10	200	13	2901705754423383255	83	41501	42000	500	500	-1802.039331355068	56.579430665900276	425278	600000	0	0	254.34723639732752	527.69935546181819	5.054751539224949e-05
0	10	10	200	13	2901705754423383255	84	42001	42500	500	500	-1859.1447111329794	57.518818019274072	425227	600000	0	0	267.24266016513502	546.1752058736472	0.00034863130560366132
0	10	10	200	13	2901705754423383255	85	42501	43000	500	500	-1852.5600563763685	56.088126339591398	425708	600000	0	0	264.17743964276684	538.15259141519039	2.4894525277011482e-05
0	10	10	200	13	2901705754423383255	86	43001	43500	500	500	-1862.9603126001346	54.833798019598305	424954	600000	0	0	261.7248058852324	549.01916859098367	2.5868844141238837e-05
0	10	10	200	13	2901705754423383255	87	43501	44000	500	500	-1889.2789800686432	55.375876289867342	424770	600000	0	0	245.12653277089137	565.91982182150139	-0.00019957234726088863
0	10	10	200	13	2901705754423383255	88	44001	44500	500	500	-1884.3399004481055	54.579231288305678	425633	600000	0	0	275.70027791773526	504.07596651900258	0.0022988234884243532
0	10	10	200	13	2901705754423383255	89	44501	45000	500	500	-1828.102447184252	54.85019364548014	424805	600000	0	0	266.52937259405269	514.9865632009205	0.00011158237379558386
0	10	10	200	13	2901705754423383255	90	45001	45500	500	500	-1877.722497756675	54.998675191131561	424487	600000	0	0	263.15413037104702	526.31053095103039	0.00099891956135581884
0	10	10	200	13	2901705754423383255	91	45501	46000	500	500	-1770.2922168126242	55.501429797509623	426102	600000	0	0	262.62068512680975	521.33783431334132	0.0030917944822921282
0	10	10	200	13	2901705754423383255	92	46001	46500	500	500	-1856.1278243492468	56.16397686623646	423829	600000	0	0	260.06487586584484	533.89385094861666	0.00041916356383286756
0	10	10	200	13	2901705754423383255	93	46501	47000	500	500	-1844.9150139643082	54.556629496570693	423950	600000	0	0	276.0142248356841	516.99588993233795	-0.00092904468339142403
0	10	10	200	13	2901705754423383255	94	47001	47500	500	500	-1889.8379005527875	53.708030786209449	425101	600000	0	0	269.37240715582078	515.56743061256486	-0.00016937888059921291
0	10	10	200	13	2901705754423383255	95	47501	48000	500	500	-1925.9398793337707	55.688802928881707	424070	600000	0	0	251.6597782724979	584.12020394534716	-0.00014133502253284308
0	10	10	200	13	2901705754423383255	96	48001	48500	500	500	-1922.4076624969568	55.833748472765663	423752	600000	0	0	265.37569228772765	539.87362622769876	0.00033908383151569138
0	10	10	200	13	2901705754423383255	97	48501	49000	500	500	-1833.6937463013237	55.472732514952035	424905	600000	0	0	252.20619367067607	515.23661996677617	1.8966798966911037e-05
0	10	10	200	13	2901705754423383255	98	49001	49500	500	500	-1821.4292612392455	54.401282263460509	423467	600000	0	0	267.31930064275986	562.64182947235713	6.6804763105092028e-06
0	10	10	200	13	2901705754423383255	99	49501	50000	500	500	-1834.1242927693365	55.004748038982001	424720	600000	0	0	252.39251351713949	524.50691541393189	5.7944558474478041e-05
0	10	10	200	14	6246035555152341353	0	1	500	500	500	-1815.8317629491098	56.23740097712367	424730	600000	0	0	248.66190320612651	490.30409162409643	0.0003878121904314509
0	10	10	200	14	6246035555152341353	1	501	1000	500	500	-1847.6955254260838	56.190918707108302	424501	600000	0	0	274.77163365521142	532.20243524650357	-0.00026969989855677579
0	10	10	200	14	6246035555152341353	2	1001	1500	500	500	-1937.1600752852294	57.859801656924141	426448	600000	0	0	260.03323549784176	706.71427959410471	-2.5697418102368084e-06
0	10	10	200	14	6246035555152341353	3	1501	2000	500	500	-1823.9740839489643	56.531221967713897	424756	600000	0	0	266.76955901397588	505.39085795411285	0.000390705105979057
0	10	10	200	14	6246035555152341353	4	2001	2500	500	500	-1863.080253314416	55.382677120899963	422654	600000	0	0	261.92645082270303	506.27079530773244	1.6216231270238524e-05
0	10	10	200	14	6246035555152341353	5	2501	3000	500	500	-1820.8773740245117	54.094879677650169	424004	600000	0	0	279.84971278420807	517.83744623726318	8.7387416528616701e-05
0	10	10	200	14	6246035555152341353	6	3001	3500	500	500	-1830.7373609434378	55.766508851243088	424696	600000	0	0	256.17136449148387	555.28136947576024	0.0002832289247236425
0	10	10	200	14	6246035555152341353	7	3501	4000	500	500	-1883.6377438524364	56.642804184823042	424058	600000	0	0	247.89550195176164	538.07838540834189	0.0001394310656278909
0	10	10	200	14	6246035555152341353	8	4001	4500	500	500	-1796.7234873137345	54.199244912466611	423318	600000	0	0	269.03037310615395	522.83738701524726	-3.2425735561926447e-05
0	10	10	200	14	6246035555152341353	9	4501	5000	500	500	-1791.984089656429	53.455970713947508	424074	600000	0	0	257.49729060816196	486.24618800722328	2.7390559906859138e-05
0	10	10	200	14	6246035555152341353	10	5001	5500	500	500	-1909.021861274015	56.628507486663587	424916	600000	0	0	251.4507656972057	517.6611059290251	-0.0004812249867022796
0	10	10	200	14	6246035555152341353	11	5501	6000	500	500	-1784.6116740283924	54.859841434476685	424828	600000	0	0	264.43487269100092	487.71060954678944	0.00012360110901198332
0	10	10	200	14	6246035555152341353	12	6001	6500	500	500	-1837.3433003353839	55.207044821852953	424039	600000	0	0	258.50091731288791	501.47238571693373	5.1653326742914472e-05
0	10	10	200	14	6246035555152341353	13	6501	7000	500	500	-1877.5887412427462	56.403321613498846	425153	600000	0	0	257.80414909159418	521.30700257811907	0.00014795831804284844
0	10	10	200	14	6246035555152341353	14	7001	7500	500	500	-1799.9941036886248	55.62190849837657	426563	600000	0	0	259.50169585541414	494.5328106458411	0.00014408441368297709
0	10	10	200	14	6246035555152341353	15	7501	8000	500	500	-1889.3048470193221	57.162627836270104	424419	600000	0	0	260.55517172919292	525.40730339183619	5.9558071992445623e-06
0	10	10	200	14	6246035555152341353	16	8001	8500	500	500	-1868.2054759402261	57.020030882892243	423461	600000	0	0	239.44789150583188	524.36376361313523	-0.00020240465736179954
0	10	10	200	14	6246035555152341353	17	8501	9000	500	500	-1762.170743773881	53.021239266104331	424693	600000	0	0	280.12525087414969	512.89493885118304	0.00023853698283463886
0	10	10	200	14	6246035555152341353	18	9001	9500	500	500	-1943.393958818998	55.475398869331627	421546	600000	0	0	287.37637291974391	606.46326529927808	5.5782062882067204e-05
0	10	10	200	14	6246035555152341353	19	9501	10000	500	500	-1870.5636252065235	55.115449561356947	425226	600000	0	0	251.68554263662469	512.74119780467743	0.00012963834113547643
0	10	10	200	14	6246035555152341353	20	10001	10500	500	500	-1830.5681401157544	54.451270536122387	422698	600000	0	0	263.169477732193	559.63938792884562	0.0002776929406284355
0	10	10	200	14	6246035555152341353	21	10501	11000	500	500	-1879.6613198035127	56.024466225602538	424482	600000	0	0	260.86730490514947	538.91127840875731	-1.5556348661451451e-05
0	10	10	200	14	6246035555152341353	22	11001	11500	500	500	-1829.0214179255777	55.777155399463751	424897	600000	0	0	271.9220832015659	508.53694968114354	-5.7726878046437563e-05
0	10	10	200	14	6246035555152341353	23	11501	12000	500	500	-1916.6851050475573	57.376136876504212	426705	600000	0	0	252.05605029329374	544.10685610200801	0.00017256094122947382
0	10	10	200	14	6246035555152341353	24	12001	12500	500	500	-1849.4480048146845	56.198186321227013	423915	600000	0	0	261.13073723193889	551.02242394090013	6.2822538827782756e-05
0	10	10	200	14	6246035555152341353	25	12501	13000	500	500	-1866.3649047169542	55.159531377292893	425524	600000	0	0	251.45575119052799	552.76463385997067	1.4002524609692693e-05
0	10	10	200	14	6246035555152341353	26	13001	13500	500	500	-1803.6263089169645	54.097218397472055	422553	600000	0	0	267.1468378511737	569.03227429622609	0.00010616368036291814
0	10	10	200	14	6246035555152341353	27	13501	14000	500	500	-1839.4968457768593	55.422198932127287	425542	600000	0	0	268.43412515437507	496.50652026115711	-7.0259327620766836e-06
0	10	10	200	14	6246035555152341353	28	14001	14500	500	500	-1818.3346608285192	54.849827232371865	424182	600000	0	0	254.645332872274	516.1268177018776	8.4419037687043298e-05
0	10	10	200	14	6246035555152341353	29	14501	15000	500	500	-1834.6218772996522	54.995479240363842	424846	600000	0	0	264.93394428663277	504.86438026221157	0.00084341866724230066
0	10	10	200	14	6246035555152341353	30	15001	15500	500	500	-1828.5309432535023	54.742938612326	424827	600000	0	0	246.58470705370547	528.9839623972083	0.00045799326699940779
0	10	10	200	14	6246035555152341353	31	15501	16000	500	500	-1844.9376769827434	54.551885467716495	423418	600000	0	0	271.50736246552191	498.82433999944385	1.6318576385266035e-05
0	10	10	200	14	6246035555152341353	32	16001	16500	500	500	-1798.4932093811769	55.372785187011118	425667	600000	0	0	241.65604199351975	525.38560595689364	0.00017230361170988615
0	10	10	200	14	6246035555152341353	33	16501	17000	500	500	-1914.0836317979124	56.499008421472688	426165	600000	0	0	259.28640140215072	551.43264418022386	2.0861953598200305e-05
0	10	10	200	14	6246035555152341353	34	17001	17500	500	500	-1949.160242380116	55.510992208260419	424874	600000	0	0	263.51908732606637	547.59771346202547	0.00031384658819556577
0	10	10	200	14	6246035555152341353	35	17501	18000	500	500	-1806.2051686200919	56.190821621760868	426544	600000	0	0	254.46195145443173	496.68861192871543	-0.00060358386871133592
0	10	10	200	14	6246035555152341353	36	18001	18500	500	500	-1783.1171959548017	57.388631447772646	425745	600000	0	0	262.83361765794859	519.58807033671212	8.9235149579858911e-05
0	10	10	200	14	6246035555152341353	37	18501	19000	500	500	-1843.6492334383681	54.821884369607808	425026	600000	0	0	275.71478131773733	499.08369276377277	0.00031837133476232926
0	10	10	200	14	6246035555152341353	38	19001	19500	500	500	-1890.013707995101	53.961558631873118	425062	600000	0	0	253.10535769096714	647.61333488125035	0.00019266060236876618
0	10	10	200	14	6246035555152341353	39	19501	20000	500	500	-1797.1262378530582	54.475147137615828	424839	600000	0	0	268.46971165261266	518.83364168906041	5.5932305640734231e-05
0	10	10	200	14	6246035555152341353	40	20001	20500	500	500	-1842.8686979686731	54.858099488812734	424431	600000	0	0	280.20133261033135	513.94946299129697	0.00010362777925182876
0	10	10	200	14	6246035555152341353	41	20501	21000	500	500	-1843.5216176989925	55.716500297308144	423916	600000	0	0	252.19749584834963	534.50256058266768	4.3555615896966002e-05
0	10	10	200	14	6246035555152341353	42	21001	21500	500	500	-1916.925602291017	58.214375974064865	423828	600000	0	0	251.58941349372876	556.44947713496686	4.205361851335649e-05
0	10	10	200	14	6246035555152341353	43	21501	22000	500	500	-1860.8982907537461	57.09197101482583	426089	600000	0	0	248.4862513456163	550.8309998502358	0.00012729686884109303
0	10	10	200	14	6246035555152341353	44	22001	22500	500	500	-1850.9743547947014	54.961076722061513	424026	600000	0	0	286.97314411385599	493.28078801492626	-8.6067037996992042e-05
0	10	10	200	14	6246035555152341353	45	22501	23000	500	500	-1878.1759487253285	53.799569657291165	423135	600000	0	0	273.19140240726858	524.28979363267968	0.0002351907467637421
0	10	10	200	14	6246035555152341353	46	23001	23500	500	500	-1855.1027944263255	55.122177859842644	424083	600000	0	0	250.63111284145205	523.36464848034461	0.00038272093467096413
0	10	10	200	14	6246035555152341353	47	23501	24000	500	500	-1807.4540327425746	52.880927551381951	422970	600000	0	0	281.26543070457797	495.72280811977458	0.00044149218205875445
0	10	10	200	14	6246035555152341353	48	24001	24500	500	500	-1832.947579157619	54.62832403896688	425237	600000	0	0	290.39238419561201	510.41355355561313	6.127980123882501e-05
0	10	10	200	14	6246035555152341353	49	24501	25000	500	500	-1879.6846193574704	54.139819034845509	424982	600000	0	0	278.10612965129178	511.65099743348026	0.00010438358710086281
0	10	10	200	14	6246035555152341353	50	25001	25500	500	500	-1836.0885353222102	54.320714776854878	425946	600000	0	0	270.17178968457245	521.62268786217112	-0.00032411575096428521
0	10	10	200	14	6246035555152341353	51	25501	26000	500	500	-1874.4427678342561	57.100987070808529	424782	600000	0	0	254.31566366190788	532.79059702827192	0.0010331403215373871
0	10	10	200	14	6246035555152341353	52	26001	26500	500	500	-1868.1787821228436	54.900584168255584	425633	600000	0	0	273.07642389997557	541.79783990679334	2.990757416555281e-05
0	10	10	200	14	6246035555152341353	53	26501	27000	500	500	-1885.1074957518292	56.181652156763704	424289	600000	0	0	253.404043587996	525.854621068455	0.00010155591394694326
0	10	10	200	14	6246035555152341353	54	27001	27500	500	500	-1813.2400081819619	55.342330199123268	423390	600000	0	0	269.7263288860189	500.52786812805977	0.00012294669178228307
0	10	10	200	14	6246035555152341353	55	27501	28000	500	500	-1893.4761140737796	54.273588414668559	424335	600000	0	0	261.29820547432388	541.20411920007689	5.8473678275378604e-06
0	10	10	200	14	6246035555152341353	56	28001	28500	500	500	-1865.7462925824286	56.099114396942724	423387	600000	0	0	278.08502147616832	527.03325102573126	0.0001115380772689783
0	10	10	200	14	6246035555152341353	57	28501	29000	500	500	-1805.7887499582125	55.11111472565608	424303	600000	0	0	264.27572389710519	488.97872029935945	6.8338347019442089e-06
0	10	10	200	14	6246035555152341353	58	29001	29500	500	500	-1902.3156058289846	58.222074422349962	425514	600000	0	0	262.56778075730273	543.2054549045115	0.00025430833315268189
0	10	10	200	14	6246035555152341353	59	29501	30000	500	500	-1822.3724186225966	54.750982483231489	423823	600000	0	0	285.59497443736262	498.31972976221948	0.00015738062054471253
0	10	10	200	14	6246035555152341353	60	30001	30500	500	500	-1933.6310362246265	55.036636465954153	423490	600000	0	0	284.14489702825199	528.38530114664661	0.00020767540852877257
0	10	10	200	14	6246035555152341353	61	30501	31000	500	500	-1817.840546064358	56.330993822019146	424184	600000	0	0	240.05191979650394	564.05854090225023	1.5566905094217581e-05
0	10	10	200	14	6246035555152341353	62	31001	31500	500	500	-1841.7073343702907	54.431882265763377	424454	600000	0	0	272.72594265834914	527.66847702762891	0.00033212368543223894
0	10	10	200	14	6246035555152341353	63	31501	32000	500	500	-1814.7145229409721	54.283902423293796	424606	600000	0	0	251.75621304855278	530.27983692956457	-0.0041917934210255999
0	10	10	200	14	6246035555152341353	64	32001	32500	500	500	-1919.7776378897706	55.619771673990762	423519	600000	0	0	271.12795458641256	521.58139326214518	0.0026024554745214873
0	10	10	200	14	6246035555152341353	65	32501	33000	500	500	-1867.2456837445982	57.483282062703495	424957	600000	0	0	249.14368736174177	542.47077602203581	-0.00031230767498535017
0	10	10	200	14	6246035555152341353	66	33001	33500	500	500	-1794.7146204992746	54.746095514926644	424370	600000	0	0	245.42190672955246	501.72809906369093	-7.6442236824176654e-05
0	10	10	200	14	6246035555152341353	67	33501	34000	500	500	-1868.2023055039999	54.889924717810572	424182	600000	0	0	261.93916085055878	539.35398885818927	0.00067028368563721099
0	10	10	200	14	6246035555152341353	68	34001	34500	500	500	-1903.9528995758722	55.6923520815469	424945	600000	0	0	252.96754011509816	519.12041359090233	1.204358259260414e-05
0	10	10	200	14	6246035555152341353	69	34501	35000	500	500	-1881.7933865488601	56.084138734920991	425298	600000	0	0	273.94864097561003	570.7515118632266	0.0049397638799584115
0	10	10	200	14	6246035555152341353	70	35001	35500	500	500	-1826.6245918222885	56.081323371992632	423662	600000	0	0	272.15895877087195	512.98976168419188	3.9294599873746678e-05
0	10	10	200	14	6246035555152341353	71	35501	36000	500	500	-1752.8621239165254	54.092818417729482	423696	600000	0	0	260.72937211994042	489.08400023376794	0.00011925814728317576
0	10	10	200	14	6246035555152341353	72	36001	36500	500	500	-1878.1303279047575	54.683584908033822	424824	600000	0	0	258.76363664213716	544.24657452641839	2.4003129209189006e-05
0	10	10	200	14	6246035555152341353	73	36501	37000	500	500	-1834.1803954217596	56.043739442966135	425112	600000	0	0	250.65960547614452	529.22088470450649	0.00016900568941030877
0	10	10	200	14	6246035555152341353	74	37001	37500	500	500	-1970.5276088564106	56.055238258199743	423974	600000	0	0	268.17285255809651	583.81809480487573	0.00029687766292619378
0	10	10	200	14	6246035555152341353	75	37501	38000	500	500	-1897.5503172057672	56.295066525044682	424989	600000	0	0	262.43111420000747	543.06059688097059	9.1804621072721955e-05
0	10	10	200	14	6246035555152341353	76	38001	38500	500	500	-1807.9524364929507	56.519634449817545	423529	600000	0	0	255.9752306083891	498.04047500379556	6.6779616383583638e-05
0	10	10	200	14	6246035555152341353	77	38501	39000	500	500	-1847.9649532467101	55.494832026244922	422862	600000	0	0	252.10732859269581	523.3436961980824	1.8815607495347594e-05
0	10	10	200	14	6246035555152341353	78	39001	39500	500	500	-1876.0897440107642	55.718172868853067	424726	600000	0	0	241.09191308444184	554.33369224656644	-8.0512635911683612e-05
0	10	10	200	14	6246035555152341353	79	39501	40000	500	500	-1892.3826932843617	54.115969096244015	425346	600000	0	0	280.62217349669157	509.01352191662096	0.0016772682724565545
0	10	10	200	14	6246035555152341353	80	40001	40500	500	500	-1854.9616649259431	55.616722230158935	424684	600000	0	0	265.0969265938553	537.58279721741076	5.3537930922516698e-05
0	10	10	200	14	6246035555152341353	81	40501	41000	500	500	-1927.2208914131377	57.33076351336576	425426	600000	0	0	249.16129319846058	568.26127395484161	0.00027266159608718671
0	10	10	200	14	6246035555152341353	82	41001	41500	500	500	-1888.1262818844966	56.355106806111003	425642	600000	0	0	260.98094390895068	542.74409409604641	1.9830254988181491e-05
0	10	10	200	14	6246035555152341353	83	41501	42000	500	500	-1921.5083274548945	53.633210504996761	422674	600000	0	0	237.46857410756328	655.63266375178353	6.8966112256196377
0	10	10	200	14	6246035555152341353	84	42001	42500	500	500	-1747.4298808825488	54.088398866500988	423136	600000	0	0	251.19143065790848	498.26510448121849	6.1410793000853685
0	10	10	200	14	6246035555152341353	85	42501	43000	500	500	-1906.018501744581	52.842857534828994	423458	600000	0	0	268.33122361553251	571.65301131233423	0.00033214930137313761
0	10	10	200	14	6246035555152341353	86	43001	43500	500	500	-1826.4965272556478	56.459194965429568	423471	600000	0	0	261.357900478837	480.78385083471898	0.00010835942969000814
0	10	10	200	14	6246035555152341353	87	43501	44000	500	500	-1863.1251698889409	56.676966254954635	425938	600000	0	0	256.49989188040445	508.71292632390208	0.00011088476280544579
0	10	10	200	14	6246035555152341353	88	44001	44500	500	500	-1829.4772211267232	53.969049177366777	424194	600000	0	0	288.54409520317665	555.88890928107583	2.7213000369807089e-05
0	10	10	200	14	6246035555152341353	89	44501	45000	500	500	-1787.749714267504	53.320062198506221	423556	600000	0	0	262.91033918449273	517.84549972991317	0.00018484403714609984
0	10	10	200	14	6246035555152341353	90	45001	45500	500	500	-1772.4772735139311	53.512253219421595	424024	600000	0	0	278.02092675118416	466.61255525310548	0.0012610936105220208
0	10	10	200	14	6246035555152341353	91	45501	46000	500	500	-1889.0092343978542	55.667580561604005	424424	600000	0	0	256.85236111734207	530.64095982304684	0.00039399934705117444
0	10	10	200	14	6246035555152341353	92	46001	46500	500	500	-1877.0703260168007	57.430394580448507	425595	600000	0	0	254.65476851702425	565.58767989597959	1.162280701937542e-05
0	10	10	200	14	6246035555152341353	93	46501	47000	500	500	-1863.6462848187984	56.258144575199751	425358	600000	0	0	265.38873078136572	544.42225290511726	7.2285216220116535e-05
0	10	10	200	14	6246035555152341353	94	47001	47500	500	500	-1796.5644945314132	55.673741511323662	425689	600000	0	0	263.27309607211396	498.55887854145857	-1.2500835332148169e-05
0	10	10	200	14	6246035555152341353	95	47501	48000	500	500	-1770.8952860977467	53.988574278895939	424436	600000	0	0	275.23719496913321	488.8545161088075	0.0001311472390205573
0	10	10	200	14	6246035555152341353	96	48001	48500	500	500	-1897.6505850751455	56.769126913216276	423461	600000	0	0	266.55263121486246	503.24666355462978	0.00025535331594840025
0	10	10	200	14	6246035555152341353	97	48501	49000	500	500	-1858.3375790496609	55.078817554443589	424390	600000	0	0	258.99985492860441	547.37572604151478	0.0010162588513494184
0	10	10	200	14	6246035555152341353	98	49001	49500	500	500	-1819.6371071528722	55.768668141299507	424207	600000	0	0	269.51749266168548	539.56680819211169	0.00020535907762657301
0	10	10	200	14	6246035555152341353	99	49501	50000	500	500	-1894.9433533276485	54.320955784393917	424892	600000	0	0	256.20371378677663	597.03748553071489	1.290678463057405e-05
0	10	10	200	15	13371225671238646982	0	1	500	500	500	-1793.0821155890787	54.309272334224886	425147	600000	0	0	268.54995875081687	505.04906097005528	5.4977564168146267e-05
0	10	10	200	15	13371225671238646982	1	501	1000	500	500	-1878.223662651905	54.645774019140163	426250	600000	0	0	258.16695844667868	587.26003307814221	0.00017354518396067825
0	10	10	200	15	13371225671238646982	2	1001	1500	500	500	-1735.2040384657139	55.075696905560847	425172	600000	0	0	249.90928568096621	491.28168599305604	0.00015163731393360447
0	10	10	200	15	13371225671238646982	3	1501	2000	500	500	-1838.7090863069031	54.470396386514608	424268	600000	0	0	267.65978333275683	506.94078113737004	0.00016864453444402166
0	10	10	200	15	13371225671238646982	4	2001	2500	500	500	-1885.8297614831679	56.297828059359276	424782	600000	0	0	248.6528239970483	527.89305524491522	6.074902160201868e-05
0	10	10	200	15	13371225671238646982	5	2501	3000	500	500	-1829.4571322046706	55.070362271309534	424745	600000	0	0	274.40937586168405	566.8404430656027	-0.00038692721213891648
0	10	10	200	15	13371225671238646982	6	3001	3500	500	500	-1934.5411249674094	58.085144488798953	424466	600000	0	0	248.70510475075028	581.88704850130432	9.3606640536832625e-05
0	10	10	200	15	13371225671238646982	7	3501	4000	500	500	-1854.6860249649887	56.40612045021664	425339	600000	0	0	283.42869613740277	528.99549193286191	8.8636735894173923e-05
0	10	10	200	15	13371225671238646982	8	4001	4500	500	500	-1864.3179392207335	56.554916233431754	425546	600000	0	0	244.34512878636997	502.0775334107837	-3.8383686221315362e-05
0	10	10	200	15	13371225671238646982	9	4501	5000	500	500	-1805.5222317379128	56.117317505334732	423804	600000	0	0	267.5470371415671	506.94225858590625	6.9444456454408594e-05
0	10	10	200	15	13371225671238646982	10	5001	5500	500	500	-1909.1740383610372	53.328251949388196	423791	600000	0	0	278.72161267277738	550.799439768262	0.00022486521982309393
0	10	10	200	15	13371225671238646982	11	5501	6000	500	500	-1814.6050641038782	54.916863660231385	424555	600000	0	0	263.04041242488438	535.43079849353603	2.0674839141987968e-05
0	10	10	200	15	13371225671238646982	12	6001	6500	500	500	-1833.0322125377575	56.775366426440051	423801	600000	0	0	257.41341229865895	514.14187032468965	0.000235047709910298
0	10	10	200	15	13371225671238646982	13	6501	7000	500	500	-1873.2419298588359	53.470368585317104	424143	600000	0	0	266.53568152477044	530.36894509502304	0.83454292578546019
0	10	10	200	15	13371225671238646982	14	7001	7500	500	500	-1796.8106516535079	53.430622032163384	424310	600000	0	0	257.14464400888505	522.2825930878081	3.9927897980338956
0	10	10	200	15	13371225671238646982	15	7501	8000	500	500	-1827.9083836133518	53.904149016148189	423376	600000	0	0	267.9601495361307	558.73448664724947	-0.0004345135880330111
0	10	10	200	15	13371225671238646982	16	8001	8500	500	500	-1907.3969625339862	57.041140292610613	424981	600000	0	0	277.32223356169118	526.36751270727234	0.00069279646875213907
0	10	10	200	15	13371225671238646982	17	8501	9000	500	500	-1833.7468742007306	56.104834931088192	425532	600000	0	0	258.66857669855466	518.65720489198748	5.3819930559812774e-05
0	10	10	200	15	13371225671238646982	18	9001	9500	500	500	-1876.4868627560115	51.782168589996829	425489	600000	0	0	283.89779863529003	604.20394535059586	0.00028695903782530435
0	10	10	200	15	13371225671238646982	19	9501	10000	500	500	-1825.9661206015812	55.243963200648771	424069	600000	0	0	276.27763451005478	518.49357226690961	1.3525089856770498e-05
0	10	10	200	15	13371225671238646982	20	10001	10500	500	500	-1810.0823196966405	56.142414281089962	425204	600000	0	0	268.09716681219112	492.59578318506613	0.00011582640401988868
0	10	10	200	15	13371225671238646982	21	10501	11000	500	500	-1904.0534050235208	56.542528502409105	424948	600000	0	0	273.12689173223083	566.20471372964369	-0.00034923820789595894
0	10	10	200	15	13371225671238646982	22	11001	11500	500	500	-1800.391227848887	55.549596263346295	425069	600000	0	0	263.48365257193763	506.29651312532837	0.00024576315376268425
0	10	10	200	15	13371225671238646982	23	11501	12000	500	500	-1811.2811327614793	53.045211459571838	423711	600000	0	0	301.60290515294167	467.67328710539465	8.7843251624271812e-05
0	10	10	200	15	13371225671238646982	24	12001	12500	500	500	-1879.4183107710494	56.160770740492374	425633	600000	0	0	261.47329207141837	498.83564920420326	0.00015585461353086831
0	10	10	200	15	13371225671238646982	25	12501	13000	500	500	-1772.8993380911879	54.879499840954765	423590	600000	0	0	263.45269783049218	469.39080227878577	0.00021672713962590548
0	10	10	200	15	13371225671238646982	26	13001	13500	500	500	-1840.234137479835	55.762519991158371	423201	600000	0	0	273.34707640366372	520.32110360509512	1.5456685140730533e-05
0	10	10	200	15	13371225671238646982	27	13501	14000	500	500	-1849.899262800624	55.459470592285975	423963	600000	0	0	272.33930287749888	509.94305414485302	-0.00035592086777700679
0	10	10	200	15	13371225671238646982	28	14001	14500	500	500	-1847.5239965690066	55.028404339521458	424709	600000	0	0	283.31836310286616	514.75232512775892	-7.6557491114464416e-06
0	10	10	200	15	13371225671238646982	29	14501	15000	500	500	-1802.194463821746	56.525425913931549	426079	600000	0	0	273.59367631889609	523.22813960000576	9.8871290763278495e-05
0	10	10	200	15	13371225671238646982	30	15001	15500	500	500	-1869.0642911301481	55.513035407393218	424635	600000	0	0	261.13874524051164	515.69744331718073	-2.1718079846049173e-05
0	10	10	200	15	13371225671238646982	31	15501	16000	500	500	-1816.0678544112754	55.867830439660253	425183	600000	0	0	245.21673093149727	515.78901475722239	0.00017850345497969514
0	10	10	200	15	13371225671238646982	32	16001	16500	500	500	-1765.5145959175129	53.849766174956315	423800	600000	0	0	281.74621445387947	491.42883291633188	8.7977132365668815e-05
0	10	10	200	15	13371225671238646982	33	16501	17000	500	500	-1754.8231711118842	52.847149026082938	425077	600000	0	0	258.47007509634784	523.91065069744229	6.5523297542886355e-05
0	10	10	200	15	13371225671238646982	34	17001	17500	500	500	-1778.8489224974662	55.555524896801764	424415	600000	0	0	256.3091671124044	501.47601015232692	0.0003933689013889825
0	10	10	200	15	13371225671238646982	35	17501	18000	500	500	-1899.7923842244186	57.315664891162498	423487	600000	0	0	254.83680747172494	572.64111856575892	0.0018949691446282758
0	10	10	200	15	13371225671238646982	36	18001	18500	500	500	-1837.6645363190109	56.091665946909828	425980	600000	0	0	275.72046956112064	549.62075100712946	0.0002689303391740342
0	10	10	200	15	13371225671238646982	37	18501	19000	500	500	-1792.4452453408946	56.284103836470479	424151	600000	0	0	246.27593373132083	521.37944713703678	-0.00036493883851182332
0	10	10	200	15	13371225671238646982	38	19001	19500	500	500	-1842.6037562831962	54.151922140668901	424234	600000	0	0	292.11392404777928	522.46153224657826	5.1020840296196641e-05
0	10	10	200	15	13371225671238646982	39	19501	20000	500	500	-1883.3531954961877	56.739180690276754	426121	600000	0	0	254.63503169135646	554.52794874419442	0.00057274438970190001
0	10	10	200	15	13371225671238646982	40	20001	20500	500	500	-1839.4176499613543	55.939033611130867	425160	600000	0	0	269.95997279448392	491.80670343250222	0.00063760571820373581
0	10	10	200	15	13371225671238646982	41	20501	21000	500	500	-1894.895885215006	54.508323959804763	423677	600000	0	0	250.54449803037858	547.45402112991212	-5.0528261991369606e-05
0	10	10	200	15	13371225671238646982	42	21001	21500	500	500	-1956.4057414022118	57.396883007756564	424974	600000	0	0	249.24579426269835	589.48381011989181	-0.0001103479447561149
0	10	10	200	15	13371225671238646982	43	21501	22000	500	500	-1968.3950770422991	56.559198438654832	424636	600000	0	0	274.17408103194737	606.26175233485401	-6.9720382391248687e-05
0	10	10	200	15	13371225671238646982	44	22001	22500	500	500	-1871.6255102258956	56.082743114042785	426966	600000	0	0	269.1137254521106	520.13846614085742	-1.1993806440745578e-05
0	10	10	200	15	13371225671238646982	45	22501	23000	500	500	-1869.4217475306648	56.412978415284456	424690	600000	0	0	251.09948735631659	531.11409872180946	7.1160695335158759e-06
0	10	10	200	15	13371225671238646982	46	23001	23500	500	500	-1761.3351436867604	55.177117176763566	426358	600000	0	0	263.30762691716308	490.09348247985389	8.3767120927249875e-05
0	10	10	200	15	13371225671238646982	47	23501	24000	500	500	-1851.816300098282	54.362268938863195	422894	600000	0	0	275.111049685502	508.89071150530788	8.3533159653641237e-06
0	10	10	200	15	13371225671238646982	48	24001	24500	500	500	-1876.6658384308641	54.717494289628512	426163	600000	0	0	278.80706627125846	520.84792425992282	8.6085055126172859e-05
0	10	10	200	15	13371225671238646982	49	24501	25000	500	500	-1826.391884566294	54.474644399414913	425405	600000	0	0	258.42556445413692	542.66106008052543	3.6958245534245856e-05
0	10	10	200	15	13371225671238646982	50	25001	25500	500	500	-1877.2544956822298	55.251354556953814	425283	600000	0	0	265.40851499039252	553.90472339627343	6.2258589070325151e-05
0	10	10	200	15	13371225671238646982	51	25501	26000	500	500	-1852.9995495835383	53.698981576990974	424311	600000	0	0	262.70530562982742	568.56609209566557	1.6576977791740738e-05
0	10	10	200	15	13371225671238646982	52	26001	26500	500	500	-1853.0868764842319	54.08688555593519	423849	600000	0	0	290.54173817628123	514.24583447787984	0.00058240813223580962
0	10	10	200	15	13371225671238646982	53	26501	27000	500	500	-1858.2763408389242	53.794916685581093	424365	600000	0	0	270.9792683489228	502.4358594452612	0.00010945561693521722
0	10	10	200	15	13371225671238646982	54	27001	27500	500	500	-1911.4346868405028	55.696604585746869	424819	600000	0	0	277.3536209568195	560.85676984188206	7.7457902046778256e-05
0	10	10	200	15	13371225671238646982	55	27501	28000	500	500	-1905.5870552610791	54.071963722202398	423880	600000	0	0	276.19375932736551	529.04822964758068	-5.3931197294510728e-05
0	10	10	200	15	13371225671238646982	56	28001	28500	500	500	-1840.8661424308673	55.455830373421506	424389	600000	0	0	258.35709026945375	517.44855083915775	-0.00050672558696572328
0	10	10	200	15	13371225671238646982	57	28501	29000	500	500	-1894.4041132560458	55.837121813077715	425503	600000	0	0	237.70794219304091	542.97072014573155	-0.000104920951907546
0	10	10	200	15	13371225671238646982	58	29001	29500	500	500	-1894.4465614689539	55.298285375655048	424431	600000	0	0	242.01738722937492	553.62723315970243	0.0018213972030281572
0	10	10	200	15	13371225671238646982	59	29501	30000	500	500	-1923.4920934197567	55.225430474935621	425065	600000	0	0	263.99813606994798	552.41525275195295	-0.00034120496014609133
0	10	10	200	15	13371225671238646982	60	30001	30500	500	500	-1778.2033182222251	55.474272603931198	424943	600000	0	0	270.10566586651703	498.87339870120519	0.00015016148894023276
0	10	10	200	15	13371225671238646982	61	30501	31000	500	500	-1900.9577518619114	57.107024376282084	423680	600000	0	0	253.91044890258041	580.9776751268239	-3.4003884210443368e-05
0	10	10	200	15	13371225671238646982	62	31001	31500	500	500	-1831.3045957223278	54.999030875410654	425855	600000	0	0	253.83881432076203	565.41519961402173	0.0002174653011272551
0	10	10	200	15	13371225671238646982	63	31501	32000	500	500	-1806.5438995274101	56.441048210823219	423955	600000	0	0	264.39905745316548	490.86377473061066	0.00011530544831780951
0	10	10	200	15	13371225671238646982	64	32001	32500	500	500	-1863.2640568319782	57.221332286703749	425765	600000	0	0	278.58288550573752	558.88847337508696	-1.1616010759853717e-05
0	10	10	200	15	13371225671238646982	65	32501	33000	500	500	-1873.0114366852711	54.556233104489522	424695	600000	0	0	264.12955700765093	561.55296909294611	4.3195152292679019e-05
0	10	10	200	15	13371225671238646982	66	33001	33500	500	500	-1847.1772013426244	56.126587121038028	423384	600000	0	0	271.21458136068992	512.89660732694995	0.00015413549693496604
0	10	10	200	15	13371225671238646982	67	33501	34000	500	500	-1860.2297670713588	56.233718621354839	424666	600000	0	0	244.7982483695495	540.83740636159621	7.9446496155989935e-05
0	10	10	200	15	13371225671238646982	68	34001	34500	500	500	-1840.9656121553114	55.009748581084594	425204	600000	0	0	259.8221324941012	514.56732151099334	0.00016898888214895758
0	10	10	200	15	13371225671238646982	69	34501	35000	500	500	-1884.0616673001157	54.82168303408416	425282	600000	0	0	279.58869272599429	549.00778030626554	0.0002826889127885101
0	10	10	200	15	13371225671238646982	70	35001	35500	500	500	-1908.430079273385	55.88118322033413	425716	600000	0	0	236.65223777217767	549.39738116601279	0.0020256339135850355
0	10	10	200	15	13371225671238646982	71	35501	36000	500	500	-1879.1798936779746	55.009059163628329	424265	600000	0	0	280.11287052350093	545.16559999273989	0.00021753322154751087
0	10	10	200	15	13371225671238646982	72	36001	36500	500	500	-1856.2453993962229	55.887621668173097	425741	600000	0	0	275.31759393462437	547.46892549314077	9.0860002461237724e-05
0	10	10	200	15	13371225671238646982	73	36501	37000	500	500	-1777.4872294830668	54.253948039512011	425209	600000	0	0	260.04371928024779	516.67222356642799	0.00026105313145651437
0	10	10	200	15	13371225671238646982	74	37001	37500	500	500	-1816.7064865399225	52.762686053607602	424157	600000	0	0	268.58731738820148	573.06058637743445	-4.085912550501912e-06
0	10	10	200	15	13371225671238646982	75	37501	38000	500	500	-1871.2672522265782	56.093466492932535	425710	600000	0	0	271.04479769519372	542.88314917034211	0.00035936244846623974
0	10	10	200	15	13371225671238646982	76	38001	38500	500	500	-1866.279888951869	55.633432044893063	425917	600000	0	0	262.07150759829608	587.3792381632561	0.00013379078332962269
0	10	10	200	15	13371225671238646982	77	38501	39000	500	500	-1894.2919949897323	55.854075348334966	425372	600000	0	0	275.0526639987778	524.68088505500361	0.00090791737355750486
0	10	10	200	15	13371225671238646982	78	39001	39500	500	500	-1816.3710327136766	55.233157040047445	424807	600000	0	0	257.91502652309811	490.86727325782101	1.0718036586072562e-05
0	10	10	200	15	13371225671238646982	79	39501	40000	500	500	-1803.5257250986008	55.42274512747511	424154	600000	0	0	254.70335589158219	506.54644506555525	8.366219943281589e-07
0	10	10	200	15	13371225671238646982	80	40001	40500	500	500	-1807.6473277929997	53.447903822475965	423598	600000	0	0	276.75955950204735	489.22906156164578	0.0002539666261871901
0	10	10	200	15	13371225671238646982	81	40501	41000	500	500	-1911.2080320155139	56.133125793987155	425265	600000	0	0	244.42633665390142	588.57826011986344	0.00027892703576896363
0	10	10	200	15	13371225671238646982	82	41001	41500	500	500	-1897.7500231734323	55.308514248209612	423496	600000	0	0	272.57079650613952	567.69101102222453	0.00012958485619377072
0	10	10	200	15	13371225671238646982	83	41501	42000	500	500	-1869.9768041575253	54.740718086800094	425442	600000	0	0	273.69326251221605	567.36267499110227	0.00035350019893445352
0	10	10	200	15	13371225671238646982	84	42001	42500	500	500	-1892.6710047382364	56.101645544669779	425956	600000	0	0	260.88887314516438	583.46151048747481	0.00011535311983007032
0	10	10	200	15	13371225671238646982	85	42501	43000	500	500	-1886.4611890061842	55.235446063139946	424652	600000	0	0	249.66369338563067	579.04341900888005	1.0032684411514246e-05
0	10	10	200	15	13371225671238646982	86	43001	43500	500	500	-1848.7354062997747	54.638359251636807	425047	600000	0	0	251.36576192906284	555.76758435551801	-0.00012516911544316456
0	10	10	200	15	13371225671238646982	87	43501	44000	500	500	-1818.6386981736416	53.466553530096405	424571	600000	0	0	271.71643418311652	496.33844233628685	0.00011136737761942745
0	10	10	200	15	13371225671238646982	88	44001	44500	500	500	-1848.6410556888875	55.54611512960907	424781	600000	0	0	255.29584902458279	537.37950805040612	-0.00012792276823817469
0	10	10	200	15	13371225671238646982	89	44501	45000	500	500	-1832.0492498717485	56.406225811139123	425573	600000	0	0	260.47379206856141	506.82932723321579	0.00012069775645995324
0	10	10	200	15	13371225671238646982	90	45001	45500	500	500	-1856.1208495851229	55.064151675286759	425506	600000	0	0	279.69874352885563	577.99047903689404	-3.6506613691300766e-05
0	10	10	200	15	13371225671238646982	91	45501	46000	500	500	-1833.7883474050063	55.698788781518473	423939	600000	0	0	269.17713198644958	537.20576234468194	0.00015876014562045293
0	10	10	200	15	13371225671238646982	92	46001	46500	500	500	-1853.5386327844699	54.876328726511623	425122	600000	0	0	270.86515818656875	488.08360257543802	-0.005606217111390005
0	10	10	200	15	13371225671238646982	93	46501	47000	500	500	-1811.0527767696756	54.495320962410787	424726	600000	0	0	278.12293563426147	495.29139248154621	9.1364176632650605e-05
0	10	10	200	15	13371225671238646982	94	47001	47500	500	500	-1855.5006617664239	56.414044941802111	425584	600000	0	0	265.19723068126206	584.75451729007023	8.8735159746946611e-05
0	10	10	200	15	13371225671238646982	95	47501	48000	500	500	-1882.9996288750483	57.057997242656306	424583	600000	0	0	255.11017922481602	529.09094266654449	5.0318777390409595e-05
0	10	10	200	15	13371225671238646982	96	48001	48500	500	500	-1868.0488845288501	55.313920851783891	425502	600000	0	0	255.83493240493283	524.61083498076414	0.00062992442206825255
0	10	10	200	15	13371225671238646982	97	48501	49000	500	500	-1849.7338531344992	52.607893123958341	424597	600000	0	0	247.11717051981077	530.80194134409271	-1.2378333333245645e-05
0	10	10	200	15	13371225671238646982	98	49001	49500	500	500	-1870.597763236113	54.675704731520909	424297	600000	0	0	255.65907499746825	533.6017823089951	-0.00028241786773725941
0	10	10	200	15	13371225671238646982	99	49501	50000	500	500	-1845.1080071792762	56.723736108093384	425821	600000	0	0	272.47740308631097	521.90909234119783	0.00014205354348462905
