# replica-bin sums; observable mean = sum_sign_O / sum_sign
# sum_sign_Ehub is the total energy (not per site); sum_sign_D is per site
# Szz/Sperp: N^-1 sum_ij exp[-iq.(ri-rj)] <..>; Q is the staggered momentum, 0 is q=0; nan = q not measured
# lattice=chain Lx=6 Ly=1 n=6 pbc=1 U=4 dtau=0.025000000000000001 nwarm=2000 nmeas=50000 nbin=100 global_update=none global_interval=100
# szz_Q_index=3 szz_0_index=0 sperp_Q_index=3
# columns: beta_index	beta_requested	beta_effective	Ltr	replica_id	seed	bin_id	sweep_begin	sweep_end	count	sum_sign	sum_sign_Ehub	sum_sign_D	local_accepted	local_attempts	global_accepted	global_attempts	sum_sign_Szz_Q	sum_sign_Sperp_Q	sum_sign_Szz_0
0	5	5	200	0	270927102	0	1	500	500	500	-1783.1635085188029	52.897145848368069	469883	600000	0	0	269.66335845197915	522.16725315053623	4.5209012730521314
0	5	5	200	0	270927102	1	501	1000	500	500	-1819.8496398133052	53.750968632358756	470902	600000	0	0	257.79086347801592	521.12299792689635	3.1779570717786041
0	5	5	200	0	270927102	2	1001	1500	500	500	-1912.6101916192558	56.004891792809225	472161	600000	0	0	243.3575105147184	595.49015633715203	4.4403102563573675
0	5	5	200	0	270927102	3	1501	2000	500	500	-1893.4199653722458	55.497177314772586	471535	600000	0	0	269.96684621708977	562.3845001740998	0.98407293356475845
0	5	5	200	0	270927102	4	2001	2500	500	500	-1796.0296499485348	55.738699575089839	471367	600000	0	0	246.46310461793712	531.57927049040995	4.2257315745789672
0	5	5	200	0	270927102	5	2501	3000	500	500	-1731.6529965978104	54.501611481055193	470586	600000	0	0	262.25092588409024	478.58980680689302	1.5893000192566715
0	5	5	200	0	270927102	6	3001	3500	500	500	-1778.2547537145495	53.576703273973443	470790	600000	0	0	265.18062709512276	514.51790963782094	1.1113401217457739
0	5	5	200	0	270927102	7	3501	4000	500	500	-1830.7052380104892	53.753400585283792	471499	600000	0	0	269.35280932032271	501.56228841424604	1.8749659492014985
0	5	5	200	0	270927102	8	4001	4500	500	500	-1843.0471171982012	54.698419538129471	470557	600000	0	0	233.58072115873668	525.02689945679663	7.0730514370894637
0	5	5	200	0	270927102	9	4501	5000	500	500	-1854.1966113480191	54.887879594795962	472087	600000	0	0	266.21319756626116	517.71784730977072	1.7333717666776918
0	5	5	200	0	270927102	10	5001	5500	500	500	-1748.5518329152112	52.569909189904507	470980	600000	0	0	264.14376072848466	480.2561447429843	7.0254326842125741
0	5	5	200	0	270927102	11	5501	6000	500	500	-1848.4042887797061	56.242708351205863	473455	600000	0	0	268.32089300543777	507.25182978921265	2.047896742401428
0	5	5	200	0	270927102	12	6001	6500	500	500	-1816.8028131847122	53.734197879230202	471249	600000	0	0	274.72633469349881	507.80782110038081	1.9785268410388201
0	5	5	200	0	270927102	13	6501	7000	500	500	-1799.8196037987291	53.391754958855948	470317	600000	0	0	249.96201747939412	514.07256216892654	4.8799795675153259
0	5	5	200	0	270927102	14	7001	7500	500	500	-1778.7062853108298	54.99482452915359	471967	600000	0	0	262.85435231668572	506.36624499366042	1.5421274476205127
0	5	5	200	0	270927102	15	7501	8000	500	500	-1803.9629875180301	54.748905359682226	471233	600000	0	0	256.28871271912902	501.73304497288183	6.5511108816034707
0	5	5	200	0	270927102	16	8001	8500	500	500	-1805.095985518217	53.422155218962367	472386	600000	0	0	264.72945134714553	519.45767804885577	2.3239796160390531
0	5	5	200	0	270927102	17	8501	9000	500	500	-1706.208610354543	53.0161214724478	470170	600000	0	0	276.52679647737102	465.33375138240689	4.2278606102762657
0	5	5	200	0	270927102	18	9001	9500	500	500	-1724.1370910157609	53.774140586106469	470753	600000	0	0	269.80896468589305	481.94888052851877	3.1284341518703171
0	5	5	200	0	270927102	19	9501	10000	500	500	-1785.4895011846486	55.166599383754203	471279	600000	0	0	282.10328791160219	500.79327889356477	2.5556597388274218
0	5	5	200	0	270927102	20	10001	10500	500	500	-1768.2894127797838	56.009255957958025	470728	600000	0	0	232.00546069587989	515.72711694909867	5.69766238766546
0	5	5	200	0	270927102	21	10501	11000	500	500	-1890.9572490091559	56.126921120765637	472511	600000	0	0	269.2654261438534	578.85826710328786	2.8210058659881079
0	5	5	200	0	270927102	22	11001	11500	500	500	-1763.6663556306164	53.208455438429723	470632	600000	0	0	263.36980515520065	514.36686214746942	6.1314971882379039
0	5	5	200	0	270927102	23	11501	12000	500	500	-1810.7731797520437	56.062104216175165	471577	600000	0	0	262.66181434868247	499.98501768106217	1.3941927338657907
0	5	5	200	0	270927102	24	12001	12500	500	500	-1854.9876919835442	54.187092318026849	470283	600000	0	0	280.03638412085166	568.44793168906551	6.1640817627436801
0	5	5	200	0	270927102	25	12501	13000	500	500	-1784.8267055780161	55.886940706210645	471305	600000	0	0	268.08279608602834	501.96552387810851	4.590122918311506
0	5	5	200	0	270927102	26	13001	13500	500	500	-1805.4342423695887	51.892007015740042	470947	600000	0	0	268.50534554725232	523.16775055000392	6.4371849909495431
0	5	5	200	0	270927102	27	13501	14000	500	500	-1839.5703519122642	55.384229611081309	471092	600000	0	0	254.32456915622259	540.52551558087157	3.5172745426879235
0	5	5	200	0	270927102	28	14001	14500	500	500	-1924.0673278109391	55.524598719464883	472134	600000	0	0	288.77065228780447	537.27138487340812	0.07351800057897323
0	5	5	200	0	270927102	29	14501	15000	500	500	-1755.5842635707174	53.613243725042537	471108	600000	0	0	268.65871896308744	488.37563388615217	2.8310233296041081
0	5	5	200	0	270927102	30	15001	15500	500	500	-1772.0587136652628	54.497802060117571	471509	600000	0	0	260.35080916678368	496.81832000508888	1.0954819664122701
0	5	5	200	0	270927102	31	15501	16000	500	500	-1832.7787021437118	53.980637959159246	470630	600000	0	0	260.1737887474934	528.82979802672776	2.7706342572686729
0	5	5	200	0	270927102	32	16001	16500	500	500	-1813.4351414533141	54.491187997071393	470488	600000	0	0	283.26012701864744	529.78393166460785	3.2693910919856957
0	5	5	200	0	270927102	33	16501	17000	500	500	-1799.1850867564349	55.148586828358276	471987	600000	0	0	241.19169727786814	556.12743204268327	4.3677572418258928
0	5	5	200	0	270927102	34	17001	17500	500	500	-1807.7103104248911	55.856212648985547	471863	600000	0	0	247.76589337195026	517.85255618251779	4.1761616706278586
0	5	5	200	0	270927102	35	17501	18000	500	500	-1812.1838921276619	56.673122758200741	471832	600000	0	0	264.51301324029004	538.47276021309085	2.0676345851948725
0	5	5	200	0	270927102	36	18001	18500	500	500	-1809.6393684321311	55.785632047257238	471007	600000	0	0	250.84427841676759	528.41332834639024	2.1326756102286542
0	5	5	200	0	270927102	37	18501	19000	500	500	-1826.3799948453079	53.347203366217279	472514	600000	0	0	285.64342259442918	501.93112134756325	0.81749799619880381
0	5	5	200	0	270927102	38	19001	19500	500	500	-1784.782590155651	55.022972330139041	470525	600000	0	0	253.89264626081527	496.23872023486899	11.239117741214043
0	5	5	200	0	270927102	39	19501	20000	500	500	-1803.5546996277233	54.234838643580211	471277	600000	0	0	241.2971103500677	653.03527960190502	5.4458098945768079
0	5	5	200	0	270927102	40	20001	20500	500	500	-1783.8962011754968	53.940377087569701	471228	600000	0	0	257.62961816396609	469.35380783600397	4.9871447587299711
0	5	5	200	0	270927102	41	20501	21000	500	500	-1849.1793421965529	53.639925339946828	469999	600000	0	0	278.9764790294322	540.97819461020913	1.2398103820810977
0	5	5	200	0	270927102	42	21001	21500	500	500	-1743.3483355627561	55.216805267087388	469810	600000	0	0	232.32696376412272	529.43902861411163	8.5081676662090615
0	5	5	200	0	270927102	43	21501	22000	500	500	-1816.838215765013	54.254582525515076	471251	600000	0	0	263.89718191898379	506.87429791497419	3.5722043583080816
0	5	5	200	0	270927102	44	22001	22500	500	500	-1806.8316385672504	53.848537742702653	471816	600000	0	0	257.70625469276177	517.02141698514231	2.393003448329313
0	5	5	200	0	270927102	45	22501	23000	500	500	-1836.587279016906	53.419801694829097	468367	600000	0	0	255.70914938015719	524.12773390796076	10.477198299402003
0	5	5	200	0	270927102	46	23001	23500	500	500	-1731.7447260340653	54.101872426117858	470226	600000	0	0	241.31705773758793	485.28050244114974	8.0901166664578223
0	5	5	200	0	270927102	47	23501	24000	500	500	-1849.4113817765081	55.318623662978538	470691	600000	0	0	270.30050045597858	517.99658196840119	1.9370481171613014
0	5	5	200	0	270927102	48	24001	24500	500	500	-1841.5236031735719	56.415617194343092	473081	600000	0	0	261.90404930350229	547.56149098176866	1.8882055763888708
0	5	5	200	0	270927102	49	24501	25000	500	500	-1816.8375565705505	54.881234724824793	471777	600000	0	0	235.95797550281776	564.98176791779576	4.0818634284875248
0	5	5	200	0	270927102	50	25001	25500	500	500	-1795.6001192393283	52.065382257608967	469178	600000	0	0	276.89136330621949	487.66488195228584	5.6898196542114166
0	5	5	200	0	270927102	51	25501	26000	500	500	-1800.419803677212	52.904444010437118	470671	600000	0	0	283.10671576928632	506.55201956499047	1.1271402658896417
0	5	5	200	0	270927102	52	26001	26500	500	500	-1731.1905588785287	54.641424273816021	471643	600000	0	0	259.58096385995901	460.36142375731032	3.655609100366386
0	5	5	200	0	270927102	53	26501	27000	500	500	-1858.1061846327527	55.645882241150794	472062	600000	0	0	252.13656563557859	550.82255365292474	3.2875758544396971
0	5	5	200	0	270927102	54	27001	27500	500	500	-1757.7521191307374	53.232574742885362	470562	600000	0	0	275.89233974313265	478.44595410865759	3.575753533080567
0	5	5	200	0	270927102	55	27501	28000	500	500	-1804.0890976834621	54.768210909713453	471461	600000	0	0	262.96140139676186	511.60051446271723	0.69837392523083552
0	5	5	200	0	270927102	56	28001	28500	500	500	-1838.122266855539	54.54168029841702	471817	600000	0	0	283.37837323413567	529.31133288402168	4.3196315762310782
0	5	5	200	0	270927102	57	28501	29000	500	500	-1770.4423589911517	53.692473268418972	470902	600000	0	0	256.91840693324286	587.1321793067624	6.2271572999348974
0	5	5	200	0	270927102	58	29001	29500	500	500	-1765.2983762091139	51.878724974368801	470520	600000	0	0	263.37027425351988	504.44967654325791	7.6363386437969565
0	5	5	200	0	270927102	59	29501	30000	500	500	-1776.8528874695714	53.878259301036039	469117	600000	0	0	240.22262291284613	522.27917807124243	16.566658453797995
0	5	5	200	0	270927102	60	30001	30500	500	500	-1856.9839868341314	54.576305837909601	470670	600000	0	0	252.66700770272317	514.74140859779993	2.737079581622901
0	5	5	200	0	270927102	61	30501	31000	500	500	-1827.7171711726935	55.338096364456732	471851	600000	0	0	253.09161201495607	545.7833723852724	4.5661539939408717
0	5	5	200	0	270927102	62	31001	31500	500	500	-1801.9694728326624	55.813227179683075	471340	600000	0	0	260.87866404951183	512.77273219045344	0.97289771179868567
0	5	5	200	0	270927102	63	31501	32000	500	500	-1792.3279769871267	55.686266928605072	470327	600000	0	0	257.23610997495354	510.16406865583861	3.5505243015183292
0	5	5	200	0	270927102	64	32001	32500	500	500	-1877.3404553370585	55.935829410986706	472375	600000	0	0	239.23928993699366	574.47402441399242	2.009571175423702
0	5	5	200	0	270927102	65	32501	33000	500	500	-1745.9031306639943	53.28875268999532	471560	600000	0	0	260.37781578207773	506.11690119661614	3.137069693761279
0	5	5	200	0	270927102	66	33001	33500	500	500	-1804.0118236406827	54.91581171204929	470807	600000	0	0	269.79196166659568	549.69369498572144	1.8609682482952452
0	5	5	200	0	270927102	67	33501	34000	500	500	-1760.2087508986131	54.150735637002853	472768	600000	0	0	265.70897534182609	494.44833845381254	2.1650182226089223
0	5	5	200	0	270927102	68	34001	34500	500	500	-1733.4511129265557	53.533200348544156	471678	600000	0	0	249.98104322286213	494.69994047283757	2.3393373570210945
0	5	5	200	0	270927102	69	34501	35000	500	500	-1817.4276721966794	53.524884463427277	471098	600000	0	0	239.57138055911213	521.94671857141952	5.8526929323120349
0	5	5	200	0	270927102	70	35001	35500	500	500	-1862.7866369470364	54.119293682458057	471028	600000	0	0	256.00826896414452	517.98470764452691	1.2488484728797298
0	5	5	200	0	270927102	71	35501	36000	500	500	-1759.3315629130193	54.545732037596117	471728	600000	0	0	245.55384621154033	505.25363753246154	6.1378114933237518
0	5	5	200	0	270927102	72	36001	36500	500	500	-1770.3550816398613	54.697506942672717	470930	600000	0	0	266.00581999632925	484.39912600370985	5.9321183109218154
0	5	5	200	0	270927102	73	36501	37000	500	500	-1822.4922700664044	53.81926664390555	470732	600000	0	0	254.23597567436008	519.23684370042997	8.3405370159744692
0	5	5	200	0	270927102	74	37001	37500	500	500	-1791.6787587523852	53.991542285813395	470688	600000	0	0	275.69000050815811	493.06192377502271	7.0660458447699401
0	5	5	200	0	270927102	75	37501	38000	500	500	-1848.9993958105845	53.240196154054708	470099	600000	0	0	253.806982185755	546.81981874728081	9.5256562864867931
0	5	5	200	0	270927102	76	38001	38500	500	500	-1783.9522579324375	53.609685817689687	472021	600000	0	0	244.30494362255038	509.86119136179269	5.9884609898629755
0	5	5	200	0	270927102	77	38501	39000	500	500	-1807.135781048667	54.610393447443037	471113	600000	0	0	246.14975456365624	525.1233182654405	4.9622135264597134
0	5	5	200	0	270927102	78	39001	39500	500	500	-1788.4894961054674	55.770915335661293	472258	600000	0	0	248.32963515730424	535.67488226428077	3.6639947219040927
0	5	5	200	0	270927102	79	39501	40000	500	500	-1858.5344930583153	56.655040667317202	472349	600000	0	0	265.64065680688952	535.61054727933117	0.68703992826474081
0	5	5	200	0	270927102	80	40001	40500	500	500	-1728.0078053304314	52.815988788497627	471780	600000	0	0	274.66564722373499	464.86987625432681	1.0171620698077144
0	5	5	200	0	270927102	81	40501	41000	500	500	-1772.6576438899335	52.548036707528112	471105	600000	0	0	274.46407871548979	551.61097774043515	3.3042393316650283
0	5	5	200	0	270927102	82	41001	41500	500	500	-1747.7705926173976	53.688147761271203	470932	600000	0	0	272.14127518604704	471.98697936439129	4.7181657585220291
0	5	5	200	0	270927102	83	41501	42000	500	500	-1822.2371059111497	56.417418681366037	471946	600000	0	0	250.87256333616131	521.49552084706704	3.8065933216400101
0	5	5	200	0	270927102	84	42001	42500	500	500	-1855.1458667903146	54.36325301944818	470214	600000	0	0	256.7216513461355	526.52713909327838	6.4664850473879252
0	5	5	200	0	270927102	85	42501	43000	500	500	-1774.9171181787881	53.51870181310656	472355	600000	0	0	237.1558282105542	526.69290986267981	3.925174452797517
0	5	5	200	0	270927102	86	43001	43500	500	500	-1828.768014384191	54.985895220733063	471505	600000	0	0	270.27516894352232	500.18464899502777	3.2087774400707105
0	5	5	200	0	270927102	87	43501	44000	500	500	-1716.7444790207514	52.677515962173842	470757	600000	0	0	267.00388472000969	453.99958095265276	2.5264420359061948
0	5	5	200	0	270927102	88	44001	44500	500	500	-1822.9776612589806	54.066805459066508	472783	600000	0	0	266.1810566188895	512.20474837642723	0.11706465112123463
0	5	5	200	0	270927102	89	44501	45000	500	500	-1845.3888845037895	55.753775709506613	472533	600000	0	0	276.06949260986664	535.09115026801203	1.7306222859165659
0	5	5	200	0	270927102	90	45001	45500	500	500	-1863.9740304974648	55.395459673101314	472854	600000	0	0	263.16670941231479	516.33713867478082	2.1470434058164525
0	5	5	200	0	270927102	91	45501	46000	500	500	-1837.3359913312481	54.162978263463089	471453	600000	0	0	278.2510790344565	492.36571484503895	1.0723131318731864
0	5	5	200	0	270927102	92	46001	46500	500	500	-1817.9584892703808	55.050799485021692	471264	600000	0	0	263.09804505845977	489.43966797199238	3.4633406321104014
0	5	5	200	0	270927102	93	46501	47000	500	500	-1851.5949382425001	54.908185609698918	470482	600000	0	0	252.49534801340607	590.88964609124685	2.424991655225738
0	5	5	200	0	270927102	94	47001	47500	500	500	-1799.4299512175221	55.078512335332526	472323	600000	0	0	258.42334352435375	513.37653323482925	5.569746106652989
0	5	5	200	0	270927102	95	47501	48000	500	500	-1821.5617920779537	53.024648510413819	471474	600000	0	0	262.36385522819222	493.42685277211001	3.7714107909972499
0	5	5	200	0	270927102	96	48001	48500	500	500	-1795.161953948191	53.826970669051612	470806	600000	0	0	252.27147111587715	512.48855663294671	6.929162511591878
0	5	5	200	0	270927102	97	48501	49000	500	500	-1778.2118621086929	55.260821289881022	472491	600000	0	0	273.65176598530877	479.20666433565185	2.6528540503243794
0	5	5	200	0	270927102	98	49001	49500	500	500	-1775.9713584686638	53.9566908722541	470713	600000	0	0	277.85095767255081	503.06452745607606	2.6568981507005929
0	5	5	200	0	270927102	99	49501	50000	500	500	-1723.8829859659256	53.232738762365017	469939	600000	0	0	233.76877451303989	495.5304781990277	8.8157320716366208
0	5	5	200	1	18229720080076684131	0	1	500	500	500	-1785.3230013184984	52.12461217476131	470538	600000	0	0	261.78490968328771	581.38710013540231	5.6768580198893464
0	5	5	200	1	18229720080076684131	1	501	1000	500	500	-1714.2436271547544	52.799213788934111	471091	600000	0	0	271.18032230944249	460.56841205289294	5.1010339875384609
0	5	5	200	1	18229720080076684131	2	1001	1500	500	500	-1846.6587562129016	57.278004836533519	470307	600000	0	0	252.09439113495043	538.92100160831569	5.4975711328261552
0	5	5	200	1	18229720080076684131	3	1501	2000	500	500	-1773.3136432384747	52.989144980743141	469025	600000	0	0	264.93722764198418	502.95081443065988	7.5524272236372809
0	5	5	200	1	18229720080076684131	4	2001	2500	500	500	-1827.173892764946	54.137142411897585	470864	600000	0	0	265.13320900593476	546.89475000339132	5.603271606924018
0	5	5	200	1	18229720080076684131	5	2501	3000	500	500	-1788.4668869045481	55.948058022504668	471022	600000	0	0	243.59942989941715	525.0071796575337	4.9216527065994526
0	5	5	200	1	18229720080076684131	6	3001	3500	500	500	-1758.1949796159147	53.87619201727351	471421	600000	0	0	267.30050379749366	477.28579355641796	2.8939044490997645
0	5	5	200	1	18229720080076684131	7	3501	4000	500	500	-1785.7212902198507	55.694562042576734	471077	600000	0	0	242.00781026122476	518.29262719075496	7.780833281105946
0	5	5	200	1	18229720080076684131	8	4001	4500	500	500	-1749.3516824805051	55.696648868297864	471655	600000	0	0	264.0179769935873	474.09167995484756	2.2160765127212256
0	5	5	200	1	18229720080076684131	9	4501	5000	500	500	-1789.1253615192402	55.655534263916913	469412	600000	0	0	264.96900765367997	494.71710056896904	2.166721932811762
0	5	5	200	1	18229720080076684131	10	5001	5500	500	500	-1817.7973319078649	52.976797606449928	468844	600000	0	0	255.86212132072217	495.53710677136797	8.9852659417608614
0	5	5	200	1	18229720080076684131	11	5501	6000	500	500	-1778.6735031329365	53.076807453416635	471374	600000	0	0	253.02704089136688	480.06825885167535	4.8474099106861148
0	5	5	200	1	18229720080076684131	12	6001	6500	500	500	-1855.2843977120829	55.644675520794614	473189	600000	0	0	267.4871688142556	543.42018863874205	2.5982831197521934
0	5	5	200	1	18229720080076684131	13	6501	7000	500	500	-1879.3445773949375	55.948571555196139	471807	600000	0	0	271.82061688275195	500.62852021739957	0.66405974559739989
0	5	5	200	1	18229720080076684131	14	7001	7500	500	500	-1788.2375340284416	55.41626745669835	471644	600000	0	0	267.25007347694356	495.65914774200797	4.4244621789928038
0	5	5	200	1	18229720080076684131	15	7501	8000	500	500	-1804.2170515146481	54.009070986090585	470851	600000	0	0	273.18042408032647	512.60659427384905	5.5440796812699631
0	5	5	200	1	18229720080076684131	16	8001	8500	500	500	-1758.3805876547196	54.14211922415209	470427	600000	0	0	270.37253861280129	496.77006607073616	4.2192497632481363
0	5	5	200	1	18229720080076684131	17	8501	9000	500	500	-1763.1788926794275	52.963323776556329	470551	600000	0	0	273.49962654136692	490.70915426959948	5.221038844030268
0	5	5	200	1	18229720080076684131	18	9001	9500	500	500	-1799.4568333481068	53.510334787052876	471022	600000	0	0	244.32644947608199	542.19518803986	8.6973860359811592
0	5	5	200	1	18229720080076684131	19	9501	10000	500	500	-1783.0703574118529	55.272098405445263	470835	600000	0	0	288.74300927197487	454.08832636557679	2.6774093507898264
0	5	5	200	1	18229720080076684131	20	10001	10500	500	500	-1767.9658742514318	54.194354603284147	470772	600000	0	0	265.13521384889026	500.83577540828662	4.0831637953914406
0	5	5	200	1	18229720080076684131	21	10501	11000	500	500	-1761.6911418040645	54.003174660578821	471110	600000	0	0	258.88164221994884	514.99648678659435	4.7775413620164633
0	5	5	200	1	18229720080076684131	22	11001	11500	500	500	-1872.9711715311682	53.864433168010621	472249	600000	0	0	266.81714247747743	614.13363466704959	1.9655504572047926
0	5	5	200	1	18229720080076684131	23	11501	12000	500	500	-1796.2009549853856	54.416239922006092	470323	600000	0	0	256.82573075957731	522.38853778915018	5.0691615044574689
0	5	5	200	1	18229720080076684131	24	12001	12500	500	500	-1817.5764767556541	54.151933559154209	471390	600000	0	0	251.16036932989601	520.1472898933348	4.8539809541832142
0	5	5	200	1	18229720080076684131	25	12501	13000	500	500	-1792.56002746068	54.055948803242295	470275	600000	0	0	261.73624325760159	495.20148548934685	1.8636291240331735
0	5	5	200	1	18229720080076684131	26	13001	13500	500	500	-1766.0299287346133	53.059458181201911	469814	600000	0	0	250.79036454896595	549.39291256861668	8.7345240124087162
0	5	5	200	1	18229720080076684131	27	13501	14000	500	500	-1792.3304634392007	53.603180739991707	470496	600000	0	0	274.5071630931094	490.09543168528194	3.2668351532506859
0	5	5	200	1	18229720080076684131	28	14001	14500	500	500	-1826.3763414038117	55.474136441550101	470911	600000	0	0	266.05065304503103	515.61492135826927	2.0476744205637427
0	5	5	200	1	18229720080076684131	29	14501	15000	500	500	-1747.2459122029475	54.679939232572927	470443	600000	0	0	252.58575710830044	501.97291497563435	7.2407353541607353
0	5	5	200	1	18229720080076684131	30	15001	15500	500	500	-1749.2905317620634	56.251402558008593	470840	600000	0	0	267.12174119248073	488.09641924725776	2.9589444455850256
0	5	5	200	1	18229720080076684131	31	15501	16000	500	500	-1747.6256295161347	53.233026903204937	469903	600000	0	0	257.75417234057409	522.08160462438377	8.4193786229963745
0	5	5	200	1	18229720080076684131	32	16001	16500	500	500	-1820.7333329570922	55.247899531141933	470954	600000	0	0	253.15233619064861	517.19591164174449	5.3741081860470743
0	5	5	200	1	18229720080076684131	33	16501	17000	500	500	-1877.2216928917824	55.517103819368671	470260	600000	0	0	268.00294946974253	521.59735048641585	0.76970545640373855
0	5	5	200	1	18229720080076684131	34	17001	17500	500	500	-1794.2789780834648	53.006128857068163	470694	600000	0	0	250.25499150340588	540.60341713535888	4.5917107813063778
0	5	5	200	1	18229720080076684131	35	17501	18000	500	500	-1750.6455816709768	53.887780902303305	469947	600000	0	0	267.25947055255807	499.17350554950019	3.896748974816282
0	5	5	200	1	18229720080076684131	36	18001	18500	500	500	-1839.7298440820252	54.748449197880056	470973	600000	0	0	270.84679642478341	489.19419669143207	2.5684709131894934
0	5	5	200	1	18229720080076684131	37	18501	19000	500	500	-1785.0274954001914	55.013272666624125	470502	600000	0	0	248.81104023169158	511.37629623555642	9.3170124489971347
0	5	5	200	1	18229720080076684131	38	19001	19500	500	500	-1815.5264061012117	55.376748287965192	472060	600000	0	0	264.17256626183701	520.06754578373955	0.67973200800292732
0	5	5	200	1	18229720080076684131	39	19501	20000	500	500	-1753.7524022330324	52.898635683270662	470537	600000	0	0	260.11143657232469	485.36227054591006	5.1248924470787696
0	5	5	200	1	18229720080076684131	40	20001	20500	500	500	-1722.9201580245287	52.722800296187728	469276	600000	0	0	245.46080133637875	532.63272293239038	9.6112813672534507
0	5	5	200	1	18229720080076684131	41	20501	21000	500	500	-1794.0916640426549	53.648981296753725	470893	600000	0	0	269.10451186774526	510.69308088732663	6.2860298988496393
0	5	5	200	1	18229720080076684131	42	21001	21500	500	500	-1857.7899423105732	53.494709712486205	470946	600000	0	0	270.36329427844197	536.93842458626239	1.1715382603859679
0	5	5	200	1	18229720080076684131	43	21501	22000	500	500	-1762.0269129524625	53.129495534907001	469882	600000	0	0	260.91427059368317	487.83822109780903	6.0453069392680341
0	5	5	200	1	18229720080076684131	44	22001	22500	500	500	-1841.2156334114156	54.327661098163809	471535	600000	0	0	255.19414831530395	524.7299871091758	5.5977282265314097
0	5	5	200	1	18229720080076684131	45	22501	23000	500	500	-1765.7642747126913	55.728038973164274	472008	600000	0	0	243.75172127351615	491.50409605486152	5.0522939033458103
0	5	5	200	1	18229720080076684131	46	23001	23500	500	500	-1845.3225611131506	53.920016187288304	468638	600000	0	0	245.19593042149009	554.6870736318748	8.4559428309294074
0	5	5	200	1	18229720080076684131	47	23501	24000	500	500	-1731.5841459057237	53.945617966716085	472057	600000	0	0	271.8766530748066	480.24339819810064	2.8911559866125831
0	5	5	200	1	18229720080076684131	48	24001	24500	500	500	-1772.2619312079141	51.57824132941861	469202	600000	0	0	254.20469415146232	502.1616006482501	11.78462748210141
0	5	5	200	1	18229720080076684131	49	24501	25000	500	500	-1808.1549640131525	54.846491792932042	471571	600000	0	0	254.04157584115944	526.28230613863582	6.9502339971703639
0	5	5	200	1	18229720080076684131	50	25001	25500	500	500	-1846.5719673371275	54.57549503304508	471287	600000	0	0	243.9942505327644	527.00443527745847	2.8114300977568378
0	5	5	200	1	18229720080076684131	51	25501	26000	500	500	-1837.258650515864	54.545701655800173	471804	600000	0	0	281.88220246276126	511.17528922561132	4.0846893367014063
0	5	5	200	1	18229720080076684131	52	26001	26500	500	500	-1774.6628549133543	56.049443130130776	472128	600000	0	0	246.56475164802134	543.0583220002593	5.0824307392067949
0	5	5	200	1	18229720080076684131	53	26501	27000	500	500	-1813.9596964507364	54.835653615728624	470721	600000	0	0	282.14321241767664	498.47442958378531	2.3460240852806975
0	5	5	200	1	18229720080076684131	54	27001	27500	500	500	-1770.1853839266373	53.587108744924194	471543	600000	0	0	258.27335953407675	471.4063262569112	5.9930406138483319
0	5	5	200	1	18229720080076684131	55	27501	28000	500	500	-1792.830379456577	53.976054726472775	470885	600000	0	0	248.1426784857014	522.76722826691775	4.4703175593769764
0	5	5	200	1	18229720080076684131	56	28001	28500	500	500	-1722.7499037622522	54.412100048505351	471277	600000	0	0	261.49606556769641	488.90827164013655	7.6215946099768628
0	5	5	200	1	18229720080076684131	57	28501	29000	500	500	-1832.0027076037995	54.730813572921981	471443	600000	0	0	261.41762933788226	524.53123779420753	5.9445490258084845
0	5	5	200	1	18229720080076684131	58	29001	29500	500	500	-1781.2568963611766	53.436425010052417	470873	600000	0	0	258.38619463838364	665.69712375470476	8.6969904388767461
0	5	5	200	1	18229720080076684131	59	29501	30000	500	500	-1741.2596284694519	52.528478933830677	470549	600000	0	0	281.58887247931744	496.06294490710104	2.593886897884401
0	5	5	200	1	18229720080076684131	60	30001	30500	500	500	-1769.3809219453917	56.53338520068106	471617	600000	0	0	242.56141650366166	499.34842726306556	1.8152770233367079
0	5	5	200	1	18229720080076684131	61	30501	31000	500	500	-1794.3710642278572	53.175242089568023	471449	600000	0	0	283.25411024095507	477.24263956079022	5.9166793540632092
0	5	5	200	1	18229720080076684131	62	31001	31500	500	500	-1879.7771605640528	53.492461551906842	470720	600000	0	0	276.08172877654584	576.21754622128378	2.8629038537514355
0	5	5	200	1	18229720080076684131	63	31501	32000	500	500	-1708.1620335074292	52.684293805164472	469931	600000	0	0	277.86330587398106	502.63896246049592	0.26554729510868952
0	5	5	200	1	18229720080076684131	64	32001	32500	500	500	-1814.3520066964422	56.016841340150457	471739	600000	0	0	239.96640939385429	531.14764325378474	3.1048669878693405
0	5	5	200	1	18229720080076684131	65	32501	33000	500	500	-1800.2491177669565	53.364773193206723	469667	600000	0	0	277.44279599679459	512.81992062342545	3.4098554538663861
0	5	5	200	1	18229720080076684131	66	33001	33500	500	500	-1829.7462256772153	54.673796177684892	470220	600000	0	0	250.24519789074054	528.0307306837467	4.455807834875726
0	5	5	200	1	18229720080076684131	67	33501	34000	500	500	-1786.2035124111055	53.424553044661913	469633	600000	0	0	273.4972116231408	490.80253764436236	2.2570790688010245
0	5	5	200	1	18229720080076684131	68	34001	34500	500	500	-1841.4692060474979	55.112505255533897	471330	600000	0	0	265.03733553097339	519.52737231071148	3.4355626507354216
0	5	5	200	1	18229720080076684131	69	34501	35000	500	500	-1881.5642421184928	54.154665786110563	470823	600000	0	0	274.16741015611132	526.41703954791353	3.4361113602976925
0	5	5	200	1	18229720080076684131	70	35001	35500	500	500	-1784.424139324979	54.755971533076114	471565	600000	0	0	241.04758098492837	516.40764069613158	3.9972012281097205
0	5	5	200	1	18229720080076684131	71	35501	36000	500	500	-1837.3390633130716	55.812636790457013	471846	600000	0	0	247.41235437346617	557.57186029063178	3.0491064679605442
0	5	5	200	1	18229720080076684131	72	36001	36500	500	500	-1774.4251846667146	55.000246136074814	472306	600000	0	0	262.55152197633464	505.50146150772292	1.6217795028402979
0	5	5	200	1	18229720080076684131	73	36501	37000	500	500	-1810.6230376986853	54.279650693054059	470462	600000	0	0	269.60994357480286	535.37458883611589	5.0745666664788294
0	5	5	200	1	18229720080076684131	74	37001	37500	500	500	-1884.1821397264391	55.06671900501911	471319	600000	0	0	249.16064156578656	570.9417482238706	2.0047918977885724
0	5	5	200	1	18229720080076684131	75	37501	38000	500	500	-1844.3762070921055	55.196048965252309	471313	600000	0	0	264.13660985609482	559.68351066160074	2.0810516697713117
0	5	5	200	1	18229720080076684131	76	38001	38500	500	500	-1769.2894419039819	54.300394847945668	470554	600000	0	0	245.74746781244983	563.70673671499287	5.9999053155727493
0	5	5	200	1	18229720080076684131	77	38501	39000	500	500	-1745.9577766433645	52.845954634314921	470204	600000	0	0	275.39050373713098	498.29645886922629	3.1582420441962649
0	5	5	200	1	18229720080076684131	78	39001	39500	500	500	-1862.4387223355041	56.192338380362237	472309	600000	0	0	252.56154896143696	528.26683955704766	2.3349056925272502
0	5	5	200	1	18229720080076684131	79	39501	40000	500	500	-1845.9220406994243	55.838727038151724	471424	600000	0	0	261.50936360764314	598.18184786025438	2.9345166058262624
0	5	5	200	1	18229720080076684131	80	40001	40500	500	500	-1832.3579456287489	55.208360736264964	471765	600000	0	0	255.32632350490408	523.78945148493426	2.5596140253216721
0	5	5	200	1	18229720080076684131	81	40501	41000	500	500	-1731.8941780916191	51.848253164834674	469497	600000	0	0	278.54308065188764	467.66218457238324	5.8387253458133657
0	5	5	200	1	18229720080076684131	82	41001	41500	500	500	-1804.8444587477932	53.96673029390174	470460	600000	0	0	253.26616614280013	524.90315426194627	8.0726145245727619
0	5	5	200	1	18229720080076684131	83	41501	42000	500	500	-1762.4366181466241	52.431252686518434	470566	600000	0	0	264.00489266627369	485.03741221735578	6.2218971245337258
0	5	5	200	1	18229720080076684131	84	42001	42500	500	500	-1916.3216606727076	55.697593563290013	472659	600000	0	0	261.8426372202976	552.09334771971396	2.2089584027687015
0	5	5	200	1	18229720080076684131	85	42501	43000	500	500	-1791.7423726461927	53.16510441681821	469314	600000	0	0	264.34614001894062	512.00290445018766	5.5152753225989448
0	5	5	200	1	18229720080076684131	86	43001	43500	500	500	-1764.5311966089819	52.298251686114966	468841	600000	0	0	265.63592134629312	473.3061754240594	1.7670847882586496
0	5	5	200	1	18229720080076684131	87	43501	44000	500	500	-1785.3683955452466	52.981107693898934	471848	600000	0	0	255.87140300201889	511.70682548359275	1.1540434763859193
0	5	5	200	1	18229720080076684131	88	44001	44500	500	500	-1819.6854817084086	53.825477951984965	470626	600000	0	0	275.53963628034762	537.70408066794448	3.4519540301555862
0	5	5	200	1	18229720080076684131	89	44501	45000	500	500	-1762.5114378505159	53.223693130458336	470719	600000	0	0	236.99231279702229	610.0171238700467	6.4460931076670889
0	5	5	200	1	18229720080076684131	90	45001	45500	500	500	-1827.1001215126068	53.861236300826214	470639	600000	0	0	239.23887770744625	540.69967972379891	4.1214610347982363
0	5	5	200	1	18229720080076684131	91	45501	46000	500	500	-1758.079921265467	54.376613777993683	470760	600000	0	0	254.47770684023229	529.47385476198474	4.7666329138159647
0	5	5	200	1	18229720080076684131	92	46001	46500	500	500	-1777.9793660413011	55.302898326572219	471284	600000	0	0	259.67845636206937	503.23635483949516	1.0722320821262894
0	5	5	200	1	18229720080076684131	93	46501	47000	500	500	-1802.2578035225645	54.38879909003164	472195	600000	0	0	276.94508572761146	479.38216787127777	2.5917794648831847
0	5	5	200	1	18229720080076684131	94	47001	47500	500	500	-1745.4872251724967	54.104075341044265	471843	600000	0	0	258.49023269071273	461.89437916510559	1.8687047568153499
0	5	5	200	1	18229720080076684131	95	47501	48000	500	500	-1824.9378470228926	55.076550898289298	469678	600000	0	0	262.555185030453	514.78426532283538	5.2702221053107383
0	5	5	200	1	18229720080076684131	96	48001	48500	500	500	-1784.2612407994834	54.521632390698365	469548	600000	0	0	267.58467915097873	512.42466845563331	1.8014502765818141
0	5	5	200	1	18229720080076684131	97	48501	49000	500	500	-1852.9143367895447	55.155569189697786	470954	600000	0	0	264.75507613741877	538.33292229894357	3.5617528866648356
0	5	5	200	1	18229720080076684131	98	49001	49500	500	500	-1762.8347332523433	57.008754309477382	471901	600000	0	0	250.67415239297475	525.08116952042292	3.6641009031084226
0	5	5	200	1	18229720080076684131	99	49501	50000	500	500	-1849.2029735797421	55.178722487063943	471630	600000	0	0	275.33302105344592	528.36005039326767	1.6222927312884381
0	5	5	200	2	17797830437054339663	0	1	500	500	500	-1809.7803361170436	52.934742167783938	469876	600000	0	0	233.93450542040986	541.86768495193633	6.4540560776631315
0	5	5	200	2	17797830437054339663	1	501	1000	500	500	-1832.2376452934895	55.070931098556883	471482	600000	0	0	271.16506600836169	499.50582194798039	2.2329879535260098
0	5	5	200	2	17797830437054339663	2	1001	1500	500	500	-1703.897623562787	53.463870894736459	471900	600000	0	0	265.90123639478981	465.69830925819468	5.011927431063377
0	5	5	200	2	17797830437054339663	3	1501	2000	500	500	-1799.6029465410224	55.88585274177089	471699	600000	0	0	252.29838913990642	495.37633843251513	2.7455132552711632
0	5	5	200	2	17797830437054339663	4	2001	2500	500	500	-1780.7000281270834	54.442782424644008	471395	600000	0	0	238.78040686664087	501.01623159516816	3.1513268515545745
0	5	5	200	2	17797830437054339663	5	2501	3000	500	500	-1805.8373832656489	56.709859681746359	471638	600000	0	0	270.84646132467873	603.44555875815456	1.9296904463807185
0	5	5	200	2	17797830437054339663	6	3001	3500	500	500	-1763.0368813451275	54.751701315267674	470430	600000	0	0	259.0670919754707	502.57853590044681	1.2473008297701598
0	5	5	200	2	17797830437054339663	7	3501	4000	500	500	-1820.1985115017317	54.15617651816396	470955	600000	0	0	245.99922600821074	521.91898192528845	2.389962425132321
0	5	5	200	2	17797830437054339663	8	4001	4500	500	500	-1794.0777688059277	55.079963129720369	471568	600000	0	0	258.32731916840117	538.07932257602499	4.2511169078498678
0	5	5	200	2	17797830437054339663	9	4501	5000	500	500	-1767.6920432327963	54.276206650168803	470028	600000	0	0	264.24071322465716	494.96674990658863	7.6897795848227286
0	5	5	200	2	17797830437054339663	10	5001	5500	500	500	-1866.4266644316567	54.564364661590332	472422	600000	0	0	279.61659053974853	504.45994028470102	1.3420861487333886
0	5	5	200	2	17797830437054339663	11	5501	6000	500	500	-1801.6781222669972	54.087387471878714	470191	600000	0	0	259.1972177960692	502.53333357647762	7.5334330006597892
0	5	5	200	2	17797830437054339663	12	6001	6500	500	500	-1806.6622040686739	53.686164017852612	471248	600000	0	0	255.84211278024065	514.05271571695448	5.243522009407859
0	5	5	200	2	17797830437054339663	13	6501	7000	500	500	-1763.1664403817317	54.222737356629473	470865	600000	0	0	257.31109618845522	507.80261585877338	5.28134980445052
0	5	5	200	2	17797830437054339663	14	7001	7500	500	500	-1786.3504540491592	53.177835863821798	470496	600000	0	0	268.12641876267628	512.31549873280267	2.8397180666111659
0	5	5	200	2	17797830437054339663	15	7501	8000	500	500	-1792.9073513637122	54.29528812221438	471071	600000	0	0	262.14883245977722	521.34252076954135	2.0934679496797224
0	5	5	200	2	17797830437054339663	16	8001	8500	500	500	-1716.8349120316484	54.472536673134471	471590	600000	0	0	254.52248480190025	483.56504434132046	3.7960063060963849
0	5	5	200	2	17797830437054339663	17	8501	9000	500	500	-1801.9528354751803	53.355153396759185	470446	600000	0	0	263.44147896592199	487.77651249778449	7.3377144042926146
0	5	5	200	2	17797830437054339663	18	9001	9500	500	500	-1810.6798278931001	54.901518388366235	471190	600000	0	0	260.5743245540134	524.93158410453759	4.3793887934540674
0	5	5	200	2	17797830437054339663	19	9501	10000	500	500	-1810.1668007036405	52.841211723635006	469747	600000	0	0	271.05132700344717	495.23799731570966	1.9399764667917081
0	5	5	200	2	17797830437054339663	20	10001	10500	500	500	-1822.8139398103931	56.145700601829212	472137	600000	0	0	258.49030890126653	520.2841975312183	1.9321287807930698
0	5	5	200	2	17797830437054339663	21	10501	11000	500	500	-1819.8712189963833	54.05282718950761	472308	600000	0	0	257.7241558481083	506.12078001031216	2.2954469169403646
0	5	5	200	2	17797830437054339663	22	11001	11500	500	500	-1837.4517182497204	55.561765494585941	471062	600000	0	0	235.5180376306424	526.17588140427199	4.998880829444591
0	5	5	200	2	17797830437054339663	23	11501	12000	500	500	-1778.1439977550549	54.079168940165104	470861	600000	0	0	250.67718446668968	519.3551127360995	8.9506644324938467
0	5	5	200	2	17797830437054339663	24	12001	12500	500	500	-1856.7963909667724	55.685431937436007	471598	600000	0	0	251.41062040536255	525.84039489710904	3.1894453788597392
0	5	5	200	2	17797830437054339663	25	12501	13000	500	500	-1724.6193642358069	52.639659904530028	470586	600000	0	0	258.84782191949091	495.83040279429855	0.63738701204337711
0	5	5	200	2	17797830437054339663	26	13001	13500	500	500	-1821.5108925423124	56.222029283965739	471151	600000	0	0	247.09040409598191	513.41759155389559	6.1056245493306642
0	5	5	200	2	17797830437054339663	27	13501	14000	500	500	-1775.7393300531251	51.470802784500343	468904	600000	0	0	254.62688262536304	549.48934451835203	7.8866577624148686
0	5	5	200	2	17797830437054339663	28	14001	14500	500	500	-1692.4845355165962	52.702730522146041	470919	600000	0	0	244.2441100094135	506.33888459152234	10.938292657188262
0	5	5	200	2	17797830437054339663	29	14501	15000	500	500	-1811.384109182846	55.411718220107417	471013	600000	0	0	288.03322513332864	575.43673720705044	2.3265408168910899
0	5	5	200	2	17797830437054339663	30	15001	15500	500	500	-1754.5525154439238	55.512502775593809	472085	600000	0	0	250.6950147776142	507.14809838141065	1.7073205021864728
0	5	5	200	2	17797830437054339663	31	15501	16000	500	500	-1837.2469633811822	54.555449620714242	473261	600000	0	0	269.2560318204869	522.17086937256317	3.2865635880320423
0	5	5	200	2	17797830437054339663	32	16001	16500	500	500	-1908.4202325466813	53.762847555518661	471145	600000	0	0	282.98054934192169	519.35635653014788	2.2041894660565999
0	5	5	200	2	17797830437054339663	33	16501	17000	500	500	-1796.2127134263337	54.908816730399174	471355	600000	0	0	258.53985274725846	482.96779470212016	1.453743436833101
0	5	5	200	2	17797830437054339663	34	17001	17500	500	500	-1889.0363291090009	55.435093431874996	472685	600000	0	0	265.08424480438748	559.24511259645578	2.5634196390782922
0	5	5	200	2	17797830437054339663	35	17501	18000	500	500	-1764.1319828872886	54.062111073571764	470464	600000	0	0	263.36755847177477	530.18893825074645	6.9252684782651253
0	5	5	200	2	17797830437054339663	36	18001	18500	500	500	-1799.0830113179813	55.156610472464017	471081	600000	0	0	249.38350173235716	492.35959925124303	0.40708870250304663
0	5	5	200	2	17797830437054339663	37	18501	19000	500	500	-1791.5964291353639	53.538967088247979	470734	600000	0	0	269.45423079964172	579.7667285064183	1.7117781640876018
0	5	5	200	2	17797830437054339663	38	19001	19500	500	500	-1822.0625836598228	54.337047295222568	471075	600000	0	0	252.56234412612662	530.48796778112307	2.2154604413735886
0	5	5	200	2	17797830437054339663	39	19501	20000	500	500	-1691.9482558104776	53.955437243280862	470771	600000	0	0	252.72573701059886	503.08848063835489	3.306543243795474
0	5	5	200	2	17797830437054339663	40	20001	20500	500	500	-1790.4001622188036	54.120465566157883	470116	600000	0	0	267.36283074204215	516.68350100057501	4.4458957864596345
0	5	5	200	2	17797830437054339663	41	20501	21000	500	500	-1760.7613819239416	54.106918379932466	471007	600000	0	0	253.16068469397987	533.66891997217613	4.6836895569532508
0	5	5	200	2	17797830437054339663	42	21001	21500	500	500	-1705.1460186627946	53.577707443441	470730	600000	0	0	264.67325207657785	458.6144334184778	1.7267715639678241
0	5	5	200	2	17797830437054339663	43	21501	22000	500	500	-1807.110613919974	55.688921347857679	471460	600000	0	0	261.148091475878	530.57649619905715	1.0155682915300124
0	5	5	200	2	17797830437054339663	44	22001	22500	500	500	-1808.3318751449142	56.392488258572016	472519	600000	0	0	266.49333630817978	516.14218497245849	1.0368327710885756
0	5	5	200	2	17797830437054339663	45	22501	23000	500	500	-1782.7414033581088	54.261159757429724	471128	600000	0	0	265.68540619565516	481.37471943053629	4.8497595481621882
0	5	5	200	2	17797830437054339663	46	23001	23500	500	500	-1819.5544997081543	53.771959074447118	470146	600000	0	0	260.27683600676204	579.40221381989568	6.7429816034489445
0	5	5	200	2	17797830437054339663	47	23501	24000	500	500	-1763.4176609536553	53.012168282138099	470995	600000	0	0	257.65575970988681	488.14375867841051	2.6915970980300581
0	5	5	200	2	17797830437054339663	48	24001	24500	500	500	-1814.0787018786855	53.642652194996529	470424	600000	0	0	255.98476420164221	617.96599196468799	8.0118541640156771
0	5	5	200	2	17797830437054339663	49	24501	25000	500	500	-1800.4793458357385	53.637396561207964	470827	600000	0	0	257.44756657244932	502.5846631719607	3.1008898961689026
0	5	5	200	2	17797830437054339663	50	25001	25500	500	500	-1802.5167105343598	54.436167508446914	471434	600000	0	0	260.09093464396432	587.77855725362565	4.2837759958168355
0	5	5	200	2	17797830437054339663	51	25501	26000	500	500	-1747.9390820534279	55.57220393589855	471130	600000	0	0	246.73113770918795	514.54121145147008	2.2180899937650596
0	5	5	200	2	17797830437054339663	52	26001	26500	500	500	-1849.4628266636653	56.704511882499403	473173	600000	0	0	270.03096361167132	522.39246739263911	2.4255848284963171
0	5	5	200	2	17797830437054339663	53	26501	27000	500	500	-1741.6504860308414	54.488862212093139	469895	600000	0	0	247.91558799880968	502.25968352325816	2.3512952984707982
0	5	5	200	2	17797830437054339663	54	27001	27500	500	500	-1785.7247573516986	53.457450429477099	471664	600000	0	0	254.84887084224545	514.22838381804831	4.7135720374821011
0	5	5	200	2	17797830437054339663	55	27501	28000	500	500	-1840.654665656818	54.930579820223159	471134	600000	0	0	248.48846269862608	512.02279428394456	4.2160291849964517
0	5	5	200	2	17797830437054339663	56	28001	28500	500	500	-1801.775714409797	53.264024000910375	470563	600000	0	0	267.92891414556976	513.37688834355288	3.9793633658965275
0	5	5	200	2	17797830437054339663	57	28501	29000	500	500	-1784.6278402558207	52.892523016902899	469377	600000	0	0	253.22911737077587	512.42330997841066	7.3029849842680221
0	5	5	200	2	17797830437054339663	58	29001	29500	500	500	-1761.644951230563	54.377462035719645	471449	600000	0	0	254.74842991657883	540.46773479721458	3.5642701809319433
0	5	5	200	2	17797830437054339663	59	29501	30000	500	500	-1801.6875646116387	55.094860698105336	471905	600000	0	0	260.44237567281448	578.52684405105902	4.3039981635883526
0	5	5	200	2	17797830437054339663	60	30001	30500	500	500	-1836.7209626375354	54.862447810180967	471343	600000	0	0	270.40042931138674	554.2502149038969	3.0144670468985524
0	5	5	200	2	17797830437054339663	61	30501	31000	500	500	-1728.5129254422379	52.772634850641325	470287	600000	0	0	251.95958564232347	466.97017925655985	6.2107576405734468
0	5	5	200	2	17797830437054339663	62	31001	31500	500	500	-1772.2031123379331	55.068625060051616	470049	600000	0	0	244.86094616125467	525.87345072946505	5.2850594288229367
0	5	5	200	2	17797830437054339663	63	31501	32000	500	500	-1799.9853983470448	54.072362065940951	470751	600000	0	0	278.15282637404448	525.43609095029319	1.7489543705072021
0	5	5	200	2	17797830437054339663	64	32001	32500	500	500	-1836.7625757449207	54.512409647974316	471401	600000	0	0	273.4691009193329	521.44012701061263	3.5839281384078645
0	5	5	200	2	17797830437054339663	65	32501	33000	500	500	-1782.7090241396622	54.754439446253549	469723	600000	0	0	243.93189810453134	532.97303396708685	4.4706331520069664
0	5	5	200	2	17797830437054339663	66	33001	33500	500	500	-1778.3549000023511	53.181326188178836	469445	600000	0	0	271.36386887562287	509.87580913722775	4.6096479380218156
0	5	5	200	2	17797830437054339663	67	33501	34000	500	500	-1804.6277961040316	54.702270287601621	472453	600000	0	0	257.45165404369214	492.98313950115011	3.947404938210783
0	5	5	200	2	17797830437054339663	68	34001	34500	500	500	-1771.2766695825508	57.188054243879847	470882	600000	0	0	236.50323123359573	530.24019419394028	2.0154058414614893
0	5	5	200	2	17797830437054339663	69	34501	35000	500	500	-1900.6826602510807	55.586562050208258	472202	600000	0	0	272.79056022493484	547.48475878197121	1.2394855426823692
0	5	5	200	2	17797830437054339663	70	35001	35500	500	500	-1682.8402044009581	54.551341959625006	471062	600000	0	0	244.94295787732656	477.32613914919455	8.5554365125203624
0	5	5	200	2	17797830437054339663	71	35501	36000	500	500	-1779.386114592053	53.752016812161251	470590	600000	0	0	269.73984884113861	483.22718095071224	2.2373860785171087
0	5	5	200	2	17797830437054339663	72	36001	36500	500	500	-1785.083208679624	53.541136242864575	470795	600000	0	0	258.863410143897	507.57234812003895	6.8178929151093337
0	5	5	200	2	17797830437054339663	73	36501	37000	500	500	-1795.9620841169171	51.620866032658611	468656	600000	0	0	259.66436724489421	542.76995858140651	11.146510603566327
0	5	5	200	2	17797830437054339663	74	37001	37500	500	500	-1763.4135233381728	53.569661502044433	468379	600000	0	0	268.02217082211052	512.99883616958903	9.2424044346082734
0	5	5	200	2	17797830437054339663	75	37501	38000	500	500	-1824.6739775964738	55.810093518860072	471555	600000	0	0	264.78985262421293	489.97566039894184	2.5201867324623879
0	5	5	200	2	17797830437054339663	76	38001	38500	500	500	-1814.923654220705	54.233423738479992	470520	600000	0	0	275.57480496791197	498.1918037761489	2.4262145634924122
0	5	5	200	2	17797830437054339663	77	38501	39000	500	500	-1818.5426260293734	53.695329331387903	471631	600000	0	0	290.11116356489475	495.48996810517974	3.101524932861238
0	5	5	200	2	17797830437054339663	78	39001	39500	500	500	-1864.9203683272513	55.487559695517916	472200	600000	0	0	260.00591112440105	532.48143284938942	0.93788285197929666
0	5	5	200	2	17797830437054339663	79	39501	40000	500	500	-1796.4928015231346	54.780586514428215	471476	600000	0	0	258.34451139064129	500.22149969675826	4.3123526476583782
0	5	5	200	2	17797830437054339663	80	40001	40500	500	500	-1793.2118115259066	55.292972876926278	470543	600000	0	0	245.33393041940246	517.4316997569772	6.3166949087938953
0	5	5	200	2	17797830437054339663	81	40501	41000	500	500	-1902.129960387628	55.572868291812441	474080	600000	0	0	274.17751108663475	526.73086385820386	1.1553398878416274
0	5	5	200	2	17797830437054339663	82	41001	41500	500	500	-1806.7236775666513	53.201580446685639	470303	600000	0	0	263.60985059001092	557.75487624761229	6.4470387442160337
0	5	5	200	2	17797830437054339663	83	41501	42000	500	500	-1800.8164124957418	53.620478259378245	471038	600000	0	0	266.77342078948936	539.43639710449975	2.4522867484952031
0	5	5	200	2	17797830437054339663	84	42001	42500	500	500	-1864.2581123589434	54.224257114031474	471675	600000	0	0	288.19040925627229	525.0293465666947	0.42553762391793032
0	5	5	200	2	17797830437054339663	85	42501	43000	500	500	-1808.6637564434909	54.595742188610181	472349	600000	0	0	247.15885700441478	528.72620497123216	3.018252969685761
0	5	5	200	2	17797830437054339663	86	43001	43500	500	500	-1792.8820789645474	54.397219146341776	470866	600000	0	0	298.09828789748536	475.28541561016391	1.1028157324203327
0	5	5	200	2	17797830437054339663	87	43501	44000	500	500	-1828.9341265296289	54.189972038006246	470221	600000	0	0	263.57735284978537	513.61285513940709	4.4371839458511921
0	5	5	200	2	17797830437054339663	88	44001	44500	500	500	-1800.8853308769772	54.51281313735354	471095	600000	0	0	252.46033341343926	502.4222010573082	7.8258942329873413
0	5	5	200	2	17797830437054339663	89	44501	45000	500	500	-1773.2146550019261	52.93355279688361	469975	600000	0	0	262.72828097696237	492.17288695279615	3.9700756651668221
0	5	5	200	2	17797830437054339663	90	45001	45500	500	500	-1751.180298445923	53.08418899085455	470407	600000	0	0	271.93526812536987	487.77050863689703	2.1013973883935022
0	5	5	200	2	17797830437054339663	91	45501	46000	500	500	-1808.0453282609412	53.771587501480319	470497	600000	0	0	259.76159354753281	518.96442262084679	4.0228318309544724
0	5	5	200	2	17797830437054339663	92	46001	46500	500	500	-1795.8789315028962	54.007514920796496	471001	600000	0	0	260.89608085171579	504.59508292680619	2.469286751955341
0	5	5	200	2	17797830437054339663	93	46501	47000	500	500	-1784.1430134051811	53.503747741550669	472061	600000	0	0	254.27609170872901	521.1963929554887	1.3268617521252848
0	5	5	200	2	17797830437054339663	94	47001	47500	500	500	-1790.1386467282605	55.4939599307625	472197	600000	0	0	265.85110444746681	487.40506079687952	0.78984688655597668
0	5	5	200	2	17797830437054339663	95	47501	48000	500	500	-1800.5381103645311	54.148560005348209	471902	600000	0	0	256.35029773478323	527.5410272861468	2.4416439275338089
0	5	5	200	2	17797830437054339663	96	48001	48500	500	500	-1803.0177732397738	54.855981674183369	470578	600000	0	0	281.28404357191181	486.56662174157145	2.8114776685957943
0	5	5	200	2	17797830437054339663	97	48501	49000	500	500	-1773.4590944615961	53.668488917971132	470674	600000	0	0	250.25057959057222	500.19506468005761	6.6007900763316245
0	5	5	200	2	17797830437054339663	98	49001	49500	500	500	-2025.1307402066816	46.274049372286072	468703	600000	0	0	239.83645016889497	4734.9687839150956	11.652744682696916
0	5	5	200	2	17797830437054339663	99	49501	50000	500	500	-1738.2141570362535	53.404628191748813	470262	600000	0	0	258.5373010668896	451.71076000187816	5.9090666914141741
0	5	5	200	3	10071114647262929076	0	1	500	500	500	-1744.5517901423459	53.053444007057806	468922	600000	0	0	261.21037172475388	479.48723198670604	4.1126206953204409
0	5	5	200	3	10071114647262929076	1	501	1000	500	500	-1833.3435880724212	54.348940582783257	470044	600000	0	0	266.74295154225348	520.4686410305743	3.4533682731182926
0	5	5	200	3	10071114647262929076	2	1001	1500	500	500	-1767.4266301429773	53.240468585187195	469821	600000	0	0	258.72486833268363	524.2532448249442	7.1022615953611368
0	5	5	200	3	10071114647262929076	3	1501	2000	500	500	-1772.9211227047538	55.409068716041723	471600	600000	0	0	275.33276401761009	533.57167302929099	1.7368248852463752
0	5	5	200	3	10071114647262929076	4	2001	2500	500	500	-1691.4463751483195	53.325882152670751	470015	600000	0	0	276.83311192889124	459.60839114416672	6.7685778134521506
0	5	5	200	3	10071114647262929076	5	2501	3000	500	500	-1727.897018986027	52.575701406574396	471198	600000	0	0	273.62684581222328	491.24758749427417	1.8077454729025308
0	5	5	200	3	10071114647262929076	6	3001	3500	500	500	-1824.9502321502232	57.679859059201554	472959	600000	0	0	258.32880004892951	495.60693710109041	1.2096404587278942
0	5	5	200	3	10071114647262929076	7	3501	4000	500	500	-1856.2363428771389	53.906904255924992	472086	600000	0	0	253.41184762008086	564.7885658526593	3.2811411486470861
0	5	5	200	3	10071114647262929076	8	4001	4500	500	500	-1782.3080287793136	53.632467966732158	470269	600000	0	0	253.78989561204295	504.8690113253287	7.8825375202108905
0	5	5	200	3	10071114647262929076	9	4501	5000	500	500	-1812.4575983128002	55.139048599126674	470796	600000	0	0	260.15503559967561	524.24117234884022	3.8441344900042473
0	5	5	200	3	10071114647262929076	10	5001	5500	500	500	-1750.4680431793352	55.442216977657154	471106	600000	0	0	228.2038777708988	538.07793837985969	3.76660276008145
0	5	5	200	3	10071114647262929076	11	5501	6000	500	500	-1702.0195679417234	49.797879055552563	465528	600000	0	0	246.33768339143626	502.56605875718276	19.273121782110163
0	5	5	200	3	10071114647262929076	12	6001	6500	500	500	-1788.8436753037117	53.939576410005905	469709	600000	0	0	253.76191008331935	517.7050095355296	7.2321117365133993
0	5	5	200	3	10071114647262929076	13	6501	7000	500	500	-1799.8831126479693	53.901345026853285	470677	600000	0	0	274.41161196001303	489.44293002227516	0.56829743883540029
0	5	5	200	3	10071114647262929076	14	7001	7500	500	500	-1822.5079165361738	54.730453896695863	470682	600000	0	0	247.21660650189077	625.78198035310481	3.8883810468261371
0	5	5	200	3	10071114647262929076	15	7501	8000	500	500	-1802.8477723705348	53.935305853249325	471158	600000	0	0	240.60054010803506	544.19314715822964	7.9800055154375764
0	5	5	200	3	10071114647262929076	16	8001	8500	500	500	-1758.1793587575603	54.3742405128312	471881	600000	0	0	251.73745941886659	478.73687001105088	2.3103478922561749
0	5	5	200	3	10071114647262929076	17	8501	9000	500	500	-1765.4140091896143	51.936986202189651	470153	600000	0	0	244.02901596807854	532.28641081997671	7.42832717893587
0	5	5	200	3	10071114647262929076	18	9001	9500	500	500	-1783.6224634431187	52.791228354227016	469583	600000	0	0	281.08947529934204	501.95520997261769	0.90406764302451714
0	5	5	200	3	10071114647262929076	19	9501	10000	500	500	-1803.7841322731695	53.345150264172467	471092	600000	0	0	271.47331456422114	502.3852486085749	1.165737991126605
0	5	5	200	3	10071114647262929076	20	10001	10500	500	500	-1835.3554569197595	55.325630936682458	472561	600000	0	0	263.14467743923819	510.87462475052001	1.9459441937406654
0	5	5	200	3	10071114647262929076	21	10501	11000	500	500	-1824.6195189145301	55.24561147216523	471981	600000	0	0	250.7854718463764	522.95402736231006	4.2801324498758033
0	5	5	200	3	10071114647262929076	22	11001	11500	500	500	-1761.7658018242385	53.05472932851206	468611	600000	0	0	264.78520961542472	508.79711004113096	4.2344007889220858
0	5	5	200	3	10071114647262929076	23	11501	12000	500	500	-1786.653659882556	55.044296687372224	472069	600000	0	0	263.20288648012695	498.77161473167155	1.347294871249245
0	5	5	200	3	10071114647262929076	24	12001	12500	500	500	-1734.7532336794363	54.563204350550691	471204	600000	0	0	276.00823205227562	464.17674185299427	3.0882327042831923
0	5	5	200	3	10071114647262929076	25	12501	13000	500	500	-1795.6577238601346	56.229464226187019	471333	600000	0	0	257.53595745836748	499.39330410366745	0.79768672491121051
0	5	5	200	3	10071114647262929076	26	13001	13500	500	500	-1839.0922375326429	53.533345688872132	472654	600000	0	0	273.19657165730217	554.50058793583139	1.8251998771982496
0	5	5	200	3	10071114647262929076	27	13501	14000	500	500	-1711.1497547826989	52.087959662772043	469799	600000	0	0	270.54434721768303	468.33215008506681	3.0090063237239599
0	5	5	200	3	10071114647262929076	28	14001	14500	500	500	-1830.5091885697823	53.707885916879931	471502	600000	0	0	276.99598955992394	530.41700211238424	3.6294488365090283
0	5	5	200	3	10071114647262929076	29	14501	15000	500	500	-1686.8609545148165	52.563482859070113	471149	600000	0	0	254.73853049817598	492.94362204688196	3.9124493845119019
0	5	5	200	3	10071114647262929076	30	15001	15500	500	500	-1751.4675427764164	55.603075515505118	471582	600000	0	0	265.63452434329281	503.00850017115715	2.4871134733489391
0	5	5	200	3	10071114647262929076	31	15501	16000	500	500	-1879.819618191158	53.241860139582165	470674	600000	0	0	253.3828889517915	602.20417222941933	7.061791918635218
0	5	5	200	3	10071114647262929076	32	16001	16500	500	500	-1822.1837999278639	54.980371875330519	471283	600000	0	0	247.19824953100789	560.8308654572794	4.9376925254348611
0	5	5	200	3	10071114647262929076	33	16501	17000	500	500	-1805.0572278503455	52.64602252684378	470843	600000	0	0	256.71734047965822	490.29627414799035	5.0598267695994732
0	5	5	200	3	10071114647262929076	34	17001	17500	500	500	-1807.1104583164679	55.479001795195394	471477	600000	0	0	254.18314135644607	536.35995620388064	6.8155792252326322
0	5	5	200	3	10071114647262929076	35	17501	18000	500	500	-1748.0549027557649	54.223957902164571	470773	600000	0	0	245.8241391393658	505.52568345313995	6.3189603408378918
0	5	5	200	3	10071114647262929076	36	18001	18500	500	500	-1787.392992118446	53.98477569336697	469753	600000	0	0	247.25309540020478	509.18194460393835	10.796875985031281
0	5	5	200	3	10071114647262929076	37	18501	19000	500	500	-1765.5729654742481	53.517679604030512	471014	600000	0	0	288.6313440444012	471.73169526778622	1.6808248546096309
0	5	5	200	3	10071114647262929076	38	19001	19500	500	500	-1802.1030550766616	55.603673849446146	471392	600000	0	0	254.67695782604295	500.73772107626428	6.1699390701022638
0	5	5	200	3	10071114647262929076	39	19501	20000	500	500	-1778.8315339055687	54.972535969771009	471332	600000	0	0	267.75394434174194	479.61320949264262	5.013257095251431
0	5	5	200	3	10071114647262929076	40	20001	20500	500	500	-1796.7674407383799	54.892070759738459	472034	600000	0	0	247.37256004035268	514.88300897856084	2.1863680026928329
0	5	5	200	3	10071114647262929076	41	20501	21000	500	500	-1828.278695278759	54.925611150065265	471685	600000	0	0	249.58939945998586	527.82876932101772	1.7827882364580072
0	5	5	200	3	10071114647262929076	42	21001	21500	500	500	-1767.9321481005529	55.168913253055109	471158	600000	0	0	280.41050285944738	481.45274038246851	2.2769498957737153
0	5	5	200	3	10071114647262929076	43	21501	22000	500	500	-1754.0378705658902	53.626148954555113	472418	600000	0	0	274.28230638562275	470.17644843956691	3.8926250961192901
0	5	5	200	3	10071114647262929076	44	22001	22500	500	500	-1791.5220216189894	53.029808327139001	471388	600000	0	0	270.37212729493621	526.17704300101934	5.3069072606422596
0	5	5	200	3	10071114647262929076	45	22501	23000	500	500	-1882.4180749615598	54.232392692866867	469668	600000	0	0	258.04293670026379	548.78453679423455	5.6961934139083787
0	5	5	200	3	10071114647262929076	46	23001	23500	500	500	-1739.1322501508098	53.196688109742091	469959	600000	0	0	247.21500283663693	502.13653250170398	7.2159640262767697
0	5	5	200	3	10071114647262929076	47	23501	24000	500	500	-1820.0023319561724	54.988856552895768	470220	600000	0	0	245.62141573679901	560.44680798705065	5.5291965868733222
0	5	5	200	3	10071114647262929076	48	24001	24500	500	500	-1762.846570466234	56.07538531832973	471911	600000	0	0	241.66174058013578	498.58751696574302	1.3139626375180662
0	5	5	200	3	10071114647262929076	49	24501	25000	500	500	-1782.6948917608531	54.146399553698167	472030	600000	0	0	242.8686926511788	528.84049892950429	5.9987901912102375
0	5	5	200	3	10071114647262929076	50	25001	25500	500	500	-1781.9213187149471	55.035598070688877	471722	600000	0	0	269.67430137265342	516.70114537521476	1.3460676624313643
0	5	5	200	3	10071114647262929076	51	25501	26000	500	500	-1779.2461142673544	52.826654941718104	471578	600000	0	0	263.57304084648842	500.80874033297971	0.17267005773515684
0	5	5	200	3	10071114647262929076	52	26001	26500	500	500	-1768.9261847335581	53.767997050950392	470523	600000	0	0	259.64683347565142	483.65604719186376	5.42594507760918
0	5	5	200	3	10071114647262929076	53	26501	27000	500	500	-1883.7816200865618	53.54917617887574	469581	600000	0	0	245.29820718442954	556.81867007773178	11.834958922755561
0	5	5	200	3	10071114647262929076	54	27001	27500	500	500	-1858.8336377702244	55.133366264318461	470959	600000	0	0	244.67823847384204	564.93814466617039	5.6627927638593123
0	5	5	200	3	10071114647262929076	55	27501	28000	500	500	-1818.2464226987659	54.54537563199608	470097	600000	0	0	261.90044216936866	569.278512726754	5.2480439057315174
0	5	5	200	3	10071114647262929076	56	28001	28500	500	500	-1838.2051041332863	55.496847297148918	473253	600000	0	0	253.39820320121942	504.64813181324746	1.010860594721495
0	5	5	200	3	10071114647262929076	57	28501	29000	500	500	-1786.7714920750618	55.168561707268132	470726	600000	0	0	267.86251196602922	483.70942382412818	2.9870384846382625
0	5	5	200	3	10071114647262929076	58	29001	29500	500	500	-1824.6082895449431	53.845570499379512	470984	600000	0	0	276.92880283767425	514.20129045478802	1.8753760410201863
0	5	5	200	3	10071114647262929076	59	29501	30000	500	500	-1768.6126873902138	54.468060369882203	470481	600000	0	0	261.06884422802142	494.69022031398464	4.8304220088378749
0	5	5	200	3	10071114647262929076	60	30001	30500	500	500	-1759.5965115293689	53.883859986449266	470764	600000	0	0	263.81086761652614	484.67661473700349	2.8736964284637341
0	5	5	200	3	10071114647262929076	61	30501	31000	500	500	-1700.3259572713453	52.743280244821953	471905	600000	0	0	260.00531233502147	504.38213239656841	3.9617782233475261
0	5	5	200	3	10071114647262929076	62	31001	31500	500	500	-1799.6521965959553	54.007270999199626	469542	600000	0	0	248.78376023045448	529.73115830824622	6.0835739938839843
0	5	5	200	3	10071114647262929076	63	31501	32000	500	500	-1734.6741598363894	52.455739219585993	470340	600000	0	0	250.82135004539273	508.5671680920546	9.9955427443231173
0	5	5	200	3	10071114647262929076	64	32001	32500	500	500	-1781.8694085445313	53.223258444142822	471067	600000	0	0	268.98595542290349	531.26803891287273	2.9370924231522761
0	5	5	200	3	10071114647262929076	65	32501	33000	500	500	-1797.5151414060324	54.3217477685074	472011	600000	0	0	249.37845039310676	522.14537482895503	2.9813188971687801
0	5	5	200	3	10071114647262929076	66	33001	33500	500	500	-1814.4727794937148	54.667001824955108	469543	600000	0	0	250.00910674369993	514.38060135605576	9.302038421454057
0	5	5	200	3	10071114647262929076	67	33501	34000	500	500	-1809.6004103922946	56.37776701322462	470920	600000	0	0	263.32857114536438	500.32939334905819	1.967582300386751
0	5	5	200	3	10071114647262929076	68	34001	34500	500	500	-1829.2814107271704	54.75440529135394	470297	600000	0	0	270.29578281813622	508.99221622738662	3.7690093151349648
0	5	5	200	3	10071114647262929076	69	34501	35000	500	500	-1754.117777391803	52.942081968821363	469866	600000	0	0	260.23831305342355	490.47699163275649	6.7510124266416751
0	5	5	200	3	10071114647262929076	70	35001	35500	500	500	-1826.5744611943619	53.89551016149349	468083	600000	0	0	275.3224965082419	500.55074913501278	4.4618640994484666
0	5	5	200	3	10071114647262929076	71	35501	36000	500	500	-1754.696253300652	53.304223609800516	469789	600000	0	0	257.8613424572801	544.35033865284242	4.1541740309920403
0	5	5	200	3	10071114647262929076	72	36001	36500	500	500	-1723.0481415262752	53.679355704020104	470082	600000	0	0	280.99989396935132	451.96295545981911	4.102342036812729
0	5	5	200	3	10071114647262929076	73	36501	37000	500	500	-1894.1887246208505	53.730223713021068	469556	600000	0	0	221.31336528250253	580.73134344027835	10.531382210511488
0	5	5	200	3	10071114647262929076	74	37001	37500	500	500	-1799.5130215159452	53.842550621517546	471218	600000	0	0	242.50237605924778	502.4826150761848	6.1325976434645346
0	5	5	200	3	10071114647262929076	75	37501	38000	500	500	-1794.8861385595446	54.534659139495645	470012	600000	0	0	261.30347775293188	536.1914153345889	4.3328958629396608
0	5	5	200	3	10071114647262929076	76	38001	38500	500	500	-1754.9535954494061	52.527017952414006	468565	600000	0	0	250.86243654335442	526.3348395940701	10.910536910309503
0	5	5	200	3	10071114647262929076	77	38501	39000	500	500	-1778.4612457705553	54.236389192097427	470780	600000	0	0	260.40384161051418	520.69109354662976	2.5615841916134023
0	5	5	200	3	10071114647262929076	78	39001	39500	500	500	-1735.9630195503696	53.481863490993945	471535	600000	0	0	265.94691425021898	455.27840044970378	3.8883805905102022
0	5	5	200	3	10071114647262929076	79	39501	40000	500	500	-1781.5392053358958	53.380701634680506	469280	600000	0	0	284.10562470738535	484.77144073485579	5.3491052852649652
0	5	5	200	3	10071114647262929076	80	40001	40500	500	500	-1866.1799118913111	54.848448554203934	472573	600000	0	0	267.51892462544913	526.83934047000912	1.7413230257402006
0	5	5	200	3	10071114647262929076	81	40501	41000	500	500	-1798.0471583882415	54.486745890958161	472209	600000	0	0	284.3976116217483	487.45199060134468	2.628811254238443
0	5	5	200	3	10071114647262929076	82	41001	41500	500	500	-1798.5246978804978	51.772023431601781	470088	600000	0	0	276.02001338276631	526.19118087563641	4.612409214546104
0	5	5	200	3	10071114647262929076	83	41501	42000	500	500	-1760.8130984408965	51.35312211940883	469263	600000	0	0	245.10892652459879	505.20993314342331	8.3839135233611035
0	5	5	200	3	10071114647262929076	84	42001	42500	500	500	-1865.5261582772926	55.511773060901241	472748	600000	0	0	251.78379971325742	544.51885793671249	4.1052597998857445
0	5	5	200	3	10071114647262929076	85	42501	43000	500	500	-1786.1381779790165	53.700847873123031	471859	600000	0	0	264.15659912913281	504.20978575388654	3.7559870671509668
0	5	5	200	3	10071114647262929076	86	43001	43500	500	500	-1786.5817162014882	54.272257810879992	470319	600000	0	0	265.47015243172962	525.55376841715474	6.427857090332215
0	5	5	200	3	10071114647262929076	87	43501	44000	500	500	-1821.4100380676364	55.736518886360258	471372	600000	0	0	262.9240456277218	548.17610274890433	3.3710555319603479
0	5	5	200	3	10071114647262929076	88	44001	44500	500	500	-1870.0779945265497	55.650994028472674	472228	600000	0	0	249.45629905652797	543.6514378936954	0.763429354074177
0	5	5	200	3	10071114647262929076	89	44501	45000	500	500	-1748.2977577553447	55.242986588011121	471400	600000	0	0	244.95644791095754	487.77713284180663	7.1648172390138738
0	5	5	200	3	10071114647262929076	90	45001	45500	500	500	-1858.1691954983091	54.957413933331573	471649	600000	0	0	272.33419063975822	534.49963339069905	2.0986243522217327
0	5	5	200	3	10071114647262929076	91	45501	46000	500	500	-1779.017802234725	52.955718292735817	470016	600000	0	0	266.71673903837888	542.9129959473197	5.859289424996037
0	5	5	200	3	10071114647262929076	92	46001	46500	500	500	-1815.731831844975	52.998204382494805	470742	600000	0	0	253.01836880115636	534.81855869931633	6.8412665662667456
0	5	5	200	3	10071114647262929076	93	46501	47000	500	500	-1821.9134939865555	56.165716333342502	470450	600000	0	0	265.57991760322011	514.28525698732858	5.2117942141002773
0	5	5	200	3	10071114647262929076	94	47001	47500	500	500	-1822.1887162649314	54.44778536388074	469683	600000	0	0	263.67640712244463	504.5401191194652	6.2337802005740404
0	5	5	200	3	10071114647262929076	95	47501	48000	500	500	-1748.5489970563435	52.899988424286484	470602	600000	0	0	262.60285711536335	502.43824140816344	6.9923529518840057
0	5	5	200	3	10071114647262929076	96	48001	48500	500	500	-1823.4830921779121	55.284158877737994	470605	600000	0	0	239.70952396939882	506.87697393736084	5.5065651147030916
0	5	5	200	3	10071114647262929076	97	48501	49000	500	500	-1893.2015948166681	53.444776960251929	471121	600000	0	0	273.62432897545881	542.57631041487912	1.4048226488697457
0	5	5	200	3	10071114647262929076	98	49001	49500	500	500	-1784.6652405849391	54.241350943841013	471641	600000	0	0	260.30546589591847	510.36999396553546	0.99997894468378046
0	5	5	200	3	10071114647262929076	99	49501	50000	500	500	-1841.1570119266021	54.421286410822859	470615	600000	0	0	260.55483213722357	522.9458837654787	2.7374306635339138
0	5	5	200	4	15007541783109712595	0	1	500	500	500	-1726.0466930969565	54.21934137045114	470865	600000	0	0	257.26072090900277	482.27010012507526	7.0633952999909724
0	5	5	200	4	15007541783109712595	1	501	1000	500	500	-1766.1418835106244	54.808055034704743	470918	600000	0	0	273.65150623137822	497.0395901959547	3.5031090408520003
0	5	5	200	4	15007541783109712595	2	1001	1500	500	500	-1788.4897187681097	51.569127534971372	469871	600000	0	0	285.54555595757915	512.41812722777036	11.22137185144741
0	5	5	200	4	15007541783109712595	3	1501	2000	500	500	-1819.8368954046705	55.451904717481256	471553	600000	0	0	246.01511674242241	519.53853361111442	4.210415422248647
0	5	5	200	4	15007541783109712595	4	2001	2500	500	500	-1799.4629329406253	53.061604883173246	469215	600000	0	0	268.6866233031709	502.73380951855461	2.6918437415621179
0	5	5	200	4	15007541783109712595	5	2501	3000	500	500	-1818.0638968195633	54.481756561381523	471402	600000	0	0	260.40326719139574	536.00112242655439	3.6279033506430149
0	5	5	200	4	15007541783109712595	6	3001	3500	500	500	-1809.1146805760843	55.427643268487763	471621	600000	0	0	248.28059616732665	582.98891352777912	2.9257719394938109
0	5	5	200	4	15007541783109712595	7	3501	4000	500	500	-1867.0719881933114	55.622371827278833	472725	600000	0	0	245.41141269166187	520.69080000185181	0.30295174283342374
0	5	5	200	4	15007541783109712595	8	4001	4500	500	500	-1764.7207271177228	55.020838273077224	470713	600000	0	0	271.52537860213687	489.32991571956393	2.4508913964837844
0	5	5	200	4	15007541783109712595	9	4501	5000	500	500	-1828.8125917003324	54.445359385843453	471697	600000	0	0	263.89861972587374	514.61689028434921	0.46287702729227354
0	5	5	200	4	15007541783109712595	10	5001	5500	500	500	-1812.7816438733171	54.23055575163486	472189	600000	0	0	244.50793263715741	532.19533196439181	5.5366206477022466
0	5	5	200	4	15007541783109712595	11	5501	6000	500	500	-1786.7687204497997	54.279765208100272	470293	600000	0	0	245.32022656371629	500.653022404924	10.788976787709059
0	5	5	200	4	15007541783109712595	12	6001	6500	500	500	-1780.8063249995578	54.287686226312466	472576	600000	0	0	269.66945470065684	471.58860313941329	2.8107259477116959
0	5	5	200	4	15007541783109712595	13	6501	7000	500	500	-1749.3723421921129	54.48796087278437	470593	600000	0	0	275.22955422932779	485.02241790142784	3.2460078648330533
0	5	5	200	4	15007541783109712595	14	7001	7500	500	500	-1860.053898675995	56.104980987204499	470758	600000	0	0	251.53191790744583	522.39819089631806	4.625365767318069
0	5	5	200	4	15007541783109712595	15	7501	8000	500	500	-1871.1867267088967	54.891477160157329	472350	600000	0	0	262.12551285418579	530.14570857534716	1.6456987084304844
0	5	5	200	4	15007541783109712595	16	8001	8500	500	500	-1767.6104684568306	54.538122782321658	470967	600000	0	0	286.96823215960706	480.64182837608098	4.0384690634279501
0	5	5	200	4	15007541783109712595	17	8501	9000	500	500	-1802.8448097612697	54.863295692786622	471785	600000	0	0	259.24035567205061	474.78779348978827	0.60123499060166175
0	5	5	200	4	15007541783109712595	18	9001	9500	500	500	-1760.8451377984979	53.888279713296434	470819	600000	0	0	244.52784841830362	478.82338489978213	5.55950288235407
0	5	5	200	4	15007541783109712595	19	9501	10000	500	500	-1793.19911227736	54.495264668099715	472788	600000	0	0	259.51250018297588	496.09920544904929	2.5009754808442941
0	5	5	200	4	15007541783109712595	20	10001	10500	500	500	-1782.8201595275298	55.446920542079951	471439	600000	0	0	256.55394146737831	501.30222963803647	10.109987211415781
0	5	5	200	4	15007541783109712595	21	10501	11000	500	500	-1809.2110910351146	53.823108574716152	470883	600000	0	0	262.68093438678744	516.38734868841243	0.27033600598008417
0	5	5	200	4	15007541783109712595	22	11001	11500	500	500	-1792.6257947772642	52.77174331761325	471278	600000	0	0	260.05686680086518	495.46361758347552	5.9225306567087168
0	5	5	200	4	15007541783109712595	23	11501	12000	500	500	-1837.1190779172691	51.836185942442029	470110	600000	0	0	239.3135831957994	571.00584541293642	12.569918944529499
0	5	5	200	4	15007541783109712595	24	12001	12500	500	500	-1878.7464738346941	55.559307582869657	472728	600000	0	0	265.8853826903707	622.75905435080847	2.7856991339316681
0	5	5	200	4	15007541783109712595	25	12501	13000	500	500	-1808.265711313474	55.065918106984633	471251	600000	0	0	258.38417960029506	499.12821421493885	1.8529529179675097
0	5	5	200	4	15007541783109712595	26	13001	13500	500	500	-1841.634100707131	54.718571120166231	470636	600000	0	0	265.60761410963772	527.37104925552751	3.1828045552357986
0	5	5	200	4	15007541783109712595	27	13501	14000	500	500	-1909.8424574606279	54.824519136774235	472856	600000	0	0	263.34332624999428	552.74307097589667	1.1686217048988556
0	5	5	200	4	15007541783109712595	28	14001	14500	500	500	-1836.6400538715613	54.93282135349012	470909	600000	0	0	266.55398416289376	507.57026390025135	0.14110247119701155
0	5	5	200	4	15007541783109712595	29	14501	15000	500	500	-1807.6498285689263	52.960182122308382	470865	600000	0	0	266.15717945229261	543.85274013854405	3.2943754903547955
0	5	5	200	4	15007541783109712595	30	15001	15500	500	500	-1810.8648829182941	54.924845069388439	472878	600000	0	0	252.48818336451794	521.95710004939212	0.99350039812906843
0	5	5	200	4	15007541783109712595	31	15501	16000	500	500	-1830.9758804464823	53.864798050955017	469280	600000	0	0	265.42864482750173	623.60464764814708	5.4059565999445436
0	5	5	200	4	15007541783109712595	32	16001	16500	500	500	-1676.7574829734172	52.546523942991236	471138	600000	0	0	261.21736081212623	448.23520954929097	5.9269920572920958
0	5	5	200	4	15007541783109712595	33	16501	17000	500	500	-1833.0577780503324	54.564331243861744	470758	600000	0	0	268.97793018755601	526.82675868483841	3.2668554232002402
0	5	5	200	4	15007541783109712595	34	17001	17500	500	500	-1760.8614985937277	55.08681735181105	470981	600000	0	0	274.12765487820394	495.21331376211043	1.3904892596694167
0	5	5	200	4	15007541783109712595	35	17501	18000	500	500	-1798.8654427121905	53.460471337612788	469240	600000	0	0	259.92752430728626	499.48775203681549	5.5835624772031904
0	5	5	200	4	15007541783109712595	36	18001	18500	500	500	-1782.8002014956664	54.436819447467826	470889	600000	0	0	253.83944417202301	478.80399166989639	1.866808904290818
0	5	5	200	4	15007541783109712595	37	18501	19000	500	500	-1792.6259542138546	55.913605612901456	471195	600000	0	0	270.84786024673991	484.68420463121959	3.6576615385336346
0	5	5	200	4	15007541783109712595	38	19001	19500	500	500	-1865.9233686517591	55.394046801303432	470606	600000	0	0	242.06255992842273	543.25710370124148	7.00677391776075
0	5	5	200	4	15007541783109712595	39	19501	20000	500	500	-1744.5258474966317	53.127960573731805	470900	600000	0	0	259.91965473112867	499.94484677099678	2.5902396078250787
0	5	5	200	4	15007541783109712595	40	20001	20500	500	500	-1887.996186374967	54.760308280599041	471214	600000	0	0	242.70734245072643	581.9868992309315	0.16656351421444104
0	5	5	200	4	15007541783109712595	41	20501	21000	500	500	-1784.1095775785225	49.659107166771939	466637	600000	0	0	241.61016887214637	563.88329568634219	17.127779874137111
0	5	5	200	4	15007541783109712595	42	21001	21500	500	500	-1805.9383775062299	52.536889530279616	470377	600000	0	0	271.93131438891305	508.99978386950676	5.1024023516090535
0	5	5	200	4	15007541783109712595	43	21501	22000	500	500	-1735.1570869961538	54.16543236099772	469721	600000	0	0	253.08334049246943	464.58080710270241	6.5291062058896969
0	5	5	200	4	15007541783109712595	44	22001	22500	500	500	-1826.0000280322156	55.54471865927227	471109	600000	0	0	269.65308333375708	485.03605575220593	3.3985220176960524
0	5	5	200	4	15007541783109712595	45	22501	23000	500	500	-1778.6885598461511	55.107115282151589	471737	600000	0	0	265.60289122580593	468.38519583691681	2.2049337639453275
0	5	5	200	4	15007541783109712595	46	23001	23500	500	500	-1785.7661341366286	53.138317525921472	468616	600000	0	0	265.15120138517517	539.52375561521865	3.9084295167191869
0	5	5	200	4	15007541783109712595	47	23501	24000	500	500	-1772.5269566280529	54.051532347212579	469969	600000	0	0	248.79455975224693	514.46279475505514	6.9058687635911928
0	5	5	200	4	15007541783109712595	48	24001	24500	500	500	-1702.3239689160139	53.053817288699591	469546	600000	0	0	258.33652313138521	478.17152133523768	10.619559487759657
0	5	5	200	4	15007541783109712595	49	24501	25000	500	500	-1787.2414341792989	52.701765661572949	470153	600000	0	0	268.13854932605761	498.34454194907858	3.6492976986792298
0	5	5	200	4	15007541783109712595	50	25001	25500	500	500	-1770.4388113578725	53.711110048573687	471335	600000	0	0	255.51441500509227	486.72569388675777	6.4206218277436404
0	5	5	200	4	15007541783109712595	51	25501	26000	500	500	-1798.9755870512051	54.54229741847746	471290	600000	0	0	244.09212280762023	521.21514563670712	7.4895272917473443
0	5	5	200	4	15007541783109712595	52	26001	26500	500	500	-1817.6764528830545	55.291063263462611	471897	600000	0	0	248.41351271321963	504.80261970587998	1.9636824685073793
0	5	5	200	4	15007541783109712595	53	26501	27000	500	500	-1754.7952699034004	53.86856896836607	470795	600000	0	0	255.21794451344513	497.20648383424003	6.3534809055840791
0	5	5	200	4	15007541783109712595	54	27001	27500	500	500	-1824.6036196732518	54.337543297665604	470549	600000	0	0	269.75900738668793	550.81173371510329	3.3113635443878398
0	5	5	200	4	15007541783109712595	55	27501	28000	500	500	-1790.96578800977	55.22830495572601	471218	600000	0	0	276.28911754121009	481.30368875621946	2.4948479332090301
0	5	5	200	4	15007541783109712595	56	28001	28500	500	500	-1800.2686931659871	55.593541117517731	470746	600000	0	0	264.05046396377207	539.66661115234876	3.3630349064976328
0	5	5	200	4	15007541783109712595	57	28501	29000	500	500	-1709.2618347600703	54.34937624896115	470747	600000	0	0	236.62688989545973	539.25952001990493	5.1287401540943751
0	5	5	200	4	15007541783109712595	58	29001	29500	500	500	-1800.5372662421228	52.518917595276555	470666	600000	0	0	269.44848674581863	542.64959539090057	6.6286087549834853
0	5	5	200	4	15007541783109712595	59	29501	30000	500	500	-1792.2728285632829	54.5708235688409	470858	600000	0	0	260.3906680716517	511.59205200536093	2.9358260917025292
0	5	5	200	4	15007541783109712595	60	30001	30500	500	500	-1784.3150157825796	53.557053274110558	470538	600000	0	0	274.3432322491762	540.05379851151611	3.3539551748648888
0	5	5	200	4	15007541783109712595	61	30501	31000	500	500	-1792.8043084882083	55.104892314911083	471227	600000	0	0	240.84757521023221	525.0753718658874	5.3668093675748976
0	5	5	200	4	15007541783109712595	62	31001	31500	500	500	-1720.425654720138	51.476748959765132	469284	600000	0	0	260.11169438058926	490.87008606973359	6.9019283808645167
0	5	5	200	4	15007541783109712595	63	31501	32000	500	500	-1721.6637479665651	53.838059058961292	469145	600000	0	0	253.1328827522826	479.23423971948267	7.9076547439071359
0	5	5	200	4	15007541783109712595	64	32001	32500	500	500	-1819.718970351312	54.654721109775807	470591	600000	0	0	268.47342757870217	540.67499664410627	4.8006786081228041
0	5	5	200	4	15007541783109712595	65	32501	33000	500	500	-1803.1027740051445	53.253423010614625	470435	600000	0	0	254.86571734300756	534.86800339885258	4.4075379488265085
0	5	5	200	4	15007541783109712595	66	33001	33500	500	500	-1740.4316684132264	54.423518034766303	472145	600000	0	0	269.61295129467618	455.0248054927809	1.7154346618321124
0	5	5	200	4	15007541783109712595	67	33501	34000	500	500	-1746.2549058261834	53.281054736812159	470386	600000	0	0	257.96870757506809	474.24183141580312	3.2835966306311253
0	5	5	200	4	15007541783109712595	68	34001	34500	500	500	-1840.8862495706626	54.475738738502976	471612	600000	0	0	278.21244800645792	556.74942779211347	1.5888206248104506
0	5	5	200	4	15007541783109712595	69	34501	35000	500	500	-1781.2611440912892	55.49359844434742	470084	600000	0	0	257.55199553580422	495.64765710271234	1.8487513883112414
0	5	5	200	4	15007541783109712595	70	35001	35500	500	500	-1760.0099175195589	53.699488150684729	470310	600000	0	0	269.16609188537274	505.24636324171212	3.2622143808062209
0	5	5	200	4	15007541783109712595	71	35501	36000	500	500	-1776.194025763941	55.467764442311626	471010	600000	0	0	271.24413553719933	494.36802649289126	2.3233452130322578
0	5	5	200	4	15007541783109712595	72	36001	36500	500	500	-1711.5503778929594	52.792927780758738	471528	600000	0	0	258.61849248814661	463.40953414161936	5.3193938691300628
0	5	5	200	4	15007541783109712595	73	36501	37000	500	500	-1793.6605644825527	56.452780040425445	471373	600000	0	0	268.83101465989847	512.41969649347163	3.2922450761679825
0	5	5	200	4	15007541783109712595	74	37001	37500	500	500	-1772.2064127588578	53.055524998638838	470281	600000	0	0	248.83794296144333	511.00397269578008	6.1317666703068081
0	5	5	200	4	15007541783109712595	75	37501	38000	500	500	-1768.4364325737085	54.119723387639169	470036	600000	0	0	261.01772267214318	499.53169605678852	2.9119348650216428
0	5	5	200	4	15007541783109712595	76	38001	38500	500	500	-1827.7148582906848	54.955708280969951	472682	600000	0	0	246.35332181492049	530.06264000760962	3.4090533848661622
0	5	5	200	4	15007541783109712595	77	38501	39000	500	500	-1844.7692883221939	52.356476895312035	471214	600000	0	0	253.4840935476405	572.25483233189561	7.3271238817383164
0	5	5	200	4	15007541783109712595	78	39001	39500	500	500	-1797.9697681169077	54.146517868840384	470891	600000	0	0	262.14369098703247	761.29992830471247	11.359560155526543
0	5	5	200	4	15007541783109712595	79	39501	40000	500	500	-1777.4123073078285	53.51432068270141	469556	600000	0	0	242.86716795919426	565.03178573566674	2.9413790039183918
0	5	5	200	4	15007541783109712595	80	40001	40500	500	500	-1834.4418097097212	54.837680168141851	471482	600000	0	0	251.09152253178962	514.54767058753907	5.0483824985457382
0	5	5	200	4	15007541783109712595	81	40501	41000	500	500	-1766.012366795853	53.603980755982029	470389	600000	0	0	250.98403752354074	468.43870065680983	7.2626943340046575
0	5	5	200	4	15007541783109712595	82	41001	41500	500	500	-1841.1258481657026	54.798517163363371	470871	600000	0	0	264.52452248052475	528.25675130687341	3.2406219946109895
0	5	5	200	4	15007541783109712595	83	41501	42000	500	500	-1758.5217241892508	53.477152476910589	471706	600000	0	0	258.96986906402071	481.94648441559036	6.7017016345143601
0	5	5	200	4	15007541783109712595	84	42001	42500	500	500	-1859.1530340245295	55.56947812003289	470817	600000	0	0	261.53862407188302	539.33031796017656	7.6915722598109832
0	5	5	200	4	15007541783109712595	85	42501	43000	500	500	-1730.4454309736266	52.180138690406018	470509	600000	0	0	249.26611592079715	518.87799037059528	8.1100132035267176
0	5	5	200	4	15007541783109712595	86	43001	43500	500	500	-1792.7644551133876	54.595812771582104	470316	600000	0	0	260.22241326838406	515.07366334621088	6.4324013510528779
0	5	5	200	4	15007541783109712595	87	43501	44000	500	500	-1825.4433836759799	54.444795522829935	471364	600000	0	0	267.80687261299295	527.93352584666457	2.8247406691891177
0	5	5	200	4	15007541783109712595	88	44001	44500	500	500	-1834.2405796354124	55.253859791572786	471444	600000	0	0	250.08381523494344	537.86617268627913	3.8273667583801982
0	5	5	200	4	15007541783109712595	89	44501	45000	500	500	-1779.5979654469556	53.484384597026988	470630	600000	0	0	279.83536045610373	508.99583125870646	3.7121337089614501
0	5	5	200	4	15007541783109712595	90	45001	45500	500	500	-1762.2912894773219	53.04946555903873	469739	600000	0	0	250.30162463563482	489.86746157929485	9.1306155738255832
0	5	5	200	4	15007541783109712595	91	45501	46000	500	500	-1766.5075150842329	54.308887790199243	470932	600000	0	0	255.12353194661176	472.95992558368823	4.4042672557444789
0	5	5	200	4	15007541783109712595	92	46001	46500	500	500	-1727.0976806097165	51.549490704281006	470700	600000	0	0	267.76840947456179	476.9902749557445	5.2846432439738251
0	5	5	200	4	15007541783109712595	93	46501	47000	500	500	-1768.0217796922473	54.205135518272684	469925	600000	0	0	260.17176912447906	471.6945914352155	6.7584197343625689
0	5	5	200	4	15007541783109712595	94	47001	47500	500	500	-1788.0777943183061	54.196963295122224	470550	600000	0	0	222.80546823058279	534.30147200208899	8.3046749497230081
0	5	5	200	4	15007541783109712595	95	47501	48000	500	500	-1845.3620456406757	55.947994771673422	471246	600000	0	0	263.68377892650767	531.61895779839119	1.9549584163649323
0	5	5	200	4	15007541783109712595	96	48001	48500	500	500	-1822.8593232460923	55.860827955132059	471211	600000	0	0	265.36133623078564	515.47816604766774	3.6724466427799944
0	5	5	200	4	15007541783109712595	97	48501	49000	500	500	-1790.0740646680276	53.944385268113756	470640	600000	0	0	236.27717200373249	514.94229508281353	8.1519565143495125
0	5	5	200	4	15007541783109712595	98	49001	49500	500	500	-1778.0352808078167	54.259311923699087	471155	600000	0	0	246.90277819199264	516.40810662759077	4.7852535157314779
0	5	5	200	4	15007541783109712595	99	49501	50000	500	500	-1841.372787625241	53.743277186996856	472133	600000	0	0	279.55359670159845	511.76224979897978	1.5771466766673796
0	5	5	200	5	15167062653505400165	0	1	500	500	500	-1888.1030346570656	57.113686178263251	471264	600000	0	0	248.69164475494682	592.09607509940724	1.2464668235909291
0	5	5	200	5	15167062653505400165	1	501	1000	500	500	-1727.0477297421869	53.066682646489745	469907	600000	0	0	251.33229789943718	486.44666134112629	10.743988366170804
0	5	5	200	5	15167062653505400165	2	1001	1500	500	500	-1783.718185276929	53.548083386321103	470439	600000	0	0	272.04202475550954	546.69919142737365	1.3832206295525105
0	5	5	200	5	15167062653505400165	3	1501	2000	500	500	-1798.9393054462441	54.245587421135859	471865	600000	0	0	256.71462704078391	487.75286303328465	4.0988864739882453
0	5	5	200	5	15167062653505400165	4	2001	2500	500	500	-1793.5161294630809	53.980000002949623	470989	600000	0	0	274.40532044212301	502.94128338714239	2.6788134069548302
0	5	5	200	5	15167062653505400165	5	2501	3000	500	500	-1817.291804965364	53.838463060472918	471252	600000	0	0	266.68761905958507	521.58617810760381	2.032768225618649
0	5	5	200	5	15167062653505400165	6	3001	3500	500	500	-1883.7567183636113	55.687549216518526	472990	600000	0	0	252.41927291233662	555.20976986385938	2.7692424523774375
0	5	5	200	5	15167062653505400165	7	3501	4000	500	500	-1827.5131522617623	55.834177556454321	471463	600000	0	0	251.46540788207798	532.93925387238801	4.5962347662000349
0	5	5	200	5	15167062653505400165	8	4001	4500	500	500	-1826.2928571066525	53.395781044846892	470669	600000	0	0	258.71991330815467	557.75774871526994	4.8781317587626525
0	5	5	200	5	15167062653505400165	9	4501	5000	500	500	-1764.2386704497346	52.64289978600813	470289	600000	0	0	270.1089791834969	482.91976353747663	6.9904012900434376
0	5	5	200	5	15167062653505400165	10	5001	5500	500	500	-1791.3923676855384	54.932114294252067	471231	600000	0	0	261.47004660578722	525.94547112938869	6.5073989993831072
0	5	5	200	5	15167062653505400165	11	5501	6000	500	500	-1793.0930034051835	52.863278676469029	470792	600000	0	0	259.17034723938286	509.01294088483854	2.6210584675714048
0	5	5	200	5	15167062653505400165	12	6001	6500	500	500	-1724.3433009989853	54.77120532103833	469940	600000	0	0	261.86921994239265	486.58177587980094	5.3392328812939951
0	5	5	200	5	15167062653505400165	13	6501	7000	500	500	-1735.7488910199113	55.052143267198019	471684	600000	0	0	237.05078801049262	490.9604053182008	3.9205569281857131
0	5	5	200	5	15167062653505400165	14	7001	7500	500	500	-1823.1994343216579	55.359865645431583	471606	600000	0	0	268.52243344573259	501.87260528916642	0.63412099423458013
0	5	5	200	5	15167062653505400165	15	7501	8000	500	500	-1763.6980478871387	53.295941007105434	469814	600000	0	0	257.82562669389949	503.65235697987271	7.8200358578791986
0	5	5	200	5	15167062653505400165	16	8001	8500	500	500	-1924.8977105823599	57.625834242740673	472374	600000	0	0	266.09395236592991	532.91121835538434	1.9855646026211271
0	5	5	200	5	15167062653505400165	17	8501	9000	500	500	-1739.6592552969175	53.903096495487489	471012	600000	0	0	271.16003763838626	456.49417257943236	3.2750656595807084
0	5	5	200	5	15167062653505400165	18	9001	9500	500	500	-1749.3991355872747	54.818722560351553	470127	600000	0	0	266.63934635042835	523.53726559799134	2.7388763770740914
0	5	5	200	5	15167062653505400165	19	9501	10000	500	500	-1762.003447888638	52.375803005895378	469167	600000	0	0	246.64792598533364	510.86036327555422	5.007204322022031
0	5	5	200	5	15167062653505400165	20	10001	10500	500	500	-1826.9610042746201	55.892103815310307	471451	600000	0	0	276.03987256831334	540.88362798888556	1.4323115149047003
0	5	5	200	5	15167062653505400165	21	10501	11000	500	500	-1875.7398794942947	54.723047614876549	471941	600000	0	0	261.78998056852259	524.83952089366971	2.6805662139494633
0	5	5	200	5	15167062653505400165	22	11001	11500	500	500	-1757.5560156992676	53.056747131362378	470017	600000	0	0	256.90776098356781	490.6777790850814	3.686584605693894
0	5	5	200	5	15167062653505400165	23	11501	12000	500	500	-1847.6676657456574	54.518270455429054	471380	600000	0	0	281.71064476988181	555.21661267660181	0.4878333712182818
0	5	5	200	5	15167062653505400165	24	12001	12500	500	500	-1736.6716838821899	54.748821953762402	470483	600000	0	0	257.51730267740351	508.90046947502458	3.8545402653996108
0	5	5	200	5	15167062653505400165	25	12501	13000	500	500	-1834.029773336516	54.718260181530248	471817	600000	0	0	266.65724688151948	545.46126860717948	2.4832854047214838
0	5	5	200	5	15167062653505400165	26	13001	13500	500	500	-1766.5933167095475	54.297310933250962	470838	600000	0	0	264.13794110427511	513.49607887623358	2.5231550038158974
0	5	5	200	5	15167062653505400165	27	13501	14000	500	500	-1778.5353895361795	54.196800137337696	470568	600000	0	0	259.95414408607758	546.37123940799256	3.6981026156955266
0	5	5	200	5	15167062653505400165	28	14001	14500	500	500	-1795.5372631474074	54.825924584811169	470751	600000	0	0	260.9080930555092	503.60396552951846	2.8955037834228241
0	5	5	200	5	15167062653505400165	29	14501	15000	500	500	-1777.1144946424502	53.563200535265054	470464	600000	0	0	248.83249768507045	495.63272254651213	5.2623444868982219
0	5	5	200	5	15167062653505400165	30	15001	15500	500	500	-1706.4604597337091	52.216946392716494	470071	600000	0	0	284.1650293008862	462.93769665376669	4.7599696677102559
0	5	5	200	5	15167062653505400165	31	15501	16000	500	500	-1815.3676768228063	54.729688457645537	471045	600000	0	0	246.6654028701914	516.37301528484568	2.7380721505783159
0	5	5	200	5	15167062653505400165	32	16001	16500	500	500	-1812.1595247179916	54.948265910231562	472503	600000	0	0	251.84268764824455	539.08501619146557	3.8358687198831709
0	5	5	200	5	15167062653505400165	33	16501	17000	500	500	-1797.0173032510313	52.590941673144052	471380	600000	0	0	271.44897898406214	510.10041469720187	3.9370878476411799
0	5	5	200	5	15167062653505400165	34	17001	17500	500	500	-1798.6140100803445	54.912892618837255	469400	600000	0	0	258.36811297938652	507.85078745833562	5.8170961310540887
0	5	5	200	5	15167062653505400165	35	17501	18000	500	500	-1835.3227116702722	56.691749021275626	472704	600000	0	0	268.00418504292685	536.56393148270524	2.0587358048223683
0	5	5	200	5	15167062653505400165	36	18001	18500	500	500	-1774.9098709259165	55.088301654664164	472059	600000	0	0	268.48416926990393	485.59376264791541	2.5107574156000698
0	5	5	200	5	15167062653505400165	37	18501	19000	500	500	-1776.8753224199086	53.62125081081259	468817	600000	0	0	256.97311407875537	532.02605375279325	6.8624404588932917
0	5	5	200	5	15167062653505400165	38	19001	19500	500	500	-1770.9102560743818	52.80470625200023	469795	600000	0	0	266.99215334271037	513.32257677529924	4.4552760101611399
0	5	5	200	5	15167062653505400165	39	19501	20000	500	500	-1785.6658154971565	52.669794309916611	470448	600000	0	0	267.04139180822187	483.75216858243044	3.5969398238142838
0	5	5	200	5	15167062653505400165	40	20001	20500	500	500	-1810.2005844637888	53.80023921739302	470932	600000	0	0	266.49057027698746	532.79541183738513	5.4180341877990497
0	5	5	200	5	15167062653505400165	41	20501	21000	500	500	-1762.6047778252446	54.661040730157509	471452	600000	0	0	257.8265241037696	488.35499205640969	3.2691738047167731
0	5	5	200	5	15167062653505400165	42	21001	21500	500	500	-1867.5593206044568	54.892635363849159	471168	600000	0	0	259.71654303347816	533.91224112122575	3.345533482890128
0	5	5	200	5	15167062653505400165	43	21501	22000	500	500	-1777.3061612384181	54.743160894632901	471187	600000	0	0	264.20586839029164	523.52711375498245	4.4965522047120405
0	5	5	200	5	15167062653505400165	44	22001	22500	500	500	-1760.0920225659208	54.012933883707561	470242	600000	0	0	271.84652536466342	459.67836637297398	2.8147226837601895
0	5	5	200	5	15167062653505400165	45	22501	23000	500	500	-1787.6624858662858	53.817063825838069	470411	600000	0	0	252.93397696314813	542.36574758948086	3.9729614818125207
0	5	5	200	5	15167062653505400165	46	23001	23500	500	500	-1784.0378612681168	53.409779766572498	469947	600000	0	0	267.75533730114262	513.20572079378621	4.9717973404086422
0	5	5	200	5	15167062653505400165	47	23501	24000	500	500	-1858.7959572396624	55.348067423740396	471468	600000	0	0	250.74922256028006	530.18443496781947	4.6946033182033124
0	5	5	200	5	15167062653505400165	48	24001	24500	500	500	-1760.9797402917377	52.526901189259512	469473	600000	0	0	252.04551676363451	511.2863148888012	2.1866199240836948
0	5	5	200	5	15167062653505400165	49	24501	25000	500	500	-1906.7325904686415	55.974225144180267	472818	600000	0	0	274.97308752869435	526.19548338022332	1.0091285179156559
0	5	5	200	5	15167062653505400165	50	25001	25500	500	500	-1838.4504867944224	54.862230856026862	470382	600000	0	0	264.27368324268912	489.06467246387939	2.1464539831841649
0	5	5	200	5	15167062653505400165	51	25501	26000	500	500	-1837.4066529666923	54.497066062134735	471330	600000	0	0	264.01266606200466	508.6853287925814	3.2574044324119953
0	5	5	200	5	15167062653505400165	52	26001	26500	500	500	-1845.9117523783814	54.921981946866381	469762	600000	0	0	243.75825665811897	527.76878292894389	7.5199636080603423
0	5	5	200	5	15167062653505400165	53	26501	27000	500	500	-1854.6670222188463	56.857415624414941	471276	600000	0	0	269.50929173815678	532.74856810577035	1.8709636021729712
0	5	5	200	5	15167062653505400165	54	27001	27500	500	500	-1810.9931460758301	55.374656597757344	470324	600000	0	0	249.56128088109548	497.61230454885208	5.3945236177077982
0	5	5	200	5	15167062653505400165	55	27501	28000	500	500	-1789.1300842271964	55.896876393394159	471321	600000	0	0	264.27543041901532	520.26586451468324	2.9253157580754459
0	5	5	200	5	15167062653505400165	56	28001	28500	500	500	-1786.0747812097925	53.207717345237384	471649	600000	0	0	271.26852170665319	478.02475869514632	1.6651024025471186
0	5	5	200	5	15167062653505400165	57	28501	29000	500	500	-1822.5564064987875	54.713154011598633	471176	600000	0	0	241.99149912376183	517.78107205497292	2.8593992499700676
0	5	5	200	5	15167062653505400165	58	29001	29500	500	500	-1834.2051354787884	55.276529458080454	470754	600000	0	0	250.92514832416413	515.42310103510795	4.3407746324197483
0	5	5	200	5	15167062653505400165	59	29501	30000	500	500	-1812.8256216276131	56.237817597875356	473175	600000	0	0	274.30840031436122	536.86523213228031	0.90274876511310997
0	5	5	200	5	15167062653505400165	60	30001	30500	500	500	-1769.8423834032692	54.642469928144166	470744	600000	0	0	234.09357616298692	526.35164176454862	6.2109492866328573
0	5	5	200	5	15167062653505400165	61	30501	31000	500	500	-1773.835607953436	56.403933217371112	472978	600000	0	0	245.21180064869603	513.58581806852374	1.1895195982758562
0	5	5	200	5	15167062653505400165	62	31001	31500	500	500	-1751.2661832111939	52.641663056505976	471368	600000	0	0	265.4180758814062	472.84530670726468	4.2065507613977919
0	5	5	200	5	15167062653505400165	63	31501	32000	500	500	-1756.7920931243125	53.798074106412621	470133	600000	0	0	256.82107705136417	520.72000319329595	5.3136300875829408
0	5	5	200	5	15167062653505400165	64	32001	32500	500	500	-1867.259334802173	55.596063937887983	471216	600000	0	0	260.14436257120877	566.38519531520569	3.873349831381641
0	5	5	200	5	15167062653505400165	65	32501	33000	500	500	-1774.7218400367785	53.478434791152281	470799	600000	0	0	266.78511966818871	518.26427828820465	5.2103059242546914
0	5	5	200	5	15167062653505400165	66	33001	33500	500	500	-1822.0647554462696	54.232929213903837	470616	600000	0	0	257.14187396013131	514.19593215587895	3.8192145063774587
0	5	5	200	5	15167062653505400165	67	33501	34000	500	500	-1861.9686313171776	53.670732652457943	469036	600000	0	0	256.18643871130922	565.64908168284785	9.7923041741496917
0	5	5	200	5	15167062653505400165	68	34001	34500	500	500	-1807.7216378174712	54.843918910915988	473511	600000	0	0	274.68453042846852	516.45153090882354	3.2127941011113741
0	5	5	200	5	15167062653505400165	69	34501	35000	500	500	-1828.3504246640914	55.045489148451082	471723	600000	0	0	271.94706646907213	564.29546735251552	1.7577852283547439
0	5	5	200	5	15167062653505400165	70	35001	35500	500	500	-1781.4777172526997	53.557282430021267	471432	600000	0	0	246.16443464191741	496.51257628162926	3.6889046056292489
0	5	5	200	5	15167062653505400165	71	35501	36000	500	500	-1900.4870999892987	55.952699466812582	472334	600000	0	0	249.78633849141218	550.86916312105052	3.9607232293270784
0	5	5	200	5	15167062653505400165	72	36001	36500	500	500	-1807.8826795430557	54.38031067137355	471241	600000	0	0	263.97039672870397	497.44861244700922	1.987782657177096
0	5	5	200	5	15167062653505400165	73	36501	37000	500	500	-1777.2016665147846	54.43932832305866	471719	600000	0	0	266.65507635753829	528.66965481640887	3.5804479767472204
0	5	5	200	5	15167062653505400165	74	37001	37500	500	500	-1783.1887737022778	51.615432555351482	469905	600000	0	0	267.81972886227999	692.8463236308246	2.9442704357227005
0	5	5	200	5	15167062653505400165	75	37501	38000	500	500	-1778.4914023258414	53.732363091032028	470044	600000	0	0	267.07278237718612	491.83529727985251	4.7712286631500671
0	5	5	200	5	15167062653505400165	76	38001	38500	500	500	-1796.6306204046302	54.073430088515479	472466	600000	0	0	256.28029997845698	534.78001192678744	3.7425753184872264
0	5	5	200	5	15167062653505400165	77	38501	39000	500	500	-1831.5155556371608	55.216655557643016	470791	600000	0	0	244.52439007966103	510.45267864513659	3.5625679477787906
0	5	5	200	5	15167062653505400165	78	39001	39500	500	500	-1780.6927616426851	53.319208664649466	471625	600000	0	0	267.34263695320448	504.00980979330956	1.6976596462590909
0	5	5	200	5	15167062653505400165	79	39501	40000	500	500	-1806.9612265074359	53.200179220941934	470247	600000	0	0	250.75925484732414	495.15539450502382	4.8534845080070088
0	5	5	200	5	15167062653505400165	80	40001	40500	500	500	-1805.0064009926048	55.407404353074114	470964	600000	0	0	244.30741414478078	517.06868796615402	3.1431210776070828
0	5	5	200	5	15167062653505400165	81	40501	41000	500	500	-1681.8649822996319	52.961631948144081	469764	600000	0	0	260.68685164997373	478.00711377632462	6.5422824056438511
0	5	5	200	5	15167062653505400165	82	41001	41500	500	500	-1814.6401062272289	52.32851832691923	471088	600000	0	0	264.36547874537928	504.14285275031961	7.3643401074851225
0	5	5	200	5	15167062653505400165	83	41501	42000	500	500	-1796.4431689857531	55.658412172757536	472206	600000	0	0	251.51430700967424	512.13087944789299	4.6152152736547016
0	5	5	200	5	15167062653505400165	84	42001	42500	500	500	-1702.8195594929111	50.685801235438575	469583	600000	0	0	257.20411385611811	478.73950678148287	8.856632181365466
0	5	5	200	5	15167062653505400165	85	42501	43000	500	500	-1794.3510231739033	51.139922349933329	469868	600000	0	0	259.08325047219995	501.25898808944356	6.1931458369530858
0	5	5	200	5	15167062653505400165	86	43001	43500	500	500	-1750.3377128405775	51.391041163754494	469385	600000	0	0	266.68833786877371	529.9802760726069	9.8398658077266248
0	5	5	200	5	15167062653505400165	87	43501	44000	500	500	-1810.8870929938721	53.208993763893183	470829	600000	0	0	279.2939058985898	492.17131619755651	3.0755329478617917
0	5	5	200	5	15167062653505400165	88	44001	44500	500	500	-1775.4121504089849	52.754604752334828	470503	600000	0	0	272.42877065056382	488.73249019124142	1.4402399714751666
0	5	5	200	5	15167062653505400165	89	44501	45000	500	500	-1757.3953047399307	53.356297780529168	470505	600000	0	0	249.15395623951642	488.99540995196833	6.8095998203882635
0	5	5	200	5	15167062653505400165	90	45001	45500	500	500	-1800.8158653043313	55.273327526290778	470277	600000	0	0	248.28962411964244	735.94392656611001	6.3983773309722798
0	5	5	200	5	15167062653505400165	91	45501	46000	500	500	-1789.7253989149242	53.801791643627283	470688	600000	0	0	251.01256744012795	502.70658503392514	3.9047757393187728
0	5	5	200	5	15167062653505400165	92	46001	46500	500	500	-1768.9118596779015	55.071515643141304	470231	600000	0	0	256.9116118082004	491.09386959665051	4.2087253320475373
0	5	5	200	5	15167062653505400165	93	46501	47000	500	500	-1761.0721479503529	54.704396477961964	470525	600000	0	0	242.69887010831914	516.25441449666346	5.4869800484718843
0	5	5	200	5	15167062653505400165	94	47001	47500	500	500	-1813.1008328808614	54.443189553888878	471292	600000	0	0	256.51509839875814	508.86916181820192	4.9253977613388358
0	5	5	200	5	15167062653505400165	95	47501	48000	500	500	-1767.9848184630432	52.132880096767828	470759	600000	0	0	249.76904411673237	504.71199554844327	6.6177949180196931
0	5	5	200	5	15167062653505400165	96	48001	48500	500	500	-1789.6616414792195	54.320334348918365	470411	600000	0	0	266.33222205891917	521.09014999860824	2.8929714454692528
0	5	5	200	5	15167062653505400165	97	48501	49000	500	500	-1850.7993613837048	54.897068585241477	471446	600000	0	0	267.39603475448263	509.41151900308699	2.4951790155130538
0	5	5	200	5	15167062653505400165	98	49001	49500	500	500	-1808.403065973672	53.790126725031669	471209	600000	0	0	265.56203245971608	539.07185079805754	4.2876710224768857
0	5	5	200	5	15167062653505400165	99	49501	50000	500	500	-1764.26509268271	53.852383466811197	469913	600000	0	0	281.56801448473453	486.75235258901449	3.6698975168903409
0	5	5	200	6	4354910560110691705	0	1	500	500	500	-1828.3829409077398	55.2022662987671	470648	600000	0	0	250.7616487357916	507.33087995105069	5.0730384735058029
0	5	5	200	6	4354910560110691705	1	501	1000	500	500	-1739.3877311879305	54.315533023628632	471872	600000	0	0	240.74352951759664	493.92189816646322	2.1928149411044533
0	5	5	200	6	4354910560110691705	2	1001	1500	500	500	-1781.0357077352057	54.331662110119879	471080	600000	0	0	253.95483231934151	490.33065438355317	2.3461078920402776
0	5	5	200	6	4354910560110691705	3	1501	2000	500	500	-1774.5135629565148	54.056029152541669	470331	600000	0	0	262.50654439685974	476.66248506029291	5.0526245581164515
0	5	5	200	6	4354910560110691705	4	2001	2500	500	500	-1819.8950359678754	55.572269321235567	471449	600000	0	0	254.0957031761852	535.03058783936956	6.0455223807848038
0	5	5	200	6	4354910560110691705	5	2501	3000	500	500	-1763.0750668169846	52.853896173672112	471171	600000	0	0	246.70725824399437	519.66114291916131	7.6105514381839141
0	5	5	200	6	4354910560110691705	6	3001	3500	500	500	-1828.2842220229445	55.53065340514199	471936	600000	0	0	269.39340291400032	550.44122108452632	2.1276818715498775
0	5	5	200	6	4354910560110691705	7	3501	4000	500	500	-1804.0960577103401	53.142419450803295	470623	600000	0	0	272.38591326309484	624.89529571311562	1.1176284714642652
0	5	5	200	6	4354910560110691705	8	4001	4500	500	500	-1824.7203833451051	54.671236186542131	471385	600000	0	0	265.48260643037969	516.93354018918319	5.3547847563246602
0	5	5	200	6	4354910560110691705	9	4501	5000	500	500	-1773.9928233563542	56.082072983682608	471492	600000	0	0	246.94160480134431	492.07242824928204	4.2680893850438748
0	5	5	200	6	4354910560110691705	10	5001	5500	500	500	-1796.3190381637487	54.895869718724626	470419	600000	0	0	266.75901088513291	513.6654643458354	1.8994712530212934
0	5	5	200	6	4354910560110691705	11	5501	6000	500	500	-1750.3353208668059	54.105856940556926	470325	600000	0	0	254.86811680456256	484.45299376698108	4.2973702563789677
0	5	5	200	6	4354910560110691705	12	6001	6500	500	500	-1778.5591629212081	53.140742531044651	470763	600000	0	0	275.10354821316724	464.34911907359242	3.8919043052280546
0	5	5	200	6	4354910560110691705	13	6501	7000	500	500	-1820.4136214671171	54.730973980354698	471656	600000	0	0	245.40902362031002	510.29366396655308	5.8993294313632569
0	5	5	200	6	4354910560110691705	14	7001	7500	500	500	-1758.5169783513581	51.984234478955919	470609	600000	0	0	260.36703036593229	493.84333000104277	3.4128325940381812
0	5	5	200	6	4354910560110691705	15	7501	8000	500	500	-1700.9265323217437	53.927036120428482	471644	600000	0	0	255.66659924865436	471.74578021615048	2.9918604086960627
0	5	5	200	6	4354910560110691705	16	8001	8500	500	500	-1818.2049857325928	54.354318934199497	469763	600000	0	0	254.39697923201598	516.13334416582268	2.2074645746759711
0	5	5	200	6	4354910560110691705	17	8501	9000	500	500	-1796.8050476619226	54.349542203229603	469618	600000	0	0	285.30295574139319	491.62293994258965	2.7427880348937856
0	5	5	200	6	4354910560110691705	18	9001	9500	500	500	-1856.5128593201305	54.645174321711103	471717	600000	0	0	261.42192415269943	653.79946869961543	2.2718149281689786
0	5	5	200	6	4354910560110691705	19	9501	10000	500	500	-1785.7677846189667	53.731025173909664	471189	600000	0	0	251.63047831318937	554.5010236941074	6.1847222423202037
0	5	5	200	6	4354910560110691705	20	10001	10500	500	500	-1797.1609560057027	54.426199213768115	471377	600000	0	0	256.02917768831242	499.33203163665024	5.8301791576714317
0	5	5	200	6	4354910560110691705	21	10501	11000	500	500	-1786.327814764531	53.61732195017585	471602	600000	0	0	267.14125066145192	518.91007316023536	6.1467967408113529
0	5	5	200	6	4354910560110691705	22	11001	11500	500	500	-1829.4394595734921	54.850702456811753	470833	600000	0	0	256.96140982327938	503.18676150335995	2.8461926273396201
0	5	5	200	6	4354910560110691705	23	11501	12000	500	500	-1840.9282300313373	54.715732932990811	470751	600000	0	0	268.75465808945233	646.90235650787383	5.27662085173628
0	5	5	200	6	4354910560110691705	24	12001	12500	500	500	-1766.1586245503906	54.551940584278348	471879	600000	0	0	269.07774477054863	508.3036187376689	1.9589128149259563
0	5	5	200	6	4354910560110691705	25	12501	13000	500	500	-1820.1707368244893	54.104051567496981	471481	600000	0	0	276.99285012019863	490.44949523446195	2.7254453547524777
0	5	5	200	6	4354910560110691705	26	13001	13500	500	500	-1889.3041250967556	53.398886040860283	471030	600000	0	0	298.49562267724792	583.734501297316	2.155909718806607
0	5	5	200	6	4354910560110691705	27	13501	14000	500	500	-1751.8512479139379	54.735024134532097	471529	600000	0	0	254.61396805232047	507.83486386711905	7.517895730352512
0	5	5	200	6	4354910560110691705	28	14001	14500	500	500	-1733.6346564775538	53.96060955958081	469778	600000	0	0	254.5419688588633	483.9660158707236	9.2303798495889389
0	5	5	200	6	4354910560110691705	29	14501	15000	500	500	-1804.5541981165288	55.25649856724899	471891	600000	0	0	260.10700597812951	501.90003350400906	3.6528203172029663
0	5	5	200	6	4354910560110691705	30	15001	15500	500	500	-1793.3840308891097	53.997106155226838	469819	600000	0	0	267.64532793329636	483.25418266381331	4.5223404028581244
0	5	5	200	6	4354910560110691705	31	15501	16000	500	500	-1746.1873006548321	55.738861291325627	470509	600000	0	0	259.67516601510476	483.26774608880561	5.0277241938215189
0	5	5	200	6	4354910560110691705	32	16001	16500	500	500	-1806.5832466616214	54.734288171587359	470718	600000	0	0	260.17245191489388	512.13711172400394	2.9851262952233886
0	5	5	200	6	4354910560110691705	33	16501	17000	500	500	-1829.4584070978954	55.675261351789793	471751	600000	0	0	242.21461231572121	528.20170752817421	3.5605821374254156
0	5	5	200	6	4354910560110691705	34	17001	17500	500	500	-1782.9954601865431	53.54445523513936	471441	600000	0	0	280.74008694910481	502.066275617207	2.6000907577807624
0	5	5	200	6	4354910560110691705	35	17501	18000	500	500	-1777.424172988153	53.69895897404232	470356	600000	0	0	236.99542911659302	552.9499680172114	8.7110440008661634
0	5	5	200	6	4354910560110691705	36	18001	18500	500	500	-1785.3196377795275	54.526917211749307	471767	600000	0	0	250.34905473457499	513.86383968520931	1.8616646113237763
0	5	5	200	6	4354910560110691705	37	18501	19000	500	500	-1797.7880411946405	53.444970459117421	472117	600000	0	0	269.41338429611739	500.88811242727849	5.0489856637914938
0	5	5	200	6	4354910560110691705	38	19001	19500	500	500	-1755.7649867357584	54.785623831344836	470705	600000	0	0	240.14759068735304	494.42594794806325	7.0816261220809391
0	5	5	200	6	4354910560110691705	39	19501	20000	500	500	-1842.4378144222303	53.875144313157406	470603	600000	0	0	241.42930451760375	651.74904742874276	8.2054505490852083
0	5	5	200	6	4354910560110691705	40	20001	20500	500	500	-1879.9968299118248	54.541824070471222	471785	600000	0	0	269.68981688737824	508.49814059797529	1.2088778632092909
0	5	5	200	6	4354910560110691705	41	20501	21000	500	500	-1818.7983492780893	55.099564358768859	470458	600000	0	0	242.86537851324542	523.59993894865863	6.5806518960797824
0	5	5	200	6	4354910560110691705	42	21001	21500	500	500	-1830.8167062669706	56.339657525932388	472305	600000	0	0	241.14847590617228	510.32614394237146	1.6982885197340547
0	5	5	200	6	4354910560110691705	43	21501	22000	500	500	-1816.1871904434483	54.892145414987702	471829	600000	0	0	250.37514843677064	575.57871896242909	3.7373950540640477
0	5	5	200	6	4354910560110691705	44	22001	22500	500	500	-1858.9975181283526	54.129437473006121	472068	600000	0	0	271.07631182395431	486.82520480630865	1.7684490386538247
0	5	5	200	6	4354910560110691705	45	22501	23000	500	500	-1810.0992266162534	54.966229730936206	471570	600000	0	0	258.16789131813647	494.74303540906834	2.0234391065288593
0	5	5	200	6	4354910560110691705	46	23001	23500	500	500	-1779.8646890811503	51.703380808055812	470338	600000	0	0	273.36698390955246	528.40509133064324	6.962226927545732
0	5	5	200	6	4354910560110691705	47	23501	24000	500	500	-1865.2536189745297	56.44160689072428	472775	600000	0	0	260.66725546071478	574.58468122405395	2.1573365926574324
0	5	5	200	6	4354910560110691705	48	24001	24500	500	500	-1709.4922261054921	53.094345063328277	468185	600000	0	0	235.055984551905	490.15941812492639	17.371441118185142
0	5	5	200	6	4354910560110691705	49	24501	25000	500	500	-1863.7617561643806	53.855353034852186	469777	600000	0	0	278.74566368144457	543.2016010595504	4.2886795105206401
0	5	5	200	6	4354910560110691705	50	25001	25500	500	500	-1797.0003551716654	53.310444943464411	470430	600000	0	0	243.43127084803723	530.15301646531259	7.8433887696221323
0	5	5	200	6	4354910560110691705	51	25501	26000	500	500	-1787.8615787167507	54.066581467106793	469940	600000	0	0	228.95671845597215	530.69223822680374	7.7403983539047152
0	5	5	200	6	4354910560110691705	52	26001	26500	500	500	-1835.2943823382211	53.599406322990752	469294	600000	0	0	255.1557259941525	584.41339776760003	8.8727054046370277
0	5	5	200	6	4354910560110691705	53	26501	27000	500	500	-1737.6271212033569	53.788244474455347	471015	600000	0	0	244.68965612586624	510.03317726650141	4.1827422901620688
0	5	5	200	6	4354910560110691705	54	27001	27500	500	500	-1788.943583554212	55.720046206159061	471705	600000	0	0	254.38008192983855	493.21548502721663	3.2330496927696144
0	5	5	200	6	4354910560110691705	55	27501	28000	500	500	-1805.0926817597003	53.780537501728119	471058	600000	0	0	273.59205852881598	525.41501640977754	2.1999744170134643
0	5	5	200	6	4354910560110691705	56	28001	28500	500	500	-1789.7144750292234	53.972449127069318	470732	600000	0	0	265.8905342343345	518.09172330004571	2.8102605910824168
0	5	5	200	6	4354910560110691705	57	28501	29000	500	500	-1789.7828149874499	56.334524685268114	471456	600000	0	0	250.08896485430563	508.48470153823615	5.9312618323037505
0	5	5	200	6	4354910560110691705	58	29001	29500	500	500	-1790.4964482554999	54.804056091989565	472135	600000	0	0	266.94489243441967	488.28398168389708	1.9202449193777804
0	5	5	200	6	4354910560110691705	59	29501	30000	500	500	-1874.2487929412889	54.614451144031015	472220	600000	0	0	256.12919013082507	552.36566090731344	2.6523034379183024
0	5	5	200	6	4354910560110691705	60	30001	30500	500	500	-1783.2542391235017	53.27725267062867	470072	600000	0	0	255.83342538120388	503.86048867917685	4.5907583239235858
0	5	5	200	6	4354910560110691705	61	30501	31000	500	500	-1860.1037604428391	55.53832437730383	471945	600000	0	0	262.41246299772183	541.38546001170323	1.0482799077465608
0	5	5	200	6	4354910560110691705	62	31001	31500	500	500	-1766.6952205059877	52.262571247299974	469526	600000	0	0	268.51645401960752	500.18644159027082	3.6673133004679537
0	5	5	200	6	4354910560110691705	63	31501	32000	500	500	-1872.3360683134031	55.578397855147671	472052	600000	0	0	261.59767509785405	523.56781583298357	4.1990173504731771
0	5	5	200	6	4354910560110691705	64	32001	32500	500	500	-1795.2424389779558	54.129525163626283	471173	600000	0	0	264.48943804729385	493.8718712140485	4.1721855426606158
0	5	5	200	6	4354910560110691705	65	32501	33000	500	500	-1829.6430393225712	55.446478811137354	472551	600000	0	0	256.78947339213607	542.16769695244329	4.1133142176669262
0	5	5	200	6	4354910560110691705	66	33001	33500	500	500	-1801.1920426182708	53.547038216763831	470260	600000	0	0	255.62132397098321	511.24316165179971	2.5815351680992897
0	5	5	200	6	4354910560110691705	67	33501	34000	500	500	-1754.5936716679494	52.337985278918609	470479	600000	0	0	276.50057624236194	479.09219504158841	1.7177478605940764
0	5	5	200	6	4354910560110691705	68	34001	34500	500	500	-1786.6487370353279	54.32622750069639	472086	600000	0	0	261.95453086014766	493.28372477955867	1.1830666622184565
0	5	5	200	6	4354910560110691705	69	34501	35000	500	500	-1843.9019340792599	56.833314735286159	473234	600000	0	0	261.45545133047881	529.47342449462212	0.83687702691815635
0	5	5	200	6	4354910560110691705	70	35001	35500	500	500	-1772.020265344581	53.187705254887895	470481	600000	0	0	266.6621942729073	505.23464424723488	2.6591893032907601
0	5	5	200	6	4354910560110691705	71	35501	36000	500	500	-1774.3581745663039	53.54301317120283	470541	600000	0	0	265.80994679695249	474.1135069003351	6.8924505716668971
0	5	5	200	6	4354910560110691705	72	36001	36500	500	500	-1871.9494329429351	55.347768384364038	472093	600000	0	0	265.92875963060931	584.03833365168816	1.8715445975346734
0	5	5	200	6	4354910560110691705	73	36501	37000	500	500	-1749.4436146819683	53.703064377916249	471735	600000	0	0	283.15406807110219	497.82108139875771	2.4079891380401195
0	5	5	200	6	4354910560110691705	74	37001	37500	500	500	-1805.6562531711927	55.09696823919532	471654	600000	0	0	262.66324482479973	502.72724962845609	4.7381355602449586
0	5	5	200	6	4354910560110691705	75	37501	38000	500	500	-1814.8719102534951	53.914243701944542	472363	600000	0	0	261.791004217553	521.56760100791246	3.2315624041748356
0	5	5	200	6	4354910560110691705	76	38001	38500	500	500	-1770.3897886925199	54.260596043556518	470965	600000	0	0	261.37865148356508	490.51697360116816	4.2925728540871768
0	5	5	200	6	4354910560110691705	77	38501	39000	500	500	-1819.5532202920019	54.268492064523286	469338	600000	0	0	288.97713975358317	498.21096043649101	6.3060315989606552
0	5	5	200	6	4354910560110691705	78	39001	39500	500	500	-1800.4100891641508	54.040709097757841	470191	600000	0	0	268.75575197142717	555.49453159678876	6.2177732737612095
0	5	5	200	6	4354910560110691705	79	39501	40000	500	500	-1767.9349278120569	53.900611035959841	469662	600000	0	0	252.2072745394791	505.05952618288535	8.9601520439390523
0	5	5	200	6	4354910560110691705	80	40001	40500	500	500	-1820.768366138795	54.605526502862539	470851	600000	0	0	277.62581968788771	500.15751414108161	1.6561111963302986
0	5	5	200	6	4354910560110691705	81	40501	41000	500	500	-1813.2892633278066	54.371073655141906	471557	600000	0	0	270.39481051057129	497.74822960404339	2.8557260498800443
0	5	5	200	6	4354910560110691705	82	41001	41500	500	500	-1798.1542937069528	53.775561952986457	469815	600000	0	0	247.03523141439774	489.97256990315105	5.0650301700814913
0	5	5	200	6	4354910560110691705	83	41501	42000	500	500	-1782.5688063637081	54.986553259085895	471970	600000	0	0	273.86943221464247	492.36657549371847	1.8489608915532165
0	5	5	200	6	4354910560110691705	84	42001	42500	500	500	-1730.0312591031359	56.06120240837059	471395	600000	0	0	252.22277738055851	478.48876145948162	4.4512850747167549
0	5	5	200	6	4354910560110691705	85	42501	43000	500	500	-1748.6444817439008	51.968517746407244	469947	600000	0	0	274.95962680318007	498.04964086026723	4.2077958475311723
0	5	5	200	6	4354910560110691705	86	43001	43500	500	500	-1760.9355010969491	54.748975361155324	472082	600000	0	0	273.2362403429791	476.22020398795939	2.9648717432392182
0	5	5	200	6	4354910560110691705	87	43501	44000	500	500	-1821.8433062950469	54.171530607670526	472391	600000	0	0	253.36873156613461	490.27691238506247	3.0272387535361363
0	5	5	200	6	4354910560110691705	88	44001	44500	500	500	-1785.4346552751176	53.490600861310476	470025	600000	0	0	266.39410115164077	518.68524125094211	6.5711667601927672
0	5	5	200	6	4354910560110691705	89	44501	45000	500	500	-1768.7457177928188	54.046524202678135	471635	600000	0	0	275.7354380256466	507.30023184077015	2.7274876814153934
0	5	5	200	6	4354910560110691705	90	45001	45500	500	500	-1822.250047955092	51.629820025571533	470227	600000	0	0	277.36853518901091	500.25601012573912	4.2031561165570386
0	5	5	200	6	4354910560110691705	91	45501	46000	500	500	-1796.1087086649534	55.423813292912307	471179	600000	0	0	249.97011944393475	531.65621504227204	3.8049660594216208
0	5	5	200	6	4354910560110691705	92	46001	46500	500	500	-1845.8235106243242	55.763303566118388	470726	600000	0	0	264.13753432509554	546.21028946570391	0.28034153918009258
0	5	5	200	6	4354910560110691705	93	46501	47000	500	500	-1814.4788937672288	55.488671277749788	472382	600000	0	0	260.09950433110782	518.70445527127606	4.1087514322075949
0	5	5	200	6	4354910560110691705	94	47001	47500	500	500	-1812.1301023275246	53.818411878837722	471207	600000	0	0	253.82830074637661	533.29755090632932	2.8770957881225905
0	5	5	200	6	4354910560110691705	95	47501	48000	500	500	-1782.7175002291597	53.934271433824705	470430	600000	0	0	261.27157142293078	493.09150814155294	5.2529001404131144
0	5	5	200	6	4354910560110691705	96	48001	48500	500	500	-1769.8881450146234	53.929130254617988	470222	600000	0	0	244.47143023088046	517.40945664817468	5.6942373709049567
0	5	5	200	6	4354910560110691705	97	48501	49000	500	500	-1756.591332243298	53.553937905872104	471552	600000	0	0	271.82884804929949	463.4883757639779	2.4405354346419093
0	5	5	200	6	4354910560110691705	98	49001	49500	500	500	-1814.4672605597918	54.492255329546971	470902	600000	0	0	259.54707977003426	495.97855664357206	3.7385292175800577
0	5	5	200	6	4354910560110691705	99	49501	50000	500	500	-1823.3770493732325	54.466632612326976	471306	600000	0	0	260.37436073031233	534.81837712981564	2.4093809462023725
0	5	5	200	7	14062876810904458882	0	1	500	500	500	-1795.3474608465124	52.680543229137498	468992	600000	0	0	252.97152646713516	545.74954855562623	9.2578985034419752
0	5	5	200	7	14062876810904458882	1	501	1000	500	500	-1818.1456024074523	55.608276077817749	471554	600000	0	0	263.8684333110416	492.64295078815621	0.59525923467828024
0	5	5	200	7	14062876810904458882	2	1001	1500	500	500	-1785.4923023828212	51.902000565703631	469744	600000	0	0	278.47240131682054	538.30325453888054	5.7904695371825552
0	5	5	200	7	14062876810904458882	3	1501	2000	500	500	-1881.1669796542496	57.086336777123755	472245	600000	0	0	259.09938832394039	564.66266415227619	0.57892877955982291
0	5	5	200	7	14062876810904458882	4	2001	2500	500	500	-1799.8067880015037	56.52939468554797	471702	600000	0	0	244.19876821234806	523.36062372765059	5.6790532648387062
0	5	5	200	7	14062876810904458882	5	2501	3000	500	500	-1802.7445311397971	53.167409694979995	472499	600000	0	0	279.85981535730917	478.46219720447186	1.0743275263085856
0	5	5	200	7	14062876810904458882	6	3001	3500	500	500	-1811.4318668480553	55.124444353476086	470837	600000	0	0	262.39347838378126	552.50708889444275	1.9021166246053671
0	5	5	200	7	14062876810904458882	7	3501	4000	500	500	-1782.8288822122681	54.580208589050898	471291	600000	0	0	237.85271420964662	492.73444879722774	6.7598424521228138
0	5	5	200	7	14062876810904458882	8	4001	4500	500	500	-1804.2687120307958	53.563717678785608	470735	600000	0	0	276.35126941525499	505.34821418805763	4.7712656285693082
0	5	5	200	7	14062876810904458882	9	4501	5000	500	500	-1832.0226653601887	53.765056729513162	471054	600000	0	0	253.91793771387719	503.21207196847178	3.2032248278411468
0	5	5	200	7	14062876810904458882	10	5001	5500	500	500	-1805.7259153951966	53.926280618523094	470037	600000	0	0	285.56112181294998	519.12012985300885	3.2737099214123324
0	5	5	200	7	14062876810904458882	11	5501	6000	500	500	-1798.2403558685737	56.500776796473403	473328	600000	0	0	254.73125617945195	492.93712727739745	0.93524163898220547
0	5	5	200	7	14062876810904458882	12	6001	6500	500	500	-1780.1388160844783	55.227500601567371	470509	600000	0	0	251.45609297355941	495.83632337686208	4.3401531181162145
0	5	5	200	7	14062876810904458882	13	6501	7000	500	500	-1795.6201869931322	54.228976123390346	471111	600000	0	0	271.24354995560361	493.04539642226507	2.909890977488526
0	5	5	200	7	14062876810904458882	14	7001	7500	500	500	-1743.5923509149081	54.387447830874216	471951	600000	0	0	266.00336342654123	492.65856535489633	2.2098013564582133
0	5	5	200	7	14062876810904458882	15	7501	8000	500	500	-1763.2232757578283	56.386197810263354	472092	600000	0	0	253.34918060108694	491.6303796732588	1.3260193446467272
0	5	5	200	7	14062876810904458882	16	8001	8500	500	500	-1703.6000179139398	51.532629333865763	468410	600000	0	0	239.00103638136841	492.03646976639646	10.951134106212439
0	5	5	200	7	14062876810904458882	17	8501	9000	500	500	-1791.0519099613998	52.734824748254653	470669	600000	0	0	255.44571920535057	499.12590500895902	5.3379375507253481
0	5	5	200	7	14062876810904458882	18	9001	9500	500	500	-1788.9880170264016	55.343099171231842	469522	600000	0	0	237.14632540627787	544.28713804387553	6.3521949426377438
0	5	5	200	7	14062876810904458882	19	9501	10000	500	500	-1823.0304689359455	55.031854984864935	471283	600000	0	0	231.53243523949379	597.00211609151825	8.0819934387299135
0	5	5	200	7	14062876810904458882	20	10001	10500	500	500	-1790.0824661568683	54.913443644098834	470499	600000	0	0	248.11206726476794	497.17603978238867	3.77923291219627
0	5	5	200	7	14062876810904458882	21	10501	11000	500	500	-1719.1869632335358	53.284260504469785	469960	600000	0	0	257.1103309574226	475.77056490902737	3.9898214953648048
0	5	5	200	7	14062876810904458882	22	11001	11500	500	500	-1732.6835190863219	52.736219201353684	471418	600000	0	0	240.85878268210652	488.75709899955189	7.5559013878113932
0	5	5	200	7	14062876810904458882	23	11501	12000	500	500	-1764.8100964435785	51.560689827372563	469063	600000	0	0	248.47712528379753	578.78054143916972	12.035897485734015
0	5	5	200	7	14062876810904458882	24	12001	12500	500	500	-1845.9328503921681	56.387282621812105	471674	600000	0	0	271.79350636608285	495.45425853541047	1.815303022417132
0	5	5	200	7	14062876810904458882	25	12501	13000	500	500	-1801.2222702919755	55.112219444383193	471386	600000	0	0	268.10335187927825	515.67604667595117	3.3375154776792777
0	5	5	200	7	14062876810904458882	26	13001	13500	500	500	-1756.1357771996534	54.415180265653277	471355	600000	0	0	283.55381134086349	473.35178458868052	4.240742922874329
0	5	5	200	7	14062876810904458882	27	13501	14000	500	500	-1876.503865346524	54.409156441573941	471355	600000	0	0	272.41825235593467	535.9444860619484	3.2074294072610257
0	5	5	200	7	14062876810904458882	28	14001	14500	500	500	-1770.7779130672807	53.721004360352609	471459	600000	0	0	285.37088716557253	475.59608493312248	4.4663922231170892
0	5	5	200	7	14062876810904458882	29	14501	15000	500	500	-1851.4702147907474	54.848779610276004	472547	600000	0	0	263.0237697241356	549.29249725651596	3.3085042623534737
0	5	5	200	7	14062876810904458882	30	15001	15500	500	500	-1803.2329369162383	54.171885379126003	471074	600000	0	0	251.81912447314525	537.64513953506196	4.2606633355352921
0	5	5	200	7	14062876810904458882	31	15501	16000	500	500	-1784.1478497848648	54.447513852129852	472794	600000	0	0	242.67414516499201	489.99241189375931	4.7636280906350708
0	5	5	200	7	14062876810904458882	32	16001	16500	500	500	-1746.0053092690218	53.329981184026543	470199	600000	0	0	283.30400248023727	485.33164665082961	3.1346235209259747
0	5	5	200	7	14062876810904458882	33	16501	17000	500	500	-1759.329498267366	53.986306746290559	470861	600000	0	0	268.18761659021436	475.49739630412068	6.3791479893482093
0	5	5	200	7	14062876810904458882	34	17001	17500	500	500	-1781.1062344434279	55.250598283173218	473120	600000	0	0	267.79393512606833	506.43005771192918	1.4678323416577717
0	5	5	200	7	14062876810904458882	35	17501	18000	500	500	-1782.1415259730541	55.192045435704394	469767	600000	0	0	261.62334299408792	526.30776435230553	5.7243587003324752
0	5	5	200	7	14062876810904458882	36	18001	18500	500	500	-1785.0429574524799	53.823249388247319	471791	600000	0	0	260.31431050641595	560.36911136577953	3.7184654051060231
0	5	5	200	7	14062876810904458882	37	18501	19000	500	500	-1826.0794792715633	55.656649279533163	471947	600000	0	0	247.16292357274233	509.20638468333226	2.1927275153924115
0	5	5	200	7	14062876810904458882	38	19001	19500	500	500	-1773.5599732766309	52.983804084421351	470024	600000	0	0	252.79633688211848	521.47691392509444	8.3194285622743323
0	5	5	200	7	14062876810904458882	39	19501	20000	500	500	-1800.5727150121238	55.694771362657136	472044	600000	0	0	285.75567457494009	476.42816773964302	1.8743603432516875
0	5	5	200	7	14062876810904458882	40	20001	20500	500	500	-1747.305253140509	53.272266255583105	469477	600000	0	0	242.0065173097635	510.73715470637126	10.854399178875335
0	5	5	200	7	14062876810904458882	41	20501	21000	500	500	-1729.1984500679232	55.658121233840149	470906	600000	0	0	241.18156087207637	476.08948046210901	2.522212984717584
0	5	5	200	7	14062876810904458882	42	21001	21500	500	500	-1723.2989230751664	52.769069134227308	469849	600000	0	0	256.77770333443476	476.84239758907268	9.6409906812295372
0	5	5	200	7	14062876810904458882	43	21501	22000	500	500	-1792.8106131445095	55.232678690887468	471620	600000	0	0	272.63730918401416	541.19554386907373	1.909355092063334
0	5	5	200	7	14062876810904458882	44	22001	22500	500	500	-1812.8131155828748	54.632000713720871	469728	600000	0	0	261.46889450547735	500.55267316851064	7.1578969358282016
0	5	5	200	7	14062876810904458882	45	22501	23000	500	500	-1792.0846285611042	54.063233903850943	471879	600000	0	0	277.34299437546071	526.96583120736045	2.5959237564835016
0	5	5	200	7	14062876810904458882	46	23001	23500	500	500	-1808.6658295511374	54.708089739333111	471059	600000	0	0	269.82526641691516	522.26164374660038	7.5507375311178704
0	5	5	200	7	14062876810904458882	47	23501	24000	500	500	-1824.1348414921245	55.619977448229086	471439	600000	0	0	247.48417215700232	537.30501477434575	4.3256121207380742
0	5	5	200	7	14062876810904458882	48	24001	24500	500	500	-1806.1805161213008	53.943551152593614	471200	600000	0	0	267.62053601899845	525.55620578148671	3.1025331027853849
0	5	5	200	7	14062876810904458882	49	24501	25000	500	500	-1780.1824533752242	55.115331272925083	471196	600000	0	0	263.95870584924734	520.31964998919238	2.5123805988213102
0	5	5	200	7	14062876810904458882	50	25001	25500	500	500	-1756.5463944341532	52.751027130120285	469775	600000	0	0	276.3701757849268	469.4206748907481	5.1478916078693659
0	5	5	200	7	14062876810904458882	51	25501	26000	500	500	-1831.659059739575	54.485969544869839	471857	600000	0	0	268.19670629774083	541.95741106752303	2.6790776126651692
0	5	5	200	7	14062876810904458882	52	26001	26500	500	500	-1827.8413538420521	54.406556356047524	470934	600000	0	0	252.65327117810062	558.57746007978051	2.3736618837054371
0	5	5	200	7	14062876810904458882	53	26501	27000	500	500	-1761.9293485339358	53.629913670999613	469169	600000	0	0	260.73050898841177	663.75209705816212	4.4734819130043117
0	5	5	200	7	14062876810904458882	54	27001	27500	500	500	-1772.8978114739743	54.11787769695502	469953	600000	0	0	253.25835320167585	502.28839002970659	9.6716156476747841
0	5	5	200	7	14062876810904458882	55	27501	28000	500	500	-1794.7065757133994	53.304302043203769	471434	600000	0	0	287.29487038074865	505.59734581978137	4.225664724370005
0	5	5	200	7	14062876810904458882	56	28001	28500	500	500	-1743.294298281497	52.067921856752989	469453	600000	0	0	257.24880464885598	480.69665776972937	3.7340166627141875
0	5	5	200	7	14062876810904458882	57	28501	29000	500	500	-1771.9134593256642	54.661855589397774	470785	600000	0	0	254.74675023680774	486.84923224576562	4.2846551727178666
0	5	5	200	7	14062876810904458882	58	29001	29500	500	500	-1819.810711409232	54.86120335679874	470643	600000	0	0	275.57405834729354	494.85002486550195	4.5279477979366982
0	5	5	200	7	14062876810904458882	59	29501	30000	500	500	-1822.6336742175611	56.169904339344647	470678	600000	0	0	247.82634079765594	566.59088053991104	3.4262756810961288
0	5	5	200	7	14062876810904458882	60	30001	30500	500	500	-1811.423502935053	54.915443973668488	471220	600000	0	0	255.94483352842065	507.23375929908201	0.28709780661684248
0	5	5	200	7	14062876810904458882	61	30501	31000	500	500	-1820.1180031690224	55.577394518449019	470681	600000	0	0	261.84920188054099	531.59631119667824	2.5289594060767757
0	5	5	200	7	14062876810904458882	62	31001	31500	500	500	-1839.4913360477663	57.208063730045204	471687	600000	0	0	251.15295055327053	508.59481663628094	0.76096519519077876
0	5	5	200	7	14062876810904458882	63	31501	32000	500	500	-1735.2246736555096	54.056021000132866	469762	600000	0	0	226.89122122379956	484.00367119796539	7.3408233673967924
0	5	5	200	7	14062876810904458882	64	32001	32500	500	500	-1865.0207339385661	53.994082950643673	472911	600000	0	0	274.96628343887545	518.08857130354545	2.2400141118390167
0	5	5	200	7	14062876810904458882	65	32501	33000	500	500	-1784.3757887100389	54.658483768984581	470630	600000	0	0	272.20940496978142	520.61275047143238	7.532572117026497
0	5	5	200	7	14062876810904458882	66	33001	33500	500	500	-1753.4880057991595	53.661978697610586	470289	600000	0	0	236.38728649284383	490.95689053014428	8.7472954500250957
0	5	5	200	7	14062876810904458882	67	33501	34000	500	500	-1772.2959892828283	55.849625510671117	471585	600000	0	0	271.10774841858478	488.90047059261582	2.7016764104195632
0	5	5	200	7	14062876810904458882	68	34001	34500	500	500	-1788.725403542049	52.360052867312746	469347	600000	0	0	260.70859816678001	522.57927565323712	6.0018530058140973
0	5	5	200	7	14062876810904458882	69	34501	35000	500	500	-1787.6662675866805	54.92091146663676	472086	600000	0	0	268.56106837747046	518.72438310232451	2.236168791350944
0	5	5	200	7	14062876810904458882	70	35001	35500	500	500	-1827.7752044193192	52.996643233605205	469730	600000	0	0	253.76750926746752	536.90756534192224	6.6828828089630576
0	5	5	200	7	14062876810904458882	71	35501	36000	500	500	-1829.2562179895351	54.734397103391991	470682	600000	0	0	245.91198410892693	514.00639230487457	2.9649656081819376
0	5	5	200	7	14062876810904458882	72	36001	36500	500	500	-1804.5178378144433	54.061427897948413	470805	600000	0	0	257.56351363248586	538.00027970502049	3.302740767510238
0	5	5	200	7	14062876810904458882	73	36501	37000	500	500	-1759.6052434558856	52.363079493127408	468797	600000	0	0	251.02693813875885	511.35987461182833	8.8409758267399354
0	5	5	200	7	14062876810904458882	74	37001	37500	500	500	-1823.5941704550992	53.203999898047869	469513	600000	0	0	246.58942792503063	531.32067646786538	7.7346844801902117
0	5	5	200	7	14062876810904458882	75	37501	38000	500	500	-1835.6346536091626	55.960218721694957	470189	600000	0	0	231.69506744787199	579.16529328270417	7.7902663266717651
0	5	5	200	7	14062876810904458882	76	38001	38500	500	500	-1856.1224764850308	54.654720694260824	470330	600000	0	0	260.12352322336955	564.88858146164466	1.8744311405686895
0	5	5	200	7	14062876810904458882	77	38501	39000	500	500	-1783.5545272352463	53.833574751231772	469763	600000	0	0	275.89623811035813	484.75911965996653	2.2574691757582976
0	5	5	200	7	14062876810904458882	78	39001	39500	500	500	-1816.6511747326551	52.49831003645064	469814	600000	0	0	253.40043179433104	506.03790090140524	6.3507491693750007
0	5	5	200	7	14062876810904458882	79	39501	40000	500	500	-1794.9584312890847	54.2564491038395	471185	600000	0	0	270.45583439392902	516.55037795350245	3.0755671523864794
0	5	5	200	7	14062876810904458882	80	40001	40500	500	500	-1807.3543649203425	56.169265397580986	471840	600000	0	0	261.81776988140911	521.13018401787167	1.5556527826707425
0	5	5	200	7	14062876810904458882	81	40501	41000	500	500	-1864.1843509342509	52.92768395812088	470592	600000	0	0	255.24415008250654	532.41471118655204	5.6978336065473529
0	5	5	200	7	14062876810904458882	82	41001	41500	500	500	-1739.7955550598597	53.865528054209797	469359	600000	0	0	269.59683727162695	461.77531765118999	6.4627838160792095
0	5	5	200	7	14062876810904458882	83	41501	42000	500	500	-1733.8194550572923	52.842082151021259	471347	600000	0	0	285.74783855002676	470.20964720998899	1.546702142516432
0	5	5	200	7	14062876810904458882	84	42001	42500	500	500	-1830.9088631843172	52.41667222971514	469628	600000	0	0	290.25341621095856	509.99063599644165	6.5049151660444071
0	5	5	200	7	14062876810904458882	85	42501	43000	500	500	-1807.7332426971834	55.775275569072278	471632	600000	0	0	262.74097477981746	502.42607408472509	0.58894736131615799
0	5	5	200	7	14062876810904458882	86	43001	43500	500	500	-1794.7799925400675	53.971642463234289	469924	600000	0	0	261.04208455282622	535.69098037198569	5.0428934446916234
0	5	5	200	7	14062876810904458882	87	43501	44000	500	500	-1769.1788076287619	54.75671669312274	470993	600000	0	0	259.66633841049008	507.41785823738456	5.4481117230762903
0	5	5	200	7	14062876810904458882	88	44001	44500	500	500	-1856.4690081509486	52.660471878399683	470523	600000	0	0	291.48321438954514	567.4259153254726	0.95101175173710795
0	5	5	200	7	14062876810904458882	89	44501	45000	500	500	-1750.7972187237183	54.538725724125243	470983	600000	0	0	258.14512377343823	496.86075141105209	1.1479385584113837
0	5	5	200	7	14062876810904458882	90	45001	45500	500	500	-1778.6298762890337	55.417159267829661	471208	600000	0	0	272.45863460204288	471.02714630462248	2.6130535207551957
0	5	5	200	7	14062876810904458882	91	45501	46000	500	500	-1831.2624287592171	55.237260782354156	469654	600000	0	0	254.15357874983786	517.56792940574792	3.4001419195137843
0	5	5	200	7	14062876810904458882	92	46001	46500	500	500	-1784.5518041440948	55.017548246785246	471285	600000	0	0	254.42648108736205	481.58362283553396	3.3920334221239581
0	5	5	200	7	14062876810904458882	93	46501	47000	500	500	-1749.6013989463165	52.627395621566691	470936	600000	0	0	280.19083274059886	499.78924144509654	1.7112056437657304
0	5	5	200	7	14062876810904458882	94	47001	47500	500	500	-1790.4295122835404	54.713871196313931	471983	600000	0	0	263.54558686420995	533.79898889839728	3.1248577114645117
0	5	5	200	7	14062876810904458882	95	47501	48000	500	500	-1802.4895396150634	55.071158890210206	470948	600000	0	0	260.21018874612378	506.07098977308726	3.3826188417764489
0	5	5	200	7	14062876810904458882	96	48001	48500	500	500	-1833.6107794128759	53.88029030897593	470912	600000	0	0	262.74392793149201	535.3503913941463	2.1912642512028513
0	5	5	200	7	14062876810904458882	97	48501	49000	500	500	-1800.6564091859461	53.196000729426281	471652	600000	0	0	253.06006366637985	488.60450342845604	3.0571985316126304
0	5	5	200	7	14062876810904458882	98	49001	49500	500	500	-1792.1931181569432	53.821095915277311	471081	600000	0	0	240.00669308258779	526.31167561513155	2.5560762383417854
0	5	5	200	7	14062876810904458882	99	49501	50000	500	500	-1797.0052731786188	55.020229650033997	472160	600000	0	0	292.61686259230868	486.96655865930768	2.7402614109629653
0	5	5	200	8	10734518324098668342	0	1	500	500	500	-1781.4251235683084	55.659982703822088	472619	600000	0	0	244.62374475196745	536.16948514731712	6.4275651004434424
0	5	5	200	8	10734518324098668342	1	501	1000	500	500	-1847.8245144314474	55.449064860278334	470659	600000	0	0	263.91030109197862	520.1446845271247	3.8389272926051037
0	5	5	200	8	10734518324098668342	2	1001	1500	500	500	-1712.6334433075046	52.871495711762115	470667	600000	0	0	234.93142473011349	496.45681698353201	4.9220917691318808
0	5	5	200	8	10734518324098668342	3	1501	2000	500	500	-1749.8581319284845	54.830466502279734	470296	600000	0	0	261.91911985214756	489.80927875022007	6.1909344161472255
0	5	5	200	8	10734518324098668342	4	2001	2500	500	500	-1810.7240916358508	56.056261723066058	472396	600000	0	0	260.43600648931312	519.55060890191442	2.8490828440078348
0	5	5	200	8	10734518324098668342	5	2501	3000	500	500	-1878.3056923440806	54.171673806265098	470929	600000	0	0	253.09455574719959	577.74723434775922	3.9055725198858311
0	5	5	200	8	10734518324098668342	6	3001	3500	500	500	-1733.465805486614	52.892572240835676	468922	600000	0	0	267.73950796441795	514.1594152561679	5.6969312254849438
0	5	5	200	8	10734518324098668342	7	3501	4000	500	500	-1759.4668820088937	55.516485368227791	471196	600000	0	0	261.83323196073729	486.57993303809917	1.2566386438063761
0	5	5	200	8	10734518324098668342	8	4001	4500	500	500	-1794.3981121453637	54.64577020149175	470042	600000	0	0	273.84770428324083	523.5549097039617	1.2969379047685312
0	5	5	200	8	10734518324098668342	9	4501	5000	500	500	-1767.2241686163995	52.183730190567076	470125	600000	0	0	263.67220114648825	504.51629408261192	5.5974494285813643
0	5	5	200	8	10734518324098668342	10	5001	5500	500	500	-1734.2716681158722	54.399001065532623	472030	600000	0	0	268.94581406132073	504.87797809716841	0.60952574948026372
0	5	5	200	8	10734518324098668342	11	5501	6000	500	500	-1716.9088807554006	54.783735268420322	469990	600000	0	0	249.45538202233442	506.64776496500428	8.325040871610188
0	5	5	200	8	10734518324098668342	12	6001	6500	500	500	-1808.1812537387632	55.492982873172437	472611	600000	0	0	247.36656390973158	528.1401171333199	2.0251310571725081
0	5	5	200	8	10734518324098668342	13	6501	7000	500	500	-1805.8192464259671	53.279803178219879	470491	600000	0	0	258.23437771272137	519.54405868431627	6.7797179982862525
0	5	5	200	8	10734518324098668342	14	7001	7500	500	500	-1866.2437520004421	54.827666681622858	470881	600000	0	0	259.6539134724477	563.7701917844654	2.8028346863261349
0	5	5	200	8	10734518324098668342	15	7501	8000	500	500	-1878.125213367123	56.671631659577159	470510	600000	0	0	235.03940264131683	543.28291328968805	7.7415877770117767
0	5	5	200	8	10734518324098668342	16	8001	8500	500	500	-1744.0167606912839	54.813950546789428	471791	600000	0	0	261.01537019842453	482.14517021643383	2.4343721770498172
0	5	5	200	8	10734518324098668342	17	8501	9000	500	500	-1799.1798043884689	55.473132376418015	473348	600000	0	0	253.69481721812255	495.65946910272135	4.0778064919738952
0	5	5	200	8	10734518324098668342	18	9001	9500	500	500	-1791.0203667874669	56.744863196839248	471759	600000	0	0	239.5888738083527	516.19192469653717	5.4152462735979956
0	5	5	200	8	10734518324098668342	19	9501	10000	500	500	-1858.3544942718966	54.36133207251131	471081	600000	0	0	261.41688177144175	510.16533819830465	0.63356654009930702
0	5	5	200	8	10734518324098668342	20	10001	10500	500	500	-1774.3958808326795	54.289107831866858	471620	600000	0	0	258.08120410975437	486.72086041427582	6.1113964464226305
0	5	5	200	8	10734518324098668342	21	10501	11000	500	500	-1753.1749132992661	55.092457514862019	472494	600000	0	0	245.72934834392177	518.24927218350649	2.8962654417618259
0	5	5	200	8	10734518324098668342	22	11001	11500	500	500	-1825.1526447116637	54.7191391537987	471485	600000	0	0	250.62455041556768	522.16838290859482	4.3936732060515808
0	5	5	200	8	10734518324098668342	23	11501	12000	500	500	-1801.4175027848664	56.362924022532248	470838	600000	0	0	270.83781340600149	480.37331291352416	1.655948165165672
0	5	5	200	8	10734518324098668342	24	12001	12500	500	500	-1795.5992496939371	54.774394479245302	470727	600000	0	0	251.67636772242602	521.0315787835674	3.7745538620441903
0	5	5	200	8	10734518324098668342	25	12501	13000	500	500	-1743.2577691578317	52.39520373782652	470164	600000	0	0	264.80361725388752	487.66858334357465	5.3025785989602685
0	5	5	200	8	10734518324098668342	26	13001	13500	500	500	-1719.707998725276	54.917839206690417	471480	600000	0	0	244.85360444286624	489.4191213783206	2.0504173742687679
0	5	5	200	8	10734518324098668342	27	13501	14000	500	500	-1839.612507831132	53.909134862032957	470934	600000	0	0	254.82521619406978	572.78546957019626	5.8678433789974749
0	5	5	200	8	10734518324098668342	28	14001	14500	500	500	-1834.5854053996343	54.150632361220019	470079	600000	0	0	252.86432078010631	508.0479891005686	8.9575276390346303
0	5	5	200	8	10734518324098668342	29	14501	15000	500	500	-1780.0581033315607	53.394738450168752	470407	600000	0	0	263.26911255015995	515.38485398457215	5.6559743139552925
0	5	5	200	8	10734518324098668342	30	15001	15500	500	500	-1754.2457112247921	53.031484255918528	471612	600000	0	0	256.45962323404086	513.59970008897324	7.3107977358405636
0	5	5	200	8	10734518324098668342	31	15501	16000	500	500	-1760.1654385053218	53.642595859122579	470215	600000	0	0	266.35565763335234	491.88332847713576	0.42192530175293286
0	5	5	200	8	10734518324098668342	32	16001	16500	500	500	-1749.8602058118306	53.083907585203328	470047	600000	0	0	250.27712465643887	508.67239309243524	6.6746759602956356
0	5	5	200	8	10734518324098668342	33	16501	17000	500	500	-1784.0503376122963	53.36563373049114	470181	600000	0	0	270.85365632583211	489.79483112809243	3.9765211813550914
0	5	5	200	8	10734518324098668342	34	17001	17500	500	500	-1780.0241354347806	55.292053810633981	471148	600000	0	0	259.982169775984	485.57359420656218	3.0507524947314022
0	5	5	200	8	10734518324098668342	35	17501	18000	500	500	-1742.2833167129431	55.106976392917979	471613	600000	0	0	258.15949538633924	494.97441236813393	1.264209770320647
0	5	5	200	8	10734518324098668342	36	18001	18500	500	500	-1808.5165248794708	55.00090357916843	470484	600000	0	0	251.2232087103252	564.35026516108837	5.0783082450269434
0	5	5	200	8	10734518324098668342	37	18501	19000	500	500	-1726.616302163224	54.13883935363107	471536	600000	0	0	253.77307035174132	474.39057478703177	2.6037591789286498
0	5	5	200	8	10734518324098668342	38	19001	19500	500	500	-1938.1957168830695	56.16520803125475	471199	600000	0	0	247.02082877672041	565.31750498090912	5.1457478343755563
0	5	5	200	8	10734518324098668342	39	19501	20000	500	500	-1729.127657476819	54.426849414359502	470705	600000	0	0	253.94375481311735	506.0342099324227	7.4430273928023523
0	5	5	200	8	10734518324098668342	40	20001	20500	500	500	-1794.5064429611928	53.71778562633552	471324	600000	0	0	273.76326083507695	490.47295485637903	4.1173461967925729
0	5	5	200	8	10734518324098668342	41	20501	21000	500	500	-1782.5711130549084	54.850918068444386	471692	600000	0	0	257.80992653470338	482.42039862319325	5.5193747539418245
0	5	5	200	8	10734518324098668342	42	21001	21500	500	500	-1745.4725106851788	52.096901164235256	469491	600000	0	0	252.53746239287486	526.01530092435712	8.4145555967517431
0	5	5	200	8	10734518324098668342	43	21501	22000	500	500	-1733.8619195698309	55.25709168353422	470842	600000	0	0	252.10877650086056	465.68652986605031	2.3574749676852949
0	5	5	200	8	10734518324098668342	44	22001	22500	500	500	-1838.1154133819853	56.368016274371008	470547	600000	0	0	279.20983165634107	492.63307497212605	3.5352987005116048
0	5	5	200	8	10734518324098668342	45	22501	23000	500	500	-1720.3776276307824	54.788076973675835	471673	600000	0	0	276.44997723187799	496.34636418483746	3.9919530411366138
0	5	5	200	8	10734518324098668342	46	23001	23500	500	500	-1831.2484997764934	55.438024798539658	472519	600000	0	0	264.63938767203564	565.10519419990635	2.6214327863734903
0	5	5	200	8	10734518324098668342	47	23501	24000	500	500	-1792.8088628929377	54.766007305737617	471351	600000	0	0	258.76828868506078	508.6035263474015	3.9445779320157115
0	5	5	200	8	10734518324098668342	48	24001	24500	500	500	-1881.1249151022516	54.663489390665603	471227	600000	0	0	277.43149234038077	598.00091473165946	4.3050891521602592
0	5	5	200	8	10734518324098668342	49	24501	25000	500	500	-1745.005886802534	53.416473990403063	470993	600000	0	0	262.36711731044892	496.04273615738896	1.750556000472262
0	5	5	200	8	10734518324098668342	50	25001	25500	500	500	-1862.7387524068517	54.81547374204483	472290	600000	0	0	272.14835299173114	538.49798230129204	2.0959221887193378
0	5	5	200	8	10734518324098668342	51	25501	26000	500	500	-1814.6582960893606	54.308568904662287	471039	600000	0	0	255.75361224372728	483.95711525531129	5.7752153729465832
0	5	5	200	8	10734518324098668342	52	26001	26500	500	500	-1812.2517602678365	56.063486754330256	471701	600000	0	0	265.86490465656209	553.37383366490872	2.3449797261739542
0	5	5	200	8	10734518324098668342	53	26501	27000	500	500	-1831.9409949483318	55.644285467899792	472689	600000	0	0	251.34063536790418	526.87982827316137	2.4765950357958424
0	5	5	200	8	10734518324098668342	54	27001	27500	500	500	-1785.9018555593625	52.768138979312376	470394	600000	0	0	259.7650617347532	518.19544851560261	5.0424271534711345
0	5	5	200	8	10734518324098668342	55	27501	28000	500	500	-1862.7785607282167	54.294134753120261	471734	600000	0	0	263.91728937417963	546.13127820785974	6.399934702275055
0	5	5	200	8	10734518324098668342	56	28001	28500	500	500	-1814.3874937941775	54.67995216407698	472535	600000	0	0	255.42035560153587	513.66054755575135	0.53712888281518967
0	5	5	200	8	10734518324098668342	57	28501	29000	500	500	-1786.6252422510881	53.259296969186039	469333	600000	0	0	268.66000887394932	513.49951414545319	6.7017394780898396
0	5	5	200	8	10734518324098668342	58	29001	29500	500	500	-1823.0651766121271	55.288844208747143	469801	600000	0	0	272.66508008061163	531.67485645060481	3.6476867716642833
0	5	5	200	8	10734518324098668342	59	29501	30000	500	500	-1763.0002123686063	54.231019911951023	471363	600000	0	0	262.84073924351043	506.34381497234904	3.9784781849242865
0	5	5	200	8	10734518324098668342	60	30001	30500	500	500	-1801.1077784839465	56.451454519557018	471216	600000	0	0	276.30586331171224	490.20812363306197	3.3665722677675785
0	5	5	200	8	10734518324098668342	61	30501	31000	500	500	-1855.7066203319478	55.390052944140614	471370	600000	0	0	262.60143779212359	534.77051465428167	1.1827042041041882
0	5	5	200	8	10734518324098668342	62	31001	31500	500	500	-1791.1845344307287	52.152852161846077	470692	600000	0	0	276.33197092912854	483.52400711115229	5.02174298205356
0	5	5	200	8	10734518324098668342	63	31501	32000	500	500	-1802.7978084588296	54.301874027818869	469660	600000	0	0	266.94843691158661	503.5859191109962	6.4404255832442106
0	5	5	200	8	10734518324098668342	64	32001	32500	500	500	-1806.0649212718226	55.246574040475252	471600	600000	0	0	259.82896994292349	519.5337828924529	5.4793036341302646
0	5	5	200	8	10734518324098668342	65	32501	33000	500	500	-1719.461506519988	53.687140238587709	471273	600000	0	0	267.78691891237537	515.45408220210606	1.7571813308683568
0	5	5	200	8	10734518324098668342	66	33001	33500	500	500	-1795.0271417089816	54.474211432296229	472455	600000	0	0	286.77185735931795	515.51623899463402	1.5013489721488049
0	5	5	200	8	10734518324098668342	67	33501	34000	500	500	-1773.64394059234	52.727348079732153	470558	600000	0	0	281.96142221882207	508.31564944908331	2.2853009354780882
0	5	5	200	8	10734518324098668342	68	34001	34500	500	500	-1735.193672857333	52.820148209217933	470939	600000	0	0	261.11853617949754	519.23906202546027	3.942763049116051
0	5	5	200	8	10734518324098668342	69	34501	35000	500	500	-1758.6672735178468	52.738411658676064	470720	600000	0	0	261.05343469032647	511.76865469076392	3.7744038199924996
0	5	5	200	8	10734518324098668342	70	35001	35500	500	500	-1817.0996421110874	55.672118626949256	470406	600000	0	0	257.89850138618255	515.03250703697461	6.9183039872687155
0	5	5	200	8	10734518324098668342	71	35501	36000	500	500	-1842.8819726129047	53.084126235095582	471864	600000	0	0	245.01186287520156	532.60446775278342	5.4901597670179232
0	5	5	200	8	10734518324098668342	72	36001	36500	500	500	-1739.4897327122899	55.097011000972913	472442	600000	0	0	256.66164582094666	508.33986061183282	0.80678405194784453
0	5	5	200	8	10734518324098668342	73	36501	37000	500	500	-1765.1845718110324	53.934761495495636	470632	600000	0	0	249.00008320716668	489.15918239736919	2.5572948977119676
0	5	5	200	8	10734518324098668342	74	37001	37500	500	500	-1841.3793161067845	54.886291063582583	470362	600000	0	0	270.20209836345134	507.68113903061879	6.3672263194805225
0	5	5	200	8	10734518324098668342	75	37501	38000	500	500	-1768.9513053661733	53.318182605715215	470567	600000	0	0	261.79977625797909	484.55744335742327	4.7894391953818918
0	5	5	200	8	10734518324098668342	76	38001	38500	500	500	-1756.8830166083962	51.693185263837925	470380	600000	0	0	251.06273004758125	477.25995276781521	5.0942381596425417
0	5	5	200	8	10734518324098668342	77	38501	39000	500	500	-1851.3924997825004	55.28988514275683	472373	600000	0	0	242.52835001178502	551.8850862451128	4.7463294507365594
0	5	5	200	8	10734518324098668342	78	39001	39500	500	500	-1765.9020731996231	52.931243571389217	469711	600000	0	0	260.28103004008489	511.69620007128333	8.6237076844057601
0	5	5	200	8	10734518324098668342	79	39501	40000	500	500	-1859.2265147851908	54.07247401028571	471309	600000	0	0	250.12530862839088	671.69770592694033	6.2199656384780493
0	5	5	200	8	10734518324098668342	80	40001	40500	500	500	-1823.5292924462817	55.209715698977632	469155	600000	0	0	267.62085355412381	536.2797589309879	0.97930520849325164
0	5	5	200	8	10734518324098668342	81	40501	41000	500	500	-1784.358100674395	53.892908523066538	471360	600000	0	0	252.79242422821736	490.19191704286328	4.243703961311927
0	5	5	200	8	10734518324098668342	82	41001	41500	500	500	-1891.8184978815093	57.021564522927918	472573	600000	0	0	247.93234046807547	557.47720409020826	1.8972748576799146
0	5	5	200	8	10734518324098668342	83	41501	42000	500	500	-1856.5719627600333	56.310983755174441	471696	600000	0	0	263.9393347271228	588.94620366593813	3.2878320946101391
0	5	5	200	8	10734518324098668342	84	42001	42500	500	500	-1803.405145830754	55.764003181092612	471581	600000	0	0	258.86712171507776	514.57919059234507	4.2655283386253862
0	5	5	200	8	10734518324098668342	85	42501	43000	500	500	-1737.1494260473346	51.524936254110635	470417	600000	0	0	267.02234676264823	499.28656451082497	4.0927099185055686
0	5	5	200	8	10734518324098668342	86	43001	43500	500	500	-1821.9709431842734	53.060339359678721	472434	600000	0	0	255.6030925438256	539.50875993397926	1.1772397303380182
0	5	5	200	8	10734518324098668342	87	43501	44000	500	500	-1818.8428327937752	53.311029187756056	470250	600000	0	0	276.07204701431249	546.82212745565562	3.9987227088240189
0	5	5	200	8	10734518324098668342	88	44001	44500	500	500	-1831.5652704751856	54.351150753310392	472257	600000	0	0	263.60532097480126	520.2112525035393	2.1500609529427832
0	5	5	200	8	10734518324098668342	89	44501	45000	500	500	-1885.8243181363068	53.395065679454142	472004	600000	0	0	273.01919912474074	572.641698875575	1.106001241230897
0	5	5	200	8	10734518324098668342	90	45001	45500	500	500	-1837.0884805072255	56.10127569096727	471557	600000	0	0	251.00191975773811	504.71539145731816	6.0195533106777921
0	5	5	200	8	10734518324098668342	91	45501	46000	500	500	-1816.5241009146132	54.342055567715704	472019	600000	0	0	261.5032080683967	528.44298710094506	3.322318281281484
0	5	5	200	8	10734518324098668342	92	46001	46500	500	500	-1810.503505034935	54.994504313357787	471219	600000	0	0	244.55158758240211	564.25865643504778	2.498725395941277
0	5	5	200	8	10734518324098668342	93	46501	47000	500	500	-1810.8496984419032	52.4546123681138	469971	600000	0	0	262.79568242165863	524.66382234168168	6.0474615517102217
0	5	5	200	8	10734518324098668342	94	47001	47500	500	500	-1835.7181578658901	55.451927027944016	471183	600000	0	0	254.49544154033063	539.84700830113115	1.8894521017124051
0	5	5	200	8	10734518324098668342	95	47501	48000	500	500	-1790.6634394121256	53.854558877723193	469889	600000	0	0	255.06119867999814	522.09645666747178	6.1442229071279746
0	5	5	200	8	10734518324098668342	96	48001	48500	500	500	-1715.7475763212769	52.959466903067486	469569	600000	0	0	245.33455713026541	475.77782901686754	3.6742603672171814
0	5	5	200	8	10734518324098668342	97	48501	49000	500	500	-1852.9819402277328	53.649484443629021	471696	600000	0	0	270.71572064309743	526.46514631822583	2.8860116851722086
0	5	5	200	8	10734518324098668342	98	49001	49500	500	500	-1789.1189339165478	55.31316992255023	469889	600000	0	0	250.75739240865033	495.71861484176395	3.8303709334163094
0	5	5	200	8	10734518324098668342	99	49501	50000	500	500	-1715.9910595700924	54.514959040041283	470775	600000	0	0	244.22124952808454	571.13988526066419	4.0045322124005001
0	5	5	200	9	17066167506477232565	0	1	500	500	500	-1810.2066012013508	54.026254343860991	471565	600000	0	0	249.67301817476448	504.22305014091421	4.9855234490836269
0	5	5	200	9	17066167506477232565	1	501	1000	500	500	-1894.5665893835753	54.470084388654641	472187	600000	0	0	253.81483387552598	565.85947425383745	3.3539489329669934
0	5	5	200	9	17066167506477232565	2	1001	1500	500	500	-1815.7493904242317	53.565380279001218	472194	600000	0	0	289.87667523913041	488.38783578747189	2.3414370368279127
0	5	5	200	9	17066167506477232565	3	1501	2000	500	500	-1743.6669801335911	53.038371191023366	469936	600000	0	0	267.37829430755392	510.66844378959445	6.3147266471961752
0	5	5	200	9	17066167506477232565	4	2001	2500	500	500	-1946.1458865098102	56.410589958287453	472993	600000	0	0	251.71012762871658	563.48935007126397	0.59280479078102821
0	5	5	200	9	17066167506477232565	5	2501	3000	500	500	-1766.4837790097888	54.350189114395711	471575	600000	0	0	260.3592790298768	535.18228391043726	6.3223936660610507
0	5	5	200	9	17066167506477232565	6	3001	3500	500	500	-1776.2640301922709	54.765162545416018	472414	600000	0	0	248.6435222450198	488.69283888069441	5.473462040516992
0	5	5	200	9	17066167506477232565	7	3501	4000	500	500	-1859.6414414860146	55.934674577614643	471502	600000	0	0	264.07728108430837	553.74458534842472	0.6625767132755116
0	5	5	200	9	17066167506477232565	8	4001	4500	500	500	-1801.2227098468022	54.547009031743706	469685	600000	0	0	265.97227078087917	486.48286441094336	3.0553551127530612
0	5	5	200	9	17066167506477232565	9	4501	5000	500	500	-1878.427599069809	53.910621216017326	470120	600000	0	0	259.26704720928149	563.66717015957602	5.3741190323272479
0	5	5	200	9	17066167506477232565	10	5001	5500	500	500	-1854.4112537208932	56.387052511312241	471367	600000	0	0	254.66663247091432	558.46511324276742	3.2114465540584023
0	5	5	200	9	17066167506477232565	11	5501	6000	500	500	-1884.8230869126874	55.872877872563997	471826	600000	0	0	281.53044977151274	528.68494526204438	0.78831724687536209
0	5	5	200	9	17066167506477232565	12	6001	6500	500	500	-1791.5347820072654	55.014607434751248	470541	600000	0	0	264.90815656720304	585.58888914397107	4.0701547324281844
0	5	5	200	9	17066167506477232565	13	6501	7000	500	500	-1879.9511987666788	54.663986125601255	471021	600000	0	0	260.78003139178492	618.09064462814536	2.5460764459860399
0	5	5	200	9	17066167506477232565	14	7001	7500	500	500	-1752.8478741666495	54.387694880636523	470661	600000	0	0	252.56092200577419	508.62337524426152	6.1933108646205213
0	5	5	200	9	17066167506477232565	15	7501	8000	500	500	-1787.8113264707588	54.924780630643667	471866	600000	0	0	255.26304046488718	521.38408286851279	1.2044127442861075
0	5	5	200	9	17066167506477232565	16	8001	8500	500	500	-1763.5120953554758	54.710905906511769	470720	600000	0	0	251.54515570133628	496.22195932329407	4.3381698001954057
0	5	5	200	9	17066167506477232565	17	8501	9000	500	500	-1792.9487078557099	54.516217730975484	469690	600000	0	0	265.95513148626719	535.51058050209565	4.7134564968832331
0	5	5	200	9	17066167506477232565	18	9001	9500	500	500	-1808.7007109458775	56.665701656291937	472340	600000	0	0	253.06218577886804	488.77594368943352	1.6410257525743936
0	5	5	200	9	17066167506477232565	19	9501	10000	500	500	-1810.1042096475135	52.267154024893337	469821	600000	0	0	252.87367603477841	522.82664927237749	9.3869803454401168
0	5	5	200	9	17066167506477232565	20	10001	10500	500	500	-1856.6166821193817	54.031473483252448	471376	600000	0	0	278.8878628762788	561.25702776623336	1.3040672595563088
0	5	5	200	9	17066167506477232565	21	10501	11000	500	500	-1736.135846243224	54.681948704875062	471544	600000	0	0	248.48905842514398	526.30426007993378	1.8726214540180843
0	5	5	200	9	17066167506477232565	22	11001	11500	500	500	-1840.6493896965303	55.974980524096793	471990	600000	0	0	243.49279375124704	543.72008305900704	2.4198272126164797
0	5	5	200	9	17066167506477232565	23	11501	12000	500	500	-1803.7595049431884	52.609518462958768	470535	600000	0	0	264.74810361560787	509.76553272151295	6.0705246814250584
0	5	5	200	9	17066167506477232565	24	12001	12500	500	500	-1710.2735577596175	51.972720510306964	470417	600000	0	0	249.15222635759221	454.16551287361807	11.418710774921955
0	5	5	200	9	17066167506477232565	25	12501	13000	500	500	-1836.6033576345103	54.219306990512379	471720	600000	0	0	270.58628029428934	501.2104392774304	3.0490693859993248
0	5	5	200	9	17066167506477232565	26	13001	13500	500	500	-1853.5657843963238	54.75885250923082	470141	600000	0	0	260.78020082516906	533.43302888311098	5.0262437913479889
0	5	5	200	9	17066167506477232565	27	13501	14000	500	500	-1781.8974311320137	56.721793441113746	472493	600000	0	0	254.20355166026354	504.1743671036898	1.5330742818777923
0	5	5	200	9	17066167506477232565	28	14001	14500	500	500	-1773.9255737380806	54.153001183354888	471240	600000	0	0	255.09572283701382	502.72646405126284	2.7061325568410055
0	5	5	200	9	17066167506477232565	29	14501	15000	500	500	-1721.6337174180244	53.600505164105058	471095	600000	0	0	258.06966106128993	480.16227391826453	3.663883235104465
0	5	5	200	9	17066167506477232565	30	15001	15500	500	500	-1844.9503862941926	55.948242842133759	472169	600000	0	0	258.7801661130872	583.71689203541803	2.0882731608803993
0	5	5	200	9	17066167506477232565	31	15501	16000	500	500	-1794.4202199368558	54.591783922774539	470441	600000	0	0	262.58927365275065	480.4408745199317	5.9844733935514265
0	5	5	200	9	17066167506477232565	32	16001	16500	500	500	-1874.2171891076935	55.607258490122639	471096	600000	0	0	266.79619940587224	564.26476418392645	0.5728047544685626
0	5	5	200	9	17066167506477232565	33	16501	17000	500	500	-1895.3241400192137	54.147818817653999	472119	600000	0	0	254.06920206390231	589.30255100138402	3.660224325699355
0	5	5	200	9	17066167506477232565	34	17001	17500	500	500	-1792.7263160743751	54.811433396543272	471629	600000	0	0	253.06896357556238	482.9020297435182	3.9495325562960648
0	5	5	200	9	17066167506477232565	35	17501	18000	500	500	-1775.2481321238522	55.94198935917705	471449	600000	0	0	250.7305308843867	512.07628055625071	5.1218756153110139
0	5	5	200	9	17066167506477232565	36	18001	18500	500	500	-1742.559185934824	52.998978688346384	469719	600000	0	0	266.97092342894962	496.17403888192047	4.8926096611277963
0	5	5	200	9	17066167506477232565	37	18501	19000	500	500	-1796.0271159673496	54.782606440482709	471539	600000	0	0	251.05375185538873	501.84772428685875	4.3858727541718237
0	5	5	200	9	17066167506477232565	38	19001	19500	500	500	-1780.0153991858942	54.920613358740752	471076	600000	0	0	260.35105201481355	484.41001858651288	1.8196502790971314
0	5	5	200	9	17066167506477232565	39	19501	20000	500	500	-1785.6267054907325	53.739752049265491	471545	600000	0	0	260.87742140230688	510.50102053838481	5.9739599481522108
0	5	5	200	9	17066167506477232565	40	20001	20500	500	500	-1773.692718253581	55.038926424702368	469838	600000	0	0	261.10402203015263	499.59079830697868	3.6504976001976051
0	5	5	200	9	17066167506477232565	41	20501	21000	500	500	-1744.1489674372654	53.962068281371096	470067	600000	0	0	250.25298700946726	493.75506470773087	5.4948877245963361
0	5	5	200	9	17066167506477232565	42	21001	21500	500	500	-1786.8463822720332	54.820740972305835	472093	600000	0	0	274.5873724508391	521.29677704762912	2.3610244301868346
0	5	5	200	9	17066167506477232565	43	21501	22000	500	500	-1757.8744395947449	53.765222400282447	469714	600000	0	0	268.43986941980893	509.03438846961774	6.1830572914942534
0	5	5	200	9	17066167506477232565	44	22001	22500	500	500	-1799.3019773241365	53.829628509313487	470108	600000	0	0	284.13601141668829	490.88472407875059	5.0337684218046856
0	5	5	200	9	17066167506477232565	45	22501	23000	500	500	-1787.4069964991711	54.723269202669066	471851	600000	0	0	272.73496380863361	498.0968059836224	0.7618444268427208
0	5	5	200	9	17066167506477232565	46	23001	23500	500	500	-1777.5903505058434	53.763037523990668	471615	600000	0	0	249.55606667444886	499.49041372043285	3.7267182372829426
0	5	5	200	9	17066167506477232565	47	23501	24000	500	500	-1821.3813027682609	53.646653927772128	471095	600000	0	0	261.48787101696206	594.58750020330785	3.8351073214249118
0	5	5	200	9	17066167506477232565	48	24001	24500	500	500	-1807.9630202924818	54.144688494707154	470955	600000	0	0	264.02600945142518	509.2543763669662	2.8729867947288708
0	5	5	200	9	17066167506477232565	49	24501	25000	500	500	-1928.2513410012878	56.769673436206524	473140	600000	0	0	263.58968654793637	551.2745380321478	0.41821775100269176
0	5	5	200	9	17066167506477232565	50	25001	25500	500	500	-1786.2405750213736	54.027043795777374	470065	600000	0	0	260.8246872141367	494.41378443508461	3.5118547918865413
0	5	5	200	9	17066167506477232565	51	25501	26000	500	500	-1748.9469439915845	53.49600234283232	470344	600000	0	0	263.14327754087304	486.95500329931696	4.1445924573979962
0	5	5	200	9	17066167506477232565	52	26001	26500	500	500	-1823.8127342377741	53.68370750632053	471562	600000	0	0	254.43386054385707	527.42451568006891	4.7447469376024616
0	5	5	200	9	17066167506477232565	53	26501	27000	500	500	-1797.7761755534314	53.046965028872741	469514	600000	0	0	273.62251580406189	505.00279382953482	5.8737161384096908
0	5	5	200	9	17066167506477232565	54	27001	27500	500	500	-1747.9828081225637	53.993984989512377	470894	600000	0	0	233.74100226560222	507.77888812601446	8.1075950697929837
0	5	5	200	9	17066167506477232565	55	27501	28000	500	500	-1880.4475044012959	55.672817144267988	471314	600000	0	0	245.40499654612611	562.52726978911346	4.539103777405999
0	5	5	200	9	17066167506477232565	56	28001	28500	500	500	-1766.9899380220004	53.25564568240582	471411	600000	0	0	241.65692487492424	520.18736882225312	3.0205291628725317
0	5	5	200	9	17066167506477232565	57	28501	29000	500	500	-1835.7445580540395	53.705353711573757	470221	600000	0	0	271.68613465317799	514.9147926115254	2.7920706701191462
0	5	5	200	9	17066167506477232565	58	29001	29500	500	500	-1799.2603073311768	55.712989057625947	472033	600000	0	0	264.14162834964816	507.13563136473067	2.6783590965342374
0	5	5	200	9	17066167506477232565	59	29501	30000	500	500	-1782.8350192929306	52.813341467826895	471272	600000	0	0	258.07655699668334	534.30688851689865	3.6804496176990673
0	5	5	200	9	17066167506477232565	60	30001	30500	500	500	-1898.0541660456129	53.202389416500111	469346	600000	0	0	271.01085513944099	549.79278901826501	3.6461776229040983
0	5	5	200	9	17066167506477232565	61	30501	31000	500	500	-1762.2767219753616	54.209904435221134	471143	600000	0	0	261.89256211394968	519.19740480116843	2.8519412213108257
0	5	5	200	9	17066167506477232565	62	31001	31500	500	500	-1826.5991978110731	54.538785995039703	471144	600000	0	0	250.87688194345654	580.64194518216334	3.6592069507422522
0	5	5	200	9	17066167506477232565	63	31501	32000	500	500	-1808.053312891303	54.785764173221331	470349	600000	0	0	250.37889641538925	610.06470053157409	6.0883254759968661
0	5	5	200	9	17066167506477232565	64	32001	32500	500	500	-1969.7336979277811	57.329280494007179	472108	600000	0	0	260.99364526947375	576.14917904927984	4.332424635900451
0	5	5	200	9	17066167506477232565	65	32501	33000	500	500	-1784.7367649558978	55.758297857836489	472999	600000	0	0	252.15653368643154	513.02604946170777	1.394576475356309
0	5	5	200	9	17066167506477232565	66	33001	33500	500	500	-1738.3897227848324	54.28187228083101	469395	600000	0	0	257.88430307924915	477.95980615682646	3.9841362913821388
0	5	5	200	9	17066167506477232565	67	33501	34000	500	500	-1760.831145547847	53.298220010060355	470909	600000	0	0	273.3120830764999	493.86860276390883	3.0563214954780311
0	5	5	200	9	17066167506477232565	68	34001	34500	500	500	-1804.3898092872241	55.199020760487358	472190	600000	0	0	289.63205708531677	488.61554411198074	0.86495936560661246
0	5	5	200	9	17066167506477232565	69	34501	35000	500	500	-1738.8619024546695	54.856754499668391	470520	600000	0	0	246.39053816346564	474.92007446279916	9.152095262048924
0	5	5	200	9	17066167506477232565	70	35001	35500	500	500	-1733.1620082778172	54.104134414621377	471655	600000	0	0	268.4608131325142	497.96137612603746	4.2498266692893134
0	5	5	200	9	17066167506477232565	71	35501	36000	500	500	-1778.5495150089334	54.411892012150091	470806	600000	0	0	257.72499422480007	509.95344003812426	2.9572256028678319
0	5	5	200	9	17066167506477232565	72	36001	36500	500	500	-1756.4827499917867	54.570125416187103	470219	600000	0	0	257.45888997707328	499.90414653698633	5.3310437121427698
0	5	5	200	9	17066167506477232565	73	36501	37000	500	500	-1802.4914648673403	54.603520316965223	470891	600000	0	0	278.09114279834	541.47072302240576	1.0261442650967441
0	5	5	200	9	17066167506477232565	74	37001	37500	500	500	-1803.7061376256427	54.005726753793937	469871	600000	0	0	285.93202652274573	532.48690571055329	6.9193203597885882
0	5	5	200	9	17066167506477232565	75	37501	38000	500	500	-1824.3977252596517	53.13803620795214	470282	600000	0	0	273.28601143914648	493.26359719956577	1.7826206221568823
0	5	5	200	9	17066167506477232565	76	38001	38500	500	500	-1800.7608535691791	53.689767613724975	471220	600000	0	0	278.71650903990195	512.1392528619466	2.6524508315128639
0	5	5	200	9	17066167506477232565	77	38501	39000	500	500	-1766.9752834468823	53.734711493699216	472542	600000	0	0	257.38920218159689	499.42619377264282	5.907034091556989
0	5	5	200	9	17066167506477232565	78	39001	39500	500	500	-1791.3224761230167	55.044614461000208	471411	600000	0	0	257.74561472966059	505.32387532248822	1.4380332033306609
0	5	5	200	9	17066167506477232565	79	39501	40000	500	500	-1845.6206430950226	55.860445597367409	471311	600000	0	0	267.37137235856397	494.58744487314067	1.6324034071415905
0	5	5	200	9	17066167506477232565	80	40001	40500	500	500	-1790.7803159619118	53.170659316597153	469818	600000	0	0	280.91197602488643	481.64269949274376	1.4706758340206352
0	5	5	200	9	17066167506477232565	81	40501	41000	500	500	-1781.7126297370376	53.622920157071889	470356	600000	0	0	281.04618122351826	490.8331338767307	5.0575309042651515
0	5	5	200	9	17066167506477232565	82	41001	41500	500	500	-1866.8042717156006	56.094825095826678	472648	600000	0	0	262.76878236187974	530.53352885037123	2.316686968962554
0	5	5	200	9	17066167506477232565	83	41501	42000	500	500	-1843.0859937809194	54.566587279109498	469982	600000	0	0	252.25515545724886	522.75586094267646	6.6683688376184422
0	5	5	200	9	17066167506477232565	84	42001	42500	500	500	-1739.9414207981524	54.887173557239421	471361	600000	0	0	252.35601760364889	540.52104911048741	2.0754900132013216
0	5	5	200	9	17066167506477232565	85	42501	43000	500	500	-1837.4881197416607	53.989271592362833	469270	600000	0	0	239.6477570558207	540.8620161509632	7.3369138099191087
0	5	5	200	9	17066167506477232565	86	43001	43500	500	500	-1748.4958939560702	52.512032976744514	469465	600000	0	0	266.32344343793392	488.24604474046606	2.346515317583036
0	5	5	200	9	17066167506477232565	87	43501	44000	500	500	-1800.0282374339342	56.394903301020307	471739	600000	0	0	247.99555200867363	506.26196147519221	4.7473826706879292
0	5	5	200	9	17066167506477232565	88	44001	44500	500	500	-1851.8245907971468	54.339716710950007	471809	600000	0	0	247.72564086585552	520.05724846948272	7.2456460941274248
0	5	5	200	9	17066167506477232565	89	44501	45000	500	500	-1783.8040490547946	54.23737967534732	471670	600000	0	0	255.78084326504987	569.95336171284225	4.7735879568810944
0	5	5	200	9	17066167506477232565	90	45001	45500	500	500	-1843.9262460084476	53.712811908769972	471134	600000	0	0	275.61127401639345	533.16251229374268	4.6090614789707169
0	5	5	200	9	17066167506477232565	91	45501	46000	500	500	-1775.5528716150948	53.266691597160147	470320	600000	0	0	267.06076663591494	535.52092580584849	4.081677646883537
0	5	5	200	9	17066167506477232565	92	46001	46500	500	500	-1796.474483311714	52.106177128991717	470259	600000	0	0	263.44456576889445	530.94100868766009	6.4303370981014867
0	5	5	200	9	17066167506477232565	93	46501	47000	500	500	-1795.681353976709	53.259004389672128	470236	600000	0	0	255.05735398536177	511.98027532167754	3.7854516457580072
0	5	5	200	9	17066167506477232565	94	47001	47500	500	500	-1804.5458361578585	57.318490869021055	471294	600000	0	0	228.27706099600402	524.22202540460808	3.963326332092111
0	5	5	200	9	17066167506477232565	95	47501	48000	500	500	-1752.8091125831254	53.799112058694199	469907	600000	0	0	254.5680258133815	488.34777062424996	7.5188403852541601
0	5	5	200	9	17066167506477232565	96	48001	48500	500	500	-1849.6499040232284	55.996048282312273	472853	600000	0	0	246.27597206860625	562.15139515642443	1.862864904398887
0	5	5	200	9	17066167506477232565	97	48501	49000	500	500	-1776.9301392612158	52.662418599985671	469919	600000	0	0	258.3495566335539	507.20505711185848	5.6095256177926531
0	5	5	200	9	17066167506477232565	98	49001	49500	500	500	-1765.7740708153158	54.742544404125859	471621	600000	0	0	271.54500146686041	502.17499767879002	2.2739266103515345
0	5	5	200	9	17066167506477232565	99	49501	50000	500	500	-1796.946483365726	53.350586144313304	469917	600000	0	0	238.95456097904213	517.77353431723031	7.6485372323121794
0	5	5	200	10	4119114376065937810	0	1	500	500	500	-1670.0959346047903	51.511950631230675	470230	600000	0	0	243.0647981074377	456.28195810036078	9.1739936007450265
0	5	5	200	10	4119114376065937810	1	501	1000	500	500	-1823.0736329631343	54.771576531303921	472485	600000	0	0	256.11333171130462	501.94428360692831	1.4184946896064767
0	5	5	200	10	4119114376065937810	2	1001	1500	500	500	-1795.2912163809949	53.954335463558181	470704	600000	0	0	268.78791849689765	494.56679925582665	2.1039872130236685
0	5	5	200	10	4119114376065937810	3	1501	2000	500	500	-1784.9967809523393	55.304275691456532	469758	600000	0	0	261.80197834834627	497.34965710371205	5.5430149811997724
0	5	5	200	10	4119114376065937810	4	2001	2500	500	500	-1848.69470450368	54.744321450413182	471050	600000	0	0	256.63046617121233	539.83588517954399	3.7642355701197063
0	5	5	200	10	4119114376065937810	5	2501	3000	500	500	-1803.1923329659144	55.423639049782778	471789	600000	0	0	244.33756208920769	520.65153300825034	4.7305527766629059
0	5	5	200	10	4119114376065937810	6	3001	3500	500	500	-1756.5679392994402	55.054575612909638	472675	600000	0	0	264.06359508399765	479.78167235977929	3.6543606387613812
0	5	5	200	10	4119114376065937810	7	3501	4000	500	500	-1900.1419145248622	55.858398559851949	472067	600000	0	0	263.73984967694037	531.22430407944853	1.6591774158209056
0	5	5	200	10	4119114376065937810	8	4001	4500	500	500	-1826.6100707381913	53.531844109673244	470045	600000	0	0	247.73442311631436	527.67971574906062	4.0942271682834441
0	5	5	200	10	4119114376065937810	9	4501	5000	500	500	-1812.2676175589863	55.341659510289077	472896	600000	0	0	269.9213135555305	515.24336994008706	1.6904476694132182
0	5	5	200	10	4119114376065937810	10	5001	5500	500	500	-1785.0088540508007	54.958513583142498	472307	600000	0	0	252.70621001918863	516.37882308855717	4.3943865945256375
0	5	5	200	10	4119114376065937810	11	5501	6000	500	500	-1783.0580359095368	54.587685368057741	470139	600000	0	0	254.29437833408821	571.68830273091214	3.2525305167262113
0	5	5	200	10	4119114376065937810	12	6001	6500	500	500	-1780.0530875512704	56.547763907605564	471917	600000	0	0	268.73426686664465	512.58880236221057	2.599765285796551
0	5	5	200	10	4119114376065937810	13	6501	7000	500	500	-1768.8038898359193	55.093682254767529	470447	600000	0	0	259.55177932487629	469.97662223917501	4.8128753397715602
0	5	5	200	10	4119114376065937810	14	7001	7500	500	500	-1787.4964267342798	53.2975163806925	470450	600000	0	0	255.51812035359836	537.48688076967187	8.6311186593011708
0	5	5	200	10	4119114376065937810	15	7501	8000	500	500	-1836.9087706407759	55.316594758909417	471145	600000	0	0	267.63785200418823	599.89950461695742	3.9550634058438709
0	5	5	200	10	4119114376065937810	16	8001	8500	500	500	-1742.4154655851539	54.409636831277432	469595	600000	0	0	281.47271255446861	521.68211907015325	2.3300124138731082
0	5	5	200	10	4119114376065937810	17	8501	9000	500	500	-1832.5397029221174	55.592389996469258	470520	600000	0	0	259.80406319045909	507.92453034569627	5.5440108785100772
0	5	5	200	10	4119114376065937810	18	9001	9500	500	500	-1792.5756653749279	55.090661799723833	471091	600000	0	0	259.5810192161232	492.92303472732436	2.2036933946012347
0	5	5	200	10	4119114376065937810	19	9501	10000	500	500	-1798.1991927215747	53.241820256503871	469470	600000	0	0	241.22149216913036	513.84894822089279	12.670806649791135
0	5	5	200	10	4119114376065937810	20	10001	10500	500	500	-1835.7717820148671	55.040627922636581	470188	600000	0	0	260.17945553026095	532.89904584152214	5.6105465440174669
0	5	5	200	10	4119114376065937810	21	10501	11000	500	500	-1915.1367627383136	54.561110673339577	471856	600000	0	0	250.86543239495373	571.51238097550004	3.2298010371837376
0	5	5	200	10	4119114376065937810	22	11001	11500	500	500	-1771.4930664939211	52.880205868473524	470017	600000	0	0	245.52828956389527	486.4003693336112	5.9155260945542674
0	5	5	200	10	4119114376065937810	23	11501	12000	500	500	-1793.1643581691098	53.884039620332075	471185	600000	0	0	266.35777256786992	526.05775918622635	3.1105263096219167
0	5	5	200	10	4119114376065937810	24	12001	12500	500	500	-1796.692129180446	54.64113789997208	471871	600000	0	0	255.22735521307891	499.63496679047108	4.2730635822984935
0	5	5	200	10	4119114376065937810	25	12501	13000	500	500	-1799.2106662548574	53.832154594414192	469660	600000	0	0	263.99160254902671	522.68835966062238	6.2196061683787587
0	5	5	200	10	4119114376065937810	26	13001	13500	500	500	-1807.0454564057643	53.809933833707269	472244	600000	0	0	257.43650607962371	505.96705387414681	6.1096232466710827
0	5	5	200	10	4119114376065937810	27	13501	14000	500	500	-1846.36525157959	54.376535474302571	469767	600000	0	0	246.16562715005455	538.9533480216337	4.2615129474485114
0	5	5	200	10	4119114376065937810	28	14001	14500	500	500	-1774.386094679455	53.473709853511139	471113	600000	0	0	248.53409628849437	507.13740867664143	7.3027606539432455
0	5	5	200	10	4119114376065937810	29	14501	15000	500	500	-1807.1217693545063	55.605037769734814	472866	600000	0	0	271.48561286367107	512.56795798400015	2.4531568240799575
0	5	5	200	10	4119114376065937810	30	15001	15500	500	500	-1750.0879431860296	53.004323984389899	469519	600000	0	0	262.07060113480748	491.43569884844436	5.5245430969336953
0	5	5	200	10	4119114376065937810	31	15501	16000	500	500	-1790.3692012791812	56.78804801676494	472026	600000	0	0	255.67892651427684	498.36789044501944	2.587009635988696
0	5	5	200	10	4119114376065937810	32	16001	16500	500	500	-1770.9072328789816	54.815188357942773	471698	600000	0	0	255.47833514710328	605.52375871552476	3.5850678411072838
0	5	5	200	10	4119114376065937810	33	16501	17000	500	500	-1764.7755834715958	52.400113609948306	470277	600000	0	0	276.74262330643961	503.04059199296086	2.6250896458142967
0	5	5	200	10	4119114376065937810	34	17001	17500	500	500	-1789.9359012865527	53.676335589211696	471536	600000	0	0	244.09876402345824	493.86937087856751	7.4006430244547019
0	5	5	200	10	4119114376065937810	35	17501	18000	500	500	-1774.0882856337912	55.31797303147281	471310	600000	0	0	242.40159634358483	516.14647272779723	5.8838700269349467
0	5	5	200	10	4119114376065937810	36	18001	18500	500	500	-1748.1291035182333	55.729284556442614	473299	600000	0	0	259.05725314751197	488.69085646226563	3.1803928323596016
0	5	5	200	10	4119114376065937810	37	18501	19000	500	500	-1875.7972796727759	56.765305341345389	470972	600000	0	0	244.34146612876327	597.46338746396066	5.8963533277895115
0	5	5	200	10	4119114376065937810	38	19001	19500	500	500	-1838.7361926762014	55.969545541294416	471540	600000	0	0	258.74055118049205	533.59349091865272	1.1443848349761849
0	5	5	200	10	4119114376065937810	39	19501	20000	500	500	-1743.1390793109647	53.747957481441091	470833	600000	0	0	273.74892858523731	490.61556162240572	1.7178989154043471
0	5	5	200	10	4119114376065937810	40	20001	20500	500	500	-1830.0701772749462	54.212100518804441	469817	600000	0	0	245.74707708619638	565.53049673606324	5.8203905688440862
0	5	5	200	10	4119114376065937810	41	20501	21000	500	500	-1762.8088483765089	54.021525962696337	470422	600000	0	0	244.04024645503924	504.86691808768626	5.3396285673745361
0	5	5	200	10	4119114376065937810	42	21001	21500	500	500	-1779.3445868943518	55.835895340786045	472569	600000	0	0	261.89631714580293	492.22129025550373	0.62771834850998776
0	5	5	200	10	4119114376065937810	43	21501	22000	500	500	-1833.9037602116646	54.71497528193936	471103	600000	0	0	237.88697148917709	592.63570596545583	6.2435248738538682
0	5	5	200	10	4119114376065937810	44	22001	22500	500	500	-1810.8808585144723	54.851315503593987	471943	600000	0	0	275.03017822493712	558.1890983188224	2.3151019374462796
0	5	5	200	10	4119114376065937810	45	22501	23000	500	500	-1766.8502403502414	53.142418294134202	470344	600000	0	0	272.96596273611766	477.98905427449688	5.3417902628908243
0	5	5	200	10	4119114376065937810	46	23001	23500	500	500	-1810.2212995618713	54.072181148752406	471396	600000	0	0	255.61464582626149	540.22020390089847	4.4449079088315289
0	5	5	200	10	4119114376065937810	47	23501	24000	500	500	-1802.3343669563869	53.496179006137588	471088	600000	0	0	261.9047260510626	547.60198593426639	3.9707703996499593
0	5	5	200	10	4119114376065937810	48	24001	24500	500	500	-1878.5319231178401	55.099242765714763	471080	600000	0	0	257.41499018967261	521.43258265789746	5.3615112748690645
0	5	5	200	10	4119114376065937810	49	24501	25000	500	500	-1779.2299688436538	55.117855596778554	471559	600000	0	0	235.78380691313106	508.94018487758387	5.3962482704177335
0	5	5	200	10	4119114376065937810	50	25001	25500	500	500	-1684.3153968081135	52.389227566428481	470082	600000	0	0	228.4424527969212	500.46373096685909	10.349348802915117
0	5	5	200	10	4119114376065937810	51	25501	26000	500	500	-1830.2750982860871	54.221968902137341	470247	600000	0	0	260.05868515976545	496.08094240053424	4.9922373924058423
0	5	5	200	10	4119114376065937810	52	26001	26500	500	500	-1719.8850411662454	51.593871716439004	471194	600000	0	0	261.71288697325997	489.53448862371641	2.6768443153085162
0	5	5	200	10	4119114376065937810	53	26501	27000	500	500	-1796.1658007026613	54.109692615359258	470434	600000	0	0	254.16289863243543	500.99567930112039	4.3530154727291013
0	5	5	200	10	4119114376065937810	54	27001	27500	500	500	-1748.3687863679741	54.914961764273961	472101	600000	0	0	258.13559471607181	532.48848734052694	2.6024067366203316
0	5	5	200	10	4119114376065937810	55	27501	28000	500	500	-1786.0264320987269	54.178792472125785	471905	600000	0	0	279.4525232322743	491.96867713030019	2.1790495990563992
0	5	5	200	10	4119114376065937810	56	28001	28500	500	500	-1863.74683807265	54.805570712428903	471983	600000	0	0	235.83101545317049	578.31790463204152	5.4028359052019912
0	5	5	200	10	4119114376065937810	57	28501	29000	500	500	-1736.8332375272403	51.735334192322014	469627	600000	0	0	265.24029253684074	498.57444052492025	9.5303995177530219
0	5	5	200	10	4119114376065937810	58	29001	29500	500	500	-1837.52784304687	54.151090684606991	470301	600000	0	0	262.12179171264324	543.70073375207301	5.1283765845082634
0	5	5	200	10	4119114376065937810	59	29501	30000	500	500	-1775.6553848604376	54.983130652168981	473100	600000	0	0	254.37114111539452	471.10110427120247	4.2008118053967278
0	5	5	200	10	4119114376065937810	60	30001	30500	500	500	-1831.1467168839731	54.72521271657854	471292	600000	0	0	262.51713136994937	497.93080468229249	3.233213438662828
0	5	5	200	10	4119114376065937810	61	30501	31000	500	500	-1776.9126813700364	54.835237806574405	471254	600000	0	0	254.9197197989175	511.37994439976717	3.7298194259852813
0	5	5	200	10	4119114376065937810	62	31001	31500	500	500	-1817.7970592905615	56.785638174404298	471474	600000	0	0	277.70994031587651	494.94280129662087	0.98264967595744634
0	5	5	200	10	4119114376065937810	63	31501	32000	500	500	-1830.8507617649243	51.904408579985436	470238	600000	0	0	247.55166829238269	694.03381536827044	11.297265942780879
0	5	5	200	10	4119114376065937810	64	32001	32500	500	500	-1773.6699975396391	53.33641539784292	471766	600000	0	0	248.90252511456328	485.65154957659286	2.3023416345430427
0	5	5	200	10	4119114376065937810	65	32501	33000	500	500	-1826.3620365328948	54.687764920804014	470169	600000	0	0	273.50920414398092	510.42903372571823	2.5298568446332323
0	5	5	200	10	4119114376065937810	66	33001	33500	500	500	-1802.6981847646252	54.40824019220765	470048	600000	0	0	276.71954614082472	483.51969495125445	6.2771088389451828
0	5	5	200	10	4119114376065937810	67	33501	34000	500	500	-1761.1224205419376	54.623705360882802	470688	600000	0	0	254.823377717688	499.04229027643652	3.5245351227793726
0	5	5	200	10	4119114376065937810	68	34001	34500	500	500	-1845.8558296902083	54.460892836113402	471386	600000	0	0	254.33855175272086	538.52613679443846	4.28548821744047
0	5	5	200	10	4119114376065937810	69	34501	35000	500	500	-1770.9685640490684	53.373744268636671	469702	600000	0	0	270.12739232768178	512.85160833350187	2.6112100757400465
0	5	5	200	10	4119114376065937810	70	35001	35500	500	500	-1783.538595521469	56.396792915480027	472708	600000	0	0	252.22404270234279	483.58513907886993	2.6977304441807659
0	5	5	200	10	4119114376065937810	71	35501	36000	500	500	-1788.0794264580188	55.64520413357436	470893	600000	0	0	263.87355780333769	516.65210163215806	4.1024886496209669
0	5	5	200	10	4119114376065937810	72	36001	36500	500	500	-1738.1623333887878	54.534923284815235	471453	600000	0	0	261.25874034661848	470.95707174833706	2.1340395349021564
0	5	5	200	10	4119114376065937810	73	36501	37000	500	500	-1830.9056797402586	53.451383839097765	470154	600000	0	0	270.7354066912668	507.44560150258945	5.0026115650118692
0	5	5	200	10	4119114376065937810	74	37001	37500	500	500	-1804.0308653948505	54.976004938550929	470934	600000	0	0	235.91932897924002	559.96965891465834	4.4760922045414624
0	5	5	200	10	4119114376065937810	75	37501	38000	500	500	-1778.619572352264	55.239352268821825	472793	600000	0	0	250.93311726336944	500.37363615195881	1.9317346905939576
0	5	5	200	10	4119114376065937810	76	38001	38500	500	500	-1809.2333691464066	54.040869297997652	469192	600000	0	0	255.32644407828175	512.47123296935058	13.242951840522714
0	5	5	200	10	4119114376065937810	77	38501	39000	500	500	-1857.859795095841	56.841576854693976	472518	600000	0	0	259.04070872200168	542.09850920032568	2.2721221282057651
0	5	5	200	10	4119114376065937810	78	39001	39500	500	500	-1795.4706134715168	53.203773255519813	469852	600000	0	0	273.06381469449531	477.29972256366261	3.7419171936182098
0	5	5	200	10	4119114376065937810	79	39501	40000	500	500	-1782.9369145358962	51.869092351918823	468178	600000	0	0	249.59729602306837	543.16741892221796	13.242030350438931
0	5	5	200	10	4119114376065937810	80	40001	40500	500	500	-1827.9584238662385	54.965849370984976	471248	600000	0	0	273.82393381433502	498.25990503572757	1.2425695600997324
0	5	5	200	10	4119114376065937810	81	40501	41000	500	500	-1798.558965581429	51.754609789272941	470208	600000	0	0	285.58766955821966	504.97464874856348	1.8378775685977868
0	5	5	200	10	4119114376065937810	82	41001	41500	500	500	-1878.094291823528	56.492714638265674	470781	600000	0	0	245.23982473605437	549.9938198557976	2.5892429825482108
0	5	5	200	10	4119114376065937810	83	41501	42000	500	500	-1797.1114140956688	53.766970838422246	470828	600000	0	0	249.48650550171789	496.79380672139257	6.6238814633844045
0	5	5	200	10	4119114376065937810	84	42001	42500	500	500	-1789.2661203024027	53.23225277035268	469641	600000	0	0	268.83735245256509	569.31920899719353	6.8803649608581781
0	5	5	200	10	4119114376065937810	85	42501	43000	500	500	-1741.8734110372955	51.879027918346203	470574	600000	0	0	256.54679730182005	485.8936186337466	5.193071029215119
0	5	5	200	10	4119114376065937810	86	43001	43500	500	500	-1794.2559013788143	54.330769044374058	471322	600000	0	0	272.87092208428464	509.10885166201433	3.2271155404097516
0	5	5	200	10	4119114376065937810	87	43501	44000	500	500	-1845.0437387107756	54.692839847171072	471632	600000	0	0	252.24815479899758	516.29575948087563	5.5293607090989774
0	5	5	200	10	4119114376065937810	88	44001	44500	500	500	-1762.6709462043243	52.698363217873748	470100	600000	0	0	263.80077539989003	474.98200564468971	8.8373861205237283
0	5	5	200	10	4119114376065937810	89	44501	45000	500	500	-1851.3578365493029	54.665910111312826	470763	600000	0	0	273.80979208867905	534.0165381434017	3.5272613138098574
0	5	5	200	10	4119114376065937810	90	45001	45500	500	500	-1853.2615537686784	56.276559931375473	471915	600000	0	0	257.5600117146048	567.69677634678214	1.5128836521374662
0	5	5	200	10	4119114376065937810	91	45501	46000	500	500	-1804.520304611978	51.256635956804729	467842	600000	0	0	258.59536702064116	538.57518391355643	14.86052000310254
0	5	5	200	10	4119114376065937810	92	46001	46500	500	500	-1824.7342139383181	55.940837342728983	473075	600000	0	0	265.16934465492227	533.0608427428665	0.8869634973738485
0	5	5	200	10	4119114376065937810	93	46501	47000	500	500	-1789.8342779980883	54.404845303970497	469703	600000	0	0	238.80964526161858	524.7401267501233	4.0863631156922899
0	5	5	200	10	4119114376065937810	94	47001	47500	500	500	-1824.036023381155	56.454078437972782	472446	600000	0	0	250.3779244638435	524.16465368735055	1.3184198190711778
0	5	5	200	10	4119114376065937810	95	47501	48000	500	500	-1796.8379803738758	54.808332468693884	472261	600000	0	0	259.69175671885336	570.84834089502544	4.6407263073495848
0	5	5	200	10	4119114376065937810	96	48001	48500	500	500	-1833.1968693234262	52.923391991007023	470107	600000	0	0	286.13009701424539	502.72004095550835	4.5645689222332626
0	5	5	200	10	4119114376065937810	97	48501	49000	500	500	-1681.3085579374624	52.289628700196694	468805	600000	0	0	272.0974520678177	456.63158223287127	8.7726893380848843
0	5	5	200	10	4119114376065937810	98	49001	49500	500	500	-1809.627532163712	54.24224439847886	470911	600000	0	0	254.14887186891022	553.65761710488084	8.897038594534008
0	5	5	200	10	4119114376065937810	99	49501	50000	500	500	-1787.0930625004205	52.485270238381595	471360	600000	0	0	257.51248264314739	499.80069415241508	3.4295951775867102
0	5	5	200	11	15571923496188449305	0	1	500	500	500	-1771.9511888129334	53.767725762583318	471070	600000	0	0	254.39469593853778	484.66482178946558	6.8837771969820309
0	5	5	200	11	15571923496188449305	1	501	1000	500	500	-1760.1633541210545	54.529959820970589	472516	600000	0	0	267.11943436434683	495.22486084752251	0.63423786818746541
0	5	5	200	11	15571923496188449305	2	1001	1500	500	500	-1739.0408004093827	54.488541778295179	470503	600000	0	0	254.09044787182984	491.3635696900522	5.3111208371544576
0	5	5	200	11	15571923496188449305	3	1501	2000	500	500	-1787.4694037996585	53.580405269006505	470858	600000	0	0	249.73231129750877	513.29113917758775	4.7348339768268008
0	5	5	200	11	15571923496188449305	4	2001	2500	500	500	-1829.449514715712	55.489294690129107	471341	600000	0	0	255.90365372299172	538.05399207215657	3.9285346612968581
0	5	5	200	11	15571923496188449305	5	2501	3000	500	500	-1673.5559447064823	52.699335861080009	468529	600000	0	0	260.07619061284652	464.4551043401076	11.477889425361235
0	5	5	200	11	15571923496188449305	6	3001	3500	500	500	-1812.7411214412957	56.350874785387319	472041	600000	0	0	237.59100608051699	527.89265097844532	2.5672886150954595
0	5	5	200	11	15571923496188449305	7	3501	4000	500	500	-1778.9239486746706	56.1745071003972	471908	600000	0	0	271.58462232772496	490.33040064321079	3.1430492558250744
0	5	5	200	11	15571923496188449305	8	4001	4500	500	500	-1797.0865275761475	53.991602968439281	471325	600000	0	0	244.93552639738073	520.46038934461251	5.6355196190500143
0	5	5	200	11	15571923496188449305	9	4501	5000	500	500	-1754.3521060716153	54.752090533901416	471657	600000	0	0	269.99093215839167	544.30329456845618	2.9107933207371763
0	5	5	200	11	15571923496188449305	10	5001	5500	500	500	-1832.7622293333884	53.082969995539095	471810	600000	0	0	263.29603808072068	548.13077803615522	1.7544800787230335
0	5	5	200	11	15571923496188449305	11	5501	6000	500	500	-1759.7374888407955	52.906873294710387	468159	600000	0	0	260.16673631439909	489.04177968398744	7.3741720414520771
0	5	5	200	11	15571923496188449305	12	6001	6500	500	500	-1816.8016113020481	56.457709225844368	471122	600000	0	0	260.26346115454135	605.08466541119662	1.5539194301407273
0	5	5	200	11	15571923496188449305	13	6501	7000	500	500	-1738.8155327654567	53.513444179642086	471042	600000	0	0	250.79186919651821	526.49396621687708	4.4734209927054174
0	5	5	200	11	15571923496188449305	14	7001	7500	500	500	-1781.1629665048436	53.796414524430624	471685	600000	0	0	255.6194866373973	567.59535493660189	7.0718460333963495
0	5	5	200	11	15571923496188449305	15	7501	8000	500	500	-1747.2357360236308	53.857329184593333	471301	600000	0	0	274.67804700828765	484.93160412505273	1.4014246911475667
0	5	5	200	11	15571923496188449305	16	8001	8500	500	500	-1827.6795663229725	54.269003338197919	469615	600000	0	0	259.53040091019079	527.75068386642715	3.8831905396539179
0	5	5	200	11	15571923496188449305	17	8501	9000	500	500	-1798.8842574415673	55.632452626089226	470343	600000	0	0	255.31291248678022	541.47782791101963	5.8410008814735068
0	5	5	200	11	15571923496188449305	18	9001	9500	500	500	-1821.2813518067064	55.93255269089218	471760	600000	0	0	253.98011770081106	505.68652521646476	3.0069185920905124
0	5	5	200	11	15571923496188449305	19	9501	10000	500	500	-1838.2287865976514	55.464350150334951	470283	600000	0	0	262.50524182682631	516.7634226436686	4.1759073907995186
0	5	5	200	11	15571923496188449305	20	10001	10500	500	500	-1825.4438350835023	55.395421906436944	471393	600000	0	0	265.27877846052803	504.81045441673433	5.9164173413082572
0	5	5	200	11	15571923496188449305	21	10501	11000	500	500	-1773.0630276388074	55.886588358660951	471367	600000	0	0	254.59997147914987	514.05155808117752	3.7420477195948614
0	5	5	200	11	15571923496188449305	22	11001	11500	500	500	-1822.5502169334113	54.974465618264645	470454	600000	0	0	274.66961935946006	494.83000897205176	1.400407444721548
0	5	5	200	11	15571923496188449305	23	11501	12000	500	500	-1810.5014073194657	55.451757776433261	471988	600000	0	0	260.41616668894926	553.32750533936246	3.7606797142938837
0	5	5	200	11	15571923496188449305	24	12001	12500	500	500	-1832.6546077495866	55.387381866022238	470665	600000	0	0	278.0050786309713	510.31316575836905	2.5196231886316633
0	5	5	200	11	15571923496188449305	25	12501	13000	500	500	-1839.9560739363453	58.464865093593971	472835	600000	0	0	243.0244224053888	551.429460577962	3.921328979290081
0	5	5	200	11	15571923496188449305	26	13001	13500	500	500	-1802.8171219983838	54.064622357885227	472371	600000	0	0	277.19515564987069	524.05571705202931	1.7758295806245776
0	5	5	200	11	15571923496188449305	27	13501	14000	500	500	-1810.3125824668728	54.49258830229666	470410	600000	0	0	244.75887452734315	565.08962975183636	5.4721933754563272
0	5	5	200	11	15571923496188449305	28	14001	14500	500	500	-1832.5544821209612	55.169285611407958	470896	600000	0	0	258.62668991293009	536.51738951773427	4.7882544987643163
0	5	5	200	11	15571923496188449305	29	14501	15000	500	500	-1799.5915513413756	54.186764263600899	471252	600000	0	0	271.93493420604983	533.66531157788222	3.2538226932084182
0	5	5	200	11	15571923496188449305	30	15001	15500	500	500	-1778.5897617557102	55.338026543924926	471788	600000	0	0	271.2777314364817	522.40977419557134	1.0367622363885589
0	5	5	200	11	15571923496188449305	31	15501	16000	500	500	-1813.8846499550361	54.436144646325253	471299	600000	0	0	265.4007823129794	490.4859213845192	2.6594322983979319
0	5	5	200	11	15571923496188449305	32	16001	16500	500	500	-1800.7476185711646	54.58287529548155	471039	600000	0	0	258.84295408025673	545.94770236472482	4.1749290694944481
0	5	5	200	11	15571923496188449305	33	16501	17000	500	500	-1786.7663183639158	54.637926011149695	470661	600000	0	0	266.75204641513716	523.58207617708263	1.8386320700268706
0	5	5	200	11	15571923496188449305	34	17001	17500	500	500	-1743.6850168791182	53.46353116711888	469056	600000	0	0	259.36379196232525	485.57517128851708	6.3543486129148548
0	5	5	200	11	15571923496188449305	35	17501	18000	500	500	-1837.6466368403705	55.433882754781173	470718	600000	0	0	262.9020722312398	687.47089576468841	1.3849262834436531
0	5	5	200	11	15571923496188449305	36	18001	18500	500	500	-1856.3427492282285	54.619154106926693	471522	600000	0	0	257.8952888813767	509.74992306109323	0.95531216280151043
0	5	5	200	11	15571923496188449305	37	18501	19000	500	500	-1820.6121127566255	53.086898647793255	470677	600000	0	0	257.01565698971245	517.7381394161157	4.8448747915826873
0	5	5	200	11	15571923496188449305	38	19001	19500	500	500	-1744.6345524216611	51.559063851371654	469025	600000	0	0	255.26634400510937	536.28262426074468	11.424105099108797
0	5	5	200	11	15571923496188449305	39	19501	20000	500	500	-1729.2697165473746	55.059173865971275	471579	600000	0	0	256.81631076478538	478.51903247006896	3.5262017516737778
0	5	5	200	11	15571923496188449305	40	20001	20500	500	500	-1863.553050039101	50.185478223021981	467175	600000	0	0	211.87625581625466	679.54442827876119	21.756871588233412
0	5	5	200	11	15571923496188449305	41	20501	21000	500	500	-1791.8871972106599	54.005984241076803	471751	600000	0	0	257.22249838549112	543.0563601447559	3.5600005466592362
0	5	5	200	11	15571923496188449305	42	21001	21500	500	500	-1825.8032515216089	55.844861260346484	471969	600000	0	0	258.05640391823363	552.27319973632564	0.97259331623202971
0	5	5	200	11	15571923496188449305	43	21501	22000	500	500	-1799.5640727135176	54.634697762411058	470742	600000	0	0	287.72154794917361	489.23652509967269	0.33231471473269308
0	5	5	200	11	15571923496188449305	44	22001	22500	500	500	-1823.1368932293801	51.571316675235849	470096	600000	0	0	270.17228464738287	496.86498766013699	4.4040884942529139
0	5	5	200	11	15571923496188449305	45	22501	23000	500	500	-1748.7518619249756	53.594593111564279	469638	600000	0	0	257.7926248118909	503.20652937463973	3.1480264879660234
0	5	5	200	11	15571923496188449305	46	23001	23500	500	500	-1781.463587626246	55.722537092605251	472103	600000	0	0	253.49779344427949	519.52783252971483	2.3429714488443989
0	5	5	200	11	15571923496188449305	47	23501	24000	500	500	-1714.0569158023404	53.048125895550427	470708	600000	0	0	264.83867299817911	572.01257137513255	7.2876724606266938
0	5	5	200	11	15571923496188449305	48	24001	24500	500	500	-1837.7634847962647	54.981033258725681	471060	600000	0	0	248.03098301853939	589.61033003074044	6.8465199935974193
0	5	5	200	11	15571923496188449305	49	24501	25000	500	500	-1841.2520316156456	53.635388469043583	469890	600000	0	0	254.08990870796364	528.65989581598751	8.2303523518919839
0	5	5	200	11	15571923496188449305	50	25001	25500	500	500	-1753.0244819762295	52.434682079702149	468672	600000	0	0	250.87816956738226	503.30616388281589	10.66988241023903
0	5	5	200	11	15571923496188449305	51	25501	26000	500	500	-1751.9467523643154	54.468785029726241	470814	600000	0	0	272.7980876816647	478.93795043716642	4.3609719731185779
0	5	5	200	11	15571923496188449305	52	26001	26500	500	500	-1771.9314749881419	53.618632879972523	470471	600000	0	0	255.75567778864078	545.20761165138879	3.0145330796063496
0	5	5	200	11	15571923496188449305	53	26501	27000	500	500	-1746.3797180421036	54.130288199229916	473062	600000	0	0	268.4466664615187	495.1991380929806	2.6189563447636197
0	5	5	200	11	15571923496188449305	54	27001	27500	500	500	-1829.6946044355539	54.522159775354346	469931	600000	0	0	278.57401194313337	515.94800795089884	1.930042687426462
0	5	5	200	11	15571923496188449305	55	27501	28000	500	500	-1798.6132663436194	49.824339419570656	467873	600000	0	0	226.90647417775912	685.30456368108651	19.696850080957727
0	5	5	200	11	15571923496188449305	56	28001	28500	500	500	-1806.2257170967548	55.266755507233256	471999	600000	0	0	267.96954795004854	508.73175201246784	2.5934426738832186
0	5	5	200	11	15571923496188449305	57	28501	29000	500	500	-1811.7290908378332	53.060414264929044	471047	600000	0	0	268.65031535885282	514.75498776027916	2.7934610243826334
0	5	5	200	11	15571923496188449305	58	29001	29500	500	500	-1757.1649783557621	52.779795222937373	469190	600000	0	0	262.30992053850059	497.35591517257308	7.0494961385170516
0	5	5	200	11	15571923496188449305	59	29501	30000	500	500	-1806.9471846939596	55.279801766217766	471957	600000	0	0	261.82037241630366	515.50204389044131	0.61361529364202527
0	5	5	200	11	15571923496188449305	60	30001	30500	500	500	-1897.9477028278218	55.92627670149831	471526	600000	0	0	258.87296905601846	521.07237575266595	2.0838431708410972
0	5	5	200	11	15571923496188449305	61	30501	31000	500	500	-1754.7458313090874	52.492987975811204	469221	600000	0	0	258.73283717894435	531.33596810695542	8.1030072481619086
0	5	5	200	11	15571923496188449305	62	31001	31500	500	500	-1797.2946705006227	53.545055750383192	471030	600000	0	0	263.08940550192159	488.950229045345	5.8841813600944954
0	5	5	200	11	15571923496188449305	63	31501	32000	500	500	-1814.1719406713796	54.133887829933563	470817	600000	0	0	262.34959481784989	575.36187515999541	6.979711387916371
0	5	5	200	11	15571923496188449305	64	32001	32500	500	500	-1763.8620885098987	55.59151290491463	472009	600000	0	0	261.15725977231227	501.33623382058306	4.2382874366242449
0	5	5	200	11	15571923496188449305	65	32501	33000	500	500	-1822.9281838461113	55.37286994253779	471821	600000	0	0	257.51068367148429	526.3010048501103	3.4385344312564938
0	5	5	200	11	15571923496188449305	66	33001	33500	500	500	-1820.0781188849357	54.112075233746566	472264	600000	0	0	276.21618873467742	511.62316149149785	2.3870066822511031
0	5	5	200	11	15571923496188449305	67	33501	34000	500	500	-1790.8569071435707	55.540664774619486	470996	600000	0	0	259.15998029639974	499.17694706945713	1.9568021212484812
0	5	5	200	11	15571923496188449305	68	34001	34500	500	500	-1817.7261826331701	54.189700583241112	470324	600000	0	0	237.59092368940017	586.97633682854052	6.0406083450929415
0	5	5	200	11	15571923496188449305	69	34501	35000	500	500	-1806.3910289469152	55.98842139035186	471675	600000	0	0	259.29831742419231	543.5972289465501	4.004178793515675
0	5	5	200	11	15571923496188449305	70	35001	35500	500	500	-1791.0435078705702	55.465378897460006	470614	600000	0	0	243.95688741324321	503.8085743710804	3.2941303782153315
0	5	5	200	11	15571923496188449305	71	35501	36000	500	500	-1840.9737158077578	53.671302945450186	471803	600000	0	0	252.22254583262756	542.77464474097235	4.6103736284908168
0	5	5	200	11	15571923496188449305	72	36001	36500	500	500	-1756.3080482876983	53.751024799564661	470460	600000	0	0	261.21425862605497	478.29684951552673	4.9346838425723556
0	5	5	200	11	15571923496188449305	73	36501	37000	500	500	-1786.5978214844365	55.320184347470537	472485	600000	0	0	249.61055166297828	527.36889531037957	1.5613830306889556
0	5	5	200	11	15571923496188449305	74	37001	37500	500	500	-1760.1994160466813	53.60137768773572	470781	600000	0	0	261.4592689343628	495.55348374143705	4.8267349703717981
0	5	5	200	11	15571923496188449305	75	37501	38000	500	500	-1851.5627640519308	55.643084321183757	471093	600000	0	0	267.33271977385249	557.12215624955707	2.751845049100758
0	5	5	200	11	15571923496188449305	76	38001	38500	500	500	-1765.9552437712498	51.910571336537416	471366	600000	0	0	261.04996315948529	482.04884480993428	4.8097060715959685
0	5	5	200	11	15571923496188449305	77	38501	39000	500	500	-1719.7231298564204	53.140114838447928	470431	600000	0	0	242.63031886151276	507.64561399561592	7.7869928344871502
0	5	5	200	11	15571923496188449305	78	39001	39500	500	500	-1805.1959443628004	55.368901448318724	473245	600000	0	0	251.04185885265045	503.78487939523029	0.36293051393081749
0	5	5	200	11	15571923496188449305	79	39501	40000	500	500	-1786.6203833605643	52.908218126630018	470109	600000	0	0	246.51499967312122	519.11440440334798	2.7211778737019148
0	5	5	200	11	15571923496188449305	80	40001	40500	500	500	-1787.1713707954498	55.489099587622427	470328	600000	0	0	262.33061324380219	514.88991774720398	0.87606311753627741
0	5	5	200	11	15571923496188449305	81	40501	41000	500	500	-1791.3423975093317	54.35291665429186	470946	600000	0	0	246.19608266614605	522.11896627277054	3.1127210515683523
0	5	5	200	11	15571923496188449305	82	41001	41500	500	500	-1773.2419633783779	53.06011123581596	470061	600000	0	0	257.87893434756955	492.06038868738159	3.9482152710252665
0	5	5	200	11	15571923496188449305	83	41501	42000	500	500	-1748.7804594841625	54.293033684655171	470750	600000	0	0	252.80399173783729	478.35164543304541	6.3089311788992655
0	5	5	200	11	15571923496188449305	84	42001	42500	500	500	-1844.7354789822859	55.018111374915776	471048	600000	0	0	275.36935028398216	515.8991704419866	4.0703623192215064
0	5	5	200	11	15571923496188449305	85	42501	43000	500	500	-1777.7342610854873	54.349590500512647	470930	600000	0	0	251.94183092501601	508.16258943824306	2.4129891009557025
0	5	5	200	11	15571923496188449305	86	43001	43500	500	500	-1862.5992647063572	54.932800783328638	473481	600000	0	0	266.61545362663486	537.34604343324099	1.1194090299637016
0	5	5	200	11	15571923496188449305	87	43501	44000	500	500	-1773.689770041864	53.372101460663103	471456	600000	0	0	252.67810758979806	520.3127003858765	5.5857504173481205
0	5	5	200	11	15571923496188449305	88	44001	44500	500	500	-1833.4967955913303	55.339730199617655	470813	600000	0	0	254.89441396955542	530.30731524304281	3.2359691667255706
0	5	5	200	11	15571923496188449305	89	44501	45000	500	500	-1804.9265706728781	54.245707616732275	471274	600000	0	0	268.40801730644296	518.05118557930246	2.405751467671442
0	5	5	200	11	15571923496188449305	90	45001	45500	500	500	-1842.6268130810756	54.503043569368444	470806	600000	0	0	260.28877688026472	515.09040216600522	4.4409319923256332
0	5	5	200	11	15571923496188449305	91	45501	46000	500	500	-1821.1474439837127	55.285327381299773	470558	600000	0	0	261.82902436642479	503.52790202947193	4.3853911894535216
0	5	5	200	11	15571923496188449305	92	46001	46500	500	500	-1771.2103988414274	53.908653201650687	473014	600000	0	0	244.40712503371776	492.05762981659916	4.1695512985588667
0	5	5	200	11	15571923496188449305	93	46501	47000	500	500	-1819.5579939665595	54.55227867291125	470154	600000	0	0	268.93039498118515	512.30833171545544	4.5691136921342217
0	5	5	200	11	15571923496188449305	94	47001	47500	500	500	-1850.8633943106192	57.259430449571823	472601	600000	0	0	259.47989594511955	530.45746364315801	0.80558017330807408
0	5	5	200	11	15571923496188449305	95	47501	48000	500	500	-1783.241997843535	53.434571498060023	471406	600000	0	0	279.41606760428323	484.75327990294545	3.5535002925090877
0	5	5	200	11	15571923496188449305	96	48001	48500	500	500	-1859.9086695302963	54.520064449409887	470626	600000	0	0	250.80765320878297	529.32270203897622	3.2572490424452716
0	5	5	200	11	15571923496188449305	97	48501	49000	500	500	-1802.8177120093876	53.358767564489277	471534	600000	0	0	267.76573437030481	493.54338906071888	4.4729048449598166
0	5	5	200	11	15571923496188449305	98	49001	49500	500	500	-1816.8886805453881	53.979464428569585	471034	600000	0	0	241.85672401717463	601.6175055282356	6.2422433415708696
0	5	5	200	11	15571923496188449305	99	49501	50000	500	500	-1831.7966544894421	55.948831474174142	470199	600000	0	0	245.52587547438446	549.31466318161199	4.3166952346648788
0	5	5	200	12	1491032439034990236	0	1	500	500	500	-1701.0620033473513	54.006078095135997	472254	600000	0	0	243.42253459771632	460.25456378616741	2.432229157894449
0	5	5	200	12	1491032439034990236	1	501	1000	500	500	-1774.8122941671604	54.862962645088565	473124	600000	0	0	271.4403813428973	524.37526747540062	4.6641182212888141
0	5	5	200	12	1491032439034990236	2	1001	1500	500	500	-1750.6616227664094	54.986417483923233	471166	600000	0	0	267.06465997278394	856.44372612029247	2.8969577139367901
0	5	5	200	12	1491032439034990236	3	1501	2000	500	500	-1838.9833853683342	54.398050585716149	471442	600000	0	0	256.99203919290488	501.06470935593831	1.4637050056920355
0	5	5	200	12	1491032439034990236	4	2001	2500	500	500	-1813.2041443857586	55.75070063786724	471987	600000	0	0	259.71779718236127	541.76123125499646	1.816448309813947
0	5	5	200	12	1491032439034990236	5	2501	3000	500	500	-1823.604626005151	56.04648984858261	472261	600000	0	0	262.33967118490477	485.99842398419776	3.226765580149213
0	5	5	200	12	1491032439034990236	6	3001	3500	500	500	-1811.1594888479303	53.833947081998012	470707	600000	0	0	265.96036854550943	515.40854411881264	6.2533698404805218
0	5	5	200	12	1491032439034990236	7	3501	4000	500	500	-1787.2701834122915	55.618122267047148	469782	600000	0	0	259.06653201836696	560.15778265546521	3.9779771755305315
0	5	5	200	12	1491032439034990236	8	4001	4500	500	500	-1862.0615644797924	55.551471960615409	471191	600000	0	0	259.816768957872	510.64464260413354	2.17438832419802
0	5	5	200	12	1491032439034990236	9	4501	5000	500	500	-1845.2454327970163	54.871247826127039	472154	600000	0	0	259.67415857197972	510.33541414571846	1.1475533041363699
0	5	5	200	12	1491032439034990236	10	5001	5500	500	500	-1778.5305510400278	53.969004833269729	470541	600000	0	0	238.32995209962434	507.35264409568407	5.1749561547849821
0	5	5	200	12	1491032439034990236	11	5501	6000	500	500	-1803.0774463661007	55.435633002259628	470827	600000	0	0	278.14263314708489	559.78656486763623	0.60110700015924912
0	5	5	200	12	1491032439034990236	12	6001	6500	500	500	-1771.4978546573457	53.707636180173701	470768	600000	0	0	250.77831582467377	599.1757209795627	8.6972407513318544
0	5	5	200	12	1491032439034990236	13	6501	7000	500	500	-1887.5278197191758	55.185007721997202	472336	600000	0	0	253.91050543807032	568.70355371454536	5.827715870494278
0	5	5	200	12	1491032439034990236	14	7001	7500	500	500	-1798.0127425470801	55.60540890865839	470681	600000	0	0	255.91670784783531	540.47332481323224	5.2019456351490323
0	5	5	200	12	1491032439034990236	15	7501	8000	500	500	-1825.7379841537377	55.730789536160735	471620	600000	0	0	247.91981333058581	529.00872300170909	3.5134345892443246
0	5	5	200	12	1491032439034990236	16	8001	8500	500	500	-1742.4028851065857	53.598999214226794	471888	600000	0	0	266.69894831648645	487.13738445938236	4.3328526395199933
0	5	5	200	12	1491032439034990236	17	8501	9000	500	500	-1819.8434666985158	55.128871800689495	470184	600000	0	0	260.15423131212276	525.35329401856518	2.9393518024071859
0	5	5	200	12	1491032439034990236	18	9001	9500	500	500	-1726.6573226015198	53.439416631113104	470795	600000	0	0	245.41947229803898	526.54546060602627	5.923917859912712
0	5	5	200	12	1491032439034990236	19	9501	10000	500	500	-1850.6685102670992	55.395716811594049	471806	600000	0	0	280.68827818222007	539.03735453676904	1.3583320549527649
0	5	5	200	12	1491032439034990236	20	10001	10500	500	500	-1807.9723811079134	53.917758441460585	471555	600000	0	0	247.62023502593544	503.56395634865504	1.5263488615739744
0	5	5	200	12	1491032439034990236	21	10501	11000	500	500	-1793.9926071283853	53.65113897501886	472513	600000	0	0	238.57631067722173	525.2244140536236	2.3363652397385337
0	5	5	200	12	1491032439034990236	22	11001	11500	500	500	-1770.305432577529	53.900455070289588	471654	600000	0	0	254.7700108712902	484.05785913265669	1.0481730534934564
0	5	5	200	12	1491032439034990236	23	11501	12000	500	500	-1861.3208686322371	55.505791843852151	469802	600000	0	0	248.21513844977684	518.21151141503515	4.3096170797158377
0	5	5	200	12	1491032439034990236	24	12001	12500	500	500	-1777.6310634114368	54.305568231102356	469760	600000	0	0	259.52622066870885	493.47136215508868	3.4598826584711331
0	5	5	200	12	1491032439034990236	25	12501	13000	500	500	-1778.3670944716146	54.279686204202939	471136	600000	0	0	254.68508154958005	515.36303080777054	6.6478548845587433
0	5	5	200	12	1491032439034990236	26	13001	13500	500	500	-1745.187200248535	52.840553790580429	471362	600000	0	0	268.03454256720676	470.66753055783863	3.7136971571067514
0	5	5	200	12	1491032439034990236	27	13501	14000	500	500	-1773.4746931418979	53.526714260468303	470771	600000	0	0	256.7768095517074	570.53314253074859	3.1680759515017876
0	5	5	200	12	1491032439034990236	28	14001	14500	500	500	-1809.8860804644758	54.810378623525381	471205	600000	0	0	254.99154919852873	555.72291414265749	2.9963082833802144
0	5	5	200	12	1491032439034990236	29	14501	15000	500	500	-1819.1566063830423	55.633363218214249	472325	600000	0	0	238.27611490455118	541.79122755393189	3.22285422151699
0	5	5	200	12	1491032439034990236	30	15001	15500	500	500	-1773.5618049773498	51.353623229234756	469669	600000	0	0	251.89863802338178	541.0822718599934	6.873247252183023
0	5	5	200	12	1491032439034990236	31	15501	16000	500	500	-1801.2504922130749	54.861221159298964	472318	600000	0	0	235.61486804681851	492.96291263210168	3.6311738321636429
0	5	5	200	12	1491032439034990236	32	16001	16500	500	500	-1888.0168883868434	54.909324318849876	471207	600000	0	0	253.16123120982164	534.75761233432058	6.1144738599809143
0	5	5	200	12	1491032439034990236	33	16501	17000	500	500	-1828.2121541063748	53.971904578056531	470710	600000	0	0	265.16449924836019	507.57608247062433	3.8625458413741089
0	5	5	200	12	1491032439034990236	34	17001	17500	500	500	-1742.3627913539856	54.125655564710655	470744	600000	0	0	268.42437634861187	494.85165862100177	3.9018417853012459
0	5	5	200	12	1491032439034990236	35	17501	18000	500	500	-1741.0279467606142	54.68207048594487	471981	600000	0	0	258.77807227160071	511.38796466757151	3.6125768270017939
0	5	5	200	12	1491032439034990236	36	18001	18500	500	500	-1757.3855050855152	54.898010541025258	471117	600000	0	0	255.3611279562756	518.65891083017118	3.7269514327882183
0	5	5	200	12	1491032439034990236	37	18501	19000	500	500	-1738.3712428030935	51.167625983130982	467918	600000	0	0	248.01472143018694	565.41213771632692	13.299847736526065
0	5	5	200	12	1491032439034990236	38	19001	19500	500	500	-1772.4360520469356	53.289375960219765	470146	600000	0	0	240.95218647828219	520.05305635058915	10.610451023343106
0	5	5	200	12	1491032439034990236	39	19501	20000	500	500	-1837.0857573519365	55.6522654387242	470976	600000	0	0	247.32301242812082	516.15885981434303	3.8365699188307132
0	5	5	200	12	1491032439034990236	40	20001	20500	500	500	-1855.2931303256898	56.065999439473472	473312	600000	0	0	261.27670541417569	548.51577018671207	2.6350653614930097
0	5	5	200	12	1491032439034990236	41	20501	21000	500	500	-1803.2845208006613	54.778182923805886	470638	600000	0	0	250.59581037203651	534.33450301325627	4.7489639572858602
0	5	5	200	12	1491032439034990236	42	21001	21500	500	500	-1795.8094918915958	53.627188131953481	470729	600000	0	0	254.70011466998497	508.89140798700231	3.2911906923140233
0	5	5	200	12	1491032439034990236	43	21501	22000	500	500	-1780.2521897784027	53.791543686750764	471504	600000	0	0	264.68183395218597	525.17332117125579	3.1576406014715142
0	5	5	200	12	1491032439034990236	44	22001	22500	500	500	-1767.9740876438404	53.570637759593581	468538	600000	0	0	264.79697090131168	489.93752792788416	6.3159257521052261
0	5	5	200	12	1491032439034990236	45	22501	23000	500	500	-1860.8311926078998	53.374531859079674	470294	600000	0	0	278.2062025894391	576.21884533759567	0.87969774120286692
0	5	5	200	12	1491032439034990236	46	23001	23500	500	500	-1692.0579148819545	52.274032765392072	470003	600000	0	0	254.09372399627568	522.63264537045518	9.5624024522063689
0	5	5	200	12	1491032439034990236	47	23501	24000	500	500	-1759.8594547257242	53.871677146845649	470095	600000	0	0	275.04101811339848	486.15383946710415	1.9922659142448211
0	5	5	200	12	1491032439034990236	48	24001	24500	500	500	-1761.3431437548195	53.312372917826671	469802	600000	0	0	288.42795963962959	473.67280714643528	0.70716459734846482
0	5	5	200	12	1491032439034990236	49	24501	25000	500	500	-1864.7441504939552	56.115816877485962	471504	600000	0	0	249.41407327699395	548.96322963280375	2.3770244357167134
0	5	5	200	12	1491032439034990236	50	25001	25500	500	500	-1894.5312940516096	55.90709162833776	471990	600000	0	0	247.10543097314718	566.37765842350234	2.0231309226307754
0	5	5	200	12	1491032439034990236	51	25501	26000	500	500	-1831.1165785686981	54.59764132305672	471964	600000	0	0	265.50191087517874	569.74945045196307	2.0726804655816435
0	5	5	200	12	1491032439034990236	52	26001	26500	500	500	-1831.7850769793167	53.570948164860582	469493	600000	0	0	251.29370405127642	543.70342367596857	7.9336809184387045
0	5	5	200	12	1491032439034990236	53	26501	27000	500	500	-1833.8873467259807	54.326619425266742	469043	600000	0	0	237.74826183920965	594.09555030169395	7.5728533907866638
0	5	5	200	12	1491032439034990236	54	27001	27500	500	500	-1828.2887536723983	54.102226492320597	472974	600000	0	0	227.17087773475259	540.76016512909212	2.4668734232372262
0	5	5	200	12	1491032439034990236	55	27501	28000	500	500	-1841.031296048521	53.787363532490566	468918	600000	0	0	238.85401069039378	621.13049708835592	9.3173319786026223
0	5	5	200	12	1491032439034990236	56	28001	28500	500	500	-1792.2325027002682	55.934403008249745	471250	600000	0	0	264.79528046106611	532.33605279283893	3.2879971270726087
0	5	5	200	12	1491032439034990236	57	28501	29000	500	500	-1653.5150145016364	51.689281444907564	470288	600000	0	0	262.55202463885342	432.37017022570166	3.6887908677964494
0	5	5	200	12	1491032439034990236	58	29001	29500	500	500	-1850.7127597478209	56.00231425652877	473733	600000	0	0	261.28065238614801	542.88918502138688	2.7642741324784961
0	5	5	200	12	1491032439034990236	59	29501	30000	500	500	-1773.0974258270057	55.839868501539328	471023	600000	0	0	271.76647508432717	476.58928435614735	0.8179293076935592
0	5	5	200	12	1491032439034990236	60	30001	30500	500	500	-1717.9143044561933	53.958770596315553	469729	600000	0	0	247.09566630101517	500.73199391291951	6.1909349691192412
0	5	5	200	12	1491032439034990236	61	30501	31000	500	500	-1770.6648014296334	54.201081883379729	471401	600000	0	0	252.50212263100309	495.72692916069371	4.5684317752192163
0	5	5	200	12	1491032439034990236	62	31001	31500	500	500	-1843.6800669498834	53.960157204022416	471279	600000	0	0	257.46968371529385	550.01409222870836	7.2357847602905521
0	5	5	200	12	1491032439034990236	63	31501	32000	500	500	-1756.0925942806236	54.054298783781732	472225	600000	0	0	268.74282687304918	477.26326271391309	3.4464238963051477
0	5	5	200	12	1491032439034990236	64	32001	32500	500	500	-1751.0238656839867	53.399461735732991	469117	600000	0	0	268.73561171737981	498.14211808261109	7.5571655322113109
0	5	5	200	12	1491032439034990236	65	32501	33000	500	500	-1799.8082414503131	54.102022995159665	469795	600000	0	0	248.29876538680287	507.62712227552748	1.5799709141972287
0	5	5	200	12	1491032439034990236	66	33001	33500	500	500	-1782.1958271383335	54.026264009152491	471163	600000	0	0	265.12139756493212	487.33167417167823	2.2218249487160651
0	5	5	200	12	1491032439034990236	67	33501	34000	500	500	-1744.7155532626739	55.435241949173424	472026	600000	0	0	244.32771631137214	604.42226710478405	2.799749399194833
0	5	5	200	12	1491032439034990236	68	34001	34500	500	500	-1778.4671507166836	53.452723328493626	472233	600000	0	0	278.80904253133116	466.4844606541086	4.0321895479153049
0	5	5	200	12	1491032439034990236	69	34501	35000	500	500	-1867.1179198848586	54.072238323891035	471804	600000	0	0	275.95002274522363	513.57108608390342	5.2128282688313545
0	5	5	200	12	1491032439034990236	70	35001	35500	500	500	-1785.0075767063295	53.760043564993062	469713	600000	0	0	256.49702571970789	519.8945645952582	6.4971387016093365
0	5	5	200	12	1491032439034990236	71	35501	36000	500	500	-1756.0481727653635	54.339378450471195	470677	600000	0	0	261.82418459491782	495.2016858425157	0.76420752518897883
0	5	5	200	12	1491032439034990236	72	36001	36500	500	500	-1848.1629516191099	54.747270332230599	471871	600000	0	0	248.35173901623534	568.45915709218389	1.8885890278373785
0	5	5	200	12	1491032439034990236	73	36501	37000	500	500	-1806.5520973929508	55.528556742229661	470420	600000	0	0	264.92722230680681	495.42902843862242	3.5872807228317778
0	5	5	200	12	1491032439034990236	74	37001	37500	500	500	-1781.8548664525169	54.139544262441802	469903	600000	0	0	239.03712301161622	524.84629271253289	7.2620881824890375
0	5	5	200	12	1491032439034990236	75	37501	38000	500	500	-1737.5897798015117	53.594110974734036	470482	600000	0	0	264.98817010962608	486.72251782669014	4.9477491213093989
0	5	5	200	12	1491032439034990236	76	38001	38500	500	500	-1815.1214925102786	56.120214229498963	470166	600000	0	0	242.2366406297738	546.08324716720983	4.0569433739427367
0	5	5	200	12	1491032439034990236	77	38501	39000	500	500	-1793.0839275520909	54.038474638321397	470868	600000	0	0	275.80327069177088	561.98093761283565	1.7400683660064749
0	5	5	200	12	1491032439034990236	78	39001	39500	500	500	-1770.9831424985121	54.96263181463133	471197	600000	0	0	263.23723637961871	481.582239582939	3.9317368179247998
0	5	5	200	12	1491032439034990236	79	39501	40000	500	500	-1781.5807535225765	53.688273527119208	471570	600000	0	0	264.96762029127348	513.43468112766811	3.9816557111896387
0	5	5	200	12	1491032439034990236	80	40001	40500	500	500	-1779.1733259477196	53.777741481710216	470447	600000	0	0	249.58856639426855	503.63309501759079	4.6007336189848127
0	5	5	200	12	1491032439034990236	81	40501	41000	500	500	-1900.9691896964866	55.033752011521813	471023	600000	0	0	264.40787802080843	579.52766448515899	4.1611713807761568
0	5	5	200	12	1491032439034990236	82	41001	41500	500	500	-1892.1502409456455	55.455780534074044	472052	600000	0	0	265.02864342857816	547.50838708374147	3.0165318192942592
0	5	5	200	12	1491032439034990236	83	41501	42000	500	500	-1838.441768082826	55.482898984686841	471027	600000	0	0	251.69674059712841	544.26122445358658	6.068767180501963
0	5	5	200	12	1491032439034990236	84	42001	42500	500	500	-1820.0852612580372	52.998674697172689	470289	600000	0	0	275.81311641983064	507.60781667677122	4.5641709868286595
0	5	5	200	12	1491032439034990236	85	42501	43000	500	500	-1855.6831270263338	55.672201031619622	470826	600000	0	0	255.90170334399076	531.62520206337661	2.1265162985608872
0	5	5	200	12	1491032439034990236	86	43001	43500	500	500	-1706.2732391657869	53.544015055601996	470972	600000	0	0	263.21826542533387	478.74140328489023	5.8652627620645372
0	5	5	200	12	1491032439034990236	87	43501	44000	500	500	-1784.4966331439339	54.706879074813067	470092	600000	0	0	269.75892787556512	476.69971712628927	2.669471415676655
0	5	5	200	12	1491032439034990236	88	44001	44500	500	500	-1812.5254274971478	55.661509063273819	470851	600000	0	0	257.82487715798607	511.15631913233938	4.7092333377240676
0	5	5	200	12	1491032439034990236	89	44501	45000	500	500	-1813.795779187652	54.405669892187859	469801	600000	0	0	259.9212028236513	534.18844177517406	5.6858564476488782
0	5	5	200	12	1491032439034990236	90	45001	45500	500	500	-1784.3035248409183	53.804284074955085	469412	600000	0	0	239.21651469769014	522.61659216222893	8.8838045499724334
0	5	5	200	12	1491032439034990236	91	45501	46000	500	500	-1839.4271744095554	54.30173492596694	471642	600000	0	0	252.1637157478313	502.87254068564079	2.5833453244966642
0	5	5	200	12	1491032439034990236	92	46001	46500	500	500	-1878.9634195980962	54.414225244509332	470613	600000	0	0	270.00968196846054	540.28301190562991	2.1094368799121836
0	5	5	200	12	1491032439034990236	93	46501	47000	500	500	-1844.3279419767102	53.790049005484292	470842	600000	0	0	257.12444048913102	555.23246604787278	6.7645954555759307
0	5	5	200	12	1491032439034990236	94	47001	47500	500	500	-1785.5326922862544	54.830407764908294	470996	600000	0	0	262.2553181405346	536.82694795434679	2.3931903013147071
0	5	5	200	12	1491032439034990236	95	47501	48000	500	500	-1773.1864277498937	54.461206896662787	472197	600000	0	0	257.20330374878597	543.81761221479371	0.61991168334275792
0	5	5	200	12	1491032439034990236	96	48001	48500	500	500	-1775.717813029386	52.880335582888996	469574	600000	0	0	266.05941640960708	491.94762391036505	5.0881504940616002
0	5	5	200	12	1491032439034990236	97	48501	49000	500	500	-1857.6684868516518	53.215134042580559	470167	600000	0	0	258.82282318064148	537.02819018709272	3.9020329464889119
0	5	5	200	12	1491032439034990236	98	49001	49500	500	500	-1778.5939765322903	54.834853312284032	470920	600000	0	0	266.0651829862295	586.48332080012779	3.9056580445966365
0	5	5	200	12	1491032439034990236	99	49501	50000	500	500	-1760.5952732430374	51.763533171455485	468228	600000	0	0	243.87315251798182	500.46959748433852	11.480587734877487
0	5	5	200	13	358552908552086878	0	1	500	500	500	-1811.5394228734306	55.687762226141373	471777	600000	0	0	243.54810917751851	606.95463818532426	4.325914921057934
0	5	5	200	13	358552908552086878	1	501	1000	500	500	-1890.6503730412439	55.400494128809086	470943	600000	0	0	267.8611589548903	519.49883311563656	1.1303285129197178
0	5	5	200	13	358552908552086878	2	1001	1500	500	500	-1799.1417785946946	53.588855921331451	470707	600000	0	0	271.92599354760478	507.90156194268218	3.9314373340898352
0	5	5	200	13	358552908552086878	3	1501	2000	500	500	-1868.5006736031976	54.182373206098994	470557	600000	0	0	252.48262511658845	572.26551776858742	3.9272294633263312
0	5	5	200	13	358552908552086878	4	2001	2500	500	500	-1818.3347581160467	54.184395418552704	471312	600000	0	0	262.21492788921694	533.92777585743136	3.0635880001134566
0	5	5	200	13	358552908552086878	5	2501	3000	500	500	-1739.7145402578519	54.748110959346896	470818	600000	0	0	259.51369343399693	475.66913061444831	2.4946717056049974
0	5	5	200	13	358552908552086878	6	3001	3500	500	500	-1740.7755890297756	54.659976092354839	471295	600000	0	0	263.61016445246008	491.16018189764355	2.8800052368072881
0	5	5	200	13	358552908552086878	7	3501	4000	500	500	-1747.2395825948495	52.742532284792688	467825	600000	0	0	257.51241784647175	476.87983156485728	13.192675430594502
0	5	5	200	13	358552908552086878	8	4001	4500	500	500	-1756.8219650972671	54.661142558212049	471398	600000	0	0	234.81632673679937	542.91551937956615	5.6256124908949046
0	5	5	200	13	358552908552086878	9	4501	5000	500	500	-1777.5437768260963	53.570976881044217	470425	600000	0	0	248.69464452436907	525.48372570671177	6.9733643694536518
0	5	5	200	13	358552908552086878	10	5001	5500	500	500	-1832.3216802032371	51.533064437359393	468457	600000	0	0	254.61651936741316	541.63482902733313	12.928147960216009
0	5	5	200	13	358552908552086878	11	5501	6000	500	500	-1835.8728258400349	56.112655538437672	472111	600000	0	0	237.20691817380401	538.94025697834695	5.5778559672825683
0	5	5	200	13	358552908552086878	12	6001	6500	500	500	-1811.0677022892771	53.717573738368976	470504	600000	0	0	258.76009232433398	512.97707816149455	6.5091075287689835
0	5	5	200	13	358552908552086878	13	6501	7000	500	500	-1783.0140771711099	54.91878324046958	470718	600000	0	0	224.95661733446221	655.59487589084597	3.5868801566667416
0	5	5	200	13	358552908552086878	14	7001	7500	500	500	-1821.6005214776294	56.180352302733233	472554	600000	0	0	260.95322267195507	530.49197327193826	0.79769577790937674
0	5	5	200	13	358552908552086878	15	7501	8000	500	500	-1785.4687717362719	53.71541891030104	471304	600000	0	0	266.29561965911097	558.81921989451769	3.0879858745721873
0	5	5	200	13	358552908552086878	16	8001	8500	500	500	-1787.6946333942042	55.149653093383812	470423	600000	0	0	241.62783955358947	563.73551417520832	7.7262405553092535
0	5	5	200	13	358552908552086878	17	8501	9000	500	500	-1844.7344823561164	53.921868325221553	471144	600000	0	0	263.09797974167986	536.22598716429377	3.0235012797384093
0	5	5	200	13	358552908552086878	18	9001	9500	500	500	-1774.9853413978456	54.120696310721563	471405	600000	0	0	271.36772840898664	485.5763430693666	3.4894436882419457
0	5	5	200	13	358552908552086878	19	9501	10000	500	500	-1746.9665370766074	53.698706516490077	471258	600000	0	0	257.91790495964062	485.78642906589295	4.216558659145087
0	5	5	200	13	358552908552086878	20	10001	10500	500	500	-1811.6983975743053	53.372165053151264	471187	600000	0	0	237.28702455555691	537.5768412386758	4.1294671962227332
0	5	5	200	13	358552908552086878	21	10501	11000	500	500	-1806.1149753308291	54.475904177335806	471009	600000	0	0	270.0042851641382	500.89866940079054	3.9535767117827834
0	5	5	200	13	358552908552086878	22	11001	11500	500	500	-1785.3717556532285	54.453549159513969	471683	600000	0	0	261.26687223827162	510.60834914821663	3.2922913200253752
0	5	5	200	13	358552908552086878	23	11501	12000	500	500	-1789.7155021936967	53.668196072064262	470407	600000	0	0	261.03239562358783	529.32502456403836	5.3998187094897387
0	5	5	200	13	358552908552086878	24	12001	12500	500	500	-1874.2241016535465	54.192419914494053	470288	600000	0	0	268.2143594281477	528.020967223963	5.8982316847727088
0	5	5	200	13	358552908552086878	25	12501	13000	500	500	-1731.6402628676415	54.175266295965216	470476	600000	0	0	253.92651985720454	481.06445354258449	4.4760448464411757
0	5	5	200	13	358552908552086878	26	13001	13500	500	500	-1787.594055539834	53.693066235349932	471187	600000	0	0	255.44618323315987	495.00512467272142	0.95329328058259644
0	5	5	200	13	358552908552086878	27	13501	14000	500	500	-1761.7506461618732	54.01530143944246	470889	600000	0	0	245.60644969978054	472.04821163853592	7.435160416242911
0	5	5	200	13	358552908552086878	28	14001	14500	500	500	-1679.4086160301556	53.409988859764979	471518	600000	0	0	240.48507736018294	509.62736462628749	5.0912552114382228
0	5	5	200	13	358552908552086878	29	14501	15000	500	500	-1822.2873512996473	54.209854903976527	469132	600000	0	0	241.58222515406436	580.04001084629806	11.698599265095762
0	5	5	200	13	358552908552086878	30	15001	15500	500	500	-1777.0595719897744	53.083513913681102	472122	600000	0	0	262.92297249217546	548.39228741907186	0.87294122519517048
0	5	5	200	13	358552908552086878	31	15501	16000	500	500	-1783.445258141822	54.410105841431246	470964	600000	0	0	255.69935802204643	496.28155115098764	6.4235505585484383
0	5	5	200	13	358552908552086878	32	16001	16500	500	500	-1751.5664779573569	52.352717273465075	469722	600000	0	0	261.95080981513723	487.85886366566797	5.5840073663286285
0	5	5	200	13	358552908552086878	33	16501	17000	500	500	-1747.4616438671787	54.817197773086299	472660	600000	0	0	250.51477241797676	471.46404197937886	5.8297077616146575
0	5	5	200	13	358552908552086878	34	17001	17500	500	500	-1799.0866809795764	55.073021137243998	470205	600000	0	0	267.71612887315086	506.3049692524379	1.4792303292303659
0	5	5	200	13	358552908552086878	35	17501	18000	500	500	-1866.5877123901935	55.368384855723313	470507	600000	0	0	238.79823154971001	545.75224024808335	5.893385613407264
0	5	5	200	13	358552908552086878	36	18001	18500	500	500	-1758.8019691074821	54.240120117862688	470300	600000	0	0	257.78121738890275	493.39846042630506	6.7977888110547369
0	5	5	200	13	358552908552086878	37	18501	19000	500	500	-1789.4270452959913	54.697787136975791	471932	600000	0	0	256.58982581086542	505.08901896312432	2.1775672704701345
0	5	5	200	13	358552908552086878	38	19001	19500	500	500	-1873.325651285704	53.657592531221454	471366	600000	0	0	262.74931499830677	522.07155400847216	3.6989564102459775
0	5	5	200	13	358552908552086878	39	19501	20000	500	500	-1858.4713221704051	54.406536217413205	471220	600000	0	0	261.59512181287909	540.31030133782474	3.4012981612049709
0	5	5	200	13	358552908552086878	40	20001	20500	500	500	-1849.1133076585268	54.183326633532921	472517	600000	0	0	268.8047876085256	514.45381601759709	2.7968886151277399
0	5	5	200	13	358552908552086878	41	20501	21000	500	500	-1842.3009364389791	56.987294195332382	472812	600000	0	0	250.1358075519891	538.0980078254654	4.3354428140863757
0	5	5	200	13	358552908552086878	42	21001	21500	500	500	-1734.9098374476682	52.605628423707948	469500	600000	0	0	243.85901470069047	506.9770010798544	8.7163774212723819
0	5	5	200	13	358552908552086878	43	21501	22000	500	500	-1844.8478844319479	53.64586986194228	470386	600000	0	0	260.83497983139807	501.44879657907381	4.4831144701412819
0	5	5	200	13	358552908552086878	44	22001	22500	500	500	-1724.741720357187	53.859311707028873	471670	600000	0	0	261.08457553147406	475.53337377262295	3.5933535759148905
0	5	5	200	13	358552908552086878	45	22501	23000	500	500	-1865.7435562038015	56.405605420478643	471091	600000	0	0	257.35455065690923	548.86810449218126	4.1464936937561276
0	5	5	200	13	358552908552086878	46	23001	23500	500	500	-1859.9722864663331	54.155790828302877	470470	600000	0	0	228.84032681969265	771.65850011009002	11.226210333727391
0	5	5	200	13	358552908552086878	47	23501	24000	500	500	-1806.3886161901557	55.984064088473055	471967	600000	0	0	250.59860575059659	547.96281705182264	2.2487369331793392
0	5	5	200	13	358552908552086878	48	24001	24500	500	500	-1858.2294852525504	54.982578911888737	472171	600000	0	0	256.34802989328034	535.34810717386779	1.5462187067388935
0	5	5	200	13	358552908552086878	49	24501	25000	500	500	-1715.2448610752235	54.945391958575428	471279	600000	0	0	246.44355131664005	485.84766486403129	3.5070388772655514
0	5	5	200	13	358552908552086878	50	25001	25500	500	500	-1696.7759222875316	54.040767693902652	470629	600000	0	0	246.66442182695695	472.13884437712142	7.0407338651324523
0	5	5	200	13	358552908552086878	51	25501	26000	500	500	-1760.6095219656795	54.578393902190598	471700	600000	0	0	243.59191827869586	505.97515353361985	2.3774856238147293
0	5	5	200	13	358552908552086878	52	26001	26500	500	500	-1829.3838798536763	54.609620504041985	471052	600000	0	0	257.65234269274538	519.33546399296335	5.2744301083769942
0	5	5	200	13	358552908552086878	53	26501	27000	500	500	-1817.2369075270012	53.321229885558836	470017	600000	0	0	251.27890475891846	529.43449398448831	6.9103297954500658
0	5	5	200	13	358552908552086878	54	27001	27500	500	500	-1822.7715991256225	55.548601947087818	471305	600000	0	0	260.72061228537746	525.32976735245029	1.4282574363331084
0	5	5	200	13	358552908552086878	55	27501	28000	500	500	-1827.4065011206051	54.56970200401539	471174	600000	0	0	247.87343488781508	516.52119278197733	5.8996130661562072
0	5	5	200	13	358552908552086878	56	28001	28500	500	500	-1818.6037213877928	55.332772874425416	471264	600000	0	0	254.72061930812961	592.38176538153175	6.0481484127310408
0	5	5	200	13	358552908552086878	57	28501	29000	500	500	-1719.7651309595415	54.398421285501861	471263	600000	0	0	265.49800630757801	447.38181872885337	3.7067427491186442
0	5	5	200	13	358552908552086878	58	29001	29500	500	500	-1793.1779332283675	53.197248459677404	471151	600000	0	0	281.62232029283308	485.64834756909096	1.5366662233961124
0	5	5	200	13	358552908552086878	59	29501	30000	500	500	-1769.6580895744107	54.503939133527815	471806	600000	0	0	250.42008210197588	1208.679326471572	6.5703608468605976
0	5	5	200	13	358552908552086878	60	30001	30500	500	500	-1788.530818875312	53.281372580696342	471124	600000	0	0	245.36847171010137	526.52785048061492	2.7376383864588743
0	5	5	200	13	358552908552086878	61	30501	31000	500	500	-1829.6448793854825	57.346851845795761	471550	600000	0	0	253.94688923892477	494.97574127165461	0.79550329365630668
0	5	5	200	13	358552908552086878	62	31001	31500	500	500	-1730.0690960334589	52.05157199114646	470082	600000	0	0	257.98248191951558	506.23744787459702	8.809907580099539
0	5	5	200	13	358552908552086878	63	31501	32000	500	500	-1826.7181768788068	55.720314445374704	471261	600000	0	0	253.40373755445023	508.07855274800778	3.3007821961015145
0	5	5	200	13	358552908552086878	64	32001	32500	500	500	-1814.2971788195148	55.519033084506603	471626	600000	0	0	245.38783780641003	512.26987330863733	6.3740569429153
0	5	5	200	13	358552908552086878	65	32501	33000	500	500	-1851.4916661901564	55.073182542824213	470334	600000	0	0	274.28909873640595	533.29247653214759	0.45825764169992644
0	5	5	200	13	358552908552086878	66	33001	33500	500	500	-1822.0825158622488	55.464488238790224	470312	600000	0	0	245.57114331629651	511.48191687211329	2.7203252155286766
0	5	5	200	13	358552908552086878	67	33501	34000	500	500	-1804.6847305855456	56.093969987340593	471604	600000	0	0	263.35343759167245	506.67213710931918	1.7462276228447264
0	5	5	200	13	358552908552086878	68	34001	34500	500	500	-1783.3130857565166	54.403806275022781	470217	600000	0	0	245.58812198553926	538.30632876096263	7.1999325859257963
0	5	5	200	13	358552908552086878	69	34501	35000	500	500	-1824.3846272011003	54.478237145504451	470119	600000	0	0	265.14872717561462	501.23149190860909	4.8810710877902768
0	5	5	200	13	358552908552086878	70	35001	35500	500	500	-1768.6515964002228	53.718923726621085	470841	600000	0	0	241.31464889214948	570.1003379331554	6.7026137755016784
0	5	5	200	13	358552908552086878	71	35501	36000	500	500	-1734.6175033910552	55.915047956273561	472326	600000	0	0	243.58131021852313	493.63503524621058	1.0338235071622879
0	5	5	200	13	358552908552086878	72	36001	36500	500	500	-1899.9734922357852	56.395917649763092	470820	600000	0	0	245.89343712169963	612.82657567331546	3.3601359964537703
0	5	5	200	13	358552908552086878	73	36501	37000	500	500	-1802.138753792824	55.415220724172194	471280	600000	0	0	259.48506638983531	536.59499348572422	3.7062583958205919
0	5	5	200	13	358552908552086878	74	37001	37500	500	500	-1774.228263209443	55.121173285735736	471581	600000	0	0	254.27813862116292	494.09157179120416	4.3853192603213573
0	5	5	200	13	358552908552086878	75	37501	38000	500	500	-1730.5840107709255	53.390657748046742	470513	600000	0	0	254.03464442162107	501.28107567340851	4.3397242577999648
0	5	5	200	13	358552908552086878	76	38001	38500	500	500	-1754.7961566855465	53.470121117134887	469211	600000	0	0	242.41113149588705	488.993931029382	6.4777995240405168
0	5	5	200	13	358552908552086878	77	38501	39000	500	500	-1824.3244245348035	54.718386453067119	470021	600000	0	0	259.97245936417983	532.65387476437343	5.750454465148608
0	5	5	200	13	358552908552086878	78	39001	39500	500	500	-1788.3719394946534	53.65889028356959	470677	600000	0	0	247.79338293835445	524.48923098727892	4.9426138625752776
0	5	5	200	13	358552908552086878	79	39501	40000	500	500	-1850.8736538046776	54.100259941381452	470129	600000	0	0	265.71988517247763	530.98944918650523	4.4928697953040295
0	5	5	200	13	358552908552086878	80	40001	40500	500	500	-1749.513596639046	55.169575721349929	471441	600000	0	0	241.0202941524627	559.945569046792	3.3998701739892945
0	5	5	200	13	358552908552086878	81	40501	41000	500	500	-1812.8560037363443	54.985366011825221	470333	600000	0	0	251.56325450866254	531.83575542118774	5.5946370011925657
0	5	5	200	13	358552908552086878	82	41001	41500	500	500	-1740.0620127990148	52.915144349285704	470723	600000	0	0	233.44352586502902	510.60988109038044	8.2028086315087112
0	5	5	200	13	358552908552086878	83	41501	42000	500	500	-1759.9926874354155	53.294816823781325	469801	600000	0	0	259.9644321175706	549.48155503300961	8.324134445126198
0	5	5	200	13	358552908552086878	84	42001	42500	500	500	-1755.0521685994649	53.957876861937834	471945	600000	0	0	275.8308138340559	517.02919272554425	0.37174181472959789
0	5	5	200	13	358552908552086878	85	42501	43000	500	500	-1881.2357685544112	54.341446949783546	470708	600000	0	0	275.05126174749245	556.79933807836017	2.995800064619544
0	5	5	200	13	358552908552086878	86	43001	43500	500	500	-1732.259705478006	53.072330657273866	470952	600000	0	0	241.11802977077085	477.34398811908511	5.3202296057828562
0	5	5	200	13	358552908552086878	87	43501	44000	500	500	-1806.4265385745919	55.568766021152875	472296	600000	0	0	267.33480098508676	525.53331644634625	0.17118325995719802
0	5	5	200	13	358552908552086878	88	44001	44500	500	500	-1761.5950574073033	54.359070520787114	470230	600000	0	0	269.24098451426676	479.31139623043151	3.8532728072100895
0	5	5	200	13	358552908552086878	89	44501	45000	500	500	-1826.0789831022616	54.392834339926196	471624	600000	0	0	279.39852174055181	496.34019101761663	2.1054503042168737
0	5	5	200	13	358552908552086878	90	45001	45500	500	500	-1883.658419237702	53.876182994175188	469143	600000	0	0	249.43642412416415	627.91747722123955	3.8850327163797913
0	5	5	200	13	358552908552086878	91	45501	46000	500	500	-1829.4936131725581	55.587463667258582	470638	600000	0	0	255.59215924725817	505.52326356568739	4.9890828656526205
0	5	5	200	13	358552908552086878	92	46001	46500	500	500	-1800.2845440189715	53.312841309403559	471229	600000	0	0	264.76054254363186	496.20275770027246	2.5396725198327403
0	5	5	200	13	358552908552086878	93	46501	47000	500	500	-1775.5883299383993	54.965098327454491	470352	600000	0	0	243.86118913218058	505.23583621091848	5.607914611141104
0	5	5	200	13	358552908552086878	94	47001	47500	500	500	-1808.0911607024723	55.591803521889624	470891	600000	0	0	259.25911064321502	504.78991158885714	4.5034180365015466
0	5	5	200	13	358552908552086878	95	47501	48000	500	500	-1778.8019943114887	52.780911996847671	471279	600000	0	0	246.13883041531832	552.60821444404223	6.6528996066694859
0	5	5	200	13	358552908552086878	96	48001	48500	500	500	-1780.904844227063	53.556862775575397	470616	600000	0	0	273.48684006452652	471.69128372031133	3.6099835908485955
0	5	5	200	13	358552908552086878	97	48501	49000	500	500	-1795.4950089710915	53.40816019834066	470003	600000	0	0	276.02677351779818	537.06744523255918	1.8331324759229342
0	5	5	200	13	358552908552086878	98	49001	49500	500	500	-1802.4871661266861	53.868436531593808	470336	600000	0	0	257.59722397887407	501.24293249361733	5.4981386454012542
0	5	5	200	13	358552908552086878	99	49501	50000	500	500	-1778.4266236007302	52.647530814991839	472102	600000	0	0	251.76567354071477	590.13420341736844	5.1267511554952678
0	5	5	200	14	14663084443725494167	0	1	500	500	500	-1753.5360366428108	54.770956176143329	470395	600000	0	0	243.36685518120655	500.72198357166121	1.4680052868029803
0	5	5	200	14	14663084443725494167	1	501	1000	500	500	-1819.1606543672392	54.649005085451307	470263	600000	0	0	248.65316277797899	534.8431990155218	10.873948739120516
0	5	5	200	14	14663084443725494167	2	1001	1500	500	500	-1787.169050349388	54.129697233359529	470354	600000	0	0	265.12916338835259	505.09767555163728	1.6573783242037425
0	5	5	200	14	14663084443725494167	3	1501	2000	500	500	-1767.9975815830201	53.52841765479635	470531	600000	0	0	262.76977824718642	483.75947175320846	9.3604677771236862
0	5	5	200	14	14663084443725494167	4	2001	2500	500	500	-1823.514285650396	54.074961410947644	470421	600000	0	0	253.53795111637197	501.15501005070291	8.7767817458102826
0	5	5	200	14	14663084443725494167	5	2501	3000	500	500	-1856.0265756244623	55.60325701861202	471247	600000	0	0	274.16135843202221	642.11651177256113	1.1605035361597971
0	5	5	200	14	14663084443725494167	6	3001	3500	500	500	-1864.5964598223736	56.437056735939471	471931	600000	0	0	259.35967746302606	572.43222848430389	2.0266237994767935
0	5	5	200	14	14663084443725494167	7	3501	4000	500	500	-1827.8030019105483	54.016614822098035	470908	600000	0	0	282.17969462293286	508.29160729060106	2.6599096866244447
0	5	5	200	14	14663084443725494167	8	4001	4500	500	500	-1758.0346187940099	54.824479899693408	471103	600000	0	0	261.8163712586753	477.46561914519907	4.4689260597723512
0	5	5	200	14	14663084443725494167	9	4501	5000	500	500	-1789.1993526003043	54.449236731865426	471420	600000	0	0	268.7900510087689	497.88156997997845	4.0007676977128979
0	5	5	200	14	14663084443725494167	10	5001	5500	500	500	-1821.8819075845727	52.989401748706037	469820	600000	0	0	259.73266740529562	531.72408818866484	10.663361631261839
0	5	5	200	14	14663084443725494167	11	5501	6000	500	500	-1804.855874118972	53.869122115381231	471232	600000	0	0	254.36736642983038	539.88008086845764	1.3386026371538835
0	5	5	200	14	14663084443725494167	12	6001	6500	500	500	-1811.9520697728942	54.402734642363988	471814	600000	0	0	246.89933028974656	524.33167594263386	2.5052910462643712
0	5	5	200	14	14663084443725494167	13	6501	7000	500	500	-1717.0589886649182	53.833965715371349	470889	600000	0	0	264.3736935133067	459.82692685298542	4.6534130723424516
0	5	5	200	14	14663084443725494167	14	7001	7500	500	500	-1845.9580902307916	53.626727019528325	470627	600000	0	0	273.54085076986496	568.46044368080516	4.218961744692038
0	5	5	200	14	14663084443725494167	15	7501	8000	500	500	-1834.1636330792942	55.293491787785818	471461	600000	0	0	263.82209126129214	513.62807572258771	4.8786805215307316
0	5	5	200	14	14663084443725494167	16	8001	8500	500	500	-1775.1934847756386	54.174822395402025	472179	600000	0	0	255.43925403888238	508.29821238930219	1.7780777666020808
0	5	5	200	14	14663084443725494167	17	8501	9000	500	500	-1752.6635289147907	54.249426586644766	470863	600000	0	0	257.81154184055015	573.55237719800664	8.3031655748639039
0	5	5	200	14	14663084443725494167	18	9001	9500	500	500	-1876.4710731997736	55.048997335208043	470927	600000	0	0	251.47472151483078	525.76070789885352	2.6052845134951577
0	5	5	200	14	14663084443725494167	19	9501	10000	500	500	-1803.3459296204617	53.440437004253681	470430	600000	0	0	271.07116331861181	498.56793574267186	4.0379187371614851
0	5	5	200	14	14663084443725494167	20	10001	10500	500	500	-1809.3847511240788	52.043850025425684	468696	600000	0	0	271.19899066764168	504.37658098546365	6.3912306049439254
0	5	5	200	14	14663084443725494167	21	10501	11000	500	500	-1771.6693430553146	54.036964651858334	471199	600000	0	0	245.73494913959183	501.01295748636875	5.2728540629323764
0	5	5	200	14	14663084443725494167	22	11001	11500	500	500	-1782.8090395878587	55.326359907444157	470880	600000	0	0	258.78574582673826	499.51360198175325	1.8863467933303653
0	5	5	200	14	14663084443725494167	23	11501	12000	500	500	-1867.8661515140968	55.099647653813122	472571	600000	0	0	264.21901022410333	571.67535792487183	2.2763274979060526
0	5	5	200	14	14663084443725494167	24	12001	12500	500	500	-1847.5715777272035	54.688159583713016	470357	600000	0	0	262.53387732028102	518.86654994827882	4.4682156841215566
0	5	5	200	14	14663084443725494167	25	12501	13000	500	500	-1798.3478755813233	55.219570913661748	471428	600000	0	0	267.76694666633125	485.22422602615154	1.2891367094966892
0	5	5	200	14	14663084443725494167	26	13001	13500	500	500	-1814.9324433391982	54.05134897815698	471711	600000	0	0	259.79744658363762	508.88084452566613	1.0713481458555436
0	5	5	200	14	14663084443725494167	27	13501	14000	500	500	-1802.1251341902421	54.46376771291385	470804	600000	0	0	249.71385008852025	511.12583941663081	7.1123522512539381
0	5	5	200	14	14663084443725494167	28	14001	14500	500	500	-1819.6162668620532	53.950466613295504	470586	600000	0	0	267.23019588575329	518.42130950169894	4.2789504754550576
0	5	5	200	14	14663084443725494167	29	14501	15000	500	500	-1858.0072682541099	56.213624019681021	472026	600000	0	0	271.15761961082569	525.87365536356742	4.3857188539791654
0	5	5	200	14	14663084443725494167	30	15001	15500	500	500	-1801.3294661769514	55.349599474086993	470787	600000	0	0	266.27583826539865	479.7971344859651	2.9644636360994223
0	5	5	200	14	14663084443725494167	31	15501	16000	500	500	-1819.0555739576314	55.275328712951705	471795	600000	0	0	244.164789045665	519.99995934795936	3.1035669070070462
0	5	5	200	14	14663084443725494167	32	16001	16500	500	500	-1672.4941974604769	53.800418787444492	471467	600000	0	0	244.16343659609683	464.49449524743028	6.013690478089333
0	5	5	200	14	14663084443725494167	33	16501	17000	500	500	-1824.8904271868605	55.664353926107346	472134	600000	0	0	260.51331511876839	501.97054960348072	1.714489161899925
0	5	5	200	14	14663084443725494167	34	17001	17500	500	500	-1747.2866074325259	54.913043989211701	470099	600000	0	0	254.92236330058091	478.81575586870997	4.8583503713713405
0	5	5	200	14	14663084443725494167	35	17501	18000	500	500	-1837.436156334818	54.727819729274422	470725	600000	0	0	269.97526440826869	550.53449803130252	2.3805366483396191
0	5	5	200	14	14663084443725494167	36	18001	18500	500	500	-1797.4045938045861	54.281991732675742	471766	600000	0	0	257.34931006879435	512.70523341079775	3.1288264085695885
0	5	5	200	14	14663084443725494167	37	18501	19000	500	500	-1712.5304672576942	52.87447242617138	471372	600000	0	0	259.11388302853965	520.7928722718201	7.4134519813809154
0	5	5	200	14	14663084443725494167	38	19001	19500	500	500	-1830.9925663884012	54.590989652487643	472080	600000	0	0	256.26072742548212	519.33564593287508	2.9859241819705189
0	5	5	200	14	14663084443725494167	39	19501	20000	500	500	-1869.6087837993705	56.384672594979364	471994	600000	0	0	262.23650417182188	550.32623458070145	4.0166360341300171
0	5	5	200	14	14663084443725494167	40	20001	20500	500	500	-1870.7832805955563	55.56103673777541	471745	600000	0	0	246.37822858567736	552.07658955297961	6.0314119202067875
0	5	5	200	14	14663084443725494167	41	20501	21000	500	500	-1797.703746614623	53.87033811936152	470557	600000	0	0	265.58248688865456	490.35947544796107	7.4280112483069072
0	5	5	200	14	14663084443725494167	42	21001	21500	500	500	-1829.8339839635871	56.431962644455304	472826	600000	0	0	246.67705518866995	554.90758471437061	6.6138934031447336
0	5	5	200	14	14663084443725494167	43	21501	22000	500	500	-1816.5384859148023	54.217367603749111	469970	600000	0	0	256.92606171643411	530.92742004700267	5.5754030639727983
0	5	5	200	14	14663084443725494167	44	22001	22500	500	500	-1819.8885298808802	55.710399401861146	470148	600000	0	0	251.61981967479352	517.73526532717062	2.5019184902841567
0	5	5	200	14	14663084443725494167	45	22501	23000	500	500	-1811.818639272391	55.742138956633951	472055	600000	0	0	267.89034529669959	519.95994960482744	1.4963465494917392
0	5	5	200	14	14663084443725494167	46	23001	23500	500	500	-1727.5332096184388	55.216053752998207	468944	600000	0	0	250.39431778952729	484.26140062235999	8.776307916248685
0	5	5	200	14	14663084443725494167	47	23501	24000	500	500	-1807.6517125501584	54.80446770298267	472426	600000	0	0	275.98829060386788	496.60152614498008	1.9544705696684728
0	5	5	200	14	14663084443725494167	48	24001	24500	500	500	-1704.4677051364199	53.960625208983494	470694	600000	0	0	255.47782527406872	536.64507431726463	5.595953997040005
0	5	5	200	14	14663084443725494167	49	24501	25000	500	500	-1794.1024479341991	53.222389272619836	469285	600000	0	0	268.66180445319708	491.70125993002131	5.4435205619831732
0	5	5	200	14	14663084443725494167	50	25001	25500	500	500	-1827.8512480341308	54.115317906704902	471500	600000	0	0	257.65111517390545	514.75625754321152	3.8485024353713166
0	5	5	200	14	14663084443725494167	51	25501	26000	500	500	-1844.1842755739176	53.30817673952739	469755	600000	0	0	252.13442678530063	511.31506695734959	3.6579514490049996
0	5	5	200	14	14663084443725494167	52	26001	26500	500	500	-1813.7323820115796	55.987388926362492	471428	600000	0	0	260.35508809763326	628.45431431113559	2.1671712710646363
0	5	5	200	14	14663084443725494167	53	26501	27000	500	500	-1760.5157591301872	54.213187561425663	470150	600000	0	0	260.37259400134974	544.1437440454705	5.9315001896430877
0	5	5	200	14	14663084443725494167	54	27001	27500	500	500	-1779.4816511972904	54.331247119798583	470481	600000	0	0	278.39712015083711	505.74521030279845	2.1962346419204004
0	5	5	200	14	14663084443725494167	55	27501	28000	500	500	-1729.7528169293914	53.808926355370573	470174	600000	0	0	246.19043857868024	482.44541280555836	6.6271345282454268
0	5	5	200	14	14663084443725494167	56	28001	28500	500	500	-1755.5380685598047	55.039244960969903	470824	600000	0	0	264.50976049406387	479.18701704686748	4.5531706773692049
0	5	5	200	14	14663084443725494167	57	28501	29000	500	500	-1810.5387237621851	54.34402827232671	470892	600000	0	0	253.69595705723455	547.40888795079047	5.006116274978254
0	5	5	200	14	14663084443725494167	58	29001	29500	500	500	-1752.183512506725	55.558032112565755	469576	600000	0	0	264.76603225916574	496.19958840694477	2.6341154241071933
0	5	5	200	14	14663084443725494167	59	29501	30000	500	500	-1793.5304544839082	54.021069807320224	471510	600000	0	0	265.14884713024765	509.92007280299021	3.7528575379982376
0	5	5	200	14	14663084443725494167	60	30001	30500	500	500	-1781.3850537794976	53.495408605293029	469609	600000	0	0	244.53143796529994	524.07562531584631	11.509297260629683
0	5	5	200	14	14663084443725494167	61	30501	31000	500	500	-1737.9597547902977	52.645796193238247	470674	600000	0	0	263.45358868866208	498.1540350874393	5.5267732413442996
0	5	5	200	14	14663084443725494167	62	31001	31500	500	500	-1842.1422867507856	53.778036630600575	469755	600000	0	0	240.66807832796886	534.3841427997047	12.43474999955107
0	5	5	200	14	14663084443725494167	63	31501	32000	500	500	-1855.8261780659345	56.068144649867079	471915	600000	0	0	266.90159733586086	555.75095068675068	2.9231934423993806
0	5	5	200	14	14663084443725494167	64	32001	32500	500	500	-1744.8476226051737	54.479637390777462	472754	600000	0	0	255.20437293641965	475.78396450696948	3.1751377750836074
0	5	5	200	14	14663084443725494167	65	32501	33000	500	500	-1816.0336968342085	53.27045165939137	471326	600000	0	0	274.04749750757446	549.53247405967329	5.8636709776721396
0	5	5	200	14	14663084443725494167	66	33001	33500	500	500	-1721.8346900619786	52.310866645688456	469883	600000	0	0	240.02855193715698	482.88714526913253	10.190133648149489
0	5	5	200	14	14663084443725494167	67	33501	34000	500	500	-1727.2498646523225	54.903627169195964	471842	600000	0	0	266.10290741326031	460.06385461339528	4.2961715285604667
0	5	5	200	14	14663084443725494167	68	34001	34500	500	500	-1836.9376900576408	52.25945839350517	468743	600000	0	0	265.51541878981658	626.65579264429596	5.2212768091708233
0	5	5	200	14	14663084443725494167	69	34501	35000	500	500	-1824.0531978606825	55.790806353701726	470145	600000	0	0	262.65916701772068	563.61759206441377	6.1915648284057525
0	5	5	200	14	14663084443725494167	70	35001	35500	500	500	-1852.0105770782502	56.570251487399126	473255	600000	0	0	274.45053467305667	507.33917980372507	2.0168226808167438
0	5	5	200	14	14663084443725494167	71	35501	36000	500	500	-1808.3425730922013	56.142431801610456	471733	600000	0	0	230.88344287741961	586.23712246096022	1.5253551471124933
0	5	5	200	14	14663084443725494167	72	36001	36500	500	500	-1864.2668731623066	53.740239667397958	469594	600000	0	0	283.2941373211172	541.65242435232551	3.5462077672413086
0	5	5	200	14	14663084443725494167	73	36501	37000	500	500	-1844.9582426213835	55.717789373000294	472124	600000	0	0	257.17884558694021	537.79051980960912	1.53209943942426
0	5	5	200	14	14663084443725494167	74	37001	37500	500	500	-1766.1960753732121	52.590908929990903	470753	600000	0	0	264.79014474401311	497.89460714220638	3.6210063964231942
0	5	5	200	14	14663084443725494167	75	37501	38000	500	500	-1842.4374225928173	54.449244303426795	469779	600000	0	0	259.59835963304204	537.31049110717322	0.82299995400061587
0	5	5	200	14	14663084443725494167	76	38001	38500	500	500	-1755.6924444630538	53.804248762065754	471055	600000	0	0	267.72617466018164	479.20997047624456	3.2961621131880197
0	5	5	200	14	14663084443725494167	77	38501	39000	500	500	-1778.6431524368768	53.978650920515683	470957	600000	0	0	267.47091181087683	486.91040182235287	5.3268635919779586
0	5	5	200	14	14663084443725494167	78	39001	39500	500	500	-1803.9266301206628	54.955303782456667	471281	600000	0	0	241.03700061497059	508.29897203057038	7.5357369686521363
0	5	5	200	14	14663084443725494167	79	39501	40000	500	500	-1764.7526809016349	52.789483341770662	470164	600000	0	0	274.85922061417034	507.20622739113321	2.1399094403799035
0	5	5	200	14	14663084443725494167	80	40001	40500	500	500	-1655.2867757255722	52.800921317379739	468748	600000	0	0	236.59829158974011	474.18845374787571	12.614286853033535
0	5	5	200	14	14663084443725494167	81	40501	41000	500	500	-1825.1133697011298	53.670783255695142	471734	600000	0	0	256.27432617026437	486.20537749747888	0.93294195280360281
0	5	5	200	14	14663084443725494167	82	41001	41500	500	500	-1847.8062899129511	55.192855836276699	471426	600000	0	0	271.52589196377681	565.80372741892359	3.8984790678229588
0	5	5	200	14	14663084443725494167	83	41501	42000	500	500	-1810.7526976073477	55.745644214303688	472229	600000	0	0	258.62036975227653	500.78641594210785	4.4091475213989151
0	5	5	200	14	14663084443725494167	84	42001	42500	500	500	-1749.0515898899946	54.4693593991135	469901	600000	0	0	270.07091599330965	499.91352889311997	5.6180525456108628
0	5	5	200	14	14663084443725494167	85	42501	43000	500	500	-1813.0472139683711	54.693391807823303	470988	600000	0	0	249.34940423718967	516.90806623714252	3.3665217853656628
0	5	5	200	14	14663084443725494167	86	43001	43500	500	500	-1871.1801359918404	55.074020831822978	470408	600000	0	0	266.5141243748036	551.83723827802362	5.3251839740454576
0	5	5	200	14	14663084443725494167	87	43501	44000	500	500	-1841.209613379046	55.698926909619139	472706	600000	0	0	262.61688705185924	516.83475767577818	2.4455444718916608
0	5	5	200	14	14663084443725494167	88	44001	44500	500	500	-1737.0611595440446	51.408666860320722	469645	600000	0	0	277.97880426011386	482.2923954907173	4.4445681011976079
0	5	5	200	14	14663084443725494167	89	44501	45000	500	500	-1770.8435638756398	53.923975041914872	470463	600000	0	0	256.90046923793824	504.4723931194905	3.0631321059918579
0	5	5	200	14	14663084443725494167	90	45001	45500	500	500	-1775.4926290652741	53.484108579042726	472215	600000	0	0	256.30118505922024	526.92533670927969	6.3912338469663599
0	5	5	200	14	14663084443725494167	91	45501	46000	500	500	-1774.8195018529539	52.327593082100094	470402	600000	0	0	261.57853705216019	504.83547244616022	5.7172895286924854
0	5	5	200	14	14663084443725494167	92	46001	46500	500	500	-1864.3566846765416	52.09993428664152	468608	600000	0	0	266.81057768664306	536.35046185272324	10.343136880281051
0	5	5	200	14	14663084443725494167	93	46501	47000	500	500	-1780.3722366379968	52.662546737719502	471050	600000	0	0	282.93687305355678	479.82394940560101	2.6764866348436485
0	5	5	200	14	14663084443725494167	94	47001	47500	500	500	-1756.4544272670876	55.42898298177785	470355	600000	0	0	269.67157162473461	473.66703516478219	3.874680241895454
0	5	5	200	14	14663084443725494167	95	47501	48000	500	500	-1809.8447403648338	53.813421542190405	471681	600000	0	0	265.28170297707919	536.5321167484168	1.3223692631366537
0	5	5	200	14	14663084443725494167	96	48001	48500	500	500	-1791.6890621419689	55.477051714302725	471155	600000	0	0	256.62224382456702	514.54391674371641	4.7627894625272198
0	5	5	200	14	14663084443725494167	97	48501	49000	500	500	-1809.948257987573	54.022538037189705	470983	600000	0	0	265.92617030825102	510.8624207552881	6.3487100643055463
0	5	5	200	14	14663084443725494167	98	49001	49500	500	500	-1781.3809419793201	56.403748067988374	472379	600000	0	0	253.66492690771128	494.09549062344809	0.67714020390986673
0	5	5	200	14	14663084443725494167	99	49501	50000	500	500	-1758.8094509187988	53.35253237820077	470199	600000	0	0	257.55217841036927	692.29000064763829	5.6064859799904685
0	5	5	200	15	10252841530468484221	0	1	500	500	500	-1732.9005858757314	53.389050640135672	470488	600000	0	0	249.25337652301542	519.18896649172552	5.7340246251111768
0	5	5	200	15	10252841530468484221	1	501	1000	500	500	-1821.1098438028891	53.252983372618964	470905	600000	0	0	261.19452087776659	562.87445653236261	8.5086161969968845
0	5	5	200	15	10252841530468484221	2	1001	1500	500	500	-1815.4167113553667	54.291364992418984	471134	600000	0	0	255.96453675124718	513.80146806964899	1.5826943677308847
0	5	5	200	15	10252841530468484221	3	1501	2000	500	500	-1743.7975300450175	54.796757184955609	471144	600000	0	0	241.67409195432674	509.7822207516453	3.5930173503625151
0	5	5	200	15	10252841530468484221	4	2001	2500	500	500	-1777.9108864416694	54.084325342109054	471061	600000	0	0	252.58876950442229	479.9816074703885	2.8017446090754574
0	5	5	200	15	10252841530468484221	5	2501	3000	500	500	-1729.2381920366463	53.334610135318769	469440	600000	0	0	262.55917632921904	468.09365299043162	5.4558202619390244
0	5	5	200	15	10252841530468484221	6	3001	3500	500	500	-1755.1336113305531	53.523678657341556	470401	600000	0	0	240.10307891686648	485.93583458394295	9.861830804223672
0	5	5	200	15	10252841530468484221	7	3501	4000	500	500	-1764.0043696200012	51.801855600565872	468828	600000	0	0	272.1248600192863	491.34449927817201	9.2524061270741758
0	5	5	200	15	10252841530468484221	8	4001	4500	500	500	-1785.8808387580677	54.310337190785461	471499	600000	0	0	248.32002398849727	509.32356281796325	2.5627638033954536
0	5	5	200	15	10252841530468484221	9	4501	5000	500	500	-1773.7618680378871	54.997379995384179	471905	600000	0	0	246.48077113110762	519.9811169711702	1.9791603827256632
0	5	5	200	15	10252841530468484221	10	5001	5500	500	500	-1903.0483172329311	55.310641038471772	472758	600000	0	0	243.33580200658031	544.03593012567887	0.48205982641160477
0	5	5	200	15	10252841530468484221	11	5501	6000	500	500	-1833.6633399733062	56.651851460882632	472698	600000	0	0	250.54891096560129	519.77320756283484	2.4312276486814355
0	5	5	200	15	10252841530468484221	12	6001	6500	500	500	-1817.4999340309819	54.25435589424233	471650	600000	0	0	256.29138983659982	535.6115895705293	4.9600679125797047
0	5	5	200	15	10252841530468484221	13	6501	7000	500	500	-1898.5894354225616	54.95048453418682	471475	600000	0	0	249.4862985756352	836.64110407668102	5.669230742651103
0	5	5	200	15	10252841530468484221	14	7001	7500	500	500	-1782.1334442099503	55.587798461675888	471302	600000	0	0	258.56415533846967	494.18665589502683	1.3556288998942676
0	5	5	200	15	10252841530468484221	15	7501	8000	500	500	-1727.5837832559814	53.489774137516257	470671	600000	0	0	264.50976459762933	498.30824092377526	4.9656329908021721
0	5	5	200	15	10252841530468484221	16	8001	8500	500	500	-1721.2377620556615	54.413381673264382	471255	600000	0	0	248.77436596562606	481.45013449610121	6.2220849398865701
0	5	5	200	15	10252841530468484221	17	8501	9000	500	500	-1763.1739545341582	53.985364311901741	470709	600000	0	0	239.51508850248172	485.55100851286784	4.2095234020412269
0	5	5	200	15	10252841530468484221	18	9001	9500	500	500	-1744.4843019344005	54.671953566241832	471577	600000	0	0	244.0545555916888	474.19589876321589	4.5995646302109625
0	5	5	200	15	10252841530468484221	19	9501	10000	500	500	-1760.9984571030341	56.398156368970909	472048	600000	0	0	258.96905285271498	490.13355525912817	3.3321468227715121
0	5	5	200	15	10252841530468484221	20	10001	10500	500	500	-1828.6250964784269	55.452493343838135	470941	600000	0	0	242.37954297613015	571.97076770360832	6.9496475665513753
0	5	5	200	15	10252841530468484221	21	10501	11000	500	500	-1703.8527067437851	53.747383965795258	472830	600000	0	0	293.13331238535454	471.76448781811541	3.9716539164944642
0	5	5	200	15	10252841530468484221	22	11001	11500	500	500	-1828.4391335827443	54.850257322835205	471590	600000	0	0	263.9764559158458	509.22338492273565	3.566750476033409
0	5	5	200	15	10252841530468484221	23	11501	12000	500	500	-1804.4503674275827	52.235109738535918	471797	600000	0	0	277.13938470483339	509.23444946170639	2.1861522069991137
0	5	5	200	15	10252841530468484221	24	12001	12500	500	500	-1824.0356313991413	54.587290391150802	470770	600000	0	0	273.73292508074212	525.71607323265027	3.5282493070564671
0	5	5	200	15	10252841530468484221	25	12501	13000	500	500	-1727.3223512482632	52.754847993722322	469102	600000	0	0	244.2224002513903	550.67957673030025	8.8576490094132279
0	5	5	200	15	10252841530468484221	26	13001	13500	500	500	-1793.4596771250749	51.94611122935148	470383	600000	0	0	279.84540351271482	527.58189388071776	9.4354943410585292
0	5	5	200	15	10252841530468484221	27	13501	14000	500	500	-1835.2265781320059	53.285968134196743	471261	600000	0	0	262.04554211152475	576.53346573198633	4.2957006277819429
0	5	5	200	15	10252841530468484221	28	14001	14500	500	500	-1833.9662212691098	54.979831954686475	470688	600000	0	0	269.26282705174299	501.84123171590204	5.1684750732713436
0	5	5	200	15	10252841530468484221	29	14501	15000	500	500	-1791.1403960243952	54.783325862531022	471562	600000	0	0	273.92662360161751	526.70627861294963	4.4574109627176908
0	5	5	200	15	10252841530468484221	30	15001	15500	500	500	-1814.1083742810024	55.698280709113092	471277	600000	0	0	269.70889829858851	487.65306394114634	0.72732568628840577
0	5	5	200	15	10252841530468484221	31	15501	16000	500	500	-1789.1221005169054	55.262063360554592	470928	600000	0	0	245.2327701054765	504.03274329432838	4.1152831399898044
0	5	5	200	15	10252841530468484221	32	16001	16500	500	500	-1847.2422513248814	55.094365388194888	470665	600000	0	0	267.49590636789901	490.26578476921839	2.1764191111638453
0	5	5	200	15	10252841530468484221	33	16501	17000	500	500	-1836.096163807139	55.406141391900739	470789	600000	0	0	253.14931909646128	510.56856294956361	2.4126694448298269
0	5	5	200	15	10252841530468484221	34	17001	17500	500	500	-1786.7960295582825	54.527609871186122	471947	600000	0	0	263.71239012286577	520.65041483527068	0.61059599233572059
0	5	5	200	15	10252841530468484221	35	17501	18000	500	500	-1799.4043849753177	54.033023435484139	470966	600000	0	0	245.93298116711608	495.09070437792724	3.2041781560513023
0	5	5	200	15	10252841530468484221	36	18001	18500	500	500	-1801.9090377349037	55.116189700087247	470902	600000	0	0	246.28423384148411	508.67334756069971	3.8085091943082059
0	5	5	200	15	10252841530468484221	37	18501	19000	500	500	-1835.0746887569815	55.944808109500137	472040	600000	0	0	266.06256036989657	642.14669146347205	1.9765909913932671
0	5	5	200	15	10252841530468484221	38	19001	19500	500	500	-1906.2154749474446	54.552399106245943	470935	600000	0	0	281.65670530103404	560.37134057430671	1.2846862891285982
0	5	5	200	15	10252841530468484221	39	19501	20000	500	500	-1811.0494091402004	53.013047629513821	471559	600000	0	0	252.99565342276676	524.08312135903566	3.7198456373434565
0	5	5	200	15	10252841530468484221	40	20001	20500	500	500	-1825.1349005956536	53.566993487277365	470717	600000	0	0	268.10109924047407	509.02080193255404	4.0361620897088013
0	5	5	200	15	10252841530468484221	41	20501	21000	500	500	-1676.8820358274825	52.307061687238132	470280	600000	0	0	250.16940379727129	456.08410410697661	4.4660959235264981
0	5	5	200	15	10252841530468484221	42	21001	21500	500	500	-1772.6188510948521	54.14976509768978	470200	600000	0	0	272.43300669115791	479.03250539915126	4.7688130269038087
0	5	5	200	15	10252841530468484221	43	21501	22000	500	500	-1714.2500248837553	54.297432530396094	469087	600000	0	0	261.94240738634909	462.38601130048335	6.4113743047561673
0	5	5	200	15	10252841530468484221	44	22001	22500	500	500	-1812.7989214620889	55.926046228028461	471649	600000	0	0	253.11142677088884	500.13742757199742	2.4875450020681402
0	5	5	200	15	10252841530468484221	45	22501	23000	500	500	-1764.0872674987224	53.971600161911304	469754	600000	0	0	266.80098834213078	498.8774369726039	5.4132458891366868
0	5	5	200	15	10252841530468484221	46	23001	23500	500	500	-1773.4699381833279	55.184987970944846	471972	600000	0	0	245.00077780885067	513.96971967297816	3.9306410492651538
0	5	5	200	15	10252841530468484221	47	23501	24000	500	500	-1865.8725587384301	56.743869065214234	471698	600000	0	0	258.16976245691518	534.27823474635761	3.4213641940616837
0	5	5	200	15	10252841530468484221	48	24001	24500	500	500	-1820.1157461624791	54.354165792179522	470316	600000	0	0	251.94862955392318	507.86021954893391	5.7385775280955524
0	5	5	200	15	10252841530468484221	49	24501	25000	500	500	-1781.7257040270308	54.220133433213391	470576	600000	0	0	262.25173310019778	692.02073001721647	3.3227635870400052
0	5	5	200	15	10252841530468484221	50	25001	25500	500	500	-1758.6894645801137	54.480022847007469	472116	600000	0	0	258.16894116835738	473.9115000199684	3.7452775299029772
0	5	5	200	15	10252841530468484221	51	25501	26000	500	500	-1811.1879546365772	55.878220217146747	470790	600000	0	0	266.17118531742494	517.42063083214919	2.6423093830053479
0	5	5	200	15	10252841530468484221	52	26001	26500	500	500	-1802.7383300438607	53.927995760339556	473076	600000	0	0	269.8799607867154	504.32163155375099	4.031742891499186
0	5	5	200	15	10252841530468484221	53	26501	27000	500	500	-1848.2134426122491	55.471443543147615	472339	600000	0	0	244.16594380848116	529.96057137418518	1.740254326019969
0	5	5	200	15	10252841530468484221	54	27001	27500	500	500	-1809.7450355930425	54.173891357023088	471763	600000	0	0	277.55125072826837	549.35005524619339	0.49477230080300233
0	5	5	200	15	10252841530468484221	55	27501	28000	500	500	-1774.9490818633749	52.084100229975128	470114	600000	0	0	262.27240696318296	487.45023698697287	7.9757218471897096
0	5	5	200	15	10252841530468484221	56	28001	28500	500	500	-1761.580559761949	56.448070364718028	471647	600000	0	0	246.55695526364576	509.32556048789928	2.2653617095843401
0	5	5	200	15	10252841530468484221	57	28501	29000	500	500	-1854.9823013030846	55.821353242992473	471353	600000	0	0	249.85549494333546	570.49759947972564	3.7948912815319922
0	5	5	200	15	10252841530468484221	58	29001	29500	500	500	-1879.3464477110615	55.48220935956406	472029	600000	0	0	270.92053812640052	514.4578804722712	2.0376333545341834
0	5	5	200	15	10252841530468484221	59	29501	30000	500	500	-1784.7749349064225	52.954344090652711	470258	600000	0	0	298.69515471041768	468.70897683378809	1.8825915330718499
0	5	5	200	15	10252841530468484221	60	30001	30500	500	500	-1815.4260385799	53.614538613420613	469958	600000	0	0	228.48125257235696	576.9424527080713	9.2008113631917343
0	5	5	200	15	10252841530468484221	61	30501	31000	500	500	-1787.3313023868154	54.381443216702415	471113	600000	0	0	277.75207805167776	478.49492665682607	0.12911826578817748
0	5	5	200	15	10252841530468484221	62	31001	31500	500	500	-1811.2023721570617	52.990432086730337	469999	600000	0	0	250.64164655503112	524.69264478465141	6.4023844594462602
0	5	5	200	15	10252841530468484221	63	31501	32000	500	500	-1800.7517404071157	54.761442007486757	470026	600000	0	0	231.71882206071396	527.40952948226982	10.049550103199792
0	5	5	200	15	10252841530468484221	64	32001	32500	500	500	-1811.9126972528675	55.262751406000675	471858	600000	0	0	267.12441369157489	492.18745488044993	1.456562503272081
0	5	5	200	15	10252841530468484221	65	32501	33000	500	500	-1788.4539101809623	54.007134407679423	469837	600000	0	0	270.43479297420873	531.46896846272875	4.559077212327983
0	5	5	200	15	10252841530468484221	66	33001	33500	500	500	-1784.9108945939658	51.714654716705901	470943	600000	0	0	277.92153961802603	473.73899243967708	1.29208862485037
0	5	5	200	15	10252841530468484221	67	33501	34000	500	500	-1861.9396207602606	55.966575629468075	471203	600000	0	0	260.95710110482196	548.40654645396637	1.7459875384907653
0	5	5	200	15	10252841530468484221	68	34001	34500	500	500	-1850.7817114197721	55.442944306441596	473001	600000	0	0	264.17860611867923	633.05336892065247	1.1999868145457142
0	5	5	200	15	10252841530468484221	69	34501	35000	500	500	-1867.0869757033763	53.475006152131328	470255	600000	0	0	266.38892952771221	588.87841410128954	3.3142636734860504
0	5	5	200	15	10252841530468484221	70	35001	35500	500	500	-1712.4220007435308	52.047807756251615	467756	600000	0	0	252.76121588167251	458.74523184188365	9.9024009605167844
0	5	5	200	15	10252841530468484221	71	35501	36000	500	500	-1845.7955461072279	54.29249032599558	471170	600000	0	0	255.16880203676126	557.50218433437374	3.1950344551874861
0	5	5	200	15	10252841530468484221	72	36001	36500	500	500	-1737.8512913494417	53.235267230228999	470241	600000	0	0	246.90337701284994	513.99715581323323	4.2521926756564357
0	5	5	200	15	10252841530468484221	73	36501	37000	500	500	-1801.6914421737297	55.155061515055259	471792	600000	0	0	266.55155749054251	509.1076895092018	3.3287514282715369
0	5	5	200	15	10252841530468484221	74	37001	37500	500	500	-1755.848063050548	52.761087953561287	470318	600000	0	0	268.11556160094699	495.86403727476545	3.1273737972875577
0	5	5	200	15	10252841530468484221	75	37501	38000	500	500	-1795.4713726035961	54.382976581197155	470890	600000	0	0	237.66739440972091	517.76605838108856	7.1900484464163075
0	5	5	200	15	10252841530468484221	76	38001	38500	500	500	-1856.6523627917272	55.309851568652562	471703	600000	0	0	267.95996783079073	548.59867845571137	3.7500204000886912
0	5	5	200	15	10252841530468484221	77	38501	39000	500	500	-1757.6584965638883	53.730963296334473	470968	600000	0	0	259.65293018254556	521.64605011421952	5.3468214443313551
0	5	5	200	15	10252841530468484221	78	39001	39500	500	500	-1774.201692389692	53.965160792941845	471796	600000	0	0	253.16491542448242	495.42074329062626	5.663649507932301
0	5	5	200	15	10252841530468484221	79	39501	40000	500	500	-1786.3846078596614	51.726568485776646	469275	600000	0	0	273.22394291698328	500.36650024631899	5.1334188733570709
0	5	5	200	15	10252841530468484221	80	40001	40500	500	500	-1819.0853397448845	54.431021576406685	471407	600000	0	0	254.96564522766775	551.85089296201841	5.3612088087851451
0	5	5	200	15	10252841530468484221	81	40501	41000	500	500	-1838.880714874249	54.076366835672928	470644	600000	0	0	247.22839583182628	568.02734121432559	5.4787983375149896
0	5	5	200	15	10252841530468484221	82	41001	41500	500	500	-1768.0116391261429	55.354715660006072	471352	600000	0	0	269.43299999829537	466.6969203272597	3.0364152481110658
0	5	5	200	15	10252841530468484221	83	41501	42000	500	500	-1849.0994034385974	54.832781496306332	471736	600000	0	0	240.22068161676751	550.27066802765967	4.4614459346315654
0	5	5	200	15	10252841530468484221	84	42001	42500	500	500	-1838.7256580043752	55.089833852594822	470920	600000	0	0	258.41911275180973	581.53952551909003	4.7000885513530513
0	5	5	200	15	10252841530468484221	85	42501	43000	500	500	-1787.8984786391238	53.803628220238643	470470	600000	0	0	248.4936902975883	600.93844315926344	4.9464272153116475
0	5	5	200	15	10252841530468484221	86	43001	43500	500	500	-1808.603658524795	55.030919653088219	470442	600000	0	0	236.91415348884865	528.34976676337283	9.6319640839419094
0	5	5	200	15	10252841530468484221	87	43501	44000	500	500	-1816.7001326576662	54.607670788288829	470664	600000	0	0	246.3382967832151	536.36638146976622	2.6665497723158773
0	5	5	200	15	10252841530468484221	88	44001	44500	500	500	-1730.6031962679401	54.933692085366658	471703	600000	0	0	269.56217992615001	534.19216009990282	4.5760363372829609
0	5	5	200	15	10252841530468484221	89	44501	45000	500	500	-1881.3266264218198	56.565748031756911	471980	600000	0	0	264.71175659395169	536.58938367950179	2.1012213360211307
0	5	5	200	15	10252841530468484221	90	45001	45500	500	500	-1767.7631150667535	53.659648985167799	469815	600000	0	0	262.33176936060016	492.07029814029966	5.5049165940247446
0	5	5	200	15	10252841530468484221	91	45501	46000	500	500	-1775.9529927433225	54.144061301998718	469435	600000	0	0	270.51299113115311	498.98710339642901	5.1235973881976502
0	5	5	200	15	10252841530468484221	92	46001	46500	500	500	-1725.0176297196535	52.564123000277164	470531	600000	0	0	255.30511949707517	484.62310039893424	7.6085436125879387
0	5	5	200	15	10252841530468484221	93	46501	47000	500	500	-1832.5092115789728	52.562727363319304	469358	600000	0	0	284.2031175714377	495.02543637051662	6.9122107467753802
0	5	5	200	15	10252841530468484221	94	47001	47500	500	500	-1808.6274648680421	54.870347331887075	472209	600000	0	0	259.98190372428616	500.36812076409234	5.0781945813513625
0	5	5	200	15	10252841530468484221	95	47501	48000	500	500	-1802.1952718221085	55.305866649186484	470620	600000	0	0	253.78678271464847	553.00749650151658	3.7264322244354346
0	5	5	200	15	10252841530468484221	96	48001	48500	500	500	-1743.0840665913443	55.001649530835337	471592	600000	0	0	246.61511043656216	496.13486184054113	6.7710715792146479
0	5	5	200	15	10252841530468484221	97	48501	49000	500	500	-1800.8566770011155	54.078138503487821	470729	600000	0	0	262.05271619954817	497.50079345674584	4.7184242716391882
0	5	5	200	15	10252841530468484221	98	49001	49500	500	500	-1802.2589641462739	57.473561078572025	471914	600000	0	0	267.3185365515522	499.11199511638137	0.19587442573398961
0	5	5	200	15	10252841530468484221	99	49501	50000	500	500	-1801.7506881595436	54.62635878046364	471231	600000	0	0	262.06467328457313	518.01598804076048	1.2747869344972089
