# replica-bin sums; observable mean = sum_sign_O / sum_sign
# sum_sign_Ehub is the total energy (not per site); sum_sign_D is per site
# Szz/Sperp: N^-1 sum_ij exp[-iq.(ri-rj)] <..>; Q is the staggered momentum, 0 is q=0; nan = q not measured
# lattice=chain Lx=6 Ly=1 n=6 pbc=1 U=4 dtau=0.02 nwarm=2000 nmeas=50000 nbin=100 global_update=none global_interval=100
# szz_Q_index=3 szz_0_index=0 sperp_Q_index=3
# columns: beta_index	beta_requested	beta_effective	Ltr	replica_id	seed	bin_id	sweep_begin	sweep_end	count	sum_sign	sum_sign_Ehub	sum_sign_D	local_accepted	local_attempts	global_accepted	global_attempts	sum_sign_Szz_Q	sum_sign_Sperp_Q	sum_sign_Szz_0
0	4	4	200	0	270927101	0	1	500	500	500	-1742.7772056711899	52.146510997137952	483710	600000	0	0	252.52269586249056	600.40406582915705	7.1240593370712011
0	4	4	200	0	270927101	1	501	1000	500	500	-1711.1973387285609	52.67461627959544	482213	600000	0	0	239.03754436202397	481.66975533959243	8.2787110927524221
0	4	4	200	0	270927101	2	1001	1500	500	500	-1785.5482472169142	52.852621334171758	483213	600000	0	0	238.80098543474315	553.89771257670225	10.969373608232772
0	4	4	200	0	270927101	3	1501	2000	500	500	-1735.5861355749407	52.752099312051449	481943	600000	0	0	261.3772138563088	572.84576577562666	6.8943487589508559
0	4	4	200	0	270927101	4	2001	2500	500	500	-1837.479167392609	54.805569872905863	483381	600000	0	0	250.54177890586121	536.95896792765257	7.4738548532156681
0	4	4	200	0	270927101	5	2501	3000	500	500	-1793.280461890673	54.913691570200683	482783	600000	0	0	247.58377062076573	514.25044028947434	6.3214356664585578
0	4	4	200	0	270927101	6	3001	3500	500	500	-1738.0554139801777	52.513145271839299	481552	600000	0	0	250.12672896947626	527.59510059096112	13.042274200616486
0	4	4	200	0	270927101	7	3501	4000	500	500	-1748.5145024651267	52.335034245478504	482504	600000	0	0	258.57283716450786	488.64188492309523	6.2161861308896436
0	4	4	200	0	270927101	8	4001	4500	500	500	-1781.2583357382985	53.533415718126825	483044	600000	0	0	264.78638401261389	533.11804661628378	4.2140022506073915
0	4	4	200	0	270927101	9	4501	5000	500	500	-1713.8856114964651	53.466575413099022	483439	600000	0	0	242.78699904274083	494.92147959642136	8.2707090650380533
0	4	4	200	0	270927101	10	5001	5500	500	500	-1686.621392204396	52.366429935310229	481546	600000	0	0	244.85162020635738	515.24079800934567	15.526475356245939
0	4	4	200	0	270927101	11	5501	6000	500	500	-1704.2353074355651	53.056198733927282	482040	600000	0	0	264.76210321487258	480.31340949856093	9.3906751317539374
0	4	4	200	0	270927101	12	6001	6500	500	500	-1734.837608370231	51.701544304554048	480593	600000	0	0	239.72875108308779	506.13040791804838	13.568261915499692
0	4	4	200	0	270927101	13	6501	7000	500	500	-1706.756235666455	54.190195433481669	482082	600000	0	0	222.03850235783108	471.8632112610378	8.5278682193119355
0	4	4	200	0	270927101	14	7001	7500	500	500	-1729.8955130104512	53.521351961729728	481674	600000	0	0	248.56795176085279	516.38716617900934	6.4935985575688751
0	4	4	200	0	270927101	15	7501	8000	500	500	-1759.6516460825803	53.569178335322505	481958	600000	0	0	257.17826469572572	510.37820325282172	9.2314671321335187
0	4	4	200	0	270927101	16	8001	8500	500	500	-1722.2056311131525	52.662907553189754	481843	600000	0	0	249.87309767289153	495.74632746503812	12.189224160278266
0	4	4	200	0	270927101	17	8501	9000	500	500	-1777.3957120767413	52.851576533955225	483182	600000	0	0	253.21186055230473	498.91677385012315	4.4004499714190812
0	4	4	200	0	270927101	18	9001	9500	500	500	-1729.364174980265	53.908986281000637	481967	600000	0	0	275.29679518588267	457.19978527437837	2.9263374705277179
0	4	4	200	0	270927101	19	9501	10000	500	500	-1627.8654503409466	51.369117289347727	482149	600000	0	0	229.10263458853211	443.4138636712637	13.039308807246991
0	4	4	200	0	270927101	20	10001	10500	500	500	-1805.8660494596077	53.13868975944699	482197	600000	0	0	238.42056971430185	522.54579673649334	10.564740620171623
0	4	4	200	0	270927101	21	10501	11000	500	500	-1749.970710828662	53.184756877401171	482557	600000	0	0	269.27014450435041	486.76359673918273	7.9011812699119428
0	4	4	200	0	270927101	22	11001	11500	500	500	-1761.3616286738293	52.851091911898862	480833	600000	0	0	248.62223950907878	528.82711268420769	13.383388773534275
0	4	4	200	0	270927101	23	11501	12000	500	500	-1747.6486347260436	54.462684708799955	484525	600000	0	0	252.66354996816369	498.78180636439879	8.0086674648807854
0	4	4	200	0	270927101	24	12001	12500	500	500	-1715.1160376162961	52.736488562550647	483118	600000	0	0	227.5411780821849	530.24430002099928	6.82126207703684
0	4	4	200	0	270927101	25	12501	13000	500	500	-1730.9032706231176	53.601332191201323	484089	600000	0	0	254.13427553021327	553.28016944408	5.8185931439569654
0	4	4	200	0	270927101	26	13001	13500	500	500	-1748.7088667291785	53.463834929250076	483458	600000	0	0	244.92533305902674	498.17387551681026	7.7066480634164156
0	4	4	200	0	270927101	27	13501	14000	500	500	-1659.5134878482465	52.423662991724797	482086	600000	0	0	255.80514224223788	478.89783203161261	8.1499573625828887
0	4	4	200	0	270927101	28	14001	14500	500	500	-1765.9600877924693	53.295995750677321	483006	600000	0	0	262.30714411982552	522.4770507877696	6.1538544946047633
0	4	4	200	0	270927101	29	14501	15000	500	500	-1704.0727603274111	51.486553315480094	481444	600000	0	0	251.75839107746378	485.5068151181087	13.761815785784846
0	4	4	200	0	270927101	30	15001	15500	500	500	-1711.6078494355918	53.125202511062227	482741	600000	0	0	258.92923193983631	492.75137816679194	10.489199128404787
0	4	4	200	0	270927101	31	15501	16000	500	500	-1762.8803038674434	54.955400476308803	483590	600000	0	0	236.23754552448978	490.39433435983005	4.8829629986006742
0	4	4	200	0	270927101	32	16001	16500	500	500	-1763.6611560191479	55.010025868978644	484846	600000	0	0	260.92765462515916	492.35399054345368	9.2601473778511441
0	4	4	200	0	270927101	33	16501	17000	500	500	-1792.3683154115517	53.569688998384059	482753	600000	0	0	248.7126456263785	492.24424439285229	10.553992806247773
0	4	4	200	0	270927101	34	17001	17500	500	500	-1699.9377512016658	54.272031808768908	483481	600000	0	0	264.10129221548414	453.6053440541059	5.9618000895218666
0	4	4	200	0	270927101	35	17501	18000	500	500	-1765.5544107890073	53.94541097502416	484605	600000	0	0	260.81008732107466	514.39029851373903	8.6258050922079832
0	4	4	200	0	270927101	36	18001	18500	500	500	-1722.3969232769928	51.999062523959516	482320	600000	0	0	233.71106007016007	492.13856889146041	13.538265203652893
0	4	4	200	0	270927101	37	18501	19000	500	500	-1678.6396099715741	52.298074847270094	481838	600000	0	0	243.50611398556939	504.28028703571749	7.5444396951053294
0	4	4	200	0	270927101	38	19001	19500	500	500	-1663.8300377422229	51.344806047157029	481339	600000	0	0	260.76916629155915	459.17628558710368	10.694261561440227
0	4	4	200	0	270927101	39	19501	20000	500	500	-1697.2154286801576	53.515195341245779	482963	600000	0	0	266.51698523526977	529.65237300308058	10.241586006685376
0	4	4	200	0	270927101	40	20001	20500	500	500	-1770.0046397618571	53.306211234353405	482927	600000	0	0	239.06971221467131	522.00963407756171	9.0446351209733873
0	4	4	200	0	270927101	41	20501	21000	500	500	-1792.3000026787695	54.717723612719574	483582	600000	0	0	245.83707394629548	535.10108074938728	7.1746340025569664
0	4	4	200	0	270927101	42	21001	21500	500	500	-1869.848513990547	53.068859706511944	482797	600000	0	0	260.56076182782607	520.37347160018726	10.508742159966449
0	4	4	200	0	270927101	43	21501	22000	500	500	-1743.0320912612356	51.55950628745412	481059	600000	0	0	243.75134535589288	500.12892443426387	13.616314173638834
0	4	4	200	0	270927101	44	22001	22500	500	500	-1705.3905295154041	51.634643811130289	482345	600000	0	0	250.67572714082792	501.23327751626925	9.021727913698907
0	4	4	200	0	270927101	45	22501	23000	500	500	-1702.5067216079849	52.232710823535811	482946	600000	0	0	232.48625015173528	505.6535661299186	11.714141076041457
0	4	4	200	0	270927101	46	23001	23500	500	500	-1736.6008424736879	53.720112201266708	482874	600000	0	0	240.19076250690503	511.35387025167046	11.315978206695338
0	4	4	200	0	270927101	47	23501	24000	500	500	-1767.2242048628914	53.845371229507215	482824	600000	0	0	263.97699828420122	503.04520362695297	7.0978702784344199
0	4	4	200	0	270927101	48	24001	24500	500	500	-1744.7074638969066	53.694319455067109	482839	600000	0	0	243.27734665367811	495.72169643173351	6.8502240516854283
0	4	4	200	0	270927101	49	24501	25000	500	500	-1714.4044354012317	51.973000165803462	481336	600000	0	0	248.33144410207518	494.76160311623732	11.262791534024997
0	4	4	200	0	270927101	50	25001	25500	500	500	-1719.0362293973915	52.804616028529921	482486	600000	0	0	234.01036153412713	492.30512755027485	11.049199556354083
0	4	4	200	0	270927101	51	25501	26000	500	500	-1739.1020405044285	52.504774779666228	482640	600000	0	0	272.19022903250459	484.29175684258507	7.1018194452685002
0	4	4	200	0	270927101	52	26001	26500	500	500	-1778.8302864727646	53.09995562155185	482630	600000	0	0	245.01969151362027	538.52260040744068	8.9711250129517097
0	4	4	200	0	270927101	53	26501	27000	500	500	-1782.2062278321266	53.932685509011307	482609	600000	0	0	259.63007565790582	515.23263502189275	10.032606457744885
0	4	4	200	0	270927101	54	27001	27500	500	500	-1732.3157687861972	55.234400951901435	483603	600000	0	0	244.63887676736226	492.25302804248275	8.1145579823627898
0	4	4	200	0	270927101	55	27501	28000	500	500	-1687.4811484939185	52.735102388627382	482356	600000	0	0	242.62084274991832	514.13679502274033	9.7979553375698032
0	4	4	200	0	270927101	56	28001	28500	500	500	-1780.2999865557622	53.672686538122775	483595	600000	0	0	258.33753869604237	527.17071338012477	7.919210028176761
0	4	4	200	0	270927101	57	28501	29000	500	500	-1635.4814658862488	51.82112481845121	482199	600000	0	0	236.0892618907418	462.29785519204364	16.08829117693363
0	4	4	200	0	270927101	58	29001	29500	500	500	-1829.2916980098498	53.601951908489852	482933	600000	0	0	249.37961843499832	553.20037014733271	11.400288150326855
0	4	4	200	0	270927101	59	29501	30000	500	500	-1727.3838201388851	54.893054487589055	482479	600000	0	0	246.26971704017842	487.73844149594299	12.239079893578788
0	4	4	200	0	270927101	60	30001	30500	500	500	-1751.2752781552806	52.965603482732085	482468	600000	0	0	247.10407950535932	481.50599125989709	9.6107183841703421
0	4	4	200	0	270927101	61	30501	31000	500	500	-1713.863095871596	52.039356197015969	482310	600000	0	0	257.80489105676622	493.54615891256043	8.6506919776797435
0	4	4	200	0	270927101	62	31001	31500	500	500	-1779.9748940300319	54.085532614955035	483061	600000	0	0	256.41694730236782	567.76223921640189	8.9469916112987402
0	4	4	200	0	270927101	63	31501	32000	500	500	-1716.6743437570613	53.445125122890417	483927	600000	0	0	259.16702324744062	485.02018176302693	6.7726352241999859
0	4	4	200	0	270927101	64	32001	32500	500	500	-1722.4304748425841	53.583543735888675	482387	600000	0	0	252.44535061258159	478.27267519449714	10.361999890587748
0	4	4	200	0	270927101	65	32501	33000	500	500	-1658.2514766404495	52.430705763286049	481845	600000	0	0	236.96947796549645	459.75736952067598	6.6255302181170457
0	4	4	200	0	270927101	66	33001	33500	500	500	-1680.4073395257158	52.180402878359807	481211	600000	0	0	273.64258311848624	463.24578035097016	6.6942985139732052
0	4	4	200	0	270927101	67	33501	34000	500	500	-1784.5741248704733	53.596603649203601	482328	600000	0	0	263.42300197408684	512.51618146905457	8.4536033577175083
0	4	4	200	0	270927101	68	34001	34500	500	500	-1684.7783342142939	51.555224289115152	481509	600000	0	0	238.73481278148364	469.01953795258146	12.938548351464201
0	4	4	200	0	270927101	69	34501	35000	500	500	-1704.0755331831997	53.988599349887892	482204	600000	0	0	268.92818527079635	486.97324169520761	7.8184965438794327
0	4	4	200	0	270927101	70	35001	35500	500	500	-1735.6204804816643	56.565536769381225	483395	600000	0	0	241.08103338914401	489.96941108496458	5.4848608175721427
0	4	4	200	0	270927101	71	35501	36000	500	500	-1817.225233860609	53.395127883599578	481343	600000	0	0	253.22110036897493	532.88161852772919	11.750273601121481
0	4	4	200	0	270927101	72	36001	36500	500	500	-1730.6948599555747	53.604934967478158	481814	600000	0	0	275.97030152847549	479.31421382262829	7.0663691922111029
0	4	4	200	0	270927101	73	36501	37000	500	500	-1676.6140015225187	53.323942794920121	482801	600000	0	0	263.94850986318659	466.85462612077424	6.8667643865578887
0	4	4	200	0	270927101	74	37001	37500	500	500	-1716.2301263798179	53.292492891276893	483977	600000	0	0	256.30091822065793	495.84736079488766	5.2874347940546729
0	4	4	200	0	270927101	75	37501	38000	500	500	-1718.2713967073259	53.639614482764792	481967	600000	0	0	248.93560328693061	506.03589517769836	6.1614335953053265
0	4	4	200	0	270927101	76	38001	38500	500	500	-1707.5370959185259	52.993484647066545	481768	600000	0	0	225.70011803780716	487.09116389800607	10.116085083082703
0	4	4	200	0	270927101	77	38501	39000	500	500	-1720.7481772815715	51.877072698496825	482519	600000	0	0	259.54536552371877	497.00325244527835	8.6968875819289071
0	4	4	200	0	270927101	78	39001	39500	500	500	-1765.0215343789087	51.813618447274578	481123	600000	0	0	251.35756513212331	536.12344060709938	17.257471492788284
0	4	4	200	0	270927101	79	39501	40000	500	500	-1706.6795822480369	53.908630377353894	483209	600000	0	0	242.24699139756225	530.38531048081859	12.060506905406907
0	4	4	200	0	270927101	80	40001	40500	500	500	-1730.6505432647734	51.455119865658723	482794	600000	0	0	262.36449052019509	445.26439434136887	9.4678592717119585
0	4	4	200	0	270927101	81	40501	41000	500	500	-1706.7443618780742	51.544474546996	482616	600000	0	0	246.47132703345923	548.20106675159036	8.85381776733335
0	4	4	200	0	270927101	82	41001	41500	500	500	-1798.5541906244905	55.708059826529784	482965	600000	0	0	230.71358428258117	515.80997849798234	8.1905526433727349
0	4	4	200	0	270927101	83	41501	42000	500	500	-1748.5092872581502	53.118390551549119	481330	600000	0	0	258.90744312651009	488.40409652354651	7.9281319678029085
0	4	4	200	0	270927101	84	42001	42500	500	500	-1758.8489796706656	53.70470710681235	483029	600000	0	0	232.56574405557629	504.14201836776078	14.705965531225869
0	4	4	200	0	270927101	85	42501	43000	500	500	-1769.7656867530036	53.884537908064182	484583	600000	0	0	253.26101897269905	520.02973776298654	8.3781787134568404
0	4	4	200	0	270927101	86	43001	43500	500	500	-1787.0883950922891	54.275733440134097	484450	600000	0	0	251.45701911432442	522.02709627026138	7.1923717931577684
0	4	4	200	0	270927101	87	43501	44000	500	500	-1762.8841126995503	54.028553680695687	481701	600000	0	0	240.33254754395361	491.87520845718967	7.6651600103814843
0	4	4	200	0	270927101	88	44001	44500	500	500	-1653.5648359573941	52.578838306754271	483023	600000	0	0	230.76121829744628	469.54468241700857	11.191465524745544
0	4	4	200	0	270927101	89	44501	45000	500	500	-1713.2510633565803	55.512565521111028	484179	600000	0	0	251.73737632688685	498.52958541671569	6.9893238473667259
0	4	4	200	0	270927101	90	45001	45500	500	500	-1782.7966816583205	53.785572913361108	482283	600000	0	0	249.03414812702906	510.64914266180597	9.9420196751555743
0	4	4	200	0	270927101	91	45501	46000	500	500	-1739.4125563795255	53.876247307257756	482399	600000	0	0	266.58915794668297	484.02441285306946	8.5174332718619858
0	4	4	200	0	270927101	92	46001	46500	500	500	-1748.5153072732251	53.058926329766791	482408	600000	0	0	219.98370808101083	519.26854261419896	13.676996269529985
0	4	4	200	0	270927101	93	46501	47000	500	500	-1732.1641850625613	52.112855052697057	482409	600000	0	0	256.56424337164589	486.86139387279405	10.435548495562623
0	4	4	200	0	270927101	94	47001	47500	500	500	-1716.4224343288074	51.454384572045242	480496	600000	0	0	236.85203947754013	477.79645399157732	15.151923294041923
0	4	4	200	0	270927101	95	47501	48000	500	500	-1763.8715681528688	53.37458076552295	482915	600000	0	0	267.02098227638623	489.17127353638705	6.0207124762312407
0	4	4	200	0	270927101	96	48001	48500	500	500	-1711.1511280324539	50.834221607717659	481092	600000	0	0	257.43039162202911	484.77315364111791	10.558133430086233
0	4	4	200	0	270927101	97	48501	49000	500	500	-1744.7962083256266	53.641457123334796	482931	600000	0	0	261.06393359506251	497.10523581765068	6.7635297506519549
0	4	4	200	0	270927101	98	49001	49500	500	500	-1754.6066177435714	52.923276987899612	484351	600000	0	0	247.06983441246663	502.56842767072868	8.7953340626149377
0	4	4	200	0	270927101	99	49501	50000	500	500	-1716.0289276896465	54.00927824181359	483812	600000	0	0	253.95563764187725	457.73099122287516	8.1855165643401211
0	4	4	200	1	17306799075469975419	0	1	500	500	500	-1767.0505617721749	53.459658463765876	482565	600000	0	0	251.82192630308754	537.94132688595414	12.066909232487632
0	4	4	200	1	17306799075469975419	1	501	1000	500	500	-1667.4815380912648	53.075225789632505	481612	600000	0	0	248.76276624025041	454.70371506230208	8.0598257879557273
0	4	4	200	1	17306799075469975419	2	1001	1500	500	500	-1681.3589956790979	53.406727021772632	481821	600000	0	0	246.98533892413576	466.52580202710169	8.3454326230872145
0	4	4	200	1	17306799075469975419	3	1501	2000	500	500	-1700.3480761315236	52.496651731642892	481025	600000	0	0	258.05489744162549	489.3563123097228	8.6322366066224667
0	4	4	200	1	17306799075469975419	4	2001	2500	500	500	-1718.5067517303107	53.532609166954877	482249	600000	0	0	240.80031520167381	485.61309065045981	10.130742310579771
0	4	4	200	1	17306799075469975419	5	2501	3000	500	500	-1753.5933403847944	55.215593145194752	483460	600000	0	0	251.92966179834718	498.00322285742152	8.017976968369112
0	4	4	200	1	17306799075469975419	6	3001	3500	500	500	-1698.938160786045	52.917205322390622	482146	600000	0	0	248.35865413336117	508.3828309588385	6.6449434155158773
0	4	4	200	1	17306799075469975419	7	3501	4000	500	500	-1763.5691098824198	54.67899899333068	483521	600000	0	0	255.86090091346793	496.21626714256001	6.333084803630487
0	4	4	200	1	17306799075469975419	8	4001	4500	500	500	-1714.2069605484264	52.917666635623853	483705	600000	0	0	250.64172472979288	487.33594831726248	9.6629889058634433
0	4	4	200	1	17306799075469975419	9	4501	5000	500	500	-1694.738457546322	52.140828880960143	482407	600000	0	0	249.44901178618065	467.88779963099665	10.542896599164344
0	4	4	200	1	17306799075469975419	10	5001	5500	500	500	-1782.8849882333	54.00315868967413	483753	600000	0	0	265.35816507929758	480.02466737834482	7.5931449360299821
0	4	4	200	1	17306799075469975419	11	5501	6000	500	500	-1745.3521786173881	53.691550783948408	482917	600000	0	0	242.96494560745785	519.91033005785403	10.251281914567782
0	4	4	200	1	17306799075469975419	12	6001	6500	500	500	-1740.1363257524827	52.680495190982739	482621	600000	0	0	289.29351638726718	528.34809985858681	5.2683485293856709
0	4	4	200	1	17306799075469975419	13	6501	7000	500	500	-1772.8361751176469	53.127693561515869	483874	600000	0	0	247.06172159555655	529.22505109069289	8.3364880867482469
0	4	4	200	1	17306799075469975419	14	7001	7500	500	500	-1752.725998395824	52.352045003669296	482843	600000	0	0	251.19951097766784	523.82586228528794	8.4977325734668216
0	4	4	200	1	17306799075469975419	15	7501	8000	500	500	-1658.7657268228709	53.183461667573631	483478	600000	0	0	222.93815314714749	477.09192735856777	11.199909195005903
0	4	4	200	1	17306799075469975419	16	8001	8500	500	500	-1764.5769495097404	53.593626229044006	483378	600000	0	0	243.63990649571571	534.08526040533548	6.7755498788050392
0	4	4	200	1	17306799075469975419	17	8501	9000	500	500	-1717.3682418982423	51.586245314329162	482582	600000	0	0	245.37130439579005	499.31204984452791	13.534152510875959
0	4	4	200	1	17306799075469975419	18	9001	9500	500	500	-1764.8588026352636	53.424788681942744	481944	600000	0	0	247.02288782447863	503.77247910288554	10.010476490369795
0	4	4	200	1	17306799075469975419	19	9501	10000	500	500	-1723.5421231788514	52.598495515955783	482938	600000	0	0	255.75098932720326	471.0561750280537	9.3070793554215268
0	4	4	200	1	17306799075469975419	20	10001	10500	500	500	-1799.1182997366122	53.60253467475075	481582	600000	0	0	246.05538409003654	518.23313383160075	12.25683599133388
0	4	4	200	1	17306799075469975419	21	10501	11000	500	500	-1738.4563107637427	54.338564878883389	483292	600000	0	0	253.18668317741853	506.48618357597655	6.5161339254369972
0	4	4	200	1	17306799075469975419	22	11001	11500	500	500	-1710.5186394801735	54.867750169021186	482998	600000	0	0	251.46408007665767	461.44695447674474	8.4937824099486559
0	4	4	200	1	17306799075469975419	23	11501	12000	500	500	-1754.9993271033916	52.654504880963266	481992	600000	0	0	244.32847041648955	514.47802170678165	12.229619770489936
0	4	4	200	1	17306799075469975419	24	12001	12500	500	500	-1720.395550268669	53.192362414023769	482219	600000	0	0	242.56699230384325	478.25658552994093	14.94591537325514
0	4	4	200	1	17306799075469975419	25	12501	13000	500	500	-1747.517898452807	54.114295492459362	484149	600000	0	0	270.70489697725867	547.91295008914801	8.6060146748990256
0	4	4	200	1	17306799075469975419	26	13001	13500	500	500	-1756.7678220909777	51.47067201170568	480814	600000	0	0	251.21616939300489	495.4693597752381	9.0189395023405243
0	4	4	200	1	17306799075469975419	27	13501	14000	500	500	-1787.8238533359922	53.644725517190686	483963	600000	0	0	281.4369527398328	484.15571511743263	5.6515685326071754
0	4	4	200	1	17306799075469975419	28	14001	14500	500	500	-1674.3632986430082	52.831219512228145	482005	600000	0	0	265.1115912943518	456.90642845469569	11.359153471870961
0	4	4	200	1	17306799075469975419	29	14501	15000	500	500	-1713.7012431457886	54.838324507684383	482740	600000	0	0	260.77699183137321	471.61167287897916	9.561352791733329
0	4	4	200	1	17306799075469975419	30	15001	15500	500	500	-1767.6497481499475	54.872761398820451	483510	600000	0	0	241.11012952180656	507.30307934070049	8.4918982403291459
0	4	4	200	1	17306799075469975419	31	15501	16000	500	500	-1724.2384469126985	55.344534255587284	484701	600000	0	0	240.4093240836641	474.20011475432472	9.9963810301555558
0	4	4	200	1	17306799075469975419	32	16001	16500	500	500	-1691.127287104146	53.620705673108397	482639	600000	0	0	246.80192886040507	465.33185205024716	6.9701896820933076
0	4	4	200	1	17306799075469975419	33	16501	17000	500	500	-1751.2978723624456	53.945945686703936	482392	600000	0	0	245.77294183687221	496.87161274968042	8.9761892826899548
0	4	4	200	1	17306799075469975419	34	17001	17500	500	500	-1734.4587277631163	50.927026240804615	480225	600000	0	0	220.16553584613536	590.37693468406974	20.393792946450095
0	4	4	200	1	17306799075469975419	35	17501	18000	500	500	-1730.2130277135595	51.771990654759158	482545	600000	0	0	257.02653873720243	473.28949912001184	9.7015257701458939
0	4	4	200	1	17306799075469975419	36	18001	18500	500	500	-1682.7877904560785	51.890806788646934	482201	600000	0	0	262.80935706039065	513.0892844664985	10.194951270869685
0	4	4	200	1	17306799075469975419	37	18501	19000	500	500	-1701.1494604031109	53.442545430004337	483298	600000	0	0	229.90906195363809	486.59183531871946	14.564488499536939
0	4	4	200	1	17306799075469975419	38	19001	19500	500	500	-1654.5482597380014	49.956851607829911	481240	600000	0	0	251.34176756153877	508.58531683492248	15.439058809113691
0	4	4	200	1	17306799075469975419	39	19501	20000	500	500	-1735.7731420362143	54.135676012069858	481817	600000	0	0	212.95659220031771	513.57470400151715	13.389107832933631
0	4	4	200	1	17306799075469975419	40	20001	20500	500	500	-1650.4382846742815	53.298047469195637	481592	600000	0	0	272.05769308549498	469.80402199803001	9.0345548485960627
0	4	4	200	1	17306799075469975419	41	20501	21000	500	500	-1768.0953110112223	55.310652219712587	482903	600000	0	0	262.02843477790276	515.9641240146866	6.1456581067781073
0	4	4	200	1	17306799075469975419	42	21001	21500	500	500	-1733.1529056817453	52.524288268717193	482121	600000	0	0	246.32621371059383	490.14998844298907	11.133179403076268
0	4	4	200	1	17306799075469975419	43	21501	22000	500	500	-1674.7257743553976	53.993893622160101	482977	600000	0	0	231.44251116651813	494.29820310527424	11.205521538892279
0	4	4	200	1	17306799075469975419	44	22001	22500	500	500	-1737.1791440339334	56.185853343273855	482094	600000	0	0	238.0011589916582	497.46968309782574	9.0501717924402438
0	4	4	200	1	17306799075469975419	45	22501	23000	500	500	-1736.1442880880786	52.051850292096667	482308	600000	0	0	240.56176410439153	508.62961254170563	8.2877968606707402
0	4	4	200	1	17306799075469975419	46	23001	23500	500	500	-1738.3975444110486	53.298995027520633	481781	600000	0	0	250.94620730313747	492.45528122959371	8.1156821448717817
0	4	4	200	1	17306799075469975419	47	23501	24000	500	500	-1659.3532026116416	53.161853296427275	481214	600000	0	0	238.65599802272439	449.98319861650452	19.759474444670065
0	4	4	200	1	17306799075469975419	48	24001	24500	500	500	-1739.5001855678438	52.610625892187166	482096	600000	0	0	245.66331450201912	496.13843851873065	10.732950177667146
0	4	4	200	1	17306799075469975419	49	24501	25000	500	500	-1781.1103486946402	54.696089393073464	484572	600000	0	0	250.99813614572207	495.53161263247364	6.4615797875422301
0	4	4	200	1	17306799075469975419	50	25001	25500	500	500	-1750.481453119693	52.214062170650166	482282	600000	0	0	238.67964126471	509.2436314931557	11.206294233659852
0	4	4	200	1	17306799075469975419	51	25501	26000	500	500	-1819.565313441615	52.262808698960598	483683	600000	0	0	230.65021817065903	602.42459866892887	12.748950172154986
0	4	4	200	1	17306799075469975419	52	26001	26500	500	500	-1768.721067251367	52.83919658066538	481893	600000	0	0	264.48682079944666	493.61949838810875	9.368017680381044
0	4	4	200	1	17306799075469975419	53	26501	27000	500	500	-1798.5934588738676	53.492818085091912	481791	600000	0	0	241.76301988455384	657.19106604318767	14.855143658530661
0	4	4	200	1	17306799075469975419	54	27001	27500	500	500	-1763.4494650870565	53.736816613103905	483644	600000	0	0	253.58708831827931	519.49801846085666	7.0609695391670737
0	4	4	200	1	17306799075469975419	55	27501	28000	500	500	-1660.4245083022138	51.425943156468449	483083	600000	0	0	273.6695175083081	443.66977279594175	7.696769035309976
0	4	4	200	1	17306799075469975419	56	28001	28500	500	500	-1696.5037765108193	53.658135200976481	482877	600000	0	0	245.11475459124455	482.38576558337553	12.803125522906173
0	4	4	200	1	17306799075469975419	57	28501	29000	500	500	-1775.1940414469427	53.462661355682705	482605	600000	0	0	237.61141545199334	518.02402521222984	11.386811471964338
0	4	4	200	1	17306799075469975419	58	29001	29500	500	500	-1732.5251787844218	52.536235981331458	481419	600000	0	0	247.60412300610895	472.03494753226795	12.949188455637719
0	4	4	200	1	17306799075469975419	59	29501	30000	500	500	-1695.0779989769503	53.072920654521063	482629	600000	0	0	231.53310043144219	460.66652214414705	10.718459029870962
0	4	4	200	1	17306799075469975419	60	30001	30500	500	500	-1750.2515305719101	55.013801239241573	483490	600000	0	0	257.48958949756246	482.91596658018466	7.8631135524737648
0	4	4	200	1	17306799075469975419	61	30501	31000	500	500	-1759.61551503337	55.127942926377258	483294	600000	0	0	240.52410279269353	513.9701900390603	11.584456402337564
0	4	4	200	1	17306799075469975419	62	31001	31500	500	500	-1745.900107497529	53.282036910460683	482539	600000	0	0	254.12860065393437	506.72646489409175	10.191131369044514
0	4	4	200	1	17306799075469975419	63	31501	32000	500	500	-1784.145995052791	53.650670046255584	481350	600000	0	0	221.77373590712253	556.39961136593888	13.81149683262645
0	4	4	200	1	17306799075469975419	64	32001	32500	500	500	-1724.1158956655977	54.925625572353034	481837	600000	0	0	245.60141651778059	517.3227865060918	11.400964437809224
0	4	4	200	1	17306799075469975419	65	32501	33000	500	500	-1780.1597601955991	52.750865123380315	482494	600000	0	0	244.4717109677616	505.88363350045779	8.8957877016574276
0	4	4	200	1	17306799075469975419	66	33001	33500	500	500	-1853.4420869233434	53.47229883159477	482691	600000	0	0	229.4391715735911	558.81982555489651	10.795007936064994
0	4	4	200	1	17306799075469975419	67	33501	34000	500	500	-1683.3527652363962	52.713378483404931	482577	600000	0	0	232.04429019834231	476.57720024970905	13.147155571714123
0	4	4	200	1	17306799075469975419	68	34001	34500	500	500	-1720.9963474612744	54.48472976837126	483221	600000	0	0	258.09357586083831	476.05097137987423	7.9739246805007209
0	4	4	200	1	17306799075469975419	69	34501	35000	500	500	-1675.9031639711825	52.66265694438578	482717	600000	0	0	250.05188745553994	459.71461420364005	5.8517715271538719
0	4	4	200	1	17306799075469975419	70	35001	35500	500	500	-1733.5968808547818	52.532920923718834	482255	600000	0	0	253.71561639078621	485.05081665020901	8.2674896583781106
0	4	4	200	1	17306799075469975419	71	35501	36000	500	500	-1772.0120112354743	54.322842478829003	483317	600000	0	0	254.97446749848677	518.76772292327416	6.4212959347680405
0	4	4	200	1	17306799075469975419	72	36001	36500	500	500	-1755.5902915359543	53.60126370474029	483798	600000	0	0	244.85909391677811	490.70068553017092	9.6900576594800167
0	4	4	200	1	17306799075469975419	73	36501	37000	500	500	-1615.905115042415	52.831276898523818	481282	600000	0	0	237.27923723742791	462.17409104944454	9.1290455200226646
0	4	4	200	1	17306799075469975419	74	37001	37500	500	500	-1669.2466427000772	53.254160403797918	483146	600000	0	0	280.74155430385082	428.24097968928123	3.3791217513158687
0	4	4	200	1	17306799075469975419	75	37501	38000	500	500	-1763.9735080740795	50.058476341895563	481373	600000	0	0	241.37879486430541	627.44559171068488	15.981438437478621
0	4	4	200	1	17306799075469975419	76	38001	38500	500	500	-1710.8248954067942	52.559470038409344	481771	600000	0	0	260.9696834060926	467.75936469069302	6.9956044781530347
0	4	4	200	1	17306799075469975419	77	38501	39000	500	500	-1775.5848173613413	53.537717192866502	481867	600000	0	0	252.79966933465928	530.12041493327843	6.2650619960033573
0	4	4	200	1	17306799075469975419	78	39001	39500	500	500	-1780.1516536649483	52.738018099623098	483261	600000	0	0	272.03135343983223	511.04426184165709	7.5207638601843074
0	4	4	200	1	17306799075469975419	79	39501	40000	500	500	-1798.5205872000881	53.312576735345182	482941	600000	0	0	270.57212510998824	481.63598412807949	6.9032572012750322
0	4	4	200	1	17306799075469975419	80	40001	40500	500	500	-1777.2229120770337	54.81353297983209	482308	600000	0	0	233.35937062247743	505.57264517160201	11.789104889792485
0	4	4	200	1	17306799075469975419	81	40501	41000	500	500	-1785.5400320430481	55.164183744146385	483351	600000	0	0	246.96800670101905	532.54784284532127	5.0625185626898697
0	4	4	200	1	17306799075469975419	82	41001	41500	500	500	-1761.8306749957669	54.188980143686486	482174	600000	0	0	261.3095134793586	509.61831813465176	10.03153783946342
0	4	4	200	1	17306799075469975419	83	41501	42000	500	500	-1750.5654953666185	54.253652670642488	483655	600000	0	0	255.75042605720358	490.63991507650917	8.0494772359858704
0	4	4	200	1	17306799075469975419	84	42001	42500	500	500	-1818.6166842148116	51.738111051911318	482595	600000	0	0	266.39362726521097	519.64906876773136	7.1088727722460581
0	4	4	200	1	17306799075469975419	85	42501	43000	500	500	-1748.1998758216894	54.816223270527573	482387	600000	0	0	239.54782898621667	505.17405923264778	8.8286123623073323
0	4	4	200	1	17306799075469975419	86	43001	43500	500	500	-1683.3154244622572	52.439935149731859	482914	600000	0	0	246.76474480320451	470.43856444214885	7.2165234379348142
0	4	4	200	1	17306799075469975419	87	43501	44000	500	500	-1697.5376021364043	52.939301465197673	482813	600000	0	0	235.58050510375938	510.4088617146686	10.680646609645553
0	4	4	200	1	17306799075469975419	88	44001	44500	500	500	-1704.7963880115578	54.231681611154642	484680	600000	0	0	262.21334794243961	482.28192935520786	5.5720668276954388
0	4	4	200	1	17306799075469975419	89	44501	45000	500	500	-1721.5473987830946	52.64746255450742	483239	600000	0	0	244.7582481775062	480.85374305757239	11.942914612449428
0	4	4	200	1	17306799075469975419	90	45001	45500	500	500	-1826.0773939495862	54.751469436202186	482599	600000	0	0	237.49157100540774	583.51817368561717	7.2665960852135481
0	4	4	200	1	17306799075469975419	91	45501	46000	500	500	-1716.5481719741222	53.678690028081057	482310	600000	0	0	260.50246599148107	472.98341881190055	8.0804119658203266
0	4	4	200	1	17306799075469975419	92	46001	46500	500	500	-1786.0827048976948	53.846559820872855	484289	600000	0	0	256.73356370991775	488.75481670170211	7.1515344071087767
0	4	4	200	1	17306799075469975419	93	46501	47000	500	500	-1738.3325164506671	52.853804038745999	483388	600000	0	0	241.08697767703921	513.15280324197852	11.302402002859088
0	4	4	200	1	17306799075469975419	94	47001	47500	500	500	-1681.3863978958441	52.163652054293486	484088	600000	0	0	241.19636340341631	467.65338092909059	12.431313049099071
0	4	4	200	1	17306799075469975419	95	47501	48000	500	500	-1647.4011500701702	51.744347577913445	481543	600000	0	0	235.20536084890719	441.71572274114641	9.9213207628351725
0	4	4	200	1	17306799075469975419	96	48001	48500	500	500	-1797.7715453826406	53.833670291985435	483483	600000	0	0	264.27789710120885	531.58745121934203	7.4796310024358252
0	4	4	200	1	17306799075469975419	97	48501	49000	500	500	-1769.6413090716378	54.351055884710064	484290	600000	0	0	261.14528118190032	521.23239834490391	5.0779549150982346
0	4	4	200	1	17306799075469975419	98	49001	49500	500	500	-1725.4056235456355	51.580656811900354	481668	600000	0	0	271.39751168197682	475.18743748693095	10.160827073497238
0	4	4	200	1	17306799075469975419	99	49501	50000	500	500	-1673.2380018083868	54.865180271312163	480959	600000	0	0	235.90889686482339	487.63966176461656	12.545855438734128
0	4	4	200	2	1229159827894789650	0	1	500	500	500	-1772.5136855424657	52.80851761908211	483252	600000	0	0	244.02076897942641	506.15690404022473	9.3244323335550323
0	4	4	200	2	1229159827894789650	1	501	1000	500	500	-1724.4811585979185	53.224324885667997	483136	600000	0	0	246.64114644128483	505.27197792846175	9.056350192496474
0	4	4	200	2	1229159827894789650	2	1001	1500	500	500	-1761.3607051002348	50.020990298338468	480126	600000	0	0	238.6852242107839	1780.0903308924164	18.734436671881884
0	4	4	200	2	1229159827894789650	3	1501	2000	500	500	-1790.2118009388648	52.87784093661628	481642	600000	0	0	249.34834712250705	571.48998267004708	14.711928602031524
0	4	4	200	2	1229159827894789650	4	2001	2500	500	500	-1693.009547452778	55.053924617410054	483911	600000	0	0	235.12839389196546	465.21111420906971	10.018975497161568
0	4	4	200	2	1229159827894789650	5	2501	3000	500	500	-1804.8692914216192	55.790411659547431	483834	600000	0	0	234.69393131758289	518.14897242363702	10.662227108579263
0	4	4	200	2	1229159827894789650	6	3001	3500	500	500	-1719.4571844971108	52.996247679696666	482248	600000	0	0	233.19187281696733	502.76254916548811	11.700747493233381
0	4	4	200	2	1229159827894789650	7	3501	4000	500	500	-1717.8893559703322	52.164809487923527	482233	600000	0	0	256.93004880681366	486.22618987840423	10.082849284055868
0	4	4	200	2	1229159827894789650	8	4001	4500	500	500	-1743.6017623413468	53.873603196090073	481470	600000	0	0	240.40782670991183	495.65734056028987	12.176988926634591
0	4	4	200	2	1229159827894789650	9	4501	5000	500	500	-1734.0785261287872	53.286061372038183	482843	600000	0	0	252.65160643030345	487.69049678248513	6.6892572796854841
0	4	4	200	2	1229159827894789650	10	5001	5500	500	500	-1790.7984046065187	54.745697559844821	482860	600000	0	0	244.41810182265303	530.61935921076213	10.231488761779346
0	4	4	200	2	1229159827894789650	11	5501	6000	500	500	-1733.0330633359661	53.211382983493586	481531	600000	0	0	241.7792943525593	490.90308421620296	12.062011627092353
0	4	4	200	2	1229159827894789650	12	6001	6500	500	500	-1759.7109852340363	52.515597062049245	482105	600000	0	0	265.58542880452342	516.02198298094106	5.0599858472175363
0	4	4	200	2	1229159827894789650	13	6501	7000	500	500	-1716.4991140337825	52.343979856283021	481424	600000	0	0	244.99654282947589	481.23711017754277	12.232133512704973
0	4	4	200	2	1229159827894789650	14	7001	7500	500	500	-1697.017447154866	53.020501529609213	481595	600000	0	0	263.53473541399984	484.31436625388096	8.01455905384387
0	4	4	200	2	1229159827894789650	15	7501	8000	500	500	-1739.4565217204693	54.380162443855554	482480	600000	0	0	238.71639235981581	484.65517425602008	11.501008969737445
0	4	4	200	2	1229159827894789650	16	8001	8500	500	500	-1766.2197359415036	52.933053548733504	481683	600000	0	0	252.57789631488393	512.44924229158255	9.5617122587218795
0	4	4	200	2	1229159827894789650	17	8501	9000	500	500	-1751.4226342941352	51.472914685648234	480623	600000	0	0	254.30678196361742	520.59335144694467	17.599639473948713
0	4	4	200	2	1229159827894789650	18	9001	9500	500	500	-1639.6324599861523	51.568334181982017	482799	600000	0	0	258.85876511912079	439.2515604287741	7.8148288034018769
0	4	4	200	2	1229159827894789650	19	9501	10000	500	500	-1699.5907668300715	52.949622147590865	483004	600000	0	0	250.20529172671866	467.81610397560411	7.5245461509874598
0	4	4	200	2	1229159827894789650	20	10001	10500	500	500	-1788.8858157152015	54.783882426028136	484376	600000	0	0	261.42846609447997	498.88936830960188	6.7417633624632796
0	4	4	200	2	1229159827894789650	21	10501	11000	500	500	-1715.1573038593024	52.864672698330672	483637	600000	0	0	261.15372758098397	503.36838949508558	9.2378855474712385
0	4	4	200	2	1229159827894789650	22	11001	11500	500	500	-1721.9466753701001	52.111189107938152	482155	600000	0	0	233.91024458369529	497.03575937728783	14.398128583134064
0	4	4	200	2	1229159827894789650	23	11501	12000	500	500	-1664.8067110168197	51.648580197032217	481803	600000	0	0	233.52887497099405	528.30044545873807	12.234009735300432
0	4	4	200	2	1229159827894789650	24	12001	12500	500	500	-1722.6285630502721	52.202173366019146	482373	600000	0	0	248.94536431354635	468.35679224593599	14.439107063358341
0	4	4	200	2	1229159827894789650	25	12501	13000	500	500	-1730.1686793796632	52.181799956880909	482232	600000	0	0	281.92590989344887	474.41689737978913	7.9236110784240106
0	4	4	200	2	1229159827894789650	26	13001	13500	500	500	-1802.8454859906958	53.002376315939266	483607	600000	0	0	258.25949560867906	531.76158599837493	7.5609759336652376
0	4	4	200	2	1229159827894789650	27	13501	14000	500	500	-1705.7146267599685	53.058120155349272	483031	600000	0	0	260.42303401608524	450.96212496129158	6.8190253791983739
0	4	4	200	2	1229159827894789650	28	14001	14500	500	500	-1718.4698123044411	53.299972151773154	482560	600000	0	0	250.26969831633539	471.97457600116689	9.0402459353878406
0	4	4	200	2	1229159827894789650	29	14501	15000	500	500	-1635.9422320947931	51.4312984024657	481770	600000	0	0	242.43039429404067	455.67102364878264	15.522729285944832
0	4	4	200	2	1229159827894789650	30	15001	15500	500	500	-1783.997143809351	53.338887597881794	483526	600000	0	0	246.03432976522916	522.44902253499345	9.0775788968837112
0	4	4	200	2	1229159827894789650	31	15501	16000	500	500	-1714.6191119394921	53.537818417191815	484981	600000	0	0	253.99402517604651	475.08948449951146	6.9141126955266579
0	4	4	200	2	1229159827894789650	32	16001	16500	500	500	-1686.298521288099	52.157881968311237	482337	600000	0	0	249.92248409390749	449.49462545402503	11.134110411883659
0	4	4	200	2	1229159827894789650	33	16501	17000	500	500	-1697.0377878818758	53.083085642109886	482532	600000	0	0	245.38537155831645	480.5889460117495	10.699783960600636
0	4	4	200	2	1229159827894789650	34	17001	17500	500	500	-1710.9863276726878	52.237780958102114	482255	600000	0	0	251.81771402756658	492.70591892722166	7.2421632369393505
0	4	4	200	2	1229159827894789650	35	17501	18000	500	500	-1706.190074377748	51.515819153917604	482540	600000	0	0	241.56028188246742	521.40571727410713	8.4625867097024692
0	4	4	200	2	1229159827894789650	36	18001	18500	500	500	-1863.1876503867443	55.511331986880379	483581	600000	0	0	249.19685238301909	541.35914586282388	7.5194258174704434
0	4	4	200	2	1229159827894789650	37	18501	19000	500	500	-1680.3919122250129	51.743651693583658	482018	600000	0	0	241.02308894183821	455.61401735967434	11.198598275233596
0	4	4	200	2	1229159827894789650	38	19001	19500	500	500	-1709.0440285594941	53.472054770385704	483939	600000	0	0	263.21384582649739	465.58378699760954	10.049099469854543
0	4	4	200	2	1229159827894789650	39	19501	20000	500	500	-1727.9303432479048	53.658812432900902	483590	600000	0	0	232.19637372206907	523.62944333920882	11.049864618434967
0	4	4	200	2	1229159827894789650	40	20001	20500	500	500	-1762.518030325637	54.058764872982522	482956	600000	0	0	247.94708301985631	488.59776967084389	12.212992378049524
0	4	4	200	2	1229159827894789650	41	20501	21000	500	500	-1753.9584955178279	53.137065761695297	483798	600000	0	0	268.88198608878201	492.72456975206524	7.3351514810462755
0	4	4	200	2	1229159827894789650	42	21001	21500	500	500	-1700.6307000493841	51.732453483831335	482185	600000	0	0	247.92579771350614	500.51057682562146	12.544995123946478
0	4	4	200	2	1229159827894789650	43	21501	22000	500	500	-1715.5038407951201	53.673563300270096	482353	600000	0	0	255.91049776421488	537.14026023664348	7.7369867742727925
0	4	4	200	2	1229159827894789650	44	22001	22500	500	500	-1769.7389288120155	52.383518009747405	482189	600000	0	0	235.31730333294718	514.1246970522717	11.517786140328665
0	4	4	200	2	1229159827894789650	45	22501	23000	500	500	-1705.5675587483111	53.727964407715938	483787	600000	0	0	261.16427408121234	498.25585154175121	7.3244599339827525
0	4	4	200	2	1229159827894789650	46	23001	23500	500	500	-1713.5629943743932	55.045281822747519	482793	600000	0	0	261.90295079840075	499.15919154012096	7.5924661716191437
0	4	4	200	2	1229159827894789650	47	23501	24000	500	500	-1730.2671955434785	53.547931614811993	483235	600000	0	0	273.99981651762783	464.91699482392966	5.2033641043997765
0	4	4	200	2	1229159827894789650	48	24001	24500	500	500	-1708.3150065352379	54.334960430096231	483934	600000	0	0	261.57255336417603	450.53443248687029	6.170621367197759
0	4	4	200	2	1229159827894789650	49	24501	25000	500	500	-1744.3996236593164	54.22709107009625	482804	600000	0	0	224.87415277787352	524.27437179917615	11.428341622949167
0	4	4	200	2	1229159827894789650	50	25001	25500	500	500	-1658.9084235723724	52.432227493090195	483574	600000	0	0	242.69597933217864	501.33886199002109	8.3928980915237847
0	4	4	200	2	1229159827894789650	51	25501	26000	500	500	-1710.3741294841843	52.046154090682904	482193	600000	0	0	244.50042407103342	483.0535740628435	10.119184092530018
0	4	4	200	2	1229159827894789650	52	26001	26500	500	500	-1653.8536913135754	53.340773959580964	482506	600000	0	0	272.90622169388121	452.22159890053888	7.7519659835863228
0	4	4	200	2	1229159827894789650	53	26501	27000	500	500	-1671.1014615286294	52.014030410097853	481718	600000	0	0	249.94885503559831	466.37476976847262	10.714312355777912
0	4	4	200	2	1229159827894789650	54	27001	27500	500	500	-1781.81452229867	52.364866853492465	482609	600000	0	0	249.33426248828212	513.75090837610696	11.968032587731967
0	4	4	200	2	1229159827894789650	55	27501	28000	500	500	-1724.76711641159	53.620644323738603	483279	600000	0	0	244.89377032910193	484.81492711266208	6.8417344208173985
0	4	4	200	2	1229159827894789650	56	28001	28500	500	500	-1717.0316831287648	52.525373622946006	481765	600000	0	0	251.73902616381241	476.90755011143284	11.041053400702488
0	4	4	200	2	1229159827894789650	57	28501	29000	500	500	-1722.8197705825035	51.827836281040327	481575	600000	0	0	261.54213856700659	485.12442367097498	8.9660343758038508
0	4	4	200	2	1229159827894789650	58	29001	29500	500	500	-1781.4554150718918	55.064554056785624	484734	600000	0	0	248.01802486124481	539.3583330737489	8.1417426413242087
0	4	4	200	2	1229159827894789650	59	29501	30000	500	500	-1734.7583957026845	52.644615909424637	481045	600000	0	0	251.66703787229736	481.34092906433756	11.337651997672436
0	4	4	200	2	1229159827894789650	60	30001	30500	500	500	-1721.6493004290119	52.843959058407144	482068	600000	0	0	253.2297919961284	471.55169377531922	8.7168037570901333
0	4	4	200	2	1229159827894789650	61	30501	31000	500	500	-1682.1396058146756	54.849928840311499	483046	600000	0	0	239.96572826782318	461.24585465838072	9.5317515801188026
0	4	4	200	2	1229159827894789650	62	31001	31500	500	500	-1682.3318073757282	52.82979810460413	482525	600000	0	0	248.33086403143449	483.8222340311948	8.8833920509831792
0	4	4	200	2	1229159827894789650	63	31501	32000	500	500	-1897.0461887031104	55.190106191291243	484511	600000	0	0	261.76437371516437	576.03718210729596	8.9079140275282516
0	4	4	200	2	1229159827894789650	64	32001	32500	500	500	-1714.147225458682	52.894316067877938	482522	600000	0	0	238.4924310566899	483.81972836222462	14.172643581569368
0	4	4	200	2	1229159827894789650	65	32501	33000	500	500	-1805.2012019428937	53.196301568766096	484075	600000	0	0	241.2907966669768	559.31923828072377	8.5104356642948567
0	4	4	200	2	1229159827894789650	66	33001	33500	500	500	-1812.2499678165648	53.432978575789882	483160	600000	0	0	261.43681576324832	511.76297355751427	8.6124583931950482
0	4	4	200	2	1229159827894789650	67	33501	34000	500	500	-1649.0538993058267	51.707718205574871	481341	600000	0	0	238.83131145548583	464.79980881398302	14.589391867234225
0	4	4	200	2	1229159827894789650	68	34001	34500	500	500	-1733.6639087465476	50.257495985778689	481707	600000	0	0	256.21979679431035	522.13692501537821	12.159393982161465
0	4	4	200	2	1229159827894789650	69	34501	35000	500	500	-1767.2107741844713	53.973373674738227	482432	600000	0	0	250.56067373852849	523.21221829349474	10.048639410412658
0	4	4	200	2	1229159827894789650	70	35001	35500	500	500	-1778.1573804454495	54.724818256796247	482667	600000	0	0	246.16440514387182	554.80966922357186	9.2253439466940748
0	4	4	200	2	1229159827894789650	71	35501	36000	500	500	-1730.2488978053038	53.435540662020735	483142	600000	0	0	259.96875933463969	492.7472141795464	4.0882546482686273
0	4	4	200	2	1229159827894789650	72	36001	36500	500	500	-1753.4770871294625	52.928588527454359	481825	600000	0	0	238.27558910868842	519.22304342143298	15.236140120789763
0	4	4	200	2	1229159827894789650	73	36501	37000	500	500	-1700.3718008588369	55.30932457896683	483503	600000	0	0	247.43659293933976	484.65780386738385	7.623593309787557
0	4	4	200	2	1229159827894789650	74	37001	37500	500	500	-1729.2734155021265	55.044147793109879	483924	600000	0	0	273.4336262287618	457.38944539845249	6.8520153298403823
0	4	4	200	2	1229159827894789650	75	37501	38000	500	500	-1652.5733534879553	52.827323542628292	480857	600000	0	0	255.88005890771333	489.19517514063352	8.14591762734897
0	4	4	200	2	1229159827894789650	76	38001	38500	500	500	-1731.9149533360173	53.20642859457616	482875	600000	0	0	235.24656991197321	499.55837278294229	8.1301569316602542
0	4	4	200	2	1229159827894789650	77	38501	39000	500	500	-1693.104934627404	53.702130151414778	481934	600000	0	0	253.65677589744919	457.55509761374435	8.4188626631755703
0	4	4	200	2	1229159827894789650	78	39001	39500	500	500	-1852.5222433067047	54.281799257806313	483220	600000	0	0	237.88046489960254	543.23448136261186	13.941173787003413
0	4	4	200	2	1229159827894789650	79	39501	40000	500	500	-1659.9665378840737	52.737986170438745	482591	600000	0	0	247.11556932504857	447.07264597045969	8.3149398848653249
0	4	4	200	2	1229159827894789650	80	40001	40500	500	500	-1797.3362839759357	53.651760248574099	484502	600000	0	0	251.60010490470523	567.47481974778486	6.926491004865297
0	4	4	200	2	1229159827894789650	81	40501	41000	500	500	-1761.8640298718503	53.484411669510152	481998	600000	0	0	256.47225610033155	541.67727967146743	13.37030229625803
0	4	4	200	2	1229159827894789650	82	41001	41500	500	500	-1722.4769744541743	52.396894724942051	481711	600000	0	0	251.76022472098265	513.53937334994748	14.482808264158106
0	4	4	200	2	1229159827894789650	83	41501	42000	500	500	-1783.778742142556	52.598126370464385	482937	600000	0	0	269.77643387771906	489.75642543288905	8.8681385301322795
0	4	4	200	2	1229159827894789650	84	42001	42500	500	500	-1782.6601468940644	51.506735567912678	482229	600000	0	0	242.69313886453921	499.64519802949417	10.503114037306702
0	4	4	200	2	1229159827894789650	85	42501	43000	500	500	-1811.3517378872432	53.519076886160072	482460	600000	0	0	239.1397273468593	515.22664483637607	11.261843190144605
0	4	4	200	2	1229159827894789650	86	43001	43500	500	500	-1697.8446246324795	55.521613399677825	482531	600000	0	0	246.98721374524456	476.44422195025896	7.8911501911773829
0	4	4	200	2	1229159827894789650	87	43501	44000	500	500	-1762.1658832330388	51.597618236451886	481472	600000	0	0	253.11488727329225	535.06820252223451	11.290823919343675
0	4	4	200	2	1229159827894789650	88	44001	44500	500	500	-1793.5758197596886	54.656347917453793	483443	600000	0	0	263.97714891277604	516.29999585100609	4.5452982747971422
0	4	4	200	2	1229159827894789650	89	44501	45000	500	500	-1715.3979842721615	51.656228971528449	482362	600000	0	0	271.00255537424192	461.62321501739143	9.8294157744046817
0	4	4	200	2	1229159827894789650	90	45001	45500	500	500	-1743.9227276487291	52.801698441849098	481400	600000	0	0	237.2502312546971	518.00277030069299	18.354485304869506
0	4	4	200	2	1229159827894789650	91	45501	46000	500	500	-1704.7097341308527	52.793879520117677	483155	600000	0	0	287.82800125637027	548.51384636724708	4.7240362174770585
0	4	4	200	2	1229159827894789650	92	46001	46500	500	500	-1770.0063222292342	53.383650062482346	483105	600000	0	0	264.23310232424001	516.3844131494883	7.1071081317596443
0	4	4	200	2	1229159827894789650	93	46501	47000	500	500	-1788.2107645408894	53.628726936898545	482413	600000	0	0	252.92489122953708	499.99067406324059	10.851130905445808
0	4	4	200	2	1229159827894789650	94	47001	47500	500	500	-1752.6455857760704	53.272550706601315	482922	600000	0	0	245.43489441769754	511.35671885600033	7.9214285019744333
0	4	4	200	2	1229159827894789650	95	47501	48000	500	500	-1805.4655221657069	54.289613444908198	484220	600000	0	0	240.46101948778488	509.63469860790525	8.263786453800547
0	4	4	200	2	1229159827894789650	96	48001	48500	500	500	-1729.9843345689208	52.769665512203794	482318	600000	0	0	256.65455102298768	480.07140144483208	8.4894408459417789
0	4	4	200	2	1229159827894789650	97	48501	49000	500	500	-1763.0220038699663	53.874623722689236	484763	600000	0	0	246.57004435157916	547.28068077074272	9.4863851034652971
0	4	4	200	2	1229159827894789650	98	49001	49500	500	500	-1757.3717709983384	53.998599802895612	485039	600000	0	0	252.61335039385935	500.20028338029158	5.8063217034109273
0	4	4	200	2	1229159827894789650	99	49501	50000	500	500	-1700.9146692274394	53.595781632780763	484290	600000	0	0	252.99038294619962	491.46199742419776	9.2995022929763156
0	4	4	200	3	16030017401612177503	0	1	500	500	500	-1758.6143291677624	54.927715181135774	484552	600000	0	0	251.24904539997146	529.92662016372901	9.025534874432811
0	4	4	200	3	16030017401612177503	1	501	1000	500	500	-1788.2967218322262	53.846419088209643	482290	600000	0	0	254.93029551422839	520.63811147982426	7.6210217374728524
0	4	4	200	3	16030017401612177503	2	1001	1500	500	500	-1706.2747638360208	53.534649851348746	482776	600000	0	0	262.10152331184884	472.93033096305936	7.4737140412912115
0	4	4	200	3	16030017401612177503	3	1501	2000	500	500	-1676.1155867049597	51.704812547785295	482099	600000	0	0	236.02623555389158	490.50621815782239	14.831373530029504
0	4	4	200	3	16030017401612177503	4	2001	2500	500	500	-1729.5558672267427	53.35037035664957	481938	600000	0	0	238.89756208389721	547.85399579631598	10.623784898246068
0	4	4	200	3	16030017401612177503	5	2501	3000	500	500	-1731.475034460804	51.133697973805361	481602	600000	0	0	247.87137288055905	498.89180965080573	14.168629731644106
0	4	4	200	3	16030017401612177503	6	3001	3500	500	500	-1752.739370751998	53.040052143894215	483179	600000	0	0	245.29350491251734	494.28755901367293	11.884674538663669
0	4	4	200	3	16030017401612177503	7	3501	4000	500	500	-1766.49826163743	54.247129560357052	483526	600000	0	0	265.57746721854727	498.97596334192309	7.2258259753667353
0	4	4	200	3	16030017401612177503	8	4001	4500	500	500	-1741.5580753047736	53.817174858588615	482777	600000	0	0	243.62209777790474	509.13655165482618	9.6962300155652574
0	4	4	200	3	16030017401612177503	9	4501	5000	500	500	-1736.4120007737761	53.880140651057381	482717	600000	0	0	269.76705013200399	512.38822768713896	6.9017740764506197
0	4	4	200	3	16030017401612177503	10	5001	5500	500	500	-1661.2135820425331	53.086523788808741	482551	600000	0	0	242.16912817947497	489.70885070655567	13.983484737549334
0	4	4	200	3	16030017401612177503	11	5501	6000	500	500	-1840.1744141618653	49.939498314101819	479637	600000	0	0	216.48539188507939	711.27131247291857	23.750061612114994
0	4	4	200	3	16030017401612177503	12	6001	6500	500	500	-1693.3251990602148	53.43464509545101	482040	600000	0	0	241.04245873148992	497.82297006360301	12.812326799547069
0	4	4	200	3	16030017401612177503	13	6501	7000	500	500	-1809.8069834466737	53.393479370655569	483390	600000	0	0	256.20454392378724	530.15170071283433	6.4690761685104361
0	4	4	200	3	16030017401612177503	14	7001	7500	500	500	-1769.5744540356336	53.013128968494478	482916	600000	0	0	272.37868571413014	490.86245934414643	6.4736421187607487
0	4	4	200	3	16030017401612177503	15	7501	8000	500	500	-1764.6109462836794	51.288526705578711	482034	600000	0	0	260.54900758463367	542.4984516876907	7.6775649627455307
0	4	4	200	3	16030017401612177503	16	8001	8500	500	500	-1663.8247695952966	53.686362675336234	482093	600000	0	0	247.8370297873964	451.46750263100529	6.4839627517036691
0	4	4	200	3	16030017401612177503	17	8501	9000	500	500	-1828.0391937285365	56.040289648514729	484815	600000	0	0	255.29080230844508	553.06468509976855	8.7160584241864338
0	4	4	200	3	16030017401612177503	18	9001	9500	500	500	-1701.5676730638738	52.224227223403133	482459	600000	0	0	262.09948676047981	489.93267358674802	9.9081896629985415
0	4	4	200	3	16030017401612177503	19	9501	10000	500	500	-1747.291436320214	52.892359764819517	482996	600000	0	0	254.64508734775706	541.19559389553751	8.5374092636950998
0	4	4	200	3	16030017401612177503	20	10001	10500	500	500	-1752.1963812074064	54.202833079040296	484132	600000	0	0	237.56208062006354	518.48080092078408	12.704236782293886
0	4	4	200	3	16030017401612177503	21	10501	11000	500	500	-1781.777554090834	53.723382847368427	484661	600000	0	0	254.532677355939	471.29783711149128	6.4802027367387067
0	4	4	200	3	16030017401612177503	22	11001	11500	500	500	-1762.8277322136732	52.748966165551046	482458	600000	0	0	241.6521831264325	545.02702830689634	8.9262634608709437
0	4	4	200	3	16030017401612177503	23	11501	12000	500	500	-1679.0051164204312	52.876106438124346	482421	600000	0	0	238.96222283102063	470.40754827501468	11.120466249021469
0	4	4	200	3	16030017401612177503	24	12001	12500	500	500	-1790.7553394003155	54.607780433703873	484052	600000	0	0	235.17348450996053	527.81110163380413	9.7713738686810494
0	4	4	200	3	16030017401612177503	25	12501	13000	500	500	-1682.5189613203515	52.354118234162705	481777	600000	0	0	240.00175060145864	461.28708784532694	9.0616923059921515
0	4	4	200	3	16030017401612177503	26	13001	13500	500	500	-1724.6543463485798	54.335125454157414	482414	600000	0	0	265.58714836363089	507.84705054656314	7.4811597084504573
0	4	4	200	3	16030017401612177503	27	13501	14000	500	500	-1687.5119684588255	50.785299829508908	481589	600000	0	0	260.41544677339601	518.34428919614891	9.6743970784935804
0	4	4	200	3	16030017401612177503	28	14001	14500	500	500	-1692.4262612867988	53.132298573539799	482803	600000	0	0	268.76635723269618	523.47521553951128	6.8143426654748698
0	4	4	200	3	16030017401612177503	29	14501	15000	500	500	-1712.3138958704292	53.186237141600365	483402	600000	0	0	258.36493175041545	495.62271141787471	9.9357904278918081
0	4	4	200	3	16030017401612177503	30	15001	15500	500	500	-1718.6747489525842	51.499893709937169	481551	600000	0	0	273.49271723399016	492.67965048863095	5.2862131999246076
0	4	4	200	3	16030017401612177503	31	15501	16000	500	500	-1713.1151365665694	52.969484530040127	482797	600000	0	0	242.72841622160189	503.49329050507743	14.966183432880625
0	4	4	200	3	16030017401612177503	32	16001	16500	500	500	-1769.7361453396438	53.238198506324956	482794	600000	0	0	258.72299353056314	500.89017649204226	9.0879715891853774
0	4	4	200	3	16030017401612177503	33	16501	17000	500	500	-1729.3774973857519	54.432965297004671	481957	600000	0	0	250.02256407146601	525.7645337581996	12.188643133537155
0	4	4	200	3	16030017401612177503	34	17001	17500	500	500	-1749.4738466730182	53.032417697570182	483106	600000	0	0	227.26334798791885	541.20407544525608	11.92195737332842
0	4	4	200	3	16030017401612177503	35	17501	18000	500	500	-1796.2324958046427	53.793298154009968	482710	600000	0	0	251.13244963931615	570.73038021250568	9.0196094641852138
0	4	4	200	3	16030017401612177503	36	18001	18500	500	500	-1764.1248724945456	52.623497506858321	480721	600000	0	0	265.57744014202325	524.47231524457197	10.183257458493493
0	4	4	200	3	16030017401612177503	37	18501	19000	500	500	-1766.8982721330585	52.200815596732959	483443	600000	0	0	270.32434909618098	507.33470609249474	10.214388058461589
0	4	4	200	3	16030017401612177503	38	19001	19500	500	500	-1690.6091977964575	53.798630726648732	482134	600000	0	0	248.54706333172578	558.08528761847276	10.486570962969148
0	4	4	200	3	16030017401612177503	39	19501	20000	500	500	-1718.3138108231931	53.19334024367938	482099	600000	0	0	252.90274434432033	490.11587201476289	12.033833595735116
0	4	4	200	3	16030017401612177503	40	20001	20500	500	500	-1721.2809953717306	53.093077773125785	481468	600000	0	0	215.85482885645769	573.45196639751964	17.819981229377053
0	4	4	200	3	16030017401612177503	41	20501	21000	500	500	-1751.0318964490803	54.03754661348956	484168	600000	0	0	246.04938809144033	480.79722196589034	8.7144609438400273
0	4	4	200	3	16030017401612177503	42	21001	21500	500	500	-1700.727232912501	52.163893828263106	482711	600000	0	0	243.09502156651956	488.4485954414759	9.1636780081103328
0	4	4	200	3	16030017401612177503	43	21501	22000	500	500	-1722.8563559845181	52.604092915039971	481291	600000	0	0	239.77168858509029	501.38665728236253	12.400034236283695
0	4	4	200	3	16030017401612177503	44	22001	22500	500	500	-1733.6590908317328	52.617421623565292	482414	600000	0	0	238.26763326391435	576.03026017639172	8.0934145416952905
0	4	4	200	3	16030017401612177503	45	22501	23000	500	500	-1703.1798714466022	52.772772941205893	482292	600000	0	0	267.29947061872826	457.67234906708836	8.5497313803770503
0	4	4	200	3	16030017401612177503	46	23001	23500	500	500	-1759.5550182175691	52.774906986147904	483051	600000	0	0	296.48369741783699	481.13880333067044	4.3409317592013261
0	4	4	200	3	16030017401612177503	47	23501	24000	500	500	-1772.7795306145631	52.598392487658259	484223	600000	0	0	257.5168513799909	506.81927461888108	6.6274794923014033
0	4	4	200	3	16030017401612177503	48	24001	24500	500	500	-1753.4266209991526	53.97387769371862	483299	600000	0	0	241.43666285427989	497.54990586344962	12.019519312745441
0	4	4	200	3	16030017401612177503	49	24501	25000	500	500	-1731.1650959802723	54.721577650780333	483631	600000	0	0	255.09589117820377	485.00670267452483	5.2395674570774791
0	4	4	200	3	16030017401612177503	50	25001	25500	500	500	-1737.5973362890472	53.129500637564682	482601	600000	0	0	277.78509874504226	504.32509560055041	6.5165865824970908
0	4	4	200	3	16030017401612177503	51	25501	26000	500	500	-1790.5375641441838	54.062772210308644	483644	600000	0	0	250.25959569674956	500.44764142897179	8.6726853746226933
0	4	4	200	3	16030017401612177503	52	26001	26500	500	500	-1749.4289687949181	53.320389952339283	483394	600000	0	0	256.23755498137166	503.39201489594069	5.6734224562817612
0	4	4	200	3	16030017401612177503	53	26501	27000	500	500	-1777.9726185700265	55.037546739729869	483513	600000	0	0	236.73515334235722	490.43257286595178	4.8735000962162651
0	4	4	200	3	16030017401612177503	54	27001	27500	500	500	-1754.9447903942007	53.024441146762662	481744	600000	0	0	244.23655501342273	509.25756524626615	9.0554527147681299
0	4	4	200	3	16030017401612177503	55	27501	28000	500	500	-1734.4061478552505	53.656409074944648	483264	600000	0	0	245.2215905212353	484.83687279265064	9.038370158657143
0	4	4	200	3	16030017401612177503	56	28001	28500	500	500	-1862.7929804514085	54.636705084027476	484915	600000	0	0	258.10905545956308	524.13637838767534	5.6671185486183839
0	4	4	200	3	16030017401612177503	57	28501	29000	500	500	-1802.5780303146507	55.081848129928609	483435	600000	0	0	229.83896494091729	546.22141877880938	8.5791692843577962
0	4	4	200	3	16030017401612177503	58	29001	29500	500	500	-1747.5830716190787	53.140860429366477	482257	600000	0	0	261.02045784215596	502.00231109340547	11.520787579451776
0	4	4	200	3	16030017401612177503	59	29501	30000	500	500	-1759.6376321672826	55.039539173094028	483169	600000	0	0	248.24698455023704	509.28548653742706	7.5403809831569335
0	4	4	200	3	16030017401612177503	60	30001	30500	500	500	-1744.8140213561853	53.091092870828525	483912	600000	0	0	270.01707836833049	481.12590058283621	3.9886427976603476
0	4	4	200	3	16030017401612177503	61	30501	31000	500	500	-1736.5038225172791	51.414646331551303	481467	600000	0	0	250.96809484848754	518.3828814811809	7.9316206190468881
0	4	4	200	3	16030017401612177503	62	31001	31500	500	500	-1662.5843352017473	51.837903533945486	482479	600000	0	0	247.95582624229482	482.096765495098	9.4779223332419402
0	4	4	200	3	16030017401612177503	63	31501	32000	500	500	-1660.411972823794	53.693577129151471	483576	600000	0	0	235.22410208633011	475.96555814118523	11.399809866269516
0	4	4	200	3	16030017401612177503	64	32001	32500	500	500	-1764.3723353373534	53.683646676252174	483265	600000	0	0	247.11094134177728	526.028472466876	8.0852346207309527
0	4	4	200	3	16030017401612177503	65	32501	33000	500	500	-1696.4374997562861	52.946549861494674	482866	600000	0	0	264.99200293356932	455.81400863611037	7.6483518014406213
0	4	4	200	3	16030017401612177503	66	33001	33500	500	500	-1710.9432133844987	55.045480775525135	483339	600000	0	0	253.12369372820291	452.50603912566345	8.7026451853520417
0	4	4	200	3	16030017401612177503	67	33501	34000	500	500	-1735.2107529197535	53.136881285919586	480182	600000	0	0	277.42852420645278	499.00738468623445	11.248630675674921
0	4	4	200	3	16030017401612177503	68	34001	34500	500	500	-1753.0928221801416	53.371955091805063	482276	600000	0	0	244.3170358561477	502.15013773865286	7.2496814077610781
0	4	4	200	3	16030017401612177503	69	34501	35000	500	500	-1714.1782516540509	54.879487631503601	483882	600000	0	0	250.02640557494141	507.91868968397688	8.6870493659119496
0	4	4	200	3	16030017401612177503	70	35001	35500	500	500	-1725.3711330159977	55.001491878726078	482530	600000	0	0	245.39862665789724	488.05586258245216	10.082084045319851
0	4	4	200	3	16030017401612177503	71	35501	36000	500	500	-1714.3250134393172	52.157857191021471	481972	600000	0	0	232.47727639810208	505.7666023060778	13.042811976527254
0	4	4	200	3	16030017401612177503	72	36001	36500	500	500	-1814.6811392122283	53.991601974615079	482067	600000	0	0	245.18484733485468	546.7417624719883	9.6246906137436135
0	4	4	200	3	16030017401612177503	73	36501	37000	500	500	-1653.8291670313934	53.748088003145263	481852	600000	0	0	242.34237902126364	498.88905031162119	11.828279644351994
0	4	4	200	3	16030017401612177503	74	37001	37500	500	500	-1788.4201011124535	54.616102420036967	483081	600000	0	0	237.53148088840908	508.6069858725117	9.4394999387337144
0	4	4	200	3	16030017401612177503	75	37501	38000	500	500	-1725.1379595800729	51.895337295865126	481767	600000	0	0	265.88874542103838	474.44042231497178	9.3180872520499118
0	4	4	200	3	16030017401612177503	76	38001	38500	500	500	-1676.5835547493743	52.657199860258281	483033	600000	0	0	243.63399019118137	469.22320969166049	12.717648660973692
0	4	4	200	3	16030017401612177503	77	38501	39000	500	500	-1722.4730969337377	53.897827874113972	483091	600000	0	0	236.27548053729575	498.56354817167721	8.0469929314716993
0	4	4	200	3	16030017401612177503	78	39001	39500	500	500	-1735.5808757022385	51.522903921152015	482383	600000	0	0	269.67796785830399	473.44311837161655	9.9947386334950714
0	4	4	200	3	16030017401612177503	79	39501	40000	500	500	-1681.7915678767633	51.482259151637017	482641	600000	0	0	263.45092486113401	445.61146432882316	6.7446418710164613
0	4	4	200	3	16030017401612177503	80	40001	40500	500	500	-1692.8519326800933	52.45528851270258	480853	600000	0	0	245.45171148177783	508.2909639988535	15.194469285450742
0	4	4	200	3	16030017401612177503	81	40501	41000	500	500	-1660.8037558117589	51.453376929862287	481222	600000	0	0	252.03339509142185	456.16811445645374	15.075650722613247
0	4	4	200	3	16030017401612177503	82	41001	41500	500	500	-1810.228589242909	54.285549815086263	482546	600000	0	0	253.64881786835932	559.17274434611477	7.1484942081029521
0	4	4	200	3	16030017401612177503	83	41501	42000	500	500	-1803.6035727797346	53.693592967216524	481579	600000	0	0	266.79850590690546	490.10760505274618	10.306253879226642
0	4	4	200	3	16030017401612177503	84	42001	42500	500	500	-1747.626236874348	51.38881447059925	481997	600000	0	0	261.05299377272502	490.28531171028254	11.241645284189184
0	4	4	200	3	16030017401612177503	85	42501	43000	500	500	-1782.3315621542197	53.720611207075493	483339	600000	0	0	232.60754075417728	543.83419566436942	13.079537439794784
0	4	4	200	3	16030017401612177503	86	43001	43500	500	500	-1794.428836185552	53.840082702006256	482580	600000	0	0	244.72640435885762	547.91500908643332	11.139733199806816
0	4	4	200	3	16030017401612177503	87	43501	44000	500	500	-1685.4060484450895	51.498410036138637	481660	600000	0	0	241.66976215953315	472.0417705869292	11.862206374641273
0	4	4	200	3	16030017401612177503	88	44001	44500	500	500	-1745.7525261568819	53.600466378713392	483097	600000	0	0	247.45307585164429	489.79128746061394	10.816696597352012
0	4	4	200	3	16030017401612177503	89	44501	45000	500	500	-1797.5944626797136	53.519699887294394	481848	600000	0	0	245.20763694299347	559.65670390059745	11.577241041982852
0	4	4	200	3	16030017401612177503	90	45001	45500	500	500	-1703.1996549553226	53.541190919564166	483819	600000	0	0	248.0992136220209	479.70481494638983	9.8117400804064605
0	4	4	200	3	16030017401612177503	91	45501	46000	500	500	-1687.5779395313439	52.21708342547236	482439	600000	0	0	249.46089085916267	455.04648286375988	15.607332376442256
0	4	4	200	3	16030017401612177503	92	46001	46500	500	500	-1757.5978131683278	55.345074496235988	483935	600000	0	0	243.06411363158799	512.47350623689374	8.6356493106562997
0	4	4	200	3	16030017401612177503	93	46501	47000	500	500	-1693.0515812018675	54.079308992032601	483861	600000	0	0	235.04763160204615	473.60910356744722	12.687182579999501
0	4	4	200	3	16030017401612177503	94	47001	47500	500	500	-1703.9944918994308	53.083414565956602	482586	600000	0	0	253.56874616834875	496.80413527830251	8.7627530951747037
0	4	4	200	3	16030017401612177503	95	47501	48000	500	500	-1702.3239676540099	53.837770768732206	482785	600000	0	0	244.91420815151844	468.05371932495763	11.00307640127772
0	4	4	200	3	16030017401612177503	96	48001	48500	500	500	-1710.9729906546802	51.674049798814885	482367	600000	0	0	269.712719490388	491.04459521190057	6.5225563190707421
0	4	4	200	3	16030017401612177503	97	48501	49000	500	500	-1710.0593587365734	53.43063581103177	483400	600000	0	0	258.56923156480769	462.91454261072113	10.390475639782121
0	4	4	200	3	16030017401612177503	98	49001	49500	500	500	-1755.0594856890079	52.530447527351008	482256	600000	0	0	245.43473411088854	513.83842526571152	6.5068460886954504
0	4	4	200	3	16030017401612177503	99	49501	50000	500	500	-1768.413765339865	54.2579148224752	483277	600000	0	0	257.06169150706495	501.97315755936285	2.3382915753189395
0	4	4	200	4	5193558166308593944	0	1	500	500	500	-1692.448201611038	52.193209116139883	483285	600000	0	0	270.64824068048199	486.22410806242647	9.913505252485443
0	4	4	200	4	5193558166308593944	1	501	1000	500	500	-1748.5229514058572	53.225189643481556	481536	600000	0	0	264.61093818244296	485.27053013325781	12.08926063603827
0	4	4	200	4	5193558166308593944	2	1001	1500	500	500	-1718.6463892403694	54.282907789157491	482353	600000	0	0	250.1363724974438	480.51085264930447	9.2412484188914981
0	4	4	200	4	5193558166308593944	3	1501	2000	500	500	-1724.3767756840975	54.578721298796196	483230	600000	0	0	233.97504664470404	485.53000615242365	8.271631364242122
0	4	4	200	4	5193558166308593944	4	2001	2500	500	500	-1756.3506578896609	51.784679651237475	481430	600000	0	0	279.19495529873285	486.9470398133202	8.3178896722348679
0	4	4	200	4	5193558166308593944	5	2501	3000	500	500	-1791.8124801491642	53.01205069136531	482758	600000	0	0	236.52162811018709	547.05601264313179	7.6478704638808521
0	4	4	200	4	5193558166308593944	6	3001	3500	500	500	-1692.2968029676397	53.555244059477801	483477	600000	0	0	248.70618145633807	466.80742743213955	9.9595090596451694
0	4	4	200	4	5193558166308593944	7	3501	4000	500	500	-1750.6970596547669	53.833656598945588	483599	600000	0	0	268.82922778362689	498.49804826021256	5.913262339575839
0	4	4	200	4	5193558166308593944	8	4001	4500	500	500	-1779.1239691197584	53.472550403523144	483630	600000	0	0	221.43909515331197	537.69069798806697	15.968170169422487
0	4	4	200	4	5193558166308593944	9	4501	5000	500	500	-1766.9391725143184	52.379445040343974	481674	600000	0	0	260.0913735534524	522.17304679833217	9.8585485911589608
0	4	4	200	4	5193558166308593944	10	5001	5500	500	500	-1730.0215939119066	53.815946520559748	483446	600000	0	0	273.7917389826282	461.19546232526602	5.215246973223457
0	4	4	200	4	5193558166308593944	11	5501	6000	500	500	-1725.3958723604496	52.993315925086108	481369	600000	0	0	232.88377356994343	541.26043618266146	14.843187754835405
0	4	4	200	4	5193558166308593944	12	6001	6500	500	500	-1665.1917979609971	53.159727494478197	482968	600000	0	0	234.45268934316005	481.29973086491657	9.8878655178167598
0	4	4	200	4	5193558166308593944	13	6501	7000	500	500	-1724.9036149878852	53.768409410658471	483363	600000	0	0	240.06005808090319	492.60893235770885	6.1509183488458392
0	4	4	200	4	5193558166308593944	14	7001	7500	500	500	-1674.0657121337913	50.756717328428394	481343	600000	0	0	238.09943236103234	470.25557930551537	12.637154435309155
0	4	4	200	4	5193558166308593944	15	7501	8000	500	500	-1710.6958070381552	52.680507211824654	483054	600000	0	0	247.96136998471965	479.91415311454023	7.6170053051626123
0	4	4	200	4	5193558166308593944	16	8001	8500	500	500	-1834.2743541258353	54.285395383863005	483376	600000	0	0	249.595566002044	531.24683827108265	5.6952922829436128
0	4	4	200	4	5193558166308593944	17	8501	9000	500	500	-1716.4948827358705	52.51179651918283	480696	600000	0	0	267.57335965369958	472.3435242153783	8.0734159199992934
0	4	4	200	4	5193558166308593944	18	9001	9500	500	500	-1809.3005044718946	54.186643982966039	483399	600000	0	0	262.95713619004096	510.7714518955076	6.6980571711466581
0	4	4	200	4	5193558166308593944	19	9501	10000	500	500	-1721.7528254613387	53.048269953768497	483069	600000	0	0	241.11288674634039	499.36873675780919	8.3053891620915081
0	4	4	200	4	5193558166308593944	20	10001	10500	500	500	-1683.8548410063145	52.830141294607948	482309	600000	0	0	250.43230065463382	461.35082476589054	8.441634750600846
0	4	4	200	4	5193558166308593944	21	10501	11000	500	500	-1761.0557755717953	54.253226077688183	482684	600000	0	0	253.42110896776953	558.17637725028555	11.322770587639253
0	4	4	200	4	5193558166308593944	22	11001	11500	500	500	-1689.1284229883609	52.596555643950161	482377	600000	0	0	245.44217226887173	459.94933666188308	8.1704931280576911
0	4	4	200	4	5193558166308593944	23	11501	12000	500	500	-1782.849383940277	54.171071470657367	482089	600000	0	0	257.02516356649477	508.15559393099289	9.9303780247635274
0	4	4	200	4	5193558166308593944	24	12001	12500	500	500	-1702.2109983674829	53.12870616593402	482886	600000	0	0	264.34756867641016	488.96744316454686	7.9441159701791086
0	4	4	200	4	5193558166308593944	25	12501	13000	500	500	-1749.3856136222789	52.970368232239245	482634	600000	0	0	256.81510198887042	540.42672134730901	7.6230111116172452
0	4	4	200	4	5193558166308593944	26	13001	13500	500	500	-1727.7005687057342	53.777987232896628	482743	600000	0	0	250.82303779031599	488.68546823258527	8.2106889612816385
0	4	4	200	4	5193558166308593944	27	13501	14000	500	500	-1822.2858852588854	51.162858657730105	480644	600000	0	0	245.87016800446415	570.08957336682261	19.825983968251649
0	4	4	200	4	5193558166308593944	28	14001	14500	500	500	-1671.4281155006233	52.504866333769307	481875	600000	0	0	237.73339882912558	539.0057845301244	7.4291042529849198
0	4	4	200	4	5193558166308593944	29	14501	15000	500	500	-1742.1212841082524	51.758004342409777	482528	600000	0	0	240.30285082096498	511.40064711856263	8.9305251979792963
0	4	4	200	4	5193558166308593944	30	15001	15500	500	500	-1662.9860336667741	50.767376435313913	482137	600000	0	0	284.84355531623305	449.33774425881046	7.9037837998192604
0	4	4	200	4	5193558166308593944	31	15501	16000	500	500	-1690.6504108237848	52.255809486141779	482278	600000	0	0	238.61952194499551	467.54216770020918	13.44070998463738
0	4	4	200	4	5193558166308593944	32	16001	16500	500	500	-1758.5051405447468	53.021316767015868	483325	600000	0	0	268.48026667257346	510.49860172491964	9.0429495522899135
0	4	4	200	4	5193558166308593944	33	16501	17000	500	500	-1700.092121633269	53.477110422025646	482151	600000	0	0	240.75933464137319	464.4457625157857	8.7409356613269331
0	4	4	200	4	5193558166308593944	34	17001	17500	500	500	-1725.7716520553772	53.441601278304098	483238	600000	0	0	251.00536966614516	575.03522554925371	8.2500858534106047
0	4	4	200	4	5193558166308593944	35	17501	18000	500	500	-1729.2799934035245	52.788392351351085	482847	600000	0	0	242.36403066478334	536.72497210848906	11.825376420397436
0	4	4	200	4	5193558166308593944	36	18001	18500	500	500	-1761.0200364792863	52.623999842087478	480990	600000	0	0	250.33638394570511	505.69821695931023	14.137686937184505
0	4	4	200	4	5193558166308593944	37	18501	19000	500	500	-1707.6837550471873	53.069902717720652	483048	600000	0	0	257.72184592348214	471.90575867023438	8.8919792131089164
0	4	4	200	4	5193558166308593944	38	19001	19500	500	500	-1642.0972945230699	54.051631211527969	483954	600000	0	0	246.25776617707302	472.50737921608521	12.412921095478524
0	4	4	200	4	5193558166308593944	39	19501	20000	500	500	-1708.2287088762166	51.802928002612674	482329	600000	0	0	253.55427844192135	499.61792176607707	11.749013965860248
0	4	4	200	4	5193558166308593944	40	20001	20500	500	500	-1733.0497151244658	52.843860663902845	481946	600000	0	0	263.61421428530531	527.47707811645625	8.8922618701299037
0	4	4	200	4	5193558166308593944	41	20501	21000	500	500	-1746.040157491663	55.238627192750037	483858	600000	0	0	236.90334282175598	524.68428142418884	7.8730624342655089
0	4	4	200	4	5193558166308593944	42	21001	21500	500	500	-1703.9133857668942	52.048121804327749	483042	600000	0	0	248.21879498664921	473.48209384172583	9.5327936950146501
0	4	4	200	4	5193558166308593944	43	21501	22000	500	500	-1741.4957546668172	52.835112313208533	482948	600000	0	0	257.70372195795591	505.65208438632368	9.7105568517535836
0	4	4	200	4	5193558166308593944	44	22001	22500	500	500	-1726.5357570297997	54.089756019351043	483057	600000	0	0	253.38100093779309	526.00948246650921	8.0538805368914446
0	4	4	200	4	5193558166308593944	45	22501	23000	500	500	-1777.4914866116887	53.295350643439569	482175	600000	0	0	243.44211453748082	546.98889395653464	7.5643229361932685
0	4	4	200	4	5193558166308593944	46	23001	23500	500	500	-1678.6192002640853	53.24507909013392	482568	600000	0	0	214.94776359945834	475.94237503856272	16.666636612930382
0	4	4	200	4	5193558166308593944	47	23501	24000	500	500	-1668.0205248189882	54.529851654045494	483366	600000	0	0	229.93896517955059	471.32875080849425	9.7386764883098955
0	4	4	200	4	5193558166308593944	48	24001	24500	500	500	-1744.3928880831365	54.361687378207542	482882	600000	0	0	242.08790809682492	484.42854205223443	11.442928626501587
0	4	4	200	4	5193558166308593944	49	24501	25000	500	500	-1776.1542767071792	52.989415313762194	483448	600000	0	0	256.26297966559292	502.51245633956518	8.115928070174375
0	4	4	200	4	5193558166308593944	50	25001	25500	500	500	-1782.0953403242215	56.5613735936249	484598	600000	0	0	240.54588551083697	550.73364462729751	7.4953822098773175
0	4	4	200	4	5193558166308593944	51	25501	26000	500	500	-1700.8708398795302	52.763058402955203	482145	600000	0	0	251.68506811438132	470.94330648913621	5.09457163929312
0	4	4	200	4	5193558166308593944	52	26001	26500	500	500	-1673.885381769795	53.228313740441564	484043	600000	0	0	237.97349405878322	501.84985410730434	10.459604366023459
0	4	4	200	4	5193558166308593944	53	26501	27000	500	500	-1732.3424342691001	55.337714429724386	483702	600000	0	0	235.12859060497865	523.53564883894148	11.739610567105435
0	4	4	200	4	5193558166308593944	54	27001	27500	500	500	-1732.5871458803826	52.517986349196804	481083	600000	0	0	264.06978154409353	489.63278915660106	9.8339877025656044
0	4	4	200	4	5193558166308593944	55	27501	28000	500	500	-1700.9839486635071	52.086138944916307	481708	600000	0	0	253.81213028525164	463.3735014778029	11.837472233138996
0	4	4	200	4	5193558166308593944	56	28001	28500	500	500	-1634.031068537485	52.139763352195125	480948	600000	0	0	240.51178765894531	480.50781202893307	15.882607950419212
0	4	4	200	4	5193558166308593944	57	28501	29000	500	500	-1675.023639546403	51.55616548326752	481663	600000	0	0	248.26681688182276	482.33227934003366	13.085408569446244
0	4	4	200	4	5193558166308593944	58	29001	29500	500	500	-1736.7947819177541	52.559053120756097	482488	600000	0	0	249.89018993952482	493.39219150631374	12.414642549115076
0	4	4	200	4	5193558166308593944	59	29501	30000	500	500	-1810.9951002623559	52.420590919834787	482675	600000	0	0	265.6997580821498	512.97526862143127	8.4122326437725885
0	4	4	200	4	5193558166308593944	60	30001	30500	500	500	-1777.4193572971772	52.909409547840532	481904	600000	0	0	275.07037177266704	521.16463102237003	11.425789192475056
0	4	4	200	4	5193558166308593944	61	30501	31000	500	500	-1672.6756042257098	52.426862743060411	482953	600000	0	0	240.7699155225225	620.6437986899233	14.071856826104334
0	4	4	200	4	5193558166308593944	62	31001	31500	500	500	-1671.0354469696861	50.99970931907302	480731	600000	0	0	257.1030613662665	454.49440224216943	15.589323549670056
0	4	4	200	4	5193558166308593944	63	31501	32000	500	500	-1670.8092342355872	53.503761121726555	482732	600000	0	0	263.4912725627841	446.9751472940884	7.9228967086502964
0	4	4	200	4	5193558166308593944	64	32001	32500	500	500	-1720.8595886902169	53.282840044704315	482197	600000	0	0	232.86665689770768	502.33898168405432	7.7178687767864345
0	4	4	200	4	5193558166308593944	65	32501	33000	500	500	-1738.7338989846855	53.147470458680168	482866	600000	0	0	247.95968585020307	483.34644896451221	9.9963861283816655
0	4	4	200	4	5193558166308593944	66	33001	33500	500	500	-1740.913780842651	53.995712687471027	483529	600000	0	0	233.41226003304041	485.81036997745457	7.7370592540853265
0	4	4	200	4	5193558166308593944	67	33501	34000	500	500	-1741.2590006757705	51.667198248755774	482191	600000	0	0	251.42929690957359	497.93180724558215	12.114102230109637
0	4	4	200	4	5193558166308593944	68	34001	34500	500	500	-1781.6205525855439	53.449458017865211	483201	600000	0	0	256.25922855231431	495.98497055070794	5.8992317941998911
0	4	4	200	4	5193558166308593944	69	34501	35000	500	500	-1685.3630329582254	54.405401995718613	483381	600000	0	0	248.92984012162381	470.23854323208906	8.0930917987379161
0	4	4	200	4	5193558166308593944	70	35001	35500	500	500	-1758.2950894222624	53.056816386225364	483043	600000	0	0	240.86054979558037	497.20774071033208	9.0165814289509605
0	4	4	200	4	5193558166308593944	71	35501	36000	500	500	-1699.3688362598771	52.947645975731803	482731	600000	0	0	244.02542680092768	477.48588104989818	12.683058869436415
0	4	4	200	4	5193558166308593944	72	36001	36500	500	500	-1683.3772821910129	53.200404330006251	482375	600000	0	0	249.84704393318643	479.31774649607752	7.0564083685889472
0	4	4	200	4	5193558166308593944	73	36501	37000	500	500	-1759.4030507559373	50.788518663996854	481115	600000	0	0	277.92140223443698	488.81272557897296	8.7242855885010631
0	4	4	200	4	5193558166308593944	74	37001	37500	500	500	-1740.2652808366959	54.282905528413089	483265	600000	0	0	237.98157381903508	520.98249010029485	10.592677106516824
0	4	4	200	4	5193558166308593944	75	37501	38000	500	500	-1787.0700420297017	53.425628349973117	482928	600000	0	0	234.41344941696687	532.92600024628086	7.723420582551908
0	4	4	200	4	5193558166308593944	76	38001	38500	500	500	-1670.7416904551669	53.7977463583115	483225	600000	0	0	255.05964695735213	514.05603882698801	11.685299222705506
0	4	4	200	4	5193558166308593944	77	38501	39000	500	500	-1699.6216204475136	53.47013338043778	482962	600000	0	0	246.7402908374583	539.27725391354591	9.8935547763306619
0	4	4	200	4	5193558166308593944	78	39001	39500	500	500	-1824.7698428464155	52.234395396350259	481205	600000	0	0	221.12642463662337	635.77816304088833	18.117728252180836
0	4	4	200	4	5193558166308593944	79	39501	40000	500	500	-1745.1876681074011	53.03363067940905	481754	600000	0	0	242.14672644811614	526.79146999377258	9.0497394179872241
0	4	4	200	4	5193558166308593944	80	40001	40500	500	500	-1725.4596563078007	53.596451707298371	482698	600000	0	0	265.51945928056477	476.93025243601181	8.2172192419918311
0	4	4	200	4	5193558166308593944	81	40501	41000	500	500	-1727.7771612257554	55.190122761824092	482249	600000	0	0	245.28787909016995	479.40483781595191	8.3503444793870383
0	4	4	200	4	5193558166308593944	82	41001	41500	500	500	-1653.3041932735623	50.208841122148741	481462	600000	0	0	248.58707785227097	474.60727061730967	12.862875994377688
0	4	4	200	4	5193558166308593944	83	41501	42000	500	500	-1797.1380530067665	53.587255518185088	482376	600000	0	0	250.892146844352	504.537263968643	6.0026453117601344
0	4	4	200	4	5193558166308593944	84	42001	42500	500	500	-1715.7691730348902	53.701157991575776	483808	600000	0	0	253.51571473590073	526.87017619635924	5.7020548489675402
0	4	4	200	4	5193558166308593944	85	42501	43000	500	500	-1628.3084395204426	52.594205183398714	482267	600000	0	0	237.34889726204057	461.45200890969176	10.012178572908811
0	4	4	200	4	5193558166308593944	86	43001	43500	500	500	-1789.0615410590974	55.284385854738282	481856	600000	0	0	226.10448734694114	525.75972984059194	11.810601863841109
0	4	4	200	4	5193558166308593944	87	43501	44000	500	500	-1797.8155438157539	53.63913617975053	482603	600000	0	0	268.90449720977387	523.0238881910625	9.0976251424814638
0	4	4	200	4	5193558166308593944	88	44001	44500	500	500	-1706.4212893462136	52.474916036076074	482129	600000	0	0	250.82092151188027	505.88560528458601	10.744453615837779
0	4	4	200	4	5193558166308593944	89	44501	45000	500	500	-1755.0761641546403	52.190358621296653	483281	600000	0	0	245.26673438289333	480.32491752976296	8.8005598180582201
0	4	4	200	4	5193558166308593944	90	45001	45500	500	500	-1740.0956503582743	52.887419855417662	481863	600000	0	0	252.80573785284994	461.78696297817214	6.2446242727912447
0	4	4	200	4	5193558166308593944	91	45501	46000	500	500	-1720.914899114847	52.103472887721729	483178	600000	0	0	239.72672515569343	479.86978122896369	8.4732650551140622
0	4	4	200	4	5193558166308593944	92	46001	46500	500	500	-1674.1526897181968	52.468707323356909	483271	600000	0	0	268.71785103603321	447.11340346458445	7.2320152117528176
0	4	4	200	4	5193558166308593944	93	46501	47000	500	500	-1718.7219877302068	53.136529140147253	481472	600000	0	0	238.00697322311325	478.4392744875625	8.8855443687866913
0	4	4	200	4	5193558166308593944	94	47001	47500	500	500	-1795.6390469221262	53.381048068817357	483535	600000	0	0	243.76640174329521	525.60044523609952	6.6497424040788227
0	4	4	200	4	5193558166308593944	95	47501	48000	500	500	-1757.124911692435	53.454355953413838	481725	600000	0	0	249.21693998581304	503.5722336293282	11.264896921627203
0	4	4	200	4	5193558166308593944	96	48001	48500	500	500	-1693.9879978234731	53.559455450026114	481939	600000	0	0	235.4554074705153	465.92901054084524	10.887785600733114
0	4	4	200	4	5193558166308593944	97	48501	49000	500	500	-1791.8363221658435	53.547414192516896	482376	600000	0	0	258.78056311210815	509.99359608129032	11.011130413883292
0	4	4	200	4	5193558166308593944	98	49001	49500	500	500	-1699.279581171503	54.144724207408125	481575	600000	0	0	233.45786998900934	451.77690908622435	10.889544628510341
0	4	4	200	4	5193558166308593944	99	49501	50000	500	500	-1800.4978342268021	53.25526311753616	482267	600000	0	0	270.43198012845841	550.62619857368531	10.197687338122652
0	4	4	200	5	8068211716724974828	0	1	500	500	500	-1763.9306526382441	51.9230320851049	483218	600000	0	0	250.23880725827632	505.76665406248861	7.0050659145338994
0	4	4	200	5	8068211716724974828	1	501	1000	500	500	-1767.3334717717705	53.819132224008378	483266	600000	0	0	254.68302124830308	493.09002027033051	10.104317733246775
0	4	4	200	5	8068211716724974828	2	1001	1500	500	500	-1833.624069649424	54.703584472564515	482700	600000	0	0	286.64066343430414	537.81898154838143	5.5902145521975797
0	4	4	200	5	8068211716724974828	3	1501	2000	500	500	-1694.5305676258549	53.615908498777848	482262	600000	0	0	229.92898523279044	474.52512879318812	9.0236879905677636
0	4	4	200	5	8068211716724974828	4	2001	2500	500	500	-1717.8618618095456	52.430520556686574	483251	600000	0	0	224.59316263100391	485.07241396279176	12.292127519912141
0	4	4	200	5	8068211716724974828	5	2501	3000	500	500	-1698.5498510578564	52.820639375208088	482399	600000	0	0	262.49804707905787	499.42951783584681	13.640808257169791
0	4	4	200	5	8068211716724974828	6	3001	3500	500	500	-1713.2452009360029	52.22497739826278	482177	600000	0	0	239.8666675474872	482.85110256314999	9.8111991215705867
0	4	4	200	5	8068211716724974828	7	3501	4000	500	500	-1808.2212762202828	53.77472170504025	483864	600000	0	0	260.692475702237	557.49555540316192	7.600043556818572
0	4	4	200	5	8068211716724974828	8	4001	4500	500	500	-1738.8074392199214	53.359376168824888	483287	600000	0	0	240.0818899095446	483.33214887943529	6.1214241914026157
0	4	4	200	5	8068211716724974828	9	4501	5000	500	500	-1838.6623368940436	54.655663862332979	482892	600000	0	0	242.94034196484893	597.96396934647521	8.3771084906195004
0	4	4	200	5	8068211716724974828	10	5001	5500	500	500	-1703.9351397268299	51.908564118377363	481623	600000	0	0	260.53936654378475	462.76079106161563	9.6535171936651789
0	4	4	200	5	8068211716724974828	11	5501	6000	500	500	-1752.673614817146	52.738667343290047	482062	600000	0	0	248.30424794028318	561.96831617106545	13.01713658523723
0	4	4	200	5	8068211716724974828	12	6001	6500	500	500	-1709.0016968074228	53.663150701355242	484071	600000	0	0	270.23900543272737	449.16340853443978	4.3191013264601077
0	4	4	200	5	8068211716724974828	13	6501	7000	500	500	-1743.0622504657897	51.394943138876243	481219	600000	0	0	253.95291923912842	484.17653354157159	11.839347485085998
0	4	4	200	5	8068211716724974828	14	7001	7500	500	500	-1700.1784034182117	50.909578062470842	480397	600000	0	0	261.77424242907296	498.59787511200426	9.9144299205892974
0	4	4	200	5	8068211716724974828	15	7501	8000	500	500	-1675.6063888773483	53.461138290163092	481979	600000	0	0	252.07615354845188	470.02915137216502	10.164366780603794
0	4	4	200	5	8068211716724974828	16	8001	8500	500	500	-1673.5092450219895	52.245248201142516	481515	600000	0	0	261.43107255358296	463.63077055918706	10.629576864306076
0	4	4	200	5	8068211716724974828	17	8501	9000	500	500	-1720.9390085639543	52.805359231149879	483236	600000	0	0	258.04013858536842	492.51094556843071	11.262918988757663
0	4	4	200	5	8068211716724974828	18	9001	9500	500	500	-1745.2256336011217	52.795086393857183	482933	600000	0	0	249.84598395494663	539.2516506870852	10.29614837793193
0	4	4	200	5	8068211716724974828	19	9501	10000	500	500	-1780.2725027785416	54.060154697927395	482974	600000	0	0	260.68649240294076	528.75468510859343	10.216041036104301
0	4	4	200	5	8068211716724974828	20	10001	10500	500	500	-1680.2257614519885	53.042882789587885	481278	600000	0	0	251.47643930159387	480.01512078138563	11.963915759176016
0	4	4	200	5	8068211716724974828	21	10501	11000	500	500	-1708.6893442684179	54.323908700285578	483461	600000	0	0	250.65083784365865	481.76853177302871	7.1990160925411759
0	4	4	200	5	8068211716724974828	22	11001	11500	500	500	-1742.5117862282723	52.906748466233239	482715	600000	0	0	253.88423606688241	508.31553235316983	10.392797044431402
0	4	4	200	5	8068211716724974828	23	11501	12000	500	500	-1756.3435978864034	52.103157746687913	480958	600000	0	0	234.05015583659014	494.15567476108004	15.828382630232953
0	4	4	200	5	8068211716724974828	24	12001	12500	500	500	-1642.1896936762603	51.308831739345472	480399	600000	0	0	257.09635769471669	443.71826428480728	13.748698728735048
0	4	4	200	5	8068211716724974828	25	12501	13000	500	500	-1727.6717283957018	54.406604221897886	484144	600000	0	0	261.90870337090081	483.51833688709792	7.6353440160283252
0	4	4	200	5	8068211716724974828	26	13001	13500	500	500	-1691.035177269941	52.706912710997635	481979	600000	0	0	267.51846285368617	451.34150595035356	8.3407346047005095
0	4	4	200	5	8068211716724974828	27	13501	14000	500	500	-1709.8579915856044	53.211949065222129	482839	600000	0	0	248.49355300514512	499.29388537550454	11.656483398530304
0	4	4	200	5	8068211716724974828	28	14001	14500	500	500	-1759.0778203813713	54.887059721782919	482986	600000	0	0	264.85811940468307	479.56410666896494	4.2048421029877643
0	4	4	200	5	8068211716724974828	29	14501	15000	500	500	-1701.1055471288064	52.851247984703896	482696	600000	0	0	244.66053359699779	474.15616983658214	11.882169503372479
0	4	4	200	5	8068211716724974828	30	15001	15500	500	500	-1684.6727010551249	51.399921151653267	482273	600000	0	0	240.98397216596607	462.62395557749676	14.93722245996687
0	4	4	200	5	8068211716724974828	31	15501	16000	500	500	-1726.158630682751	54.476427087611789	483245	600000	0	0	264.5690895925074	486.32170108082499	5.2354222524162859
0	4	4	200	5	8068211716724974828	32	16001	16500	500	500	-1725.9572177580783	54.821845223597848	483880	600000	0	0	244.0100204997502	472.55848023540273	9.9642445906487502
0	4	4	200	5	8068211716724974828	33	16501	17000	500	500	-1766.6991996752513	53.358006354185754	482670	600000	0	0	255.37726358136163	473.60603982586326	6.8748295261713421
0	4	4	200	5	8068211716724974828	34	17001	17500	500	500	-1669.5210471203595	51.264838770445905	481713	600000	0	0	271.42740667093818	461.20531444102335	6.7366920047332339
0	4	4	200	5	8068211716724974828	35	17501	18000	500	500	-1784.435768876969	53.592260807112012	482482	600000	0	0	243.28465551846787	552.27894669902707	11.25707836279701
0	4	4	200	5	8068211716724974828	36	18001	18500	500	500	-1709.2166246638028	53.787539978740973	482557	600000	0	0	232.37609795162115	511.50463479408762	14.376915841439848
0	4	4	200	5	8068211716724974828	37	18501	19000	500	500	-1702.7488208530738	50.833075736105037	482228	600000	0	0	268.74716691953358	450.40121402196871	9.19490371173376
0	4	4	200	5	8068211716724974828	38	19001	19500	500	500	-1643.8392527674559	52.551190949648245	483091	600000	0	0	256.90232453350797	445.19324816290964	8.4990739699532405
0	4	4	200	5	8068211716724974828	39	19501	20000	500	500	-1655.1853970322254	52.344458850210536	482671	600000	0	0	245.12911611933953	445.12049337677547	10.86069374248383
0	4	4	200	5	8068211716724974828	40	20001	20500	500	500	-1828.1057254204911	56.485684048072109	484035	600000	0	0	239.1505533101919	538.94270511086313	6.1140047348752367
0	4	4	200	5	8068211716724974828	41	20501	21000	500	500	-1715.9712761798721	52.35016394877929	481653	600000	0	0	258.519932864444	486.7785261611952	10.347997991740158
0	4	4	200	5	8068211716724974828	42	21001	21500	500	500	-1798.4719134615198	54.451010510696634	482932	600000	0	0	278.28559713310636	495.84728376149752	7.5230484159777342
0	4	4	200	5	8068211716724974828	43	21501	22000	500	500	-1867.3108374006845	56.868984227837259	483317	600000	0	0	256.77188080132447	533.41693100836574	9.1551970617178515
0	4	4	200	5	8068211716724974828	44	22001	22500	500	500	-1676.9871005573423	50.552965296741256	481390	600000	0	0	258.87057145359654	470.71896323758017	8.3654755908512044
0	4	4	200	5	8068211716724974828	45	22501	23000	500	500	-1788.5377450967262	53.047833404225344	482999	600000	0	0	235.82768797067337	549.39017202372202	10.316409673087261
0	4	4	200	5	8068211716724974828	46	23001	23500	500	500	-1742.2510844345322	53.133902541673585	482169	600000	0	0	263.87410217674272	544.35094005418716	9.6485796362561356
0	4	4	200	5	8068211716724974828	47	23501	24000	500	500	-1806.2236848481525	53.549434074730144	482330	600000	0	0	286.11188286365183	507.55044817665146	1.8049482865481412
0	4	4	200	5	8068211716724974828	48	24001	24500	500	500	-1778.9705704490016	53.774006310120228	483623	600000	0	0	231.70529432028783	532.76145298090273	9.5156984083950658
0	4	4	200	5	8068211716724974828	49	24501	25000	500	500	-1605.9605869662012	49.884311017461812	481627	600000	0	0	226.43105777368797	471.05071554041444	16.211582798183958
0	4	4	200	5	8068211716724974828	50	25001	25500	500	500	-1766.6332277255462	54.36461748605263	483409	600000	0	0	242.98954060819713	511.40685917551735	4.6588065591608405
0	4	4	200	5	8068211716724974828	51	25501	26000	500	500	-1758.0629619768117	53.03466467913406	482216	600000	0	0	246.05763467948435	502.89808181581293	9.8648312150977855
0	4	4	200	5	8068211716724974828	52	26001	26500	500	500	-1707.6118096257653	54.566958272684012	483471	600000	0	0	248.70471969979607	480.42688978105713	8.4918388149396584
0	4	4	200	5	8068211716724974828	53	26501	27000	500	500	-1689.3205508771371	52.437851706407912	481500	600000	0	0	255.7970361825495	458.36725395717968	10.545959202639581
0	4	4	200	5	8068211716724974828	54	27001	27500	500	500	-1749.138844155656	54.189178752121613	481943	600000	0	0	264.99061844462165	498.25832015062878	5.7851070358501788
0	4	4	200	5	8068211716724974828	55	27501	28000	500	500	-1707.3143036321435	52.939430588299047	482481	600000	0	0	244.82737325807153	485.93834380857669	10.264465454496746
0	4	4	200	5	8068211716724974828	56	28001	28500	500	500	-1782.9655684578122	52.039565765818345	481828	600000	0	0	274.53687460056955	521.18251106624064	7.8953321495289233
0	4	4	200	5	8068211716724974828	57	28501	29000	500	500	-1643.5210734067273	52.654351009790616	482654	600000	0	0	251.17959533386852	447.05338716679665	11.347432665814676
0	4	4	200	5	8068211716724974828	58	29001	29500	500	500	-1681.2250805348422	55.076693501798907	482087	600000	0	0	247.83664642016265	462.06098450571767	8.2089427996368887
0	4	4	200	5	8068211716724974828	59	29501	30000	500	500	-1717.0358173335769	50.62160246013611	479724	600000	0	0	226.4413972225617	535.00083225116498	19.250606876683165
0	4	4	200	5	8068211716724974828	60	30001	30500	500	500	-1679.6270241912882	52.872195412381792	482471	600000	0	0	234.06313932942041	493.77245996386864	13.899840859991389
0	4	4	200	5	8068211716724974828	61	30501	31000	500	500	-1765.3979237338788	53.320979928418936	482293	600000	0	0	254.09025835116617	487.15071650274513	5.3898001006185732
0	4	4	200	5	8068211716724974828	62	31001	31500	500	500	-1747.8037378333286	53.526783183958742	483151	600000	0	0	260.5570557031856	497.3560760197696	8.6345093755270774
0	4	4	200	5	8068211716724974828	63	31501	32000	500	500	-1781.8065091445728	54.328962244117854	482760	600000	0	0	247.19711748734409	513.92288945356688	11.967205316726616
0	4	4	200	5	8068211716724974828	64	32001	32500	500	500	-1702.116651331575	54.204791638529109	483986	600000	0	0	242.79824698500218	476.42281270388793	8.3199510455911696
0	4	4	200	5	8068211716724974828	65	32501	33000	500	500	-1727.0982989775678	54.212141533448367	484613	600000	0	0	265.3017278090029	491.70883464053611	3.4868924249924649
0	4	4	200	5	8068211716724974828	66	33001	33500	500	500	-1731.9212218093699	52.526997172437675	481902	600000	0	0	238.58071345962639	620.85095775335606	13.162617403242777
0	4	4	200	5	8068211716724974828	67	33501	34000	500	500	-1774.2283993282326	53.763103131283259	483820	600000	0	0	252.18031337729659	511.3207403085861	4.4280338403497961
0	4	4	200	5	8068211716724974828	68	34001	34500	500	500	-1761.5846640504542	54.410044235182546	483089	600000	0	0	235.2282343812744	525.37831432784901	9.7416024161133805
0	4	4	200	5	8068211716724974828	69	34501	35000	500	500	-1732.6385316838901	52.160413237547253	480984	600000	0	0	264.00094920306606	567.59850959297137	7.9585305090134346
0	4	4	200	5	8068211716724974828	70	35001	35500	500	500	-1743.064461356204	54.308814314832382	481882	600000	0	0	243.40689215787796	500.95595137778378	16.254192592084767
0	4	4	200	5	8068211716724974828	71	35501	36000	500	500	-1654.9932926970473	51.346010534891185	481817	600000	0	0	252.42606864042654	469.77634189569744	11.210381614917637
0	4	4	200	5	8068211716724974828	72	36001	36500	500	500	-1726.0342968247605	53.167138087276896	482371	600000	0	0	251.30011014599987	480.94239728009268	5.7262447987573779
0	4	4	200	5	8068211716724974828	73	36501	37000	500	500	-1710.1355301232977	54.565931075526287	483594	600000	0	0	254.21656391701026	473.31263306453957	7.5970035802862501
0	4	4	200	5	8068211716724974828	74	37001	37500	500	500	-1775.0904850581724	54.424307432660129	482994	600000	0	0	261.67593571036406	471.09628990507497	7.7306137186542756
0	4	4	200	5	8068211716724974828	75	37501	38000	500	500	-1711.0793278067258	53.550985791298217	481434	600000	0	0	254.44417469969434	456.19660098986878	9.317309205856489
0	4	4	200	5	8068211716724974828	76	38001	38500	500	500	-1735.3383244284607	53.506676985985671	482606	600000	0	0	256.08317523543576	480.3473142240332	5.494239882609623
0	4	4	200	5	8068211716724974828	77	38501	39000	500	500	-1651.0042581604491	52.170813984288486	482958	600000	0	0	250.48058423783993	488.81945736552325	10.525225543044066
0	4	4	200	5	8068211716724974828	78	39001	39500	500	500	-1726.9746835397077	54.973799024332642	484258	600000	0	0	223.36642758399759	505.4984354689588	10.669185671532604
0	4	4	200	5	8068211716724974828	79	39501	40000	500	500	-1807.608635400539	53.383146950927603	484475	600000	0	0	250.36755027063779	525.52891230570947	8.355703931618784
0	4	4	200	5	8068211716724974828	80	40001	40500	500	500	-1724.5178860257913	52.243823763813126	483064	600000	0	0	245.17475875607289	473.18946756030692	10.101871848679441
0	4	4	200	5	8068211716724974828	81	40501	41000	500	500	-1675.8952588381301	51.680472735903557	481576	600000	0	0	230.63718950238024	496.98028416728465	13.438727733424317
0	4	4	200	5	8068211716724974828	82	41001	41500	500	500	-1788.4030496061253	54.074837221598344	483658	600000	0	0	265.06922920078603	478.29917686385693	4.0899403331413628
0	4	4	200	5	8068211716724974828	83	41501	42000	500	500	-1770.6819651510727	53.637333670241318	481828	600000	0	0	232.75712981015184	524.96222181768667	10.966320871217683
0	4	4	200	5	8068211716724974828	84	42001	42500	500	500	-1673.580784650577	53.511620700440723	482388	600000	0	0	240.61174432091013	469.04616733870233	15.35266475484022
0	4	4	200	5	8068211716724974828	85	42501	43000	500	500	-1707.7766224060824	51.868950674770986	481728	600000	0	0	232.73171893872501	602.79167995526268	12.687082792360794
0	4	4	200	5	8068211716724974828	86	43001	43500	500	500	-1720.9340980170771	55.09625365019297	484349	600000	0	0	234.6338945905926	524.86735359809222	11.114100176870581
0	4	4	200	5	8068211716724974828	87	43501	44000	500	500	-1848.2003318766922	53.705070297132607	482939	600000	0	0	245.5624877485937	584.03920150287649	9.4612970352253569
0	4	4	200	5	8068211716724974828	88	44001	44500	500	500	-1774.69227365654	51.978425388915234	482104	600000	0	0	268.41395855854773	488.34398250400318	7.3196717038980186
0	4	4	200	5	8068211716724974828	89	44501	45000	500	500	-1664.6540544126076	50.515880478459003	480692	600000	0	0	245.97780320404996	504.81777848015594	20.239447467256273
0	4	4	200	5	8068211716724974828	90	45001	45500	500	500	-1699.3918433874651	54.006751050783812	482690	600000	0	0	215.55561771634873	501.22766532977079	8.5275179701388133
0	4	4	200	5	8068211716724974828	91	45501	46000	500	500	-1689.7162111036209	52.619870467129076	481039	600000	0	0	231.06203453125124	502.62147430025681	14.542232454684196
0	4	4	200	5	8068211716724974828	92	46001	46500	500	500	-1717.0521777142535	54.702334428680381	483421	600000	0	0	242.11701789309231	507.07814500700619	8.3902534021221253
0	4	4	200	5	8068211716724974828	93	46501	47000	500	500	-1759.8975695990282	54.628387495454056	481757	600000	0	0	243.62760817386143	564.93649472348761	7.5716985214448078
0	4	4	200	5	8068211716724974828	94	47001	47500	500	500	-1727.6452625731258	53.030204673281474	483121	600000	0	0	246.04309402022065	482.90756050520429	11.307144107352967
0	4	4	200	5	8068211716724974828	95	47501	48000	500	500	-1692.7187511852944	52.520970003314346	481895	600000	0	0	240.74346257257906	528.78784244278404	14.715804368461509
0	4	4	200	5	8068211716724974828	96	48001	48500	500	500	-1683.4257056667434	54.330570103438966	483908	600000	0	0	222.06386427109541	472.90557445458478	12.819364313565909
0	4	4	200	5	8068211716724974828	97	48501	49000	500	500	-1731.8369530202417	53.470730438612755	482826	600000	0	0	252.28276676310458	474.21338115441762	11.372531090712579
0	4	4	200	5	8068211716724974828	98	49001	49500	500	500	-1739.1882481961807	53.809244694605709	483115	600000	0	0	268.03159479337154	494.9408358066126	7.0981290336509382
0	4	4	200	5	8068211716724974828	99	49501	50000	500	500	-1827.3387210152889	53.510177803623392	483897	600000	0	0	255.42569175080803	510.4579806685943	11.719694419214429
0	4	4	200	6	5725774777178771790	0	1	500	500	500	-1771.3993326953121	53.503062792517376	482940	600000	0	0	265.81927339337852	488.42872178662793	6.0303775676354343
0	4	4	200	6	5725774777178771790	1	501	1000	500	500	-1849.1538947426336	56.030658990501216	485432	600000	0	0	256.60903338516056	561.97191809293508	6.6073820745515777
0	4	4	200	6	5725774777178771790	2	1001	1500	500	500	-1615.8072271294729	52.992463332808114	482395	600000	0	0	236.06203995709924	484.28007709733282	12.837292650383132
0	4	4	200	6	5725774777178771790	3	1501	2000	500	500	-1741.9848674700315	53.777729761039701	483225	600000	0	0	219.30160989515718	515.11868299310322	13.384696459985975
0	4	4	200	6	5725774777178771790	4	2001	2500	500	500	-1729.5268326000555	50.227084699714283	481017	600000	0	0	269.48998364008366	521.26523921812361	13.667862199492232
0	4	4	200	6	5725774777178771790	5	2501	3000	500	500	-1798.4079831203107	53.81058042166525	483676	600000	0	0	249.47366586969494	521.35591549590345	3.2012097694893695
0	4	4	200	6	5725774777178771790	6	3001	3500	500	500	-1723.2296393705699	51.493797082497743	479846	600000	0	0	235.81283483737951	528.89691362500162	12.782146823415157
0	4	4	200	6	5725774777178771790	7	3501	4000	500	500	-1745.3002661515013	50.110825114587129	480410	600000	0	0	250.1288590172137	540.54680511690151	15.810130436726816
0	4	4	200	6	5725774777178771790	8	4001	4500	500	500	-1793.5176109175452	54.033216926368212	483932	600000	0	0	264.91184442919132	491.3260238816535	5.9393177985772123
0	4	4	200	6	5725774777178771790	9	4501	5000	500	500	-1710.9431860226625	54.3278266945048	483767	600000	0	0	267.43743776024752	490.92577114467218	8.8638477531283808
0	4	4	200	6	5725774777178771790	10	5001	5500	500	500	-1792.055217383376	53.471142230912754	482371	600000	0	0	250.33412463019192	502.6333749287906	12.231231989881747
0	4	4	200	6	5725774777178771790	11	5501	6000	500	500	-1751.486388240703	53.69343586453661	483772	600000	0	0	251.45915598398298	498.28550916952042	6.6248719835319392
0	4	4	200	6	5725774777178771790	12	6001	6500	500	500	-1746.7198385087038	54.347500650184102	484107	600000	0	0	258.1339607392502	495.78231876384893	5.8058175880157075
0	4	4	200	6	5725774777178771790	13	6501	7000	500	500	-1701.4906529159186	53.526879116973198	483089	600000	0	0	254.9773334557544	461.13568916220754	9.9901119079061402
0	4	4	200	6	5725774777178771790	14	7001	7500	500	500	-1675.3119397998528	53.500954745211388	483302	600000	0	0	254.64505386530149	507.39631048574842	9.3065331251990724
0	4	4	200	6	5725774777178771790	15	7501	8000	500	500	-1736.2498223737462	52.669813174495779	482798	600000	0	0	246.59733173205618	475.46045973454261	7.3706700251532791
0	4	4	200	6	5725774777178771790	16	8001	8500	500	500	-1878.3107656529176	53.421214258301852	481214	600000	0	0	274.22189163785566	543.29522710138951	7.3549153039455417
0	4	4	200	6	5725774777178771790	17	8501	9000	500	500	-1735.4006398118777	52.663725993677225	482979	600000	0	0	253.55443172248417	478.20249322603888	6.2936409694266668
0	4	4	200	6	5725774777178771790	18	9001	9500	500	500	-1815.7192023604462	53.943316609710301	482937	600000	0	0	255.98569046608196	540.00754677216219	5.2936309235902161
0	4	4	200	6	5725774777178771790	19	9501	10000	500	500	-1824.6900339212702	54.464413252448935	484591	600000	0	0	261.72912780988474	604.48121572935486	4.2451637944766629
0	4	4	200	6	5725774777178771790	20	10001	10500	500	500	-1653.0261688662461	52.418473205809917	482701	600000	0	0	268.15004649745981	451.75111166385682	9.426427347491158
0	4	4	200	6	5725774777178771790	21	10501	11000	500	500	-1691.771105702674	53.658242742917984	483455	600000	0	0	263.40694076617029	470.12181152851394	5.8267876644623264
0	4	4	200	6	5725774777178771790	22	11001	11500	500	500	-1788.9376020549787	53.534386896851963	483290	600000	0	0	243.39428015879369	540.65817499591378	11.278232107896622
0	4	4	200	6	5725774777178771790	23	11501	12000	500	500	-1682.5394638883861	51.51846916643931	481854	600000	0	0	255.73954634831472	472.05054702060312	8.6768306951659735
0	4	4	200	6	5725774777178771790	24	12001	12500	500	500	-1725.4056139640695	52.879071589032662	482481	600000	0	0	238.56139132768274	506.2841553917014	5.7903907484795027
0	4	4	200	6	5725774777178771790	25	12501	13000	500	500	-1733.8992695509819	53.199051918645537	482895	600000	0	0	236.45738769831146	588.0741408358125	8.6765141192138167
0	4	4	200	6	5725774777178771790	26	13001	13500	500	500	-1590.9510108096554	53.246784705501021	481016	600000	0	0	227.57294200628525	443.90980288926676	18.251491483390481
0	4	4	200	6	5725774777178771790	27	13501	14000	500	500	-1708.4884030504843	52.040263734690882	482424	600000	0	0	253.82366885775758	476.55676028825332	7.1122992998278001
0	4	4	200	6	5725774777178771790	28	14001	14500	500	500	-1752.536799344753	53.78330676481086	483610	600000	0	0	253.09466023278327	525.14179481328381	6.0171561405502381
0	4	4	200	6	5725774777178771790	29	14501	15000	500	500	-1713.4615900293561	51.558733746713848	482045	600000	0	0	255.46920761389217	465.14836299801914	12.911103136681604
0	4	4	200	6	5725774777178771790	30	15001	15500	500	500	-1684.0044672337924	53.631295427731317	482645	600000	0	0	254.98200016504589	495.05445888863051	10.423431131284607
0	4	4	200	6	5725774777178771790	31	15501	16000	500	500	-1794.2620224677717	53.243988746267888	483347	600000	0	0	260.39216721817007	515.56735653615078	11.375789841552452
0	4	4	200	6	5725774777178771790	32	16001	16500	500	500	-1684.0394191457258	54.671793956087377	483821	600000	0	0	230.03410356596123	470.94394423358602	11.134442565193964
0	4	4	200	6	5725774777178771790	33	16501	17000	500	500	-1673.4941585129984	52.826178907796674	483296	600000	0	0	249.76548889788464	441.51564679148959	12.379128299358799
0	4	4	200	6	5725774777178771790	34	17001	17500	500	500	-1731.4539591737168	53.455989166931914	481854	600000	0	0	248.46696541721701	492.11494838996413	6.2780479440189794
0	4	4	200	6	5725774777178771790	35	17501	18000	500	500	-1736.3218689851749	54.093751427128069	481958	600000	0	0	275.35937030003839	523.25395669249531	8.788526997113884
0	4	4	200	6	5725774777178771790	36	18001	18500	500	500	-1757.376391240565	54.082914314735177	482529	600000	0	0	265.0626649118708	512.13548732298659	8.5859364706761401
0	4	4	200	6	5725774777178771790	37	18501	19000	500	500	-1634.7727657061087	53.044841227114667	482007	600000	0	0	242.28049193572875	462.30889043193775	14.871273960641689
0	4	4	200	6	5725774777178771790	38	19001	19500	500	500	-1765.7420564469958	53.044451260393444	482799	600000	0	0	249.20137629333021	508.31570806755565	9.3463908308163752
0	4	4	200	6	5725774777178771790	39	19501	20000	500	500	-1755.6833721407677	52.00449819160886	481036	600000	0	0	247.01303858394255	529.67112332877127	14.949971721089028
0	4	4	200	6	5725774777178771790	40	20001	20500	500	500	-1797.56724344286	53.468580419626917	482744	600000	0	0	266.740679416337	534.59741920146689	8.3083396314585265
0	4	4	200	6	5725774777178771790	41	20501	21000	500	500	-1710.184310496034	52.982975519669857	482146	600000	0	0	260.7663785448168	478.55897256259561	9.8926994076973749
0	4	4	200	6	5725774777178771790	42	21001	21500	500	500	-1788.0745966092309	51.8896851367005	481256	600000	0	0	252.82601357821798	518.30164222646545	10.808851263267137
0	4	4	200	6	5725774777178771790	43	21501	22000	500	500	-1669.1163484219587	51.744688423370519	480881	600000	0	0	248.46368613565204	499.3631047868717	15.048289229301027
0	4	4	200	6	5725774777178771790	44	22001	22500	500	500	-1744.3408413468051	50.310997839398617	481078	600000	0	0	251.81646589403724	490.14531223055673	10.823954223246959
0	4	4	200	6	5725774777178771790	45	22501	23000	500	500	-1720.2411100007821	53.148666435116091	483122	600000	0	0	255.4651302880614	456.83162877229893	7.1227924277772861
0	4	4	200	6	5725774777178771790	46	23001	23500	500	500	-1710.4451929986631	52.757538952032448	481890	600000	0	0	257.58212948468883	510.11173082825729	9.8838022219203747
0	4	4	200	6	5725774777178771790	47	23501	24000	500	500	-1774.2698594526262	54.473254461729802	483449	600000	0	0	230.21785502047152	515.67210103863192	11.654514638826955
0	4	4	200	6	5725774777178771790	48	24001	24500	500	500	-1786.468897397107	52.795807262654165	483303	600000	0	0	261.05950904624893	523.39927162343315	9.3544534678280513
0	4	4	200	6	5725774777178771790	49	24501	25000	500	500	-1822.4599921914316	53.340839329834502	482906	600000	0	0	253.2034449950192	581.45212546935636	8.8947303717477553
0	4	4	200	6	5725774777178771790	50	25001	25500	500	500	-1758.2596839854427	51.913927565561785	482452	600000	0	0	250.9879291258338	501.12832400904398	13.740710895081845
0	4	4	200	6	5725774777178771790	51	25501	26000	500	500	-1795.5664131048561	54.17058692313374	483032	600000	0	0	234.13253232546634	538.6027485749164	10.478726473544695
0	4	4	200	6	5725774777178771790	52	26001	26500	500	500	-1654.3450866397859	52.328645828398514	482436	600000	0	0	250.46585396823679	460.22445418209509	8.3608393659472426
0	4	4	200	6	5725774777178771790	53	26501	27000	500	500	-1678.1210194876969	52.711211715518552	482426	600000	0	0	242.38653488564864	513.11465249423065	8.4590004464378907
0	4	4	200	6	5725774777178771790	54	27001	27500	500	500	-1749.4254634541919	54.011879100067191	483284	600000	0	0	270.47836236453895	485.84026487455748	5.2216917882471146
0	4	4	200	6	5725774777178771790	55	27501	28000	500	500	-1718.5126880535931	52.871564127311984	482474	600000	0	0	260.79308931638087	471.8628729616068	5.5330020128284483
0	4	4	200	6	5725774777178771790	56	28001	28500	500	500	-1761.125547186921	54.33719064667882	484170	600000	0	0	241.50793353871595	482.91661072380651	6.4567418567260493
0	4	4	200	6	5725774777178771790	57	28501	29000	500	500	-1718.7437417321421	53.376708356367061	481705	600000	0	0	230.82123023372745	518.79808080398959	15.069084629876317
0	4	4	200	6	5725774777178771790	58	29001	29500	500	500	-1734.5116786561132	53.342760225978587	482676	600000	0	0	253.33672086440887	467.07145822577019	8.3560918135656639
0	4	4	200	6	5725774777178771790	59	29501	30000	500	500	-1736.5523920318931	48.921750213270592	479813	600000	0	0	252.1871872733266	559.31397580706118	17.546358949318627
0	4	4	200	6	5725774777178771790	60	30001	30500	500	500	-1848.8934279506948	55.272070009869516	485200	600000	0	0	236.48790837641658	586.65289007817353	8.5204397662848859
0	4	4	200	6	5725774777178771790	61	30501	31000	500	500	-1724.7215955160925	54.804910944177422	483300	600000	0	0	248.81963258847708	516.25680471828582	4.6582747086826704
0	4	4	200	6	5725774777178771790	62	31001	31500	500	500	-1740.2232762946617	53.636907967230584	483268	600000	0	0	272.1926678089041	494.99789663219997	9.6768312239385335
0	4	4	200	6	5725774777178771790	63	31501	32000	500	500	-1657.4481282745558	53.955260759802776	482997	600000	0	0	268.61533817140423	431.40589460865004	9.4855172755159654
0	4	4	200	6	5725774777178771790	64	32001	32500	500	500	-1712.8735118412251	53.079178004944872	483663	600000	0	0	254.03231225798154	486.40885326332352	8.3535062418419468
0	4	4	200	6	5725774777178771790	65	32501	33000	500	500	-1734.0103218471256	54.910049027787949	483572	600000	0	0	261.86068105417252	595.22311847250921	7.3006107625845766
0	4	4	200	6	5725774777178771790	66	33001	33500	500	500	-1741.1440671915668	52.309171816701827	482456	600000	0	0	252.15182441872074	475.75550194962233	8.80554727925729
0	4	4	200	6	5725774777178771790	67	33501	34000	500	500	-1673.8079360488989	52.3012130340962	481729	600000	0	0	245.80948330939529	445.45370156016673	7.5478938324790752
0	4	4	200	6	5725774777178771790	68	34001	34500	500	500	-1715.5460785791533	51.757298676367455	482589	600000	0	0	244.00849290828387	467.69492435488354	11.789844434463648
0	4	4	200	6	5725774777178771790	69	34501	35000	500	500	-1739.5883159213145	53.925794681365069	483344	600000	0	0	274.80495503331531	465.25922269367931	4.7354650128012183
0	4	4	200	6	5725774777178771790	70	35001	35500	500	500	-1764.4454775963343	52.497921090454994	482268	600000	0	0	268.05972976264849	536.36692650090583	10.187260969213485
0	4	4	200	6	5725774777178771790	71	35501	36000	500	500	-1794.7686522137299	54.585275151219903	482340	600000	0	0	261.27445686118961	507.25492240245586	4.0128557901723143
0	4	4	200	6	5725774777178771790	72	36001	36500	500	500	-1781.3894630578282	53.193584423683362	482636	600000	0	0	254.58319893044069	522.98063488773676	10.375867737572799
0	4	4	200	6	5725774777178771790	73	36501	37000	500	500	-1750.2188499707022	53.399960987942642	483520	600000	0	0	245.18099135237134	521.33549078524743	7.6293397001216494
0	4	4	200	6	5725774777178771790	74	37001	37500	500	500	-1733.3807337149974	52.712216819939528	482904	600000	0	0	247.85290207476248	457.5336219135869	11.299095039179457
0	4	4	200	6	5725774777178771790	75	37501	38000	500	500	-1727.6003494799836	54.292408930103086	483251	600000	0	0	272.49943919250762	497.452721786106	4.6075563588673738
0	4	4	200	6	5725774777178771790	76	38001	38500	500	500	-1792.7659850552704	55.481747071050037	482253	600000	0	0	265.72713510720763	492.02593134425757	9.261303703493434
0	4	4	200	6	5725774777178771790	77	38501	39000	500	500	-1733.1340489270567	54.020474659997845	482757	600000	0	0	248.0781203472296	482.68245811401118	8.889201705427336
0	4	4	200	6	5725774777178771790	78	39001	39500	500	500	-1721.4972241381408	53.362664903786744	483202	600000	0	0	237.64765760262497	528.89030359650235	11.332670217381491
0	4	4	200	6	5725774777178771790	79	39501	40000	500	500	-1739.234063493441	54.145544295961002	481966	600000	0	0	259.92432830306711	478.17053252152971	5.365314033148648
0	4	4	200	6	5725774777178771790	80	40001	40500	500	500	-1726.908746201721	52.132447665865207	482249	600000	0	0	272.97775390037066	497.48505951746063	8.9038734672128239
0	4	4	200	6	5725774777178771790	81	40501	41000	500	500	-1753.1653070989601	54.181060590919238	483622	600000	0	0	242.14359138069435	484.22100121961375	11.60847698258384
0	4	4	200	6	5725774777178771790	82	41001	41500	500	500	-1694.2540388220166	52.363293967416453	482356	600000	0	0	243.89230562185182	465.39093336824124	8.3834848420260961
0	4	4	200	6	5725774777178771790	83	41501	42000	500	500	-1722.9493159885885	54.547764693236672	483772	600000	0	0	248.10163234266139	497.06708351027885	6.6830461853765541
0	4	4	200	6	5725774777178771790	84	42001	42500	500	500	-1692.3875347193693	52.508676984379903	481308	600000	0	0	255.68197095015097	502.97721610887686	12.646499314882711
0	4	4	200	6	5725774777178771790	85	42501	43000	500	500	-1818.9494876073018	54.229681446513574	484170	600000	0	0	269.5679688872064	499.65928296022543	5.1728891639548609
0	4	4	200	6	5725774777178771790	86	43001	43500	500	500	-1772.6041049633025	52.56463237091242	481550	600000	0	0	238.46095531757925	518.89879700478173	13.876828806422328
0	4	4	200	6	5725774777178771790	87	43501	44000	500	500	-1696.3925153216967	53.547700353777877	482190	600000	0	0	233.55185370995477	507.54354952128614	11.93750947499127
0	4	4	200	6	5725774777178771790	88	44001	44500	500	500	-1692.8647838771931	52.19104153548146	481998	600000	0	0	285.09907297241563	456.63016199441557	9.2220789482968488
0	4	4	200	6	5725774777178771790	89	44501	45000	500	500	-1728.3766210232923	54.271425569753021	483245	600000	0	0	249.87275697983091	485.40041417759318	8.638122351323279
0	4	4	200	6	5725774777178771790	90	45001	45500	500	500	-1713.3115600609663	53.367712201934914	482434	600000	0	0	263.11401454963203	475.97989748901875	7.9087640204179275
0	4	4	200	6	5725774777178771790	91	45501	46000	500	500	-1728.8582972808758	51.993128105708031	481201	600000	0	0	257.50759004272822	466.31588733181832	13.140299827997557
0	4	4	200	6	5725774777178771790	92	46001	46500	500	500	-1719.0335132128932	53.141730015740194	482027	600000	0	0	259.84617581705248	481.37830770438012	8.6665278195863369
0	4	4	200	6	5725774777178771790	93	46501	47000	500	500	-1684.4675051355773	51.815992788464939	481757	600000	0	0	244.50664695588338	458.68811778381155	10.731209272009712
0	4	4	200	6	5725774777178771790	94	47001	47500	500	500	-1819.5379733591776	54.416204470330108	483609	600000	0	0	250.63161479798907	594.61760543085427	5.2463487727548754
0	4	4	200	6	5725774777178771790	95	47501	48000	500	500	-1808.9597024631396	53.646552568908376	485018	600000	0	0	253.98698423667653	510.31495779780334	5.7239954029084306
0	4	4	200	6	5725774777178771790	96	48001	48500	500	500	-1744.2282619533537	51.654321070038186	482032	600000	0	0	232.51554048317161	492.97398913315322	10.119909605539636
0	4	4	200	6	5725774777178771790	97	48501	49000	500	500	-1686.0637731505292	53.019043136689639	482515	600000	0	0	255.04987257999542	544.01601018164706	12.097731443500635
0	4	4	200	6	5725774777178771790	98	49001	49500	500	500	-1753.705987607837	53.667310869282893	483159	600000	0	0	247.91732741102524	515.14821809139346	7.8542381519137612
0	4	4	200	6	5725774777178771790	99	49501	50000	500	500	-1749.3316060885604	52.093323857236676	482410	600000	0	0	262.62914925494135	512.51848511999333	9.3244019207034583
0	4	4	200	7	2667338924052348632	0	1	500	500	500	-1747.3787775007597	52.720815528479491	482472	600000	0	0	243.20440609846841	522.45955909847817	7.5295922083512412
0	4	4	200	7	2667338924052348632	1	501	1000	500	500	-1682.9154016637515	52.305363635644007	482897	600000	0	0	249.10233086082692	473.82163245378143	15.57107122102722
0	4	4	200	7	2667338924052348632	2	1001	1500	500	500	-1722.4042470998716	52.525429408653714	481827	600000	0	0	247.1267508025544	473.37400770936915	7.3455126344641233
0	4	4	200	7	2667338924052348632	3	1501	2000	500	500	-1731.8373369514934	51.317931003168013	482735	600000	0	0	249.1744719836278	524.01231288717213	10.185991043186235
0	4	4	200	7	2667338924052348632	4	2001	2500	500	500	-1727.4028196960157	52.830706226387107	483734	600000	0	0	254.01509188096594	462.78952906518805	6.8779345518311388
0	4	4	200	7	2667338924052348632	5	2501	3000	500	500	-1755.2221202611127	54.022085467575231	483481	600000	0	0	255.43238148206328	504.73576859959337	4.7686586941930873
0	4	4	200	7	2667338924052348632	6	3001	3500	500	500	-1627.0953251248582	52.822694192644995	481905	600000	0	0	253.71622358310103	460.01778857838553	10.977704277584944
0	4	4	200	7	2667338924052348632	7	3501	4000	500	500	-1709.3511169203211	52.278436882024948	482901	600000	0	0	267.25679465278722	469.17235688090483	10.089726987059015
0	4	4	200	7	2667338924052348632	8	4001	4500	500	500	-1778.7363831510556	55.754869961353926	484276	600000	0	0	223.7282751633455	534.43914769436321	8.0178847976428198
0	4	4	200	7	2667338924052348632	9	4501	5000	500	500	-1686.1787300797196	52.727831762527352	482724	600000	0	0	252.19867321087369	479.89954526867473	12.320845083361885
0	4	4	200	7	2667338924052348632	10	5001	5500	500	500	-1737.607837745803	54.610046179720307	482368	600000	0	0	269.53705518541301	499.50032072127806	7.6129801096531873
0	4	4	200	7	2667338924052348632	11	5501	6000	500	500	-1713.8482338310052	53.792220645494709	482482	600000	0	0	239.69962414760698	477.75062750079627	13.521263859693592
0	4	4	200	7	2667338924052348632	12	6001	6500	500	500	-1749.5598852728335	53.552893038777952	483495	600000	0	0	248.51065115960191	601.74967717917843	6.4225058288240984
0	4	4	200	7	2667338924052348632	13	6501	7000	500	500	-1696.9895776290566	53.476750938417574	482052	600000	0	0	244.62011117847618	464.97399201837698	12.846103239472164
0	4	4	200	7	2667338924052348632	14	7001	7500	500	500	-1719.8282398900787	53.5432694295896	484125	600000	0	0	251.02968744188257	510.35591141858094	9.6831984013165986
0	4	4	200	7	2667338924052348632	15	7501	8000	500	500	-1695.9098318936637	53.156628493097863	482013	600000	0	0	241.3665920566973	515.502408779696	11.925081154197001
0	4	4	200	7	2667338924052348632	16	8001	8500	500	500	-1725.50763647803	51.692538929635461	481595	600000	0	0	260.48175317943344	487.65861730004559	13.331559352509641
0	4	4	200	7	2667338924052348632	17	8501	9000	500	500	-1797.8554505213497	54.133817020920532	482861	600000	0	0	256.63196508154618	547.86933981993275	9.7387110635896619
0	4	4	200	7	2667338924052348632	18	9001	9500	500	500	-1715.0006678499101	53.41324645405242	483680	600000	0	0	258.47075412142351	461.22267326604651	7.955811504901237
0	4	4	200	7	2667338924052348632	19	9501	10000	500	500	-1760.8487421207285	52.935243558991161	480801	600000	0	0	241.39292267520474	524.41119727875684	15.640200701555461
0	4	4	200	7	2667338924052348632	20	10001	10500	500	500	-1781.0096863156582	54.113281768129262	482469	600000	0	0	254.13999228888073	506.69262278692594	9.6049731086478047
0	4	4	200	7	2667338924052348632	21	10501	11000	500	500	-1771.2359179766029	52.834662188435018	481906	600000	0	0	245.82294442460969	509.77845400610516	8.0795794950903925
0	4	4	200	7	2667338924052348632	22	11001	11500	500	500	-1847.9329182502447	54.630449472945244	482944	600000	0	0	250.00710040969179	573.59596011513679	7.5301116153420908
0	4	4	200	7	2667338924052348632	23	11501	12000	500	500	-1763.8468050600056	54.053362136571792	483352	600000	0	0	255.91109958585716	521.70864110884702	9.6379108850148754
0	4	4	200	7	2667338924052348632	24	12001	12500	500	500	-1700.1745388541133	53.589318012351846	482385	600000	0	0	248.19631385574681	482.09532414001274	8.8207124257028227
0	4	4	200	7	2667338924052348632	25	12501	13000	500	500	-1808.873773079315	53.744579450216257	483739	600000	0	0	259.32942615984496	545.3190870731122	5.8463916320046074
0	4	4	200	7	2667338924052348632	26	13001	13500	500	500	-1739.1300630551041	53.014968966547322	480482	600000	0	0	240.97581445620108	514.30323035753429	11.324680852008784
0	4	4	200	7	2667338924052348632	27	13501	14000	500	500	-1805.1866301319103	55.093027149616013	482444	600000	0	0	254.54314187887411	549.59457191203364	7.1477824979829441
0	4	4	200	7	2667338924052348632	28	14001	14500	500	500	-1718.1233913665151	52.706146808756777	481273	600000	0	0	237.42903474740851	515.95006627173677	16.149664862844052
0	4	4	200	7	2667338924052348632	29	14501	15000	500	500	-1709.0075045205047	52.493709071814777	481829	600000	0	0	256.75766475828067	483.00373475554568	8.7905886277331771
0	4	4	200	7	2667338924052348632	30	15001	15500	500	500	-1676.9905569375146	53.199607352969345	483310	600000	0	0	234.09005166479423	476.36961741286302	10.976790164925241
0	4	4	200	7	2667338924052348632	31	15501	16000	500	500	-1771.3173932410496	55.662905162299793	484044	600000	0	0	241.53042751514633	511.72959069628513	6.8111401222902366
0	4	4	200	7	2667338924052348632	32	16001	16500	500	500	-1692.3886884672531	51.854552806565813	481449	600000	0	0	238.41620882214204	480.52839792812011	9.2104106298055086
0	4	4	200	7	2667338924052348632	33	16501	17000	500	500	-1764.2043417391742	53.423345035092822	483444	600000	0	0	265.93179563352373	523.19483388325887	11.14828568884602
0	4	4	200	7	2667338924052348632	34	17001	17500	500	500	-1800.8978188876215	54.360085195290736	483545	600000	0	0	263.98432764177949	510.82037138485737	8.0300542696431663
0	4	4	200	7	2667338924052348632	35	17501	18000	500	500	-1704.8919850821758	52.655148468378755	481817	600000	0	0	256.45380760874212	480.35681797507732	13.171541349434444
0	4	4	200	7	2667338924052348632	36	18001	18500	500	500	-1817.1881831088183	54.424668258041656	484090	600000	0	0	265.66309826182828	518.57029859428792	7.1500982956900954
0	4	4	200	7	2667338924052348632	37	18501	19000	500	500	-1758.3701776429209	53.326915589614281	483236	600000	0	0	257.53597041424138	510.81193745822958	7.624087590362655
0	4	4	200	7	2667338924052348632	38	19001	19500	500	500	-1729.7204058844068	52.966691087415249	482065	600000	0	0	232.42263112061178	524.99263867009779	17.351474928305585
0	4	4	200	7	2667338924052348632	39	19501	20000	500	500	-1697.9962698604647	52.700405890603356	483720	600000	0	0	266.22801011615087	461.45917656369352	9.2847028089356396
0	4	4	200	7	2667338924052348632	40	20001	20500	500	500	-1748.5245000684702	52.954505120280139	483389	600000	0	0	263.49424545896119	482.41532710085806	9.9002186183899816
0	4	4	200	7	2667338924052348632	41	20501	21000	500	500	-1709.8491293384063	52.232785105327103	482694	600000	0	0	254.87895997247713	477.29786484080989	5.3342541799225041
0	4	4	200	7	2667338924052348632	42	21001	21500	500	500	-1701.6839246384009	52.037445860290475	481215	600000	0	0	261.50926674695626	483.64954153048609	9.572017568776344
0	4	4	200	7	2667338924052348632	43	21501	22000	500	500	-1771.7057800728869	51.957373696081163	482586	600000	0	0	272.51542524609317	476.14268167629803	9.245005001907467
0	4	4	200	7	2667338924052348632	44	22001	22500	500	500	-1746.3713716097993	53.336873529343521	483805	600000	0	0	249.80944575009394	526.03089683340875	10.856052616033828
0	4	4	200	7	2667338924052348632	45	22501	23000	500	500	-1787.4877282394862	53.697274859488907	482222	600000	0	0	240.94669671985326	521.68096822913617	11.120137817976751
0	4	4	200	7	2667338924052348632	46	23001	23500	500	500	-1725.3307475293063	52.861944112381039	481838	600000	0	0	264.37743513559741	473.15087370385339	6.9137741183467947
0	4	4	200	7	2667338924052348632	47	23501	24000	500	500	-1711.0339130970001	52.897700616243966	482107	600000	0	0	274.9910003826854	519.88967534349001	13.105937702469136
0	4	4	200	7	2667338924052348632	48	24001	24500	500	500	-1747.6128659504416	51.53897668272198	482153	600000	0	0	270.70239584138699	478.4642924141653	14.232375991466284
0	4	4	200	7	2667338924052348632	49	24501	25000	500	500	-1648.6886630257211	51.405983656504773	482636	600000	0	0	260.26757762912212	433.41351312735679	11.27409785856991
0	4	4	200	7	2667338924052348632	50	25001	25500	500	500	-1668.2814919838122	52.841513634286279	482937	600000	0	0	255.12939609470914	449.33192331982951	9.9887651608401349
0	4	4	200	7	2667338924052348632	51	25501	26000	500	500	-1715.5000602383457	53.13100034304928	483151	600000	0	0	238.6770281795531	507.29839068840585	13.838865317204533
0	4	4	200	7	2667338924052348632	52	26001	26500	500	500	-1681.960269225056	51.920207368027079	482278	600000	0	0	254.74245242623272	451.34239902678627	7.8761535613894038
0	4	4	200	7	2667338924052348632	53	26501	27000	500	500	-1781.4132865655092	52.855884382851762	480197	600000	0	0	240.31641479793404	517.89791811650014	10.966434597806897
0	4	4	200	7	2667338924052348632	54	27001	27500	500	500	-1773.3145424098752	54.692527796415419	484860	600000	0	0	258.44851978476692	506.88802592232582	7.2189413946802565
0	4	4	200	7	2667338924052348632	55	27501	28000	500	500	-1792.6855836823286	52.661726668814438	482749	600000	0	0	256.75596409570812	508.39119576080975	8.9046402693268867
0	4	4	200	7	2667338924052348632	56	28001	28500	500	500	-1722.5869172973601	53.695415711963257	484166	600000	0	0	260.32639777101951	498.80101901533652	8.0835886581509158
0	4	4	200	7	2667338924052348632	57	28501	29000	500	500	-1787.3925393191373	53.699515939617122	482586	600000	0	0	243.8762773277559	500.53836089689639	5.7384121530832903
0	4	4	200	7	2667338924052348632	58	29001	29500	500	500	-1734.1001118991421	54.019548138750807	482643	600000	0	0	244.89044388288181	497.65031336734495	8.2815798278304147
0	4	4	200	7	2667338924052348632	59	29501	30000	500	500	-1677.3213913576021	52.156747878078214	481687	600000	0	0	276.57764661655625	456.53498315812357	10.335791188718463
0	4	4	200	7	2667338924052348632	60	30001	30500	500	500	-1740.8757100926257	54.542309855528252	483240	600000	0	0	247.47437982598814	520.83158092581232	9.1913388901528261
0	4	4	200	7	2667338924052348632	61	30501	31000	500	500	-1824.8929787700813	53.689268813939201	482933	600000	0	0	266.80183557888529	508.42233149864092	7.8721864592326511
0	4	4	200	7	2667338924052348632	62	31001	31500	500	500	-1794.522305118782	55.059972081387521	482390	600000	0	0	244.07169367510977	539.91276760605126	8.0345134201742141
0	4	4	200	7	2667338924052348632	63	31501	32000	500	500	-1740.5308656436825	53.899686327493875	483036	600000	0	0	255.98538713840318	492.88324767057998	11.243066117786716
0	4	4	200	7	2667338924052348632	64	32001	32500	500	500	-1724.7701909737384	51.510218811804961	481820	600000	0	0	267.63609426866424	468.73995995631458	9.9960710389637413
0	4	4	200	7	2667338924052348632	65	32501	33000	500	500	-1776.6882572987486	55.227141557746684	482691	600000	0	0	248.10333298655746	511.85145254504988	10.869583812631912
0	4	4	200	7	2667338924052348632	66	33001	33500	500	500	-1754.6270322130217	53.531361416117441	482931	600000	0	0	259.99402931387516	519.02407235258352	6.0857211278915448
0	4	4	200	7	2667338924052348632	67	33501	34000	500	500	-1707.3954569477539	53.130653847568929	483122	600000	0	0	234.94567331640883	498.6690081018088	9.438547872858889
0	4	4	200	7	2667338924052348632	68	34001	34500	500	500	-1742.792435908985	53.425616371614382	484306	600000	0	0	238.06359539643742	499.15474631885752	10.222766902077014
0	4	4	200	7	2667338924052348632	69	34501	35000	500	500	-1744.9588898266027	53.000157623147132	482009	600000	0	0	266.4263420449841	508.68926824956361	14.546902023760641
0	4	4	200	7	2667338924052348632	70	35001	35500	500	500	-1757.8779870932376	52.622448318799663	482616	600000	0	0	245.8045259664737	518.26907131484415	11.53202833364314
0	4	4	200	7	2667338924052348632	71	35501	36000	500	500	-1703.9573134400903	52.853839428595229	482827	600000	0	0	242.35800069836793	498.15000970730711	8.9674493744362085
0	4	4	200	7	2667338924052348632	72	36001	36500	500	500	-1709.5000169815269	52.226324942953802	481256	600000	0	0	259.11651966243056	472.11170316032906	10.614241860247928
0	4	4	200	7	2667338924052348632	73	36501	37000	500	500	-1757.7307278823678	53.267981532581118	482899	600000	0	0	253.14675833728194	545.15680592205604	10.813248056931769
0	4	4	200	7	2667338924052348632	74	37001	37500	500	500	-1674.4542426521086	54.509126789716511	483868	600000	0	0	239.03845336734648	528.76176764113336	9.6397983406139129
0	4	4	200	7	2667338924052348632	75	37501	38000	500	500	-1719.8385976937402	52.426203295025417	481403	600000	0	0	267.92791539025029	464.17030798745094	6.7527336476452939
0	4	4	200	7	2667338924052348632	76	38001	38500	500	500	-1713.2641878167256	52.316701721508252	483377	600000	0	0	235.26417917092618	523.48030889757229	11.101880379087524
0	4	4	200	7	2667338924052348632	77	38501	39000	500	500	-1744.3304473349724	53.514713243624513	483118	600000	0	0	253.47263279881744	457.61189258070419	7.710497518694833
0	4	4	200	7	2667338924052348632	78	39001	39500	500	500	-1698.799583522316	53.336838253218765	482254	600000	0	0	248.5541221218019	500.89685270637108	11.975557676715518
0	4	4	200	7	2667338924052348632	79	39501	40000	500	500	-1748.1424323880822	53.809394998672111	483834	600000	0	0	251.0503179716917	517.96974355651514	4.5595885653074317
0	4	4	200	7	2667338924052348632	80	40001	40500	500	500	-1798.4487385877314	53.528875809331673	481845	600000	0	0	265.19991170458928	521.44806903301787	7.4729670720099888
0	4	4	200	7	2667338924052348632	81	40501	41000	500	500	-1777.4336705195485	53.351804054059514	482379	600000	0	0	266.24308062654916	541.17110875919786	7.0490187516679041
0	4	4	200	7	2667338924052348632	82	41001	41500	500	500	-1727.2237409293514	53.636915935785005	483483	600000	0	0	245.33868096706257	504.14420169883084	7.0902760054267731
0	4	4	200	7	2667338924052348632	83	41501	42000	500	500	-1799.7938423182864	54.873299135053145	484831	600000	0	0	252.08567023771343	508.08178053192171	6.928396986203885
0	4	4	200	7	2667338924052348632	84	42001	42500	500	500	-1792.1469306777556	54.678106921536163	482558	600000	0	0	233.81505263485491	520.27916109094951	10.026057234245346
0	4	4	200	7	2667338924052348632	85	42501	43000	500	500	-1737.5260813168547	54.535702090023896	482866	600000	0	0	253.44504492225875	514.33094886736592	5.001635027702803
0	4	4	200	7	2667338924052348632	86	43001	43500	500	500	-1769.5446209586316	53.991034504380529	483315	600000	0	0	237.9136946117732	551.62325529860846	16.188581166512893
0	4	4	200	7	2667338924052348632	87	43501	44000	500	500	-1669.7301450960317	52.22657241679974	482546	600000	0	0	231.42251817989643	481.1521336897726	14.634569377224967
0	4	4	200	7	2667338924052348632	88	44001	44500	500	500	-1820.4267492499212	53.289256922367287	483458	600000	0	0	263.05547384063669	504.80753619798634	5.2038295927676632
0	4	4	200	7	2667338924052348632	89	44501	45000	500	500	-1740.8499060043091	53.381161964835805	483127	600000	0	0	265.00638410010748	492.47391011166275	6.4229101581773769
0	4	4	200	7	2667338924052348632	90	45001	45500	500	500	-1705.7959549469497	52.567715778535884	481594	600000	0	0	259.96026673019225	469.26835762368671	11.958033480688288
0	4	4	200	7	2667338924052348632	91	45501	46000	500	500	-1755.2643728542755	53.312565979225504	482826	600000	0	0	245.55047619234841	534.1706780717883	6.4897116871331937
0	4	4	200	7	2667338924052348632	92	46001	46500	500	500	-1727.2439269369497	54.246578498204741	482896	600000	0	0	267.47574831373754	484.86089910984992	7.5393759095025885
0	4	4	200	7	2667338924052348632	93	46501	47000	500	500	-1731.5602799586718	53.226186395979667	483719	600000	0	0	246.11827591987341	470.17255258633764	8.5762314666247637
0	4	4	200	7	2667338924052348632	94	47001	47500	500	500	-1718.7037251068371	52.873636781225876	481626	600000	0	0	237.05518436430606	488.0439119140874	12.113207303437951
0	4	4	200	7	2667338924052348632	95	47501	48000	500	500	-1773.7766336692969	53.687654151821292	483539	600000	0	0	249.21524883442234	496.20677188573291	8.9676195251391171
0	4	4	200	7	2667338924052348632	96	48001	48500	500	500	-1700.303950106317	52.085063205949787	482798	600000	0	0	265.77467638966255	472.02603742998161	9.8143670937635434
0	4	4	200	7	2667338924052348632	97	48501	49000	500	500	-1651.7322275197696	51.315907571452634	481490	600000	0	0	238.97480977468652	467.05685579993349	14.317858846824773
0	4	4	200	7	2667338924052348632	98	49001	49500	500	500	-1746.017855166592	53.264434499163031	482196	600000	0	0	252.62122583329881	536.77527940100492	11.248562063158728
0	4	4	200	7	2667338924052348632	99	49501	50000	500	500	-1684.2637933399299	54.082239997090525	482850	600000	0	0	225.76057979336179	528.54511027112108	12.281603312558108
0	4	4	200	8	13269104855444204456	0	1	500	500	500	-1689.5218578473168	52.109528945166048	481577	600000	0	0	245.12737863877183	483.87623511803417	15.031695463662805
0	4	4	200	8	13269104855444204456	1	501	1000	500	500	-1710.0024731854755	54.006866149929721	482361	600000	0	0	250.20229857582098	493.72630459567773	9.3192655233526498
0	4	4	200	8	13269104855444204456	2	1001	1500	500	500	-1748.9406646721736	52.631495010813609	482462	600000	0	0	229.45321685195344	516.42570885866576	11.624875413982807
0	4	4	200	8	13269104855444204456	3	1501	2000	500	500	-1739.7906472160487	53.026254817804912	483022	600000	0	0	250.85510925855669	506.01213468624661	7.3626570713980248
0	4	4	200	8	13269104855444204456	4	2001	2500	500	500	-1681.311485976064	52.080285794730941	480886	600000	0	0	242.76842113846863	470.90976479072003	17.582336147915964
0	4	4	200	8	13269104855444204456	5	2501	3000	500	500	-1759.9283686166971	53.350287500738872	483592	600000	0	0	243.13948950936128	513.96147843278698	5.6158064695401793
0	4	4	200	8	13269104855444204456	6	3001	3500	500	500	-1760.3988375428817	53.064607806253512	483046	600000	0	0	243.02111616254982	510.90331017560567	10.316200540154965
0	4	4	200	8	13269104855444204456	7	3501	4000	500	500	-1740.2871926815326	53.964378943173614	483043	600000	0	0	243.4525089333151	530.13502626787658	9.9326442569369107
0	4	4	200	8	13269104855444204456	8	4001	4500	500	500	-1788.3756384871108	53.522232086845776	483139	600000	0	0	250.29875316099105	507.78179436559788	7.9737115157569791
0	4	4	200	8	13269104855444204456	9	4501	5000	500	500	-1759.0229825208803	53.87759280574511	482365	600000	0	0	226.44579992057336	508.79028644482872	8.3595609276297633
0	4	4	200	8	13269104855444204456	10	5001	5500	500	500	-1740.0845891895528	54.276833869783772	482200	600000	0	0	248.34096868090455	519.94032211045806	7.2235953918759925
0	4	4	200	8	13269104855444204456	11	5501	6000	500	500	-1723.2223843572094	53.251210028947767	482305	600000	0	0	254.04984334457777	487.98087046385223	10.592858514683053
0	4	4	200	8	13269104855444204456	12	6001	6500	500	500	-1714.4576876496988	53.938155474131925	482238	600000	0	0	254.09152208322683	496.80068963140621	7.8642226881634967
0	4	4	200	8	13269104855444204456	13	6501	7000	500	500	-1702.8567353539565	53.848490553152942	483893	600000	0	0	243.35772724585379	482.68011512312148	6.8345803457312133
0	4	4	200	8	13269104855444204456	14	7001	7500	500	500	-1740.5279661168877	54.767595244694526	483833	600000	0	0	253.87159310596755	474.88490529370875	9.1023045943263092
0	4	4	200	8	13269104855444204456	15	7501	8000	500	500	-1703.0665434509374	53.578144756051444	484162	600000	0	0	255.01234038579275	486.40052675081739	5.4677578350280864
0	4	4	200	8	13269104855444204456	16	8001	8500	500	500	-1708.8858766484584	53.209672231410366	482859	600000	0	0	261.94459882584431	482.42527828384891	9.08685712161666
0	4	4	200	8	13269104855444204456	17	8501	9000	500	500	-1772.5520348168031	54.457257727124706	482561	600000	0	0	252.73232476524075	516.50352927300935	10.769548948414052
0	4	4	200	8	13269104855444204456	18	9001	9500	500	500	-1720.3953354177127	52.741036901341715	482753	600000	0	0	258.8420906185126	469.94701567495406	7.1653268986152705
0	4	4	200	8	13269104855444204456	19	9501	10000	500	500	-1703.6499964399247	53.620355667728084	482886	600000	0	0	235.33071617921843	500.78788525145922	14.395622695500782
0	4	4	200	8	13269104855444204456	20	10001	10500	500	500	-1725.2171726593863	52.2365383742383	480843	600000	0	0	244.87126512789536	485.26220475609773	11.601802933531864
0	4	4	200	8	13269104855444204456	21	10501	11000	500	500	-1690.7620291222072	52.604338270533887	481808	600000	0	0	256.72439986600421	518.98642313918958	10.471434490388464
0	4	4	200	8	13269104855444204456	22	11001	11500	500	500	-1723.9967065433359	53.22307875337912	483095	600000	0	0	244.64080264376452	503.39289186137455	8.7223765717912585
0	4	4	200	8	13269104855444204456	23	11501	12000	500	500	-1745.3362027570413	53.831387399651312	482964	600000	0	0	246.20663490307609	492.82069588125114	11.521427924647522
0	4	4	200	8	13269104855444204456	24	12001	12500	500	500	-1798.5035090104698	54.766695839284964	483944	600000	0	0	263.7378546309796	554.06007077594052	5.2159606313061433
0	4	4	200	8	13269104855444204456	25	12501	13000	500	500	-1783.2445910029342	54.958249316875417	483630	600000	0	0	253.64872657266639	517.02899841589988	8.832505687894276
0	4	4	200	8	13269104855444204456	26	13001	13500	500	500	-1738.1435997754227	55.040109043110824	483823	600000	0	0	238.11599602981877	479.01411910735976	4.7257940317661182
0	4	4	200	8	13269104855444204456	27	13501	14000	500	500	-1729.9222587876716	52.770070673029096	482269	600000	0	0	236.62496959535889	505.89265485485072	10.044553195957258
0	4	4	200	8	13269104855444204456	28	14001	14500	500	500	-1772.0913818354334	55.698484620411342	485477	600000	0	0	243.87176365613584	515.5681768251186	7.685337759134991
0	4	4	200	8	13269104855444204456	29	14501	15000	500	500	-1767.8071328203696	53.744100717296241	482062	600000	0	0	259.39048622615269	476.0272567504158	8.6493813592260071
0	4	4	200	8	13269104855444204456	30	15001	15500	500	500	-1738.1513457154622	53.373957780557788	481460	600000	0	0	258.48980361848055	483.68512704103773	10.475479705742554
0	4	4	200	8	13269104855444204456	31	15501	16000	500	500	-1682.8186226629821	53.032050819976426	482276	600000	0	0	245.54997316426287	461.15149372965851	11.242421931980186
0	4	4	200	8	13269104855444204456	32	16001	16500	500	500	-1731.7589658037575	52.481809545862454	482280	600000	0	0	247.93219894866021	530.49507544323808	10.852295740491064
0	4	4	200	8	13269104855444204456	33	16501	17000	500	500	-1701.0328101325781	53.685151940793517	483503	600000	0	0	267.81322466127119	499.1659578225553	6.7259200243824253
0	4	4	200	8	13269104855444204456	34	17001	17500	500	500	-1738.1683209978066	51.478910962291529	482711	600000	0	0	238.53890156143663	547.93568669700517	13.141895452635056
0	4	4	200	8	13269104855444204456	35	17501	18000	500	500	-1749.8554634283898	52.778674312930292	482437	600000	0	0	253.18629807473917	525.11236539932997	12.199719441185582
0	4	4	200	8	13269104855444204456	36	18001	18500	500	500	-1677.2833376983617	52.511313265009413	481668	600000	0	0	233.88579262887237	480.73543257746451	11.321141525759955
0	4	4	200	8	13269104855444204456	37	18501	19000	500	500	-1763.6001900055071	54.555551559630672	485073	600000	0	0	246.80559718892204	523.97766961271554	8.2630338491229516
0	4	4	200	8	13269104855444204456	38	19001	19500	500	500	-1750.1675783932146	53.342663548244857	482239	600000	0	0	254.37884005280495	512.78531468650522	7.7513535346608622
0	4	4	200	8	13269104855444204456	39	19501	20000	500	500	-1834.1615698145347	54.678531022965821	483994	600000	0	0	224.53801938558183	543.01871467254603	6.2339609209722502
0	4	4	200	8	13269104855444204456	40	20001	20500	500	500	-1721.0064587169595	52.947392097932529	483716	600000	0	0	269.15139351600487	494.8050589908828	9.2975649798005158
0	4	4	200	8	13269104855444204456	41	20501	21000	500	500	-1721.7601901563723	52.088417848701063	482419	600000	0	0	249.70602711436646	465.47853419494987	10.697867720372077
0	4	4	200	8	13269104855444204456	42	21001	21500	500	500	-1748.3864861449579	54.014947131350034	482789	600000	0	0	236.07447529041028	495.437559638751	10.662617025531684
0	4	4	200	8	13269104855444204456	43	21501	22000	500	500	-1723.4113995089381	53.790137006264231	484113	600000	0	0	241.98373857867458	493.54986144646574	14.989872325627045
0	4	4	200	8	13269104855444204456	44	22001	22500	500	500	-1790.8749125451775	53.414426246931903	482800	600000	0	0	251.17355637199026	506.9097713324839	7.0693600303268891
0	4	4	200	8	13269104855444204456	45	22501	23000	500	500	-1756.8497784076326	53.631405195793185	484247	600000	0	0	241.97451950728188	495.02671863963229	8.0853061713462306
0	4	4	200	8	13269104855444204456	46	23001	23500	500	500	-1745.637776857046	53.745048851760536	481867	600000	0	0	238.30524863689141	527.46006733391425	13.479265055454304
0	4	4	200	8	13269104855444204456	47	23501	24000	500	500	-1746.6848017734094	53.179849876882543	483433	600000	0	0	261.92940338935097	504.63721927388679	9.3352725886602776
0	4	4	200	8	13269104855444204456	48	24001	24500	500	500	-1721.9228233536769	53.964838697289643	482851	600000	0	0	265.15875036490309	439.96149975343513	6.7769589603512035
0	4	4	200	8	13269104855444204456	49	24501	25000	500	500	-1734.3114978695858	51.204233727149486	480892	600000	0	0	264.75054925089404	477.95915755538135	9.3784333805947107
0	4	4	200	8	13269104855444204456	50	25001	25500	500	500	-1726.9349564379443	52.719410297920192	483405	600000	0	0	258.83984406111034	522.78996876213841	9.1648400957726004
0	4	4	200	8	13269104855444204456	51	25501	26000	500	500	-1748.8040704595476	53.861646718285343	483154	600000	0	0	260.49452734818215	497.23003384861909	4.7491489977683345
0	4	4	200	8	13269104855444204456	52	26001	26500	500	500	-1777.559788338375	53.645659098380378	483285	600000	0	0	261.98082251493031	541.46413830610254	3.666926061806894
0	4	4	200	8	13269104855444204456	53	26501	27000	500	500	-1765.2588304293158	55.506973654438333	484196	600000	0	0	245.09375718383995	507.59974150110622	10.013248245080804
0	4	4	200	8	13269104855444204456	54	27001	27500	500	500	-1769.4443616190797	51.994283843526034	482711	600000	0	0	257.98349815810104	494.65514379961053	5.929351818295979
0	4	4	200	8	13269104855444204456	55	27501	28000	500	500	-1742.7241220924282	53.661904454543446	483177	600000	0	0	255.98606889648772	482.42161941189164	7.1402737499336375
0	4	4	200	8	13269104855444204456	56	28001	28500	500	500	-1785.1791453798901	54.397227446274272	482327	600000	0	0	253.35818371845752	511.86999213322059	8.6486056424790227
0	4	4	200	8	13269104855444204456	57	28501	29000	500	500	-1709.165399313272	54.68138587142198	483731	600000	0	0	255.25113111403192	514.25751084569026	5.8906988217282139
0	4	4	200	8	13269104855444204456	58	29001	29500	500	500	-1765.9512136247424	55.877126367055048	484660	600000	0	0	245.58923795799146	486.4390492634808	7.144564177009471
0	4	4	200	8	13269104855444204456	59	29501	30000	500	500	-1833.6117104366092	53.783899036037063	482582	600000	0	0	268.61624843392315	529.41957881400151	6.1325422078272966
0	4	4	200	8	13269104855444204456	60	30001	30500	500	500	-1775.0066614609243	54.156018954728999	484003	600000	0	0	264.95249354706539	481.65914389187122	7.9074249125538243
0	4	4	200	8	13269104855444204456	61	30501	31000	500	500	-1800.8423380741688	53.459948002833599	483424	600000	0	0	240.31414896364075	534.77590436356081	10.284486359581246
0	4	4	200	8	13269104855444204456	62	31001	31500	500	500	-1692.0220554798552	52.814426849185608	482254	600000	0	0	252.74636640808541	502.98069464233566	9.2436485345392434
0	4	4	200	8	13269104855444204456	63	31501	32000	500	500	-1707.4317795506545	54.026865578215094	483878	600000	0	0	251.70591539667103	483.4319623998357	6.7759087107603388
0	4	4	200	8	13269104855444204456	64	32001	32500	500	500	-1735.7705848870437	54.009181912915182	483471	600000	0	0	235.04014953827732	510.86910509397666	11.091623652550618
0	4	4	200	8	13269104855444204456	65	32501	33000	500	500	-1761.4207624086564	52.56026684412938	480456	600000	0	0	261.46536551784976	533.9531585118342	12.463666988664134
0	4	4	200	8	13269104855444204456	66	33001	33500	500	500	-1746.7592777340979	53.131968110189142	483527	600000	0	0	256.0759628007911	506.12732885417927	6.886436954571181
0	4	4	200	8	13269104855444204456	67	33501	34000	500	500	-1644.5014532304447	53.686923087561965	483558	600000	0	0	243.6551889599161	447.3047801294623	7.7229803124216732
0	4	4	200	8	13269104855444204456	68	34001	34500	500	500	-1707.2222661569424	53.220936276735841	483125	600000	0	0	278.77927296726853	469.61972456360002	5.9093091782088347
0	4	4	200	8	13269104855444204456	69	34501	35000	500	500	-1767.0073546583751	52.196460700989597	483252	600000	0	0	260.9984757305524	492.71539013740806	8.0731948830035964
0	4	4	200	8	13269104855444204456	70	35001	35500	500	500	-1725.3703806896735	54.359172179971772	482528	600000	0	0	222.46198610753106	503.69028672386594	15.078838142987212
0	4	4	200	8	13269104855444204456	71	35501	36000	500	500	-1697.791781050041	52.092566984486126	480927	600000	0	0	237.52950372597522	483.02810052366812	18.719587270367207
0	4	4	200	8	13269104855444204456	72	36001	36500	500	500	-1655.9678015205798	52.087408347903789	484158	600000	0	0	266.3495965008517	453.21044767933682	4.7705100109893728
0	4	4	200	8	13269104855444204456	73	36501	37000	500	500	-1771.87715279791	54.408983460589511	482645	600000	0	0	228.88220767702538	543.43403116911622	8.6255457855746211
0	4	4	200	8	13269104855444204456	74	37001	37500	500	500	-1699.5490292499032	52.847704222120825	481874	600000	0	0	263.08788393338421	471.52108428458962	5.5088569468183355
0	4	4	200	8	13269104855444204456	75	37501	38000	500	500	-1710.7631646862499	51.831008178370894	481669	600000	0	0	253.70454829196572	494.86517305706218	17.598048012504805
0	4	4	200	8	13269104855444204456	76	38001	38500	500	500	-1786.7243642853255	53.85875353165325	481877	600000	0	0	258.98831093381193	488.7770851978168	9.9097900692990457
0	4	4	200	8	13269104855444204456	77	38501	39000	500	500	-1677.8277289876135	50.802426117435473	481426	600000	0	0	268.24887202628582	454.08915192842267	11.231592940117149
0	4	4	200	8	13269104855444204456	78	39001	39500	500	500	-1840.4839598609417	55.592171999696248	485056	600000	0	0	232.2387194197085	551.01533700846244	8.8166004457562277
0	4	4	200	8	13269104855444204456	79	39501	40000	500	500	-1670.3979998702089	52.03334001707217	482527	600000	0	0	260.27668292028886	450.90915503682089	9.0115869396335917
0	4	4	200	8	13269104855444204456	80	40001	40500	500	500	-1728.3004209281228	53.637348358693515	482386	600000	0	0	242.73459594355731	485.06557272168209	7.8962353760934096
0	4	4	200	8	13269104855444204456	81	40501	41000	500	500	-1681.7843262373076	51.785354101383689	481647	600000	0	0	278.75153705861425	483.52189718409772	6.9390501128432973
0	4	4	200	8	13269104855444204456	82	41001	41500	500	500	-1697.4674438379586	52.11706533053092	482050	600000	0	0	270.66086260721119	453.42508392868649	12.342064155343156
0	4	4	200	8	13269104855444204456	83	41501	42000	500	500	-1667.6057143504481	53.765924738557779	483600	600000	0	0	247.14023360455468	440.46897598818629	9.3817105287331675
0	4	4	200	8	13269104855444204456	84	42001	42500	500	500	-1722.369128032627	54.545945016291078	483418	600000	0	0	245.68060086978588	466.86898376312422	4.4661760835665403
0	4	4	200	8	13269104855444204456	85	42501	43000	500	500	-1841.9876549991986	53.770865603314114	483887	600000	0	0	241.30532892408249	563.52170443171678	7.9595385715554867
0	4	4	200	8	13269104855444204456	86	43001	43500	500	500	-1739.666331130687	53.101427277003317	482736	600000	0	0	248.17005927782114	505.83615996045711	13.276663578412963
0	4	4	200	8	13269104855444204456	87	43501	44000	500	500	-1719.8912902656091	53.968904737272041	483698	600000	0	0	251.14592854664824	468.62676357261807	6.2830687784735488
0	4	4	200	8	13269104855444204456	88	44001	44500	500	500	-1664.7267236767136	53.508297213087815	483346	600000	0	0	254.4675372841715	460.53175904236144	12.10241715276945
0	4	4	200	8	13269104855444204456	89	44501	45000	500	500	-1761.0878265639371	52.707818510067348	482697	600000	0	0	259.66896650034533	486.14775989518455	8.4692313145104059
0	4	4	200	8	13269104855444204456	90	45001	45500	500	500	-1755.5558587842409	52.73033124910706	484166	600000	0	0	255.57285334554976	507.69240335047772	10.073805470247001
0	4	4	200	8	13269104855444204456	91	45501	46000	500	500	-1728.5614293936069	52.604868414665248	483530	600000	0	0	262.81519332684775	503.24782942530015	7.3322926025989359
0	4	4	200	8	13269104855444204456	92	46001	46500	500	500	-1680.6039438308608	53.4889186294944	481885	600000	0	0	264.79369195141652	458.49099951177391	5.6752382108384642
0	4	4	200	8	13269104855444204456	93	46501	47000	500	500	-1724.1171706509269	53.228323166401104	481415	600000	0	0	226.07448765750502	521.37929215928011	14.003433929778426
0	4	4	200	8	13269104855444204456	94	47001	47500	500	500	-1701.3599982553387	52.831904872026747	483009	600000	0	0	242.79534376183912	467.38326789596448	11.418946138069247
0	4	4	200	8	13269104855444204456	95	47501	48000	500	500	-1736.3679112000659	52.760500924696515	483366	600000	0	0	241.54751649160511	494.93876693735268	9.4776624880083524
0	4	4	200	8	13269104855444204456	96	48001	48500	500	500	-1684.4869135991776	54.032061669890268	482591	600000	0	0	236.91219926646511	500.77114663975999	9.8627515168779532
0	4	4	200	8	13269104855444204456	97	48501	49000	500	500	-1773.1275690014759	54.822994630550951	483456	600000	0	0	251.76000504450377	526.02115005622295	11.549581548939505
0	4	4	200	8	13269104855444204456	98	49001	49500	500	500	-1753.3765283953685	53.55777982922465	483654	600000	0	0	267.48306081989608	487.87010858447496	6.8079947655558053
0	4	4	200	8	13269104855444204456	99	49501	50000	500	500	-1724.95502674672	52.931074572681609	483248	600000	0	0	256.51801370432008	551.18949897551147	8.1566906385282962
0	4	4	200	9	17221915655450340129	0	1	500	500	500	-1711.5011919942899	55.090649564191359	483052	600000	0	0	224.18091045919888	494.3253529981605	7.0637788276682238
0	4	4	200	9	17221915655450340129	1	501	1000	500	500	-1700.0284374901389	54.050837926334793	482389	600000	0	0	223.68065836486278	532.77813948110077	13.310598222636745
0	4	4	200	9	17221915655450340129	2	1001	1500	500	500	-1705.7859107452828	52.32736516745021	482265	600000	0	0	266.78987735793612	500.916888743188	12.470491168203106
0	4	4	200	9	17221915655450340129	3	1501	2000	500	500	-1765.3782629706438	54.783454665750796	483954	600000	0	0	234.56342072127802	513.1685306776244	12.313770046174135
0	4	4	200	9	17221915655450340129	4	2001	2500	500	500	-1695.5152335720268	54.112603993119386	482138	600000	0	0	249.59859683882939	470.56884636049818	11.672712300406593
0	4	4	200	9	17221915655450340129	5	2501	3000	500	500	-1649.971098806702	51.689820459652985	481396	600000	0	0	241.55486439067823	447.4416993487045	15.593197226145229
0	4	4	200	9	17221915655450340129	6	3001	3500	500	500	-1732.4534055842564	51.918534898583488	480968	600000	0	0	235.19262162645779	502.74175567875147	14.039451122012508
0	4	4	200	9	17221915655450340129	7	3501	4000	500	500	-1727.0380229639343	52.946375538377652	482610	600000	0	0	252.11575885632885	504.00888414340602	10.248555032741015
0	4	4	200	9	17221915655450340129	8	4001	4500	500	500	-1757.008430948013	52.657045755639274	481717	600000	0	0	244.94785541038922	499.51126232635124	7.7802148169674759
0	4	4	200	9	17221915655450340129	9	4501	5000	500	500	-1692.0502747668615	52.798163264240308	483041	600000	0	0	259.10648563783565	471.13765809390134	6.517665993593857
0	4	4	200	9	17221915655450340129	10	5001	5500	500	500	-1784.8590095363325	53.258490022159378	483497	600000	0	0	242.19629278852631	535.10576248976861	12.141044856574529
0	4	4	200	9	17221915655450340129	11	5501	6000	500	500	-1847.9100407332255	56.348174886298693	484665	600000	0	0	241.70111495536202	561.6403201021061	7.4521361347784296
0	4	4	200	9	17221915655450340129	12	6001	6500	500	500	-1649.2851567176504	52.780419531020456	482120	600000	0	0	242.86949373093762	452.72461218754063	12.435505673207185
0	4	4	200	9	17221915655450340129	13	6501	7000	500	500	-1721.1037075869388	53.107808556353184	483469	600000	0	0	259.14047733080378	471.14228876542126	8.1468147806215274
0	4	4	200	9	17221915655450340129	14	7001	7500	500	500	-1629.1743407164324	51.002661349561528	482421	600000	0	0	261.60583227268364	424.52418700687014	10.950689156584714
0	4	4	200	9	17221915655450340129	15	7501	8000	500	500	-1845.0303060059186	51.99358655752868	482511	600000	0	0	236.27901227588535	551.4276925264254	12.203540393468062
0	4	4	200	9	17221915655450340129	16	8001	8500	500	500	-1774.4484004664353	54.639832882868063	482606	600000	0	0	274.55529964721939	485.11286848514771	5.557831234147387
0	4	4	200	9	17221915655450340129	17	8501	9000	500	500	-1720.9869314450495	51.729328831276959	482405	600000	0	0	254.88051114922897	499.99309893676963	12.864004986040463
0	4	4	200	9	17221915655450340129	18	9001	9500	500	500	-1737.5076943640058	54.374885092882053	482609	600000	0	0	249.53454293599174	507.89506310390607	8.242017399058259
0	4	4	200	9	17221915655450340129	19	9501	10000	500	500	-1701.004926069882	53.555020131990204	482779	600000	0	0	238.10753274422407	487.83123170306686	10.703337498444393
0	4	4	200	9	17221915655450340129	20	10001	10500	500	500	-1797.2182585416165	53.06018632428065	482798	600000	0	0	255.01490557281787	567.64044863362244	13.605060313068378
0	4	4	200	9	17221915655450340129	21	10501	11000	500	500	-1735.4091554454267	54.885678327778486	481670	600000	0	0	253.56511333705933	489.97796039104185	7.2698591521741758
0	4	4	200	9	17221915655450340129	22	11001	11500	500	500	-1655.6627442778833	52.987603312755937	482174	600000	0	0	237.76025479697572	461.85185718427982	13.649665126120867
0	4	4	200	9	17221915655450340129	23	11501	12000	500	500	-1769.2839815972695	54.488867825450505	482998	600000	0	0	250.58041949087286	499.42745303031478	7.1175027340839128
0	4	4	200	9	17221915655450340129	24	12001	12500	500	500	-1713.0768166519126	54.48087534895695	483510	600000	0	0	240.34765733407738	466.75726943476042	10.285447476184929
0	4	4	200	9	17221915655450340129	25	12501	13000	500	500	-1718.8860147633043	53.646328718523272	482417	600000	0	0	258.60946506151515	486.47863949591471	6.8032205223815581
0	4	4	200	9	17221915655450340129	26	13001	13500	500	500	-1701.4498882142757	52.394120117465476	482614	600000	0	0	259.62539722551196	473.9493593960068	10.44422026468577
0	4	4	200	9	17221915655450340129	27	13501	14000	500	500	-1716.6481367154847	52.591283579107746	481407	600000	0	0	256.49024006507562	544.78240671983644	8.2426041008727005
0	4	4	200	9	17221915655450340129	28	14001	14500	500	500	-1785.0008700397461	55.777024828033618	483455	600000	0	0	244.29612803835587	505.78550833078907	9.1526982440879596
0	4	4	200	9	17221915655450340129	29	14501	15000	500	500	-1761.6370207089544	53.47088472387675	482577	600000	0	0	238.42691819590482	530.05964355580204	10.478376260404037
0	4	4	200	9	17221915655450340129	30	15001	15500	500	500	-1765.023942812307	53.351948556931539	482348	600000	0	0	254.27901435417601	514.30281140661782	11.683011233253792
0	4	4	200	9	17221915655450340129	31	15501	16000	500	500	-1767.155280271827	52.811298448442479	483242	600000	0	0	280.57881567090823	502.93155673586278	7.7084180186009625
0	4	4	200	9	17221915655450340129	32	16001	16500	500	500	-1669.3273092930547	52.706184325274897	483138	600000	0	0	249.60142996642733	462.25723430356345	10.338315023513065
0	4	4	200	9	17221915655450340129	33	16501	17000	500	500	-1748.3802324737278	52.515888043407401	482861	600000	0	0	261.14582702333132	485.77808837700621	9.1389155803325295
0	4	4	200	9	17221915655450340129	34	17001	17500	500	500	-1643.3966548152955	51.854090629299989	482363	600000	0	0	236.88645586042605	460.31876366711697	16.703315026138561
0	4	4	200	9	17221915655450340129	35	17501	18000	500	500	-1709.3888874916834	52.128355569049646	483159	600000	0	0	248.39700395380501	481.97432900816915	10.936212903104741
0	4	4	200	9	17221915655450340129	36	18001	18500	500	500	-1787.0628157842448	53.96846643357884	482768	600000	0	0	266.29037555564622	525.52768536990209	8.5091098029199514
0	4	4	200	9	17221915655450340129	37	18501	19000	500	500	-1740.2399427897931	52.830291410732293	481948	600000	0	0	266.62468048172445	455.86885517875083	5.7013977463354237
0	4	4	200	9	17221915655450340129	38	19001	19500	500	500	-1764.6040037542721	53.644985408150845	482799	600000	0	0	260.8149721421197	534.51689652229595	10.055478036673486
0	4	4	200	9	17221915655450340129	39	19501	20000	500	500	-1671.3107479485307	50.84640184234609	480976	600000	0	0	241.53509129676198	476.7114347247915	17.251319630113699
0	4	4	200	9	17221915655450340129	40	20001	20500	500	500	-1755.4559625075283	52.124971413465744	482039	600000	0	0	259.21730884042859	507.00353961663632	7.1152979191658829
0	4	4	200	9	17221915655450340129	41	20501	21000	500	500	-1706.2259495571373	52.012624454415061	480894	600000	0	0	239.59128909145977	465.33423629786978	21.289703134551576
0	4	4	200	9	17221915655450340129	42	21001	21500	500	500	-1691.4073617318541	51.770079467989376	482169	600000	0	0	255.07371151972836	469.87274970079847	12.39110731860532
0	4	4	200	9	17221915655450340129	43	21501	22000	500	500	-1720.4960193124268	53.593684790723636	483652	600000	0	0	247.73689602613061	458.86760119108618	7.3224767368569452
0	4	4	200	9	17221915655450340129	44	22001	22500	500	500	-1713.1767988621607	55.05259999301871	482472	600000	0	0	269.04433028750265	480.29359491481813	8.0654625997894094
0	4	4	200	9	17221915655450340129	45	22501	23000	500	500	-1751.5851463445526	53.683339572863055	482981	600000	0	0	239.77813508521476	504.52277410211923	8.6981490678119275
0	4	4	200	9	17221915655450340129	46	23001	23500	500	500	-1680.9898266652501	51.523518400769063	481271	600000	0	0	266.07623718477555	442.38690106898798	6.1524068970017964
0	4	4	200	9	17221915655450340129	47	23501	24000	500	500	-1721.2383791744119	55.209968456694163	483734	600000	0	0	246.0421992157151	468.71531264652015	5.8078273530692632
0	4	4	200	9	17221915655450340129	48	24001	24500	500	500	-1701.9977813953515	51.923906333735701	482031	600000	0	0	250.93529844880658	494.11374002548348	8.21973837665006
0	4	4	200	9	17221915655450340129	49	24501	25000	500	500	-1714.8688157595366	53.254428805866652	485229	600000	0	0	250.4606502816236	449.55996958277581	4.3287894009676249
0	4	4	200	9	17221915655450340129	50	25001	25500	500	500	-1672.3713441667931	54.275610339278956	483760	600000	0	0	256.42275450754767	481.72881741102384	8.7237599282807459
0	4	4	200	9	17221915655450340129	51	25501	26000	500	500	-1685.9792035351002	50.959792677012814	481488	600000	0	0	271.54222378088281	467.88580423115906	7.5884513238311468
0	4	4	200	9	17221915655450340129	52	26001	26500	500	500	-1737.8910979576272	51.977682685252567	481760	600000	0	0	224.99612512192758	527.1538922628439	15.142498159737618
0	4	4	200	9	17221915655450340129	53	26501	27000	500	500	-1835.6254593554563	53.889139159056683	483707	600000	0	0	243.41726601649694	553.03001158975383	7.5230921640366804
0	4	4	200	9	17221915655450340129	54	27001	27500	500	500	-1740.2030309743959	54.840450867729032	482550	600000	0	0	259.74840790424861	488.60909975856964	11.95462878044183
0	4	4	200	9	17221915655450340129	55	27501	28000	500	500	-1770.760494103667	50.58993969245801	480600	600000	0	0	259.33274249132444	541.6410742053389	19.886497732042127
0	4	4	200	9	17221915655450340129	56	28001	28500	500	500	-1759.7405830044499	53.891984333688697	484180	600000	0	0	248.17469476139632	490.87418423886106	7.7861271843499837
0	4	4	200	9	17221915655450340129	57	28501	29000	500	500	-1721.3652829063651	52.930710401851847	482224	600000	0	0	248.70162682903114	496.27531085962653	12.085967081080801
0	4	4	200	9	17221915655450340129	58	29001	29500	500	500	-1749.9344307337199	54.600120562498589	483488	600000	0	0	236.19301875755247	523.64083119826807	8.277057566403812
0	4	4	200	9	17221915655450340129	59	29501	30000	500	500	-1726.9271083492556	52.722041400628662	482026	600000	0	0	244.87640803549456	499.04417326635814	10.228360142897291
0	4	4	200	9	17221915655450340129	60	30001	30500	500	500	-1705.4362602221456	53.098911292686701	483438	600000	0	0	255.75063639095342	485.34717157084714	9.9681590594602998
0	4	4	200	9	17221915655450340129	61	30501	31000	500	500	-1703.8932851579725	51.906722758166872	482857	600000	0	0	243.30805511295864	476.05993958781124	15.224369993169766
0	4	4	200	9	17221915655450340129	62	31001	31500	500	500	-1677.5506732098163	52.457382271905779	481772	600000	0	0	242.29583716501401	475.61974755960665	17.028991434996733
0	4	4	200	9	17221915655450340129	63	31501	32000	500	500	-1778.2448712366713	53.586478839845647	482801	600000	0	0	258.87224648386569	495.59541540659421	7.9335185074898815
0	4	4	200	9	17221915655450340129	64	32001	32500	500	500	-1747.295834753596	52.465959622911228	481404	600000	0	0	246.4854266145355	530.81149407099031	8.2435187485284533
0	4	4	200	9	17221915655450340129	65	32501	33000	500	500	-1732.7852509336467	52.910437733666619	482853	600000	0	0	239.42794149027054	505.71619473968087	4.5050962484830537
0	4	4	200	9	17221915655450340129	66	33001	33500	500	500	-1677.8167067108263	52.322500171185183	481768	600000	0	0	234.42555711068303	466.93099828217476	12.882220366407068
0	4	4	200	9	17221915655450340129	67	33501	34000	500	500	-1640.9483129228895	49.848823545453868	479095	600000	0	0	243.493108659922	447.47220993709482	16.623313586725622
0	4	4	200	9	17221915655450340129	68	34001	34500	500	500	-1728.1225416889015	52.852542524264457	483404	600000	0	0	265.18040082398721	494.8700369897112	7.9022711556840211
0	4	4	200	9	17221915655450340129	69	34501	35000	500	500	-1736.3813187350099	53.267741350955461	483110	600000	0	0	247.50905313110636	568.27715281929011	8.658619708960563
0	4	4	200	9	17221915655450340129	70	35001	35500	500	500	-1839.1367545993483	57.640272905753477	485146	600000	0	0	253.36731960931817	550.22612455151625	5.7375567746606508
0	4	4	200	9	17221915655450340129	71	35501	36000	500	500	-1689.6204096414149	52.699424278755167	482336	600000	0	0	240.31828739456211	480.55645862292261	15.1636993740001
0	4	4	200	9	17221915655450340129	72	36001	36500	500	500	-1681.6854902055909	55.101086836826468	483751	600000	0	0	225.17988861875901	493.49124461967614	9.2098620309703509
0	4	4	200	9	17221915655450340129	73	36501	37000	500	500	-1762.7213007457774	52.979608935989859	482168	600000	0	0	242.01887707284962	496.63286642328791	10.092095165026137
0	4	4	200	9	17221915655450340129	74	37001	37500	500	500	-1699.3005030569514	52.575837857485674	481209	600000	0	0	245.76873403312817	484.19288223634254	15.711534392194752
0	4	4	200	9	17221915655450340129	75	37501	38000	500	500	-1730.1286678950073	51.519691552950256	481797	600000	0	0	262.71923436240786	497.49333437137165	10.160817841910216
0	4	4	200	9	17221915655450340129	76	38001	38500	500	500	-1744.2854463342264	52.924554711118546	481359	600000	0	0	255.26353677880704	490.2017241726187	5.9593588751606594
0	4	4	200	9	17221915655450340129	77	38501	39000	500	500	-1723.68211373998	53.269317538836184	483173	600000	0	0	228.71487617994094	503.69905595683593	10.771373038027203
0	4	4	200	9	17221915655450340129	78	39001	39500	500	500	-1797.809394062969	55.508355669886726	484114	600000	0	0	254.83782120296055	512.52442055082861	5.8032123992125966
0	4	4	200	9	17221915655450340129	79	39501	40000	500	500	-1801.9530670688248	56.407150600803604	483399	600000	0	0	274.03966361305709	516.25570865201621	3.9473009741299374
0	4	4	200	9	17221915655450340129	80	40001	40500	500	500	-1758.5174190491532	53.035721134575418	482352	600000	0	0	258.50149435093334	501.68201991915498	10.177375231328051
0	4	4	200	9	17221915655450340129	81	40501	41000	500	500	-1732.3868559948451	52.298315086661994	483927	600000	0	0	260.9563859076535	490.21193364990523	7.8176550524864714
0	4	4	200	9	17221915655450340129	82	41001	41500	500	500	-1771.9758421297963	53.288365164796446	482109	600000	0	0	259.43517632019143	496.81402433621918	9.7806150185930143
0	4	4	200	9	17221915655450340129	83	41501	42000	500	500	-1716.6158488973549	53.452464653807198	484397	600000	0	0	240.93098075616899	487.13413458617964	9.4062614128507036
0	4	4	200	9	17221915655450340129	84	42001	42500	500	500	-1688.6431513997027	52.166952136559047	482337	600000	0	0	245.4198357342392	462.40147781967232	10.878607331221925
0	4	4	200	9	17221915655450340129	85	42501	43000	500	500	-1700.5581714750842	52.256407420306289	482158	600000	0	0	228.37464567654709	555.1925646296387	12.351356579360719
0	4	4	200	9	17221915655450340129	86	43001	43500	500	500	-1685.6598257489968	52.991104091550952	482752	600000	0	0	266.46653464962674	479.13099872178668	6.5129327721959713
0	4	4	200	9	17221915655450340129	87	43501	44000	500	500	-1644.7920718010002	52.650476329867871	483093	600000	0	0	237.74530846597295	451.03296673313571	10.43643380010055
0	4	4	200	9	17221915655450340129	88	44001	44500	500	500	-1775.2051761344619	53.532885673798617	483615	600000	0	0	239.92649415064488	490.35443445519309	4.8319851250567485
0	4	4	200	9	17221915655450340129	89	44501	45000	500	500	-1750.3397668438356	54.795240196960734	483853	600000	0	0	240.60170682717458	500.49716499112691	13.099188063833498
0	4	4	200	9	17221915655450340129	90	45001	45500	500	500	-1670.6803844554925	52.894801432044019	482808	600000	0	0	259.38803869955029	461.66495192581402	9.9628149362351817
0	4	4	200	9	17221915655450340129	91	45501	46000	500	500	-1757.0840738085735	53.986629999448255	482658	600000	0	0	261.05153101860606	493.17050587701749	9.9889799861824571
0	4	4	200	9	17221915655450340129	92	46001	46500	500	500	-1738.4193968227544	53.365639609956652	482061	600000	0	0	258.88233020093247	494.80079096116185	7.7787254390793361
0	4	4	200	9	17221915655450340129	93	46501	47000	500	500	-1728.9401523236868	52.346760991238334	482604	600000	0	0	257.16223217596155	494.28292395864514	11.881505412404069
0	4	4	200	9	17221915655450340129	94	47001	47500	500	500	-1726.5985791043904	52.77494294507899	482858	600000	0	0	258.67785612840333	617.10006763686681	7.4232343214206438
0	4	4	200	9	17221915655450340129	95	47501	48000	500	500	-1719.0642339707827	52.417294710022666	483056	600000	0	0	250.33657528415046	503.48253240144726	10.328877383424933
0	4	4	200	9	17221915655450340129	96	48001	48500	500	500	-1653.4130399173321	52.51472158754239	482852	600000	0	0	242.1437386366386	468.50211277366782	8.5586244062224033
0	4	4	200	9	17221915655450340129	97	48501	49000	500	500	-1717.9983978709427	52.747958633517456	482891	600000	0	0	250.73514520732547	517.57721184111256	9.8254482582362463
0	4	4	200	9	17221915655450340129	98	49001	49500	500	500	-1768.5118522787473	53.557465421371816	482326	600000	0	0	233.51971725104002	522.58128559910404	10.756920550544915
0	4	4	200	9	17221915655450340129	99	49501	50000	500	500	-1750.7119495382942	54.133752681253441	482879	600000	0	0	247.28477396155094	515.50595371522274	7.5575421496866424
0	4	4	200	10	1185848228322895021	0	1	500	500	500	-1767.7660833134053	54.927887051681473	482995	600000	0	0	253.51122582853128	545.34332552295189	6.5237837892664459
0	4	4	200	10	1185848228322895021	1	501	1000	500	500	-1751.6833025539554	52.76607069548556	481916	600000	0	0	276.04004031390281	491.53336290492706	5.1576379411021787
0	4	4	200	10	1185848228322895021	2	1001	1500	500	500	-1766.1688146014114	52.986765234685812	483300	600000	0	0	249.12582270992965	515.93380332743311	9.8649514098841493
0	4	4	200	10	1185848228322895021	3	1501	2000	500	500	-1657.0355937955662	53.272895432922446	482726	600000	0	0	243.28630485955932	459.02347680832747	7.0755639331999172
0	4	4	200	10	1185848228322895021	4	2001	2500	500	500	-1752.4875031893278	50.759063111887414	481568	600000	0	0	242.83972276916066	501.6584846820557	17.97687084195131
0	4	4	200	10	1185848228322895021	5	2501	3000	500	500	-1699.8966925923387	52.084357662969623	482723	600000	0	0	254.95113192523709	471.22071862346263	13.71202106742097
0	4	4	200	10	1185848228322895021	6	3001	3500	500	500	-1734.347810533277	51.726368035489301	483213	600000	0	0	259.93626417453663	479.38516488609679	11.407435046919378
0	4	4	200	10	1185848228322895021	7	3501	4000	500	500	-1840.6425790227684	54.866960922854759	484285	600000	0	0	257.98622089650206	509.59209500266593	7.1963025306912201
0	4	4	200	10	1185848228322895021	8	4001	4500	500	500	-1714.1282411432148	52.363175180726017	482001	600000	0	0	245.73428754515857	527.36770915939962	13.963305285413194
0	4	4	200	10	1185848228322895021	9	4501	5000	500	500	-1711.5688315591206	52.590197984181671	482539	600000	0	0	239.19036145278363	526.83765442572076	15.872305438889383
0	4	4	200	10	1185848228322895021	10	5001	5500	500	500	-1633.338169008839	53.999100926368264	482133	600000	0	0	250.45992268137857	436.94943160829689	7.5406595716637028
0	4	4	200	10	1185848228322895021	11	5501	6000	500	500	-1727.1754306989865	54.613163587050821	484001	600000	0	0	253.87819479534667	538.71831040596976	6.7409758270781674
0	4	4	200	10	1185848228322895021	12	6001	6500	500	500	-1722.4565142814524	53.278156077761615	482554	600000	0	0	248.31766092224288	528.72398714828171	8.2322294236945179
0	4	4	200	10	1185848228322895021	13	6501	7000	500	500	-1732.8587281067657	53.03075314352332	481788	600000	0	0	238.19448206286171	476.88277515639885	9.9051925489232922
0	4	4	200	10	1185848228322895021	14	7001	7500	500	500	-1734.1301489213449	53.724587524367074	483384	600000	0	0	233.6631779993786	493.15772377625086	10.517396662792876
0	4	4	200	10	1185848228322895021	15	7501	8000	500	500	-1732.8551406050715	52.727307713458138	482979	600000	0	0	251.88216989176763	486.75383799632851	9.1451864763916895
0	4	4	200	10	1185848228322895021	16	8001	8500	500	500	-1713.8859599611546	52.801008981546666	483079	600000	0	0	251.50207589529032	483.31375276546441	9.3260599195767693
0	4	4	200	10	1185848228322895021	17	8501	9000	500	500	-1795.0890827635783	54.833856033711584	484106	600000	0	0	257.33592378857338	531.27733321624783	8.4841655887009502
0	4	4	200	10	1185848228322895021	18	9001	9500	500	500	-1786.2232338873919	53.831631307687296	482333	600000	0	0	264.42053437543302	517.0381290366978	8.1541377183322794
0	4	4	200	10	1185848228322895021	19	9501	10000	500	500	-1721.9676829248283	53.782907955110836	482040	600000	0	0	254.48326675914663	473.60971069578471	9.0968501100963426
0	4	4	200	10	1185848228322895021	20	10001	10500	500	500	-1736.2806265284235	52.838979036785375	482882	600000	0	0	251.05508926608158	482.34472586478194	13.930208875976541
0	4	4	200	10	1185848228322895021	21	10501	11000	500	500	-1732.1386932593266	53.169464240210857	483006	600000	0	0	260.6421407253905	485.1540992482108	8.1169756952937764
0	4	4	200	10	1185848228322895021	22	11001	11500	500	500	-1648.4743595577997	51.761361893431072	481172	600000	0	0	229.35455170234641	461.93753240007629	15.619041025990843
0	4	4	200	10	1185848228322895021	23	11501	12000	500	500	-1836.6881285986037	54.433913008212194	482589	600000	0	0	240.3109765236145	573.30902252793112	9.6256320138844167
0	4	4	200	10	1185848228322895021	24	12001	12500	500	500	-1781.1428726480531	53.609770759174879	484262	600000	0	0	251.75857170192577	501.29535690370273	5.9467224529850551
0	4	4	200	10	1185848228322895021	25	12501	13000	500	500	-1756.2639033871794	53.628271258464615	482711	600000	0	0	247.25823125248704	510.00187283723602	9.3823875022676333
0	4	4	200	10	1185848228322895021	26	13001	13500	500	500	-1696.3140287655144	53.558161607575919	482575	600000	0	0	248.17069227148241	493.71415371087431	11.136995348343998
0	4	4	200	10	1185848228322895021	27	13501	14000	500	500	-1700.9928217489328	52.578724889586368	482651	600000	0	0	222.1955704651792	481.86927134272872	13.993407700180546
0	4	4	200	10	1185848228322895021	28	14001	14500	500	500	-1712.2164522605606	54.810516603927958	484017	600000	0	0	260.43698075360146	482.36514733810202	8.3276131964816091
0	4	4	200	10	1185848228322895021	29	14501	15000	500	500	-1699.0907387063817	53.806381745130651	483486	600000	0	0	240.62882488399939	489.42989975449098	9.9408878242601091
0	4	4	200	10	1185848228322895021	30	15001	15500	500	500	-1734.8894793391557	53.470050758715807	482196	600000	0	0	237.33465645580921	520.7295554565319	8.7910136779000982
0	4	4	200	10	1185848228322895021	31	15501	16000	500	500	-1711.0579887122599	52.057780868809715	482010	600000	0	0	255.6557370268192	492.05865483688592	9.3818847102150329
0	4	4	200	10	1185848228322895021	32	16001	16500	500	500	-1693.1268072381415	51.816674205974614	482893	600000	0	0	263.16951184861142	481.61361594861535	9.6679020350072715
0	4	4	200	10	1185848228322895021	33	16501	17000	500	500	-1687.8400490657805	53.340870921908667	481710	600000	0	0	242.24995354367792	472.35521556079641	13.638146155736949
0	4	4	200	10	1185848228322895021	34	17001	17500	500	500	-1661.9089873124351	52.677022002980451	482296	600000	0	0	236.14767396126368	470.9104758586883	7.1145538296966109
0	4	4	200	10	1185848228322895021	35	17501	18000	500	500	-1718.5887430553316	52.665343674896846	481755	600000	0	0	244.57531510015892	498.83868945659935	13.92614545494358
0	4	4	200	10	1185848228322895021	36	18001	18500	500	500	-1696.4160112661423	51.926298304787352	482309	600000	0	0	258.49356958966285	476.0671201276848	9.929666443281338
0	4	4	200	10	1185848228322895021	37	18501	19000	500	500	-1711.8543191195388	52.510700712539048	481901	600000	0	0	258.68344420198304	471.37604718819551	6.722258587582143
0	4	4	200	10	1185848228322895021	38	19001	19500	500	500	-1725.0551808685123	53.744140712791008	482773	600000	0	0	247.94215892130308	480.40164091224744	5.268136782986744
0	4	4	200	10	1185848228322895021	39	19501	20000	500	500	-1798.7413085568587	53.779526831861368	482220	600000	0	0	260.10115428050159	524.83527454339662	8.7719082919639693
0	4	4	200	10	1185848228322895021	40	20001	20500	500	500	-1817.245524367411	54.27515921885233	483486	600000	0	0	238.09510629780942	544.49747343772117	7.3667806753164395
0	4	4	200	10	1185848228322895021	41	20501	21000	500	500	-1761.1569747050435	52.566028875983186	483099	600000	0	0	263.8011408906209	493.81432713324074	10.176303636287711
0	4	4	200	10	1185848228322895021	42	21001	21500	500	500	-1634.8383985616783	51.528494444843545	481420	600000	0	0	242.18760899999705	572.6698215871545	10.901360180191036
0	4	4	200	10	1185848228322895021	43	21501	22000	500	500	-1843.5421345617196	54.163455473416626	483041	600000	0	0	247.25141030301512	519.12858127813161	7.025460891740388
0	4	4	200	10	1185848228322895021	44	22001	22500	500	500	-1745.8929424114465	53.213904685182293	483056	600000	0	0	244.48825018563369	502.02653606767575	10.988666034928519
0	4	4	200	10	1185848228322895021	45	22501	23000	500	500	-1695.6765466950101	52.167219172129869	480843	600000	0	0	264.04556048316584	468.97519655769986	13.357266365180278
0	4	4	200	10	1185848228322895021	46	23001	23500	500	500	-1718.5153106004693	53.582671566180863	482697	600000	0	0	257.81537449275805	482.58276952131041	12.245314475996704
0	4	4	200	10	1185848228322895021	47	23501	24000	500	500	-1714.9298338689955	53.490003396420548	482437	600000	0	0	233.29703585470955	478.14437181799536	14.443745795261252
0	4	4	200	10	1185848228322895021	48	24001	24500	500	500	-1767.6927376868068	54.712592415340183	483901	600000	0	0	252.77407908315126	484.24617479498698	4.8927798239353626
0	4	4	200	10	1185848228322895021	49	24501	25000	500	500	-1803.7344192147359	53.767390613336694	481987	600000	0	0	243.72984727294315	496.09560729504688	7.0448081162678085
0	4	4	200	10	1185848228322895021	50	25001	25500	500	500	-1795.2589123282862	52.434001577346393	482064	600000	0	0	266.06823583303708	520.95602370883125	8.6063770221557352
0	4	4	200	10	1185848228322895021	51	25501	26000	500	500	-1728.1493093934957	52.496857792408122	482324	600000	0	0	253.97405951682455	498.06815179777425	14.554214028804987
0	4	4	200	10	1185848228322895021	52	26001	26500	500	500	-1762.8193869531801	53.534913581184973	483262	600000	0	0	246.05895414189553	529.65215081101417	6.8797626795853128
0	4	4	200	10	1185848228322895021	53	26501	27000	500	500	-1733.1744616513274	53.394001752647036	482362	600000	0	0	250.67102009050762	491.2003714693513	14.565175749646455
0	4	4	200	10	1185848228322895021	54	27001	27500	500	500	-1837.0403705759327	54.674439785161375	483458	600000	0	0	255.01114211186842	504.65698306368876	8.5430485771974958
0	4	4	200	10	1185848228322895021	55	27501	28000	500	500	-1789.6456255951039	53.866584268107452	483069	600000	0	0	239.57674940560929	526.32392563487986	8.6009127179476046
0	4	4	200	10	1185848228322895021	56	28001	28500	500	500	-1707.7285804772614	52.655307004147559	482549	600000	0	0	260.36049060326741	497.24697620939395	3.4625930174281345
0	4	4	200	10	1185848228322895021	57	28501	29000	500	500	-1690.7983625769311	53.159478132059377	483445	600000	0	0	237.28245561964829	482.37643116801121	7.8519125329748611
0	4	4	200	10	1185848228322895021	58	29001	29500	500	500	-1668.8879839529081	53.05519650569601	481941	600000	0	0	231.48221108339283	467.28315990637077	11.683633335924416
0	4	4	200	10	1185848228322895021	59	29501	30000	500	500	-1786.5245850810677	54.70632567812234	482515	600000	0	0	258.96839105805259	533.62195585813947	6.0284799008499537
0	4	4	200	10	1185848228322895021	60	30001	30500	500	500	-1804.1084694132396	54.137212599731043	484608	600000	0	0	254.22937631882715	527.64581517024794	3.5149144697833479
0	4	4	200	10	1185848228322895021	61	30501	31000	500	500	-1746.7053898055012	54.882920083985169	483987	600000	0	0	244.76304004709664	520.05297002451823	8.592739456539503
0	4	4	200	10	1185848228322895021	62	31001	31500	500	500	-1693.977006922516	53.018398160138709	481991	600000	0	0	248.61807880627916	482.39287891985026	11.531185260590389
0	4	4	200	10	1185848228322895021	63	31501	32000	500	500	-1759.7560342872405	54.092894868638808	483541	600000	0	0	267.40077850172554	503.72594388589772	4.5783361751591132
0	4	4	200	10	1185848228322895021	64	32001	32500	500	500	-1675.4347099645531	53.666432354543176	483866	600000	0	0	233.69131455345811	457.46769306727646	7.3178967167844062
0	4	4	200	10	1185848228322895021	65	32501	33000	500	500	-1675.9912614915177	52.494266338006064	482761	600000	0	0	267.56735667360596	489.19074972831743	11.698856215312748
0	4	4	200	10	1185848228322895021	66	33001	33500	500	500	-1788.1985884211736	52.518990797378827	482155	600000	0	0	266.8147540217177	497.98231234742798	8.66038751602545
0	4	4	200	10	1185848228322895021	67	33501	34000	500	500	-1748.4986928468234	53.75343248155766	483615	600000	0	0	266.64438955855314	499.33538598794229	5.0319497243979594
0	4	4	200	10	1185848228322895021	68	34001	34500	500	500	-1730.4646004587548	53.431156479644926	482008	600000	0	0	235.85540023662483	534.15121668580593	12.582862121227086
0	4	4	200	10	1185848228322895021	69	34501	35000	500	500	-1741.5517552379542	54.545370727275518	482991	600000	0	0	232.35877921638189	513.47123105789012	11.438007228089056
0	4	4	200	10	1185848228322895021	70	35001	35500	500	500	-1686.4258138690586	52.813631488025372	482686	600000	0	0	259.12362645746737	503.52627774456317	9.6183374979156486
0	4	4	200	10	1185848228322895021	71	35501	36000	500	500	-1752.8356731331367	53.689611121952169	481854	600000	0	0	252.53672167799544	503.79531592029849	9.4334934628650444
0	4	4	200	10	1185848228322895021	72	36001	36500	500	500	-1776.4489927212928	52.667773248932704	482227	600000	0	0	232.04964231847845	531.51218287912366	11.988989580905384
0	4	4	200	10	1185848228322895021	73	36501	37000	500	500	-1663.3190643068765	51.60119325384025	481332	600000	0	0	273.17859353305977	453.21253384430167	11.470208686571883
0	4	4	200	10	1185848228322895021	74	37001	37500	500	500	-1778.8025999924052	55.081355873085833	483837	600000	0	0	259.95205387629824	506.15640838553287	5.1537464219546889
0	4	4	200	10	1185848228322895021	75	37501	38000	500	500	-1703.708145835534	51.944122302628514	481730	600000	0	0	264.95632985705004	468.62691719821726	11.234709076907007
0	4	4	200	10	1185848228322895021	76	38001	38500	500	500	-1746.8396038839267	53.257266986883927	482209	600000	0	0	255.0338558015257	534.58594873078914	6.9508471195931056
0	4	4	200	10	1185848228322895021	77	38501	39000	500	500	-1770.1903312859799	53.344152715784034	483582	600000	0	0	248.07358257373895	553.2088997163745	7.2662867788357435
0	4	4	200	10	1185848228322895021	78	39001	39500	500	500	-1758.0641337805405	53.965357208715609	483500	600000	0	0	258.22981712499399	491.37999834870129	4.8817689571282141
0	4	4	200	10	1185848228322895021	79	39501	40000	500	500	-1723.0090031581246	53.313388902399183	482269	600000	0	0	248.45285234546128	504.02226149630218	8.162257515115245
0	4	4	200	10	1185848228322895021	80	40001	40500	500	500	-1703.6021141728258	52.700692308165664	483338	600000	0	0	257.20313813871911	471.54042548044322	10.641426794185454
0	4	4	200	10	1185848228322895021	81	40501	41000	500	500	-1724.631039405318	51.764693355915512	481853	600000	0	0	258.43533899451444	478.99818530385318	6.4885107988145032
0	4	4	200	10	1185848228322895021	82	41001	41500	500	500	-1799.7254709731449	52.113984773727871	481694	600000	0	0	250.78352102464405	511.84558708217384	13.363130990462716
0	4	4	200	10	1185848228322895021	83	41501	42000	500	500	-1697.2450555272037	52.865948474437708	481557	600000	0	0	245.64571007999649	484.53850075716423	7.6221061368012002
0	4	4	200	10	1185848228322895021	84	42001	42500	500	500	-1707.8741147208545	52.790017611011557	482083	600000	0	0	225.04112184766089	558.1730520096354	12.692635712077019
0	4	4	200	10	1185848228322895021	85	42501	43000	500	500	-1668.6951744789417	51.397260964825229	483011	600000	0	0	239.23527554248741	435.12850276240397	10.912140123519066
0	4	4	200	10	1185848228322895021	86	43001	43500	500	500	-1718.5657348144039	53.647026454971261	482001	600000	0	0	223.75087392283783	495.76947298502927	15.12612468600075
0	4	4	200	10	1185848228322895021	87	43501	44000	500	500	-1739.2999841164913	53.455908856670526	482663	600000	0	0	257.70897027883916	525.06261047951068	8.0656670235498176
0	4	4	200	10	1185848228322895021	88	44001	44500	500	500	-1753.2744280317283	52.680374967409755	484030	600000	0	0	227.59104137969294	521.52885182168905	12.370175910442018
0	4	4	200	10	1185848228322895021	89	44501	45000	500	500	-1700.5724570724149	54.10716225550874	482602	600000	0	0	235.53765599637333	491.8581566999996	8.120615943243914
0	4	4	200	10	1185848228322895021	90	45001	45500	500	500	-1704.0509519785037	55.285067333677986	483837	600000	0	0	242.1004654623496	454.49154507603646	8.917537591157604
0	4	4	200	10	1185848228322895021	91	45501	46000	500	500	-1736.7867474728955	54.532254138436429	482510	600000	0	0	251.60251704720474	509.15659122510476	10.068794418481701
0	4	4	200	10	1185848228322895021	92	46001	46500	500	500	-1780.3618221529232	52.349368862022025	483753	600000	0	0	251.86462864937977	535.59778136396778	12.216911923377348
0	4	4	200	10	1185848228322895021	93	46501	47000	500	500	-1713.8835492853891	53.431933855413575	483452	600000	0	0	217.14131584814695	475.96045049325437	15.588120889170749
0	4	4	200	10	1185848228322895021	94	47001	47500	500	500	-1693.4079200595352	52.312160753381356	482508	600000	0	0	250.34576447090296	461.92953907428961	9.5573080003815747
0	4	4	200	10	1185848228322895021	95	47501	48000	500	500	-1698.343711109578	52.029968063282965	482879	600000	0	0	232.23759307336937	463.50826771539994	10.04461285458467
0	4	4	200	10	1185848228322895021	96	48001	48500	500	500	-1701.1880885520916	52.209400878767291	483493	600000	0	0	259.36306482593818	483.25572233433377	10.541835238141356
0	4	4	200	10	1185848228322895021	97	48501	49000	500	500	-1735.821028474636	53.05664692358598	483405	600000	0	0	273.60717271182244	491.18229947525776	5.0098742482626459
0	4	4	200	10	1185848228322895021	98	49001	49500	500	500	-1804.1856865666414	54.207927567813933	483995	600000	0	0	260.43235215600697	499.81649448710237	6.2094283537701962
0	4	4	200	10	1185848228322895021	99	49501	50000	500	500	-1739.5235816031141	52.171495357196314	482223	600000	0	0	257.85363638583902	524.86883738364395	13.335433524003655
0	4	4	200	11	8273728643925392257	0	1	500	500	500	-1815.7002209054781	50.770128659153109	481548	600000	0	0	243.87678187833589	549.26787622754534	19.347822457304837
0	4	4	200	11	8273728643925392257	1	501	1000	500	500	-1691.9371531464935	51.127283586573405	481498	600000	0	0	248.55396490048147	465.70405600551936	15.48915056205653
0	4	4	200	11	8273728643925392257	2	1001	1500	500	500	-1717.3859392216639	54.390113562008793	484506	600000	0	0	246.5765284050344	476.22325153666606	4.3370669248132261
0	4	4	200	11	8273728643925392257	3	1501	2000	500	500	-1646.9805181582244	51.783520175434916	481648	600000	0	0	245.33706812147375	499.25398813478955	13.396695765537295
0	4	4	200	11	8273728643925392257	4	2001	2500	500	500	-1645.6719117101109	52.167600103285068	481271	600000	0	0	257.74385476534439	454.43033132725327	10.635684068944521
0	4	4	200	11	8273728643925392257	5	2501	3000	500	500	-1735.8784790302766	52.554162457243073	481888	600000	0	0	261.65893682434262	513.41511801455238	12.312950694145185
0	4	4	200	11	8273728643925392257	6	3001	3500	500	500	-1750.5439803174233	53.679129267590746	481991	600000	0	0	224.10567899476706	531.06543337107871	13.130460796577472
0	4	4	200	11	8273728643925392257	7	3501	4000	500	500	-1763.8586246232696	55.394390236460325	484077	600000	0	0	257.40757260515954	490.16549609746869	5.7287320259808183
0	4	4	200	11	8273728643925392257	8	4001	4500	500	500	-1633.7147447223037	53.327686638957658	482199	600000	0	0	236.90911948823754	470.63945667666684	15.093253441542396
0	4	4	200	11	8273728643925392257	9	4501	5000	500	500	-1767.6240563386455	52.340146140617762	482303	600000	0	0	282.16851731395298	478.742666048719	4.5486228420756794
0	4	4	200	11	8273728643925392257	10	5001	5500	500	500	-1673.5827945454657	53.357560998090747	482872	600000	0	0	226.70930030566575	480.03624833752116	17.766509482841322
0	4	4	200	11	8273728643925392257	11	5501	6000	500	500	-1704.7302142379535	53.524008398964583	482040	600000	0	0	254.72145780421062	537.98975305527222	8.9226371545867273
0	4	4	200	11	8273728643925392257	12	6001	6500	500	500	-1799.6273051129363	53.264139961342288	483589	600000	0	0	259.95772033473185	536.28620027438603	5.9440913935982627
0	4	4	200	11	8273728643925392257	13	6501	7000	500	500	-1691.0977229171779	53.938313587166689	482002	600000	0	0	242.12820892042598	485.90847847525089	13.52420174664803
0	4	4	200	11	8273728643925392257	14	7001	7500	500	500	-1713.4596632038647	54.865762216247816	484307	600000	0	0	237.44911920501838	510.32395690237684	9.5592637733251919
0	4	4	200	11	8273728643925392257	15	7501	8000	500	500	-1657.5614311530157	52.254713209128234	480722	600000	0	0	232.46808950057093	474.92413094173571	16.498130930367665
0	4	4	200	11	8273728643925392257	16	8001	8500	500	500	-1769.0891811484271	52.414771197308198	481757	600000	0	0	254.91126595263268	484.63165144958663	7.8740793025126719
0	4	4	200	11	8273728643925392257	17	8501	9000	500	500	-1687.7591812947107	53.22991184353603	484036	600000	0	0	267.28248891308868	453.83692593720559	3.3660606873081873
0	4	4	200	11	8273728643925392257	18	9001	9500	500	500	-1772.903162485173	54.166327104858617	483229	600000	0	0	248.88782912428445	523.199351149682	6.8690702374601313
0	4	4	200	11	8273728643925392257	19	9501	10000	500	500	-1713.3429648380813	51.221504415479814	481068	600000	0	0	256.43355205857546	476.38369172893755	12.043478151695851
0	4	4	200	11	8273728643925392257	20	10001	10500	500	500	-1725.3542038959458	52.93616970560717	482836	600000	0	0	254.54987439295758	496.08362309754619	10.098013621476372
0	4	4	200	11	8273728643925392257	21	10501	11000	500	500	-1713.3898937481306	51.682078975942012	479492	600000	0	0	255.72833759633045	489.6670766799823	13.594489173583906
0	4	4	200	11	8273728643925392257	22	11001	11500	500	500	-1799.1422570075979	55.398930383473321	483689	600000	0	0	248.18855885449881	513.20209264907612	4.1582521947666553
0	4	4	200	11	8273728643925392257	23	11501	12000	500	500	-1689.3558318434716	51.681479908257451	482254	600000	0	0	250.4004127890619	489.66224664051055	10.493988343728306
0	4	4	200	11	8273728643925392257	24	12001	12500	500	500	-1756.4059850179633	53.324015981218054	483449	600000	0	0	254.57899252159643	480.81975406076106	7.2546962997490194
0	4	4	200	11	8273728643925392257	25	12501	13000	500	500	-1694.2132208055905	51.655435479230505	480399	600000	0	0	239.25954998255341	478.62355600350662	11.216945287822517
0	4	4	200	11	8273728643925392257	26	13001	13500	500	500	-1611.3906680720049	50.833377335884016	481646	600000	0	0	226.12097870165792	468.54866978989378	15.123378063443257
0	4	4	200	11	8273728643925392257	27	13501	14000	500	500	-1764.4823230860475	52.729377056709033	482585	600000	0	0	254.26361586329043	502.84244549299785	8.6557039373953213
0	4	4	200	11	8273728643925392257	28	14001	14500	500	500	-1749.1948747959327	52.670744635615307	483294	600000	0	0	262.44883357354263	519.31964357681841	7.9722152704130202
0	4	4	200	11	8273728643925392257	29	14501	15000	500	500	-1725.0644037851634	52.462619178167124	482133	600000	0	0	248.2998291668483	484.68726765492903	10.582342480341349
0	4	4	200	11	8273728643925392257	30	15001	15500	500	500	-1731.8153478824765	53.556895364341614	483323	600000	0	0	251.47989040011083	476.18504869819674	14.78785524126992
0	4	4	200	11	8273728643925392257	31	15501	16000	500	500	-1783.3327735635696	53.202893295176601	482013	600000	0	0	252.82764266090743	532.92768517794207	7.1023491227399296
0	4	4	200	11	8273728643925392257	32	16001	16500	500	500	-1699.5776399203853	52.017605242442592	481710	600000	0	0	227.15952238911109	494.19924032593849	13.620456605713828
0	4	4	200	11	8273728643925392257	33	16501	17000	500	500	-1722.1739435705369	53.752466824883605	484513	600000	0	0	240.04125605148894	475.27088243953546	5.44933562549335
0	4	4	200	11	8273728643925392257	34	17001	17500	500	500	-1695.1574035695251	53.14453510827537	479954	600000	0	0	252.83210601602281	552.28576928105497	10.228236713589235
0	4	4	200	11	8273728643925392257	35	17501	18000	500	500	-1705.1746568021636	52.279422515417572	483998	600000	0	0	247.63625480709939	470.6715310168716	8.5677918130647868
0	4	4	200	11	8273728643925392257	36	18001	18500	500	500	-1795.2210424487446	52.309482763999249	482675	600000	0	0	242.87919505096173	528.84524750087667	8.0868182094468342
0	4	4	200	11	8273728643925392257	37	18501	19000	500	500	-1737.2984973222469	54.480015438733233	481613	600000	0	0	269.28510018537077	520.41650464913732	4.7086718183885239
0	4	4	200	11	8273728643925392257	38	19001	19500	500	500	-1772.6738766715182	54.387556555869878	482425	600000	0	0	262.45788970420506	496.17912522004229	6.5672693237837461
0	4	4	200	11	8273728643925392257	39	19501	20000	500	500	-1786.736842991196	54.313431111648747	482223	600000	0	0	256.89145573232179	523.92561614445515	5.1669625061930704
0	4	4	200	11	8273728643925392257	40	20001	20500	500	500	-1810.4779953929071	53.408424940229871	482369	600000	0	0	285.18869390364102	499.31285495518637	4.4302168529177495
0	4	4	200	11	8273728643925392257	41	20501	21000	500	500	-1729.951464964412	53.595779409976288	483568	600000	0	0	218.41167782160952	480.79973802367607	9.2972901107665429
0	4	4	200	11	8273728643925392257	42	21001	21500	500	500	-1696.0458923938691	52.374287759272228	483277	600000	0	0	245.68763894458314	463.65209671023155	8.5098903281956648
0	4	4	200	11	8273728643925392257	43	21501	22000	500	500	-1721.8861295702504	52.059741442784514	481951	600000	0	0	241.61311711926328	461.46887582612533	10.009358668015937
0	4	4	200	11	8273728643925392257	44	22001	22500	500	500	-1640.7120920371228	51.692484136717219	482448	600000	0	0	249.68890454712718	465.50562404675713	13.061143326019682
0	4	4	200	11	8273728643925392257	45	22501	23000	500	500	-1726.36832689933	54.105653573461069	482884	600000	0	0	239.00759976773645	496.63144320804196	13.380085000371372
0	4	4	200	11	8273728643925392257	46	23001	23500	500	500	-1767.1577196630933	53.49690409328533	483787	600000	0	0	255.92387523826355	486.79040621304387	5.6719400327978979
0	4	4	200	11	8273728643925392257	47	23501	24000	500	500	-1761.6046819793528	53.287885632616081	481995	600000	0	0	242.7851167488042	545.89603293451808	7.1591568212654471
0	4	4	200	11	8273728643925392257	48	24001	24500	500	500	-1716.8320329329269	52.413057171973506	483033	600000	0	0	250.68661877940988	468.68611757683851	12.85949812707271
0	4	4	200	11	8273728643925392257	49	24501	25000	500	500	-1687.7362825778337	53.555890388611893	483245	600000	0	0	244.21357385016671	454.16066730103688	13.291823307352843
0	4	4	200	11	8273728643925392257	50	25001	25500	500	500	-1777.0343931188306	52.616093293614902	482314	600000	0	0	257.70544835102061	517.01279241364853	8.9812035775685306
0	4	4	200	11	8273728643925392257	51	25501	26000	500	500	-1693.9223140135732	51.723057883022442	481545	600000	0	0	239.28340324759751	507.32228869136458	17.852256390396441
0	4	4	200	11	8273728643925392257	52	26001	26500	500	500	-1749.3107930349038	53.49567197530564	483081	600000	0	0	251.89319270943963	533.49023147819207	11.865600439858786
0	4	4	200	11	8273728643925392257	53	26501	27000	500	500	-1706.7539672747159	53.326560862922996	483861	600000	0	0	275.83515447822424	522.57536333303347	8.2119705376499006
0	4	4	200	11	8273728643925392257	54	27001	27500	500	500	-1734.526715526486	54.403423907338571	484276	600000	0	0	228.71798819555843	523.66000780004617	9.5227321057119934
0	4	4	200	11	8273728643925392257	55	27501	28000	500	500	-1689.7358125150874	53.013943169311986	482602	600000	0	0	226.46188974348715	486.46620410474594	12.269335065822068
0	4	4	200	11	8273728643925392257	56	28001	28500	500	500	-1643.21311730908	53.071828268205081	481636	600000	0	0	233.19646582409129	473.67547842840747	13.134368926350458
0	4	4	200	11	8273728643925392257	57	28501	29000	500	500	-1763.8758375571763	53.743189777513727	483313	600000	0	0	270.61997740831691	518.17608856177549	7.2267686730528942
0	4	4	200	11	8273728643925392257	58	29001	29500	500	500	-1756.6632503506196	53.381720098094377	483243	600000	0	0	236.42737585730194	495.3262126752067	10.761037066865258
0	4	4	200	11	8273728643925392257	59	29501	30000	500	500	-1674.5639796473704	52.366122073599037	482066	600000	0	0	237.01144022407436	534.11914799229373	8.0102687075910417
0	4	4	200	11	8273728643925392257	60	30001	30500	500	500	-1721.7011326632189	51.809657069880856	482090	600000	0	0	256.31145353535834	486.57030075577916	12.846042236770678
0	4	4	200	11	8273728643925392257	61	30501	31000	500	500	-1798.8444901156654	54.729849800843908	482171	600000	0	0	214.97075038277512	531.17939452654969	14.437371765527352
0	4	4	200	11	8273728643925392257	62	31001	31500	500	500	-1696.5461481865223	52.515081976967103	482644	600000	0	0	248.84302198082415	458.52567034115066	8.1145627416198725
0	4	4	200	11	8273728643925392257	63	31501	32000	500	500	-1776.1609160986334	55.877290568232006	484357	600000	0	0	241.2708254158855	529.45160330921533	9.4597854484370245
0	4	4	200	11	8273728643925392257	64	32001	32500	500	500	-1843.8493852311578	55.390943650027445	484092	600000	0	0	261.55804955649654	524.57408735083618	3.535727287974332
0	4	4	200	11	8273728643925392257	65	32501	33000	500	500	-1817.6288960853035	53.783190705729254	484000	600000	0	0	275.02778794018275	783.88263280377384	8.153549373315224
0	4	4	200	11	8273728643925392257	66	33001	33500	500	500	-1764.8940519330095	54.625374615775442	482767	600000	0	0	249.72247031083319	469.07142838189395	9.3963480639124697
0	4	4	200	11	8273728643925392257	67	33501	34000	500	500	-1783.5932301629648	54.354129763553416	481814	600000	0	0	250.90498150893387	523.08619418978651	9.866069801034941
0	4	4	200	11	8273728643925392257	68	34001	34500	500	500	-1716.7664488153807	53.434462343290257	483057	600000	0	0	245.06540615550324	483.06088233876898	12.255532129634421
0	4	4	200	11	8273728643925392257	69	34501	35000	500	500	-1732.2078604187043	55.691837890311795	483519	600000	0	0	254.14074358355535	483.90861482513401	7.571678553491096
0	4	4	200	11	8273728643925392257	70	35001	35500	500	500	-1731.3747562855192	54.236345785092034	482213	600000	0	0	242.61706664335034	550.11565139116226	9.9263229081424615
0	4	4	200	11	8273728643925392257	71	35501	36000	500	500	-1776.8644125410233	53.243440299042007	483707	600000	0	0	250.65117173326635	479.01401136691464	8.37939165330463
0	4	4	200	11	8273728643925392257	72	36001	36500	500	500	-1688.7524105286818	53.340300881125692	482496	600000	0	0	241.36923044307144	452.80265344626332	8.5582922723713413
0	4	4	200	11	8273728643925392257	73	36501	37000	500	500	-1715.3149254376035	52.635147757155643	481288	600000	0	0	269.25223500376563	464.13876787811881	8.1662451422734801
0	4	4	200	11	8273728643925392257	74	37001	37500	500	500	-1809.5986886164274	53.588040477335525	482208	600000	0	0	272.0518141739405	497.95685284760265	6.1442752586385767
0	4	4	200	11	8273728643925392257	75	37501	38000	500	500	-1735.8116134314412	55.168980711659295	483254	600000	0	0	249.42061367488705	509.12298032454277	8.6591501819291796
0	4	4	200	11	8273728643925392257	76	38001	38500	500	500	-1763.4314751539132	52.487949537301887	481008	600000	0	0	266.5051518864833	506.75714655049757	9.4316898225483126
0	4	4	200	11	8273728643925392257	77	38501	39000	500	500	-1736.773790990515	53.312481589534244	482984	600000	0	0	256.8670092279977	481.06021957297202	9.9691899315465591
0	4	4	200	11	8273728643925392257	78	39001	39500	500	500	-1767.0609582422592	54.208160732521101	481665	600000	0	0	245.32225578388051	569.99532589279681	10.921470145262473
0	4	4	200	11	8273728643925392257	79	39501	40000	500	500	-1730.8054079569656	54.654134765631525	484221	600000	0	0	262.2383519325885	491.70178455001513	9.1648231149952224
0	4	4	200	11	8273728643925392257	80	40001	40500	500	500	-1714.4208621326898	54.978305687152854	482886	600000	0	0	260.03917223558386	537.67963992855164	5.9362479272810402
0	4	4	200	11	8273728643925392257	81	40501	41000	500	500	-1733.4162958760614	54.084586360602458	483303	600000	0	0	232.10676864236953	514.29023308309729	10.511422965669894
0	4	4	200	11	8273728643925392257	82	41001	41500	500	500	-1710.9750609372147	53.052633660429514	483786	600000	0	0	249.9106839858317	474.87716837799229	8.7109674962135646
0	4	4	200	11	8273728643925392257	83	41501	42000	500	500	-1825.5550692417785	54.420583730724815	482120	600000	0	0	248.6424174566838	536.98275758040279	7.4997069392052529
0	4	4	200	11	8273728643925392257	84	42001	42500	500	500	-1728.1839101214082	52.500205874929222	481017	600000	0	0	228.88476128355407	550.45580713888944	10.710257749481272
0	4	4	200	11	8273728643925392257	85	42501	43000	500	500	-1833.1636042972052	54.930616652763653	483739	600000	0	0	268.95601495132706	517.03357118626934	8.8512851852887824
0	4	4	200	11	8273728643925392257	86	43001	43500	500	500	-1700.0710075440313	52.568254900183675	482694	600000	0	0	243.85860022157235	460.9687270207603	10.250833130472877
0	4	4	200	11	8273728643925392257	87	43501	44000	500	500	-1754.3974030967759	53.974025650286777	483581	600000	0	0	238.66387601136489	503.96504970829943	11.807564222747704
0	4	4	200	11	8273728643925392257	88	44001	44500	500	500	-1674.5057054388735	56.097099166087162	483784	600000	0	0	238.24752098430139	452.69318504868454	7.791103113011081
0	4	4	200	11	8273728643925392257	89	44501	45000	500	500	-1717.815157448475	52.818878937202989	481919	600000	0	0	258.08863302554619	479.78560886044045	8.561228167323808
0	4	4	200	11	8273728643925392257	90	45001	45500	500	500	-1655.9032203445684	53.258317507489672	482435	600000	0	0	241.2752785507881	485.93705839387519	7.4148452772641651
0	4	4	200	11	8273728643925392257	91	45501	46000	500	500	-1751.4441833945234	54.364594237152048	483652	600000	0	0	266.14013991626922	479.25372331060049	3.187469064902746
0	4	4	200	11	8273728643925392257	92	46001	46500	500	500	-1721.7643761429413	52.378100275664416	483187	600000	0	0	269.35908754207702	756.07930712519044	8.645792282087271
0	4	4	200	11	8273728643925392257	93	46501	47000	500	500	-1719.9745079754282	53.050725561321983	482828	600000	0	0	241.92401292158243	471.44021763424502	9.1903668069132749
0	4	4	200	11	8273728643925392257	94	47001	47500	500	500	-1780.4162142380535	54.529244525302218	482588	600000	0	0	236.10017100128547	496.84847044730003	9.9400374500700845
0	4	4	200	11	8273728643925392257	95	47501	48000	500	500	-1745.0189049071755	52.359868930244396	481662	600000	0	0	253.82862393200546	521.14536732176714	10.002410115975318
0	4	4	200	11	8273728643925392257	96	48001	48500	500	500	-1733.4325948840251	53.305638561082354	483314	600000	0	0	250.28599054784758	539.74824839678615	9.7459405801082468
0	4	4	200	11	8273728643925392257	97	48501	49000	500	500	-1752.6105053075432	54.647945114444575	481468	600000	0	0	228.05499144481374	498.4462350287601	9.9885706075575129
0	4	4	200	11	8273728643925392257	98	49001	49500	500	500	-1729.320185371284	51.891446212946953	481373	600000	0	0	232.16890500776356	652.13508003182835	20.020438644455272
0	4	4	200	11	8273728643925392257	99	49501	50000	500	500	-1703.5034805485082	52.14370520143467	481107	600000	0	0	223.96084017751699	484.39901704022117	14.187638535503481
0	4	4	200	12	7271388728080204309	0	1	500	500	500	-1689.5770274543233	53.088231764301199	482655	600000	0	0	251.4916304646585	464.13743950785778	9.6711464236144806
0	4	4	200	12	7271388728080204309	1	501	1000	500	500	-1747.4281069422	53.606595982829241	484122	600000	0	0	258.7415084841324	478.80995184489939	5.6386611641463542
0	4	4	200	12	7271388728080204309	2	1001	1500	500	500	-1794.7095620574346	53.733084236914259	483347	600000	0	0	258.96976311093988	490.41123146404732	8.3129316606078056
0	4	4	200	12	7271388728080204309	3	1501	2000	500	500	-1693.7648366865908	53.777756296640163	483660	600000	0	0	248.82891759471894	491.50616738244304	12.071967759859147
0	4	4	200	12	7271388728080204309	4	2001	2500	500	500	-1764.7163613421785	54.393994819862534	483568	600000	0	0	244.77071770746946	510.72664143432343	10.219120916503627
0	4	4	200	12	7271388728080204309	5	2501	3000	500	500	-1723.3636555801186	53.003772537520369	482659	600000	0	0	247.86256592721136	550.0670166288885	9.6413575375360292
0	4	4	200	12	7271388728080204309	6	3001	3500	500	500	-1685.1262993973639	53.462764480215057	482183	600000	0	0	238.90781999188667	460.97182145395232	7.9316169484688919
0	4	4	200	12	7271388728080204309	7	3501	4000	500	500	-1728.3367950744591	51.868833195590788	482626	600000	0	0	258.16489368901415	500.9240741877353	10.963916074192507
0	4	4	200	12	7271388728080204309	8	4001	4500	500	500	-1782.9349980694924	53.506992141722215	482072	600000	0	0	240.10026618185782	501.39651346947659	11.549022955587631
0	4	4	200	12	7271388728080204309	9	4501	5000	500	500	-1711.0423199735196	53.700980731976017	483974	600000	0	0	253.88589119840529	489.40363489948538	6.825132546893089
0	4	4	200	12	7271388728080204309	10	5001	5500	500	500	-1736.7825199741931	53.5459430455317	484019	600000	0	0	243.95032777086416	510.25384109900102	10.291516764353041
0	4	4	200	12	7271388728080204309	11	5501	6000	500	500	-1741.3721847175725	53.686192523442905	483523	600000	0	0	241.40377890760638	492.39748402241651	8.2407345135818861
0	4	4	200	12	7271388728080204309	12	6001	6500	500	500	-1812.4122007600831	55.386368999864622	484002	600000	0	0	237.05861925990558	527.97304099195367	12.258670311234411
0	4	4	200	12	7271388728080204309	13	6501	7000	500	500	-1752.9949036859191	51.68031798123473	480927	600000	0	0	262.59175612314817	527.20622651970609	10.70074013077955
0	4	4	200	12	7271388728080204309	14	7001	7500	500	500	-1716.4210647768548	54.382654003649591	480454	600000	0	0	257.3514250997228	472.17608927991898	11.574899057455143
0	4	4	200	12	7271388728080204309	15	7501	8000	500	500	-1697.2566466926839	54.337332442194331	482278	600000	0	0	237.54142934736998	486.02178177169998	11.024566558654067
0	4	4	200	12	7271388728080204309	16	8001	8500	500	500	-1692.4370790346281	53.33407888908998	483905	600000	0	0	244.80333435021572	451.83190231368468	11.422832184229353
0	4	4	200	12	7271388728080204309	17	8501	9000	500	500	-1675.85231782555	51.114835540217463	480868	600000	0	0	233.86694260064414	465.84112062800392	15.807550630789295
0	4	4	200	12	7271388728080204309	18	9001	9500	500	500	-1730.9070373286768	54.786070983596758	482943	600000	0	0	252.35981880549053	484.69541459518655	6.542244705399229
0	4	4	200	12	7271388728080204309	19	9501	10000	500	500	-1750.9864669922379	54.206491685085233	484285	600000	0	0	258.64625827496178	480.01582674871133	6.0608219746262142
0	4	4	200	12	7271388728080204309	20	10001	10500	500	500	-1805.3277595304125	52.780790704178962	482706	600000	0	0	222.77168291112275	553.89266714757969	15.256499783719006
0	4	4	200	12	7271388728080204309	21	10501	11000	500	500	-1779.0794980904145	55.319411680525285	483829	600000	0	0	246.48288374955226	559.47988677292835	10.450026110410928
0	4	4	200	12	7271388728080204309	22	11001	11500	500	500	-1777.1284317847162	53.460466233639508	483583	600000	0	0	258.9959152834985	487.67620990211816	4.9815891021309771
0	4	4	200	12	7271388728080204309	23	11501	12000	500	500	-1691.2460726049767	55.073007145419794	483669	600000	0	0	239.26933937067946	470.04408268569074	8.3102176237877359
0	4	4	200	12	7271388728080204309	24	12001	12500	500	500	-1671.6710059910242	52.738753435109452	481799	600000	0	0	226.70207680459805	463.29438262708283	9.5504072695417701
0	4	4	200	12	7271388728080204309	25	12501	13000	500	500	-1696.2697766708513	53.950188682205102	483648	600000	0	0	247.10782335542893	491.89662655343818	13.525266646395075
0	4	4	200	12	7271388728080204309	26	13001	13500	500	500	-1719.3034332699906	53.018061681049964	482621	600000	0	0	230.19560248420382	502.66955841198774	13.278879519695229
0	4	4	200	12	7271388728080204309	27	13501	14000	500	500	-1776.6447778260108	53.948976907941493	483620	600000	0	0	236.1171230130341	499.29006999203096	6.618644279939887
0	4	4	200	12	7271388728080204309	28	14001	14500	500	500	-1660.723056581583	52.490231980231087	481792	600000	0	0	244.42157832012785	456.79949221712747	7.819683484516819
0	4	4	200	12	7271388728080204309	29	14501	15000	500	500	-1767.7758174011258	54.360483494916039	484492	600000	0	0	248.66760112295952	525.82649980329154	8.8022411337194484
0	4	4	200	12	7271388728080204309	30	15001	15500	500	500	-1747.9264838040158	54.071706226090747	482783	600000	0	0	248.51530242543402	484.148335836044	10.712149446451257
0	4	4	200	12	7271388728080204309	31	15501	16000	500	500	-1745.2086886673883	52.164788710877687	481142	600000	0	0	259.37223604728922	491.05331447599883	11.564770307980783
0	4	4	200	12	7271388728080204309	32	16001	16500	500	500	-1687.8705095820994	52.304223331978669	481668	600000	0	0	243.67905193665538	469.03908088232993	8.3189269135298858
0	4	4	200	12	7271388728080204309	33	16501	17000	500	500	-1777.6977289934619	53.936066487977044	482791	600000	0	0	274.9896316296938	483.40430641006753	5.0642764656363433
0	4	4	200	12	7271388728080204309	34	17001	17500	500	500	-1700.3008532187948	53.16964433038811	482521	600000	0	0	257.23816721667021	481.21334434807557	9.3725252634026077
0	4	4	200	12	7271388728080204309	35	17501	18000	500	500	-1671.4766757636803	52.092283714133394	481160	600000	0	0	241.18321577490769	462.85240288691818	16.224445227037489
0	4	4	200	12	7271388728080204309	36	18001	18500	500	500	-1724.5011703948942	52.191426157367999	481520	600000	0	0	255.97376078818138	486.5321851449994	11.182075205995094
0	4	4	200	12	7271388728080204309	37	18501	19000	500	500	-1690.2626020146629	53.21708713404086	481728	600000	0	0	261.35946319978063	462.90375680305124	9.3417065132551933
0	4	4	200	12	7271388728080204309	38	19001	19500	500	500	-1715.8850184934718	53.498413472916852	483484	600000	0	0	239.54622064923049	471.10617427361012	12.484223602379942
0	4	4	200	12	7271388728080204309	39	19501	20000	500	500	-1671.8683651706149	51.62121912680302	480894	600000	0	0	247.48502845391931	552.31020505121569	15.219627540803861
0	4	4	200	12	7271388728080204309	40	20001	20500	500	500	-1770.1454209289329	54.434307754381955	483269	600000	0	0	242.41804253640731	511.3540009852963	9.7210010117356749
0	4	4	200	12	7271388728080204309	41	20501	21000	500	500	-1697.03002048286	52.439966067858165	482773	600000	0	0	251.05671911815233	480.60028489304199	6.5477735708883307
0	4	4	200	12	7271388728080204309	42	21001	21500	500	500	-1766.862383321615	52.481221512865716	481257	600000	0	0	271.95954424762226	506.45680061331763	12.373921701551957
0	4	4	200	12	7271388728080204309	43	21501	22000	500	500	-1661.7622481533699	52.18415605673426	480992	600000	0	0	244.40230606797536	460.8786543201399	10.285181608145095
0	4	4	200	12	7271388728080204309	44	22001	22500	500	500	-1742.9922676475933	55.276324816480013	483318	600000	0	0	253.0579902014475	522.77486253746838	5.2117320149225614
0	4	4	200	12	7271388728080204309	45	22501	23000	500	500	-1762.6287975874889	52.905486700487238	481712	600000	0	0	274.67123312040098	477.55476227447559	8.8836798746436809
0	4	4	200	12	7271388728080204309	46	23001	23500	500	500	-1752.5514407137937	53.585807027824032	482853	600000	0	0	253.98277469916627	508.99031803338005	8.089408174997434
0	4	4	200	12	7271388728080204309	47	23501	24000	500	500	-1685.1349700900814	51.939479973272135	483114	600000	0	0	243.265907545511	477.65224670103299	12.354145482898478
0	4	4	200	12	7271388728080204309	48	24001	24500	500	500	-1740.2620930386502	54.599383315699455	482871	600000	0	0	247.36731903817773	471.0871443502599	7.4911160129186376
0	4	4	200	12	7271388728080204309	49	24501	25000	500	500	-1708.3422877082824	53.854079887071613	483726	600000	0	0	254.38430799958016	478.52130203668844	6.8774390293669017
0	4	4	200	12	7271388728080204309	50	25001	25500	500	500	-1748.2958298420924	53.100237316148366	483087	600000	0	0	247.21512509413753	543.58862966711604	6.0347688331007436
0	4	4	200	12	7271388728080204309	51	25501	26000	500	500	-1633.7777285059051	50.96031634515402	480430	600000	0	0	233.57360184829443	445.81489753786832	14.333396430139867
0	4	4	200	12	7271388728080204309	52	26001	26500	500	500	-1760.8681853752994	52.557615954417486	482304	600000	0	0	254.15337357765267	489.08372010428576	7.9198787850628261
0	4	4	200	12	7271388728080204309	53	26501	27000	500	500	-1716.6507239424918	54.57758905412588	484371	600000	0	0	229.37040689120667	495.23747428372423	7.0032236365344263
0	4	4	200	12	7271388728080204309	54	27001	27500	500	500	-1767.8763324823419	54.872521663268593	483285	600000	0	0	257.68737483198055	500.89378926353987	6.5579298201243548
0	4	4	200	12	7271388728080204309	55	27501	28000	500	500	-1711.4000883057311	53.956799490560584	481826	600000	0	0	232.11855554149307	477.96174890283947	14.297995934496184
0	4	4	200	12	7271388728080204309	56	28001	28500	500	500	-1762.9921190908519	54.44626267517522	482384	600000	0	0	227.51864248163687	519.20329747205983	11.845460846020552
0	4	4	200	12	7271388728080204309	57	28501	29000	500	500	-1841.7274693650716	53.617614641032347	481447	600000	0	0	267.18875131305668	570.58036770249157	10.782785637692944
0	4	4	200	12	7271388728080204309	58	29001	29500	500	500	-1666.3954294807129	52.337266236473482	482211	600000	0	0	246.06985994051871	478.6047016594469	9.5610248926543733
0	4	4	200	12	7271388728080204309	59	29501	30000	500	500	-1720.733133414735	53.849307571574521	482792	600000	0	0	240.76186478496223	493.76972889515918	8.6114480697433091
0	4	4	200	12	7271388728080204309	60	30001	30500	500	500	-1774.8659803011492	54.401808709893864	482705	600000	0	0	261.84567659913699	518.23567558754633	4.3173350074926358
0	4	4	200	12	7271388728080204309	61	30501	31000	500	500	-1751.5287857935805	52.485227562822864	481347	600000	0	0	270.04249456426157	474.01918223749243	6.4817563157650655
0	4	4	200	12	7271388728080204309	62	31001	31500	500	500	-1767.825394123669	54.031514526925122	483319	600000	0	0	249.6529471247365	547.51765909227515	8.1306634410442555
0	4	4	200	12	7271388728080204309	63	31501	32000	500	500	-1759.8883873025904	53.983583245991412	482790	600000	0	0	254.0866379459566	511.98205933115065	9.0180547692125366
0	4	4	200	12	7271388728080204309	64	32001	32500	500	500	-1703.6220119344855	50.900495689394198	482239	600000	0	0	272.26679228580514	441.72111441583934	4.2731428396255708
0	4	4	200	12	7271388728080204309	65	32501	33000	500	500	-1720.0178915666074	51.785741693297744	480901	600000	0	0	237.67015131648165	509.1514022615695	19.45967531184715
0	4	4	200	12	7271388728080204309	66	33001	33500	500	500	-1766.7627907367771	53.446696982353544	482807	600000	0	0	225.09084041840336	544.66073941168486	10.91546634399824
0	4	4	200	12	7271388728080204309	67	33501	34000	500	500	-1766.4390914467099	54.694149595770661	485464	600000	0	0	259.12444744713844	483.55261214706218	4.2719480900672107
0	4	4	200	12	7271388728080204309	68	34001	34500	500	500	-1685.1065103913666	52.818314578963225	482782	600000	0	0	219.52425764919857	475.98850681570809	13.817955399564315
0	4	4	200	12	7271388728080204309	69	34501	35000	500	500	-1701.1077745909165	53.191585155815609	482495	600000	0	0	248.18297551292741	462.30279984545837	6.9819638882909487
0	4	4	200	12	7271388728080204309	70	35001	35500	500	500	-1710.8817291830067	52.394386755329911	481784	600000	0	0	230.16913787910275	475.82209080201062	14.427317939784739
0	4	4	200	12	7271388728080204309	71	35501	36000	500	500	-1714.841556964903	53.369380664869176	483792	600000	0	0	246.14245591523792	487.3732064532598	5.1092908150527254
0	4	4	200	12	7271388728080204309	72	36001	36500	500	500	-1733.3928486631901	54.117146454068852	483837	600000	0	0	252.30139601403155	686.36192674315942	7.977190111685573
0	4	4	200	12	7271388728080204309	73	36501	37000	500	500	-1713.5211313348918	51.54514446090905	482106	600000	0	0	254.59717058457397	521.39962215351704	8.2509064454239471
0	4	4	200	12	7271388728080204309	74	37001	37500	500	500	-1787.9144940027829	54.427969344666977	484320	600000	0	0	250.71642084804816	503.74940942882944	9.2035059667634869
0	4	4	200	12	7271388728080204309	75	37501	38000	500	500	-1730.0721974108146	52.826054218076784	482557	600000	0	0	226.49081640744529	499.90137855582111	9.3688541987753968
0	4	4	200	12	7271388728080204309	76	38001	38500	500	500	-1732.2927057435875	52.094328559532464	483090	600000	0	0	259.45694514487428	481.81129904476501	11.303795476155452
0	4	4	200	12	7271388728080204309	77	38501	39000	500	500	-1738.503069265181	53.883543954538339	482977	600000	0	0	248.52005851950889	488.92791142679636	11.318625327093956
0	4	4	200	12	7271388728080204309	78	39001	39500	500	500	-1686.8706360395174	52.709782511885223	482995	600000	0	0	250.58138644343984	458.15607235966411	8.9488725417073933
0	4	4	200	12	7271388728080204309	79	39501	40000	500	500	-1671.2391790318718	53.405776840162915	483391	600000	0	0	259.33957350908207	435.97155214629691	7.3801155912755849
0	4	4	200	12	7271388728080204309	80	40001	40500	500	500	-1705.1433389089796	53.291013514212324	482952	600000	0	0	256.11759439258657	463.20070101694273	6.0428545331667092
0	4	4	200	12	7271388728080204309	81	40501	41000	500	500	-1694.0953236836344	54.117657198304201	482885	600000	0	0	251.969080002835	457.57493383425361	11.306396274938228
0	4	4	200	12	7271388728080204309	82	41001	41500	500	500	-1714.7352726023835	53.103737155661733	482810	600000	0	0	256.64431266932229	470.8420002886873	9.532623785529573
0	4	4	200	12	7271388728080204309	83	41501	42000	500	500	-1808.0828780213762	51.881804392837722	481754	600000	0	0	228.48010163768865	539.18537246950837	10.040834955604552
0	4	4	200	12	7271388728080204309	84	42001	42500	500	500	-1658.3209387380671	53.422277462552252	482390	600000	0	0	250.40337348531529	456.49116943616571	9.2076540662751807
0	4	4	200	12	7271388728080204309	85	42501	43000	500	500	-1686.0316088195509	51.642051634949787	482021	600000	0	0	260.17096516996469	492.91193956414236	10.45201901745712
0	4	4	200	12	7271388728080204309	86	43001	43500	500	500	-1786.269512974402	54.932465970616796	482737	600000	0	0	251.01216033168467	508.74376245782332	9.1326884384896836
0	4	4	200	12	7271388728080204309	87	43501	44000	500	500	-1739.9650362481159	53.886498863837282	482771	600000	0	0	247.09524440107458	514.27602516167701	9.3142241926345832
0	4	4	200	12	7271388728080204309	88	44001	44500	500	500	-1755.6599397181787	53.550072641092861	482725	600000	0	0	241.88194663250874	492.40007577896858	8.838451879731636
0	4	4	200	12	7271388728080204309	89	44501	45000	500	500	-1765.5569484726484	53.852194108955821	483451	600000	0	0	253.47103948811178	492.40194164228234	10.915970406471745
0	4	4	200	12	7271388728080204309	90	45001	45500	500	500	-1769.9974412277322	54.265686316628951	483116	600000	0	0	245.20943534572058	514.98260696970999	6.7899258983549471
0	4	4	200	12	7271388728080204309	91	45501	46000	500	500	-1701.0119868273594	52.092807274665184	481870	600000	0	0	267.96551268435866	458.46527167779078	9.4490670776511934
0	4	4	200	12	7271388728080204309	92	46001	46500	500	500	-1675.494021005293	53.254590797015304	482355	600000	0	0	252.93784520184968	485.79558086124285	7.0410702116959802
0	4	4	200	12	7271388728080204309	93	46501	47000	500	500	-1773.4695789459042	55.233443297945698	484156	600000	0	0	259.36506118196968	499.14443109982267	6.9926243096668577
0	4	4	200	12	7271388728080204309	94	47001	47500	500	500	-1749.8194817133965	53.248343231139685	482228	600000	0	0	268.18485627158634	468.42714791929808	4.1380578404588659
0	4	4	200	12	7271388728080204309	95	47501	48000	500	500	-1709.307456616712	50.661281274255884	481328	600000	0	0	249.39901653330881	498.53788728813879	12.644204506049668
0	4	4	200	12	7271388728080204309	96	48001	48500	500	500	-1734.3950681327462	52.448787355707161	483438	600000	0	0	278.05213196372063	477.45952286122184	8.4948048279350665
0	4	4	200	12	7271388728080204309	97	48501	49000	500	500	-1646.2084834644363	53.495844051313533	481516	600000	0	0	257.14542469825739	456.1967281456802	8.4522091090349978
0	4	4	200	12	7271388728080204309	98	49001	49500	500	500	-1715.648978628366	52.391298821008775	481337	600000	0	0	259.36358105532867	471.13122452057826	7.3567533975213966
0	4	4	200	12	7271388728080204309	99	49501	50000	500	500	-1749.5387791837279	53.314145965571157	482534	600000	0	0	249.18716684363855	474.54693597492496	9.1039491299248887
0	4	4	200	13	17562701141644044194	0	1	500	500	500	-1672.7613239450116	50.703297511380491	481501	600000	0	0	284.46639638166448	455.37717769189322	9.7299231492287941
0	4	4	200	13	17562701141644044194	1	501	1000	500	500	-1733.4699629083498	52.914073536079989	481821	600000	0	0	240.70914029697491	486.89454701227174	9.430336799775807
0	4	4	200	13	17562701141644044194	2	1001	1500	500	500	-1775.3727083214712	52.116096666320111	481728	600000	0	0	256.33024971881082	497.55922130460198	9.2693045791953335
0	4	4	200	13	17562701141644044194	3	1501	2000	500	500	-1705.0716690084232	53.443836820027855	482696	600000	0	0	262.46924871667466	534.4571183491704	10.056439518455383
0	4	4	200	13	17562701141644044194	4	2001	2500	500	500	-1742.3813877177656	52.602653876487189	483239	600000	0	0	243.01173121635514	495.31790487354419	9.5930434007788303
0	4	4	200	13	17562701141644044194	5	2501	3000	500	500	-1798.42299709852	54.707715677295106	483296	600000	0	0	247.3274787134813	503.7279590609478	10.67354830124699
0	4	4	200	13	17562701141644044194	6	3001	3500	500	500	-1714.9753022608134	52.921438335734464	482475	600000	0	0	245.17641286614722	469.2017052443486	10.725377352099821
0	4	4	200	13	17562701141644044194	7	3501	4000	500	500	-1710.1141944214075	54.080500829235895	483363	600000	0	0	239.98967228943488	489.10511230746198	8.1186665416374524
0	4	4	200	13	17562701141644044194	8	4001	4500	500	500	-1698.4979616729431	53.205449475816003	484097	600000	0	0	259.9258995116316	479.68804782295291	11.556676246799327
0	4	4	200	13	17562701141644044194	9	4501	5000	500	500	-1719.9362491440518	53.271614839690457	482444	600000	0	0	270.74113701658433	509.98043800206398	3.8216710813893404
0	4	4	200	13	17562701141644044194	10	5001	5500	500	500	-1728.7892192141323	52.166503767488152	482656	600000	0	0	267.55131462364682	479.29905527337536	9.3573064238807326
0	4	4	200	13	17562701141644044194	11	5501	6000	500	500	-1676.9961317164702	50.609333165285456	481343	600000	0	0	234.80546032607523	650.83394939907328	13.279855320676139
0	4	4	200	13	17562701141644044194	12	6001	6500	500	500	-1713.832210893434	54.83563191249474	482389	600000	0	0	245.2283060432807	468.99106132899226	12.122443659574046
0	4	4	200	13	17562701141644044194	13	6501	7000	500	500	-1758.5932002828008	53.529744201942499	482786	600000	0	0	265.59347117044115	510.80782261615042	6.3995119741435778
0	4	4	200	13	17562701141644044194	14	7001	7500	500	500	-1766.2981497475362	52.163616679383153	480882	600000	0	0	254.07752782936828	503.62604099393343	10.161199063302339
0	4	4	200	13	17562701141644044194	15	7501	8000	500	500	-1743.6866334158706	53.668486203923393	482294	600000	0	0	236.14297055663519	524.97371957531061	12.168398125273599
0	4	4	200	13	17562701141644044194	16	8001	8500	500	500	-1771.379262464493	54.736677740305225	482767	600000	0	0	247.97225198083993	510.40122528422722	7.6069311932530006
0	4	4	200	13	17562701141644044194	17	8501	9000	500	500	-1711.0353894749599	53.527814485184514	482777	600000	0	0	247.52118699936528	544.24080308755254	8.1148239056621261
0	4	4	200	13	17562701141644044194	18	9001	9500	500	500	-1730.0020623746418	51.482630185454759	482661	600000	0	0	240.52549112875016	485.41681085094393	3.5894170929600331
0	4	4	200	13	17562701141644044194	19	9501	10000	500	500	-1797.5087492592061	51.494665931740371	481374	600000	0	0	276.64827343703172	528.7608680436673	10.358030320987419
0	4	4	200	13	17562701141644044194	20	10001	10500	500	500	-1757.9462716578714	55.053825539555987	483765	600000	0	0	247.01982634797042	497.7662333020196	11.481965612386784
0	4	4	200	13	17562701141644044194	21	10501	11000	500	500	-1785.2558572301118	53.993198519636877	483129	600000	0	0	247.87617139924185	573.57182536984351	10.875526841056203
0	4	4	200	13	17562701141644044194	22	11001	11500	500	500	-1771.3388540583778	52.953559986057549	482054	600000	0	0	238.53029560722291	507.81514424698298	9.8820847259391922
0	4	4	200	13	17562701141644044194	23	11501	12000	500	500	-1696.2855914413917	53.198437488705558	481820	600000	0	0	247.30109149247605	486.0047002842021	11.501021787374089
0	4	4	200	13	17562701141644044194	24	12001	12500	500	500	-1731.2401047413198	53.806811337353253	481220	600000	0	0	245.93467530331543	494.74668362002285	10.529580844853193
0	4	4	200	13	17562701141644044194	25	12501	13000	500	500	-1827.3978103047052	53.174196216844564	482746	600000	0	0	254.7126209109538	583.57655174892705	7.8116151520468717
0	4	4	200	13	17562701141644044194	26	13001	13500	500	500	-1666.3693413430856	53.546366550344729	482832	600000	0	0	237.74531038347888	466.93796248081998	13.921238840407785
0	4	4	200	13	17562701141644044194	27	13501	14000	500	500	-1725.0152363695058	53.186296741357609	483241	600000	0	0	256.85570693731955	499.59199303591396	5.6723141075712675
0	4	4	200	13	17562701141644044194	28	14001	14500	500	500	-1667.5442964090375	52.4993127419011	482134	600000	0	0	257.59250569490865	455.16824944619469	10.159622030574127
0	4	4	200	13	17562701141644044194	29	14501	15000	500	500	-1738.1373291150064	52.670175456277924	484029	600000	0	0	265.82459161537798	460.60238986437832	6.6647354709170692
0	4	4	200	13	17562701141644044194	30	15001	15500	500	500	-1650.1065004906118	52.112423380568174	482884	600000	0	0	241.31818054022312	450.78749622589208	8.4344083142419706
0	4	4	200	13	17562701141644044194	31	15501	16000	500	500	-1750.3313954549997	55.487068986945744	485147	600000	0	0	246.13831779010343	506.28094863237681	5.744018668058815
0	4	4	200	13	17562701141644044194	32	16001	16500	500	500	-1694.533293812791	51.374212571783282	481410	600000	0	0	256.75862572897	562.17350466069172	15.791655402736865
0	4	4	200	13	17562701141644044194	33	16501	17000	500	500	-1744.8566624666346	53.403286723129696	483748	600000	0	0	253.69142290634423	498.16951257387569	12.554115704617798
0	4	4	200	13	17562701141644044194	34	17001	17500	500	500	-1656.7754063885673	51.748312497510128	481596	600000	0	0	236.74576484120232	464.53733257513983	10.139605598508521
0	4	4	200	13	17562701141644044194	35	17501	18000	500	500	-1695.8688625685991	53.420920638315224	482724	600000	0	0	250.59550920860548	484.13451860561179	9.2818121903146444
0	4	4	200	13	17562701141644044194	36	18001	18500	500	500	-1785.5860412914292	55.426764910075896	483768	600000	0	0	244.7431101364254	517.06280141407206	4.8606519444491738
0	4	4	200	13	17562701141644044194	37	18501	19000	500	500	-1737.4552379507013	54.469693347786034	483050	600000	0	0	235.53114185410345	509.40022746257341	12.80405811742996
0	4	4	200	13	17562701141644044194	38	19001	19500	500	500	-1688.8937673379905	53.540694469734319	482461	600000	0	0	261.20944567844356	445.38283264072737	6.5930264793341991
0	4	4	200	13	17562701141644044194	39	19501	20000	500	500	-1732.2485130816076	53.251064078584953	482756	600000	0	0	270.43871009066004	470.88703949562603	9.2599005163871908
0	4	4	200	13	17562701141644044194	40	20001	20500	500	500	-1768.2542337423815	54.594751251408368	483297	600000	0	0	231.79351250033622	547.39047604447148	9.414532815925126
0	4	4	200	13	17562701141644044194	41	20501	21000	500	500	-1733.3681706408165	53.540603806683961	482807	600000	0	0	257.07029015441896	480.99242021762916	6.2737069644439103
0	4	4	200	13	17562701141644044194	42	21001	21500	500	500	-1663.4400712444301	52.208971065805656	482655	600000	0	0	243.28624995225692	469.82477199785779	11.281144444347383
0	4	4	200	13	17562701141644044194	43	21501	22000	500	500	-1756.2364439343253	54.21802873645305	483872	600000	0	0	255.58124377096851	480.85140100408648	5.3039048968859603
0	4	4	200	13	17562701141644044194	44	22001	22500	500	500	-1717.790338450618	52.905328740654269	482446	600000	0	0	244.73023439747277	535.53455255196263	12.225074634909014
0	4	4	200	13	17562701141644044194	45	22501	23000	500	500	-1708.7442406955731	52.727009498709606	483232	600000	0	0	245.15100096966378	481.56464585261114	11.104732689921875
0	4	4	200	13	17562701141644044194	46	23001	23500	500	500	-1673.6906792719653	51.884718691612775	481053	600000	0	0	263.00544615200749	461.32425238454556	10.194631230101777
0	4	4	200	13	17562701141644044194	47	23501	24000	500	500	-1760.874436216774	53.988968330851009	482823	600000	0	0	243.00372631140428	522.97196278453532	10.151298233841899
0	4	4	200	13	17562701141644044194	48	24001	24500	500	500	-1749.5650803788528	54.111431144992409	483551	600000	0	0	258.06223262525413	492.53889292269025	5.3323249390012215
0	4	4	200	13	17562701141644044194	49	24501	25000	500	500	-1720.5636213908585	53.738517357600983	482500	600000	0	0	256.29605189221201	465.86299758509637	4.0725924356362286
0	4	4	200	13	17562701141644044194	50	25001	25500	500	500	-1781.2683658676026	53.651044831282015	482558	600000	0	0	228.84740117474294	549.04716820123656	13.849836708898664
0	4	4	200	13	17562701141644044194	51	25501	26000	500	500	-1671.405082612494	54.806019500102039	482567	600000	0	0	240.90487288931158	459.11452020690149	7.2015283544347977
0	4	4	200	13	17562701141644044194	52	26001	26500	500	500	-1671.8092540947455	53.454171219826435	483065	600000	0	0	241.1191783332674	486.95531655548422	10.496716688705904
0	4	4	200	13	17562701141644044194	53	26501	27000	500	500	-1719.3658984175024	50.960107172402139	480642	600000	0	0	234.09827351716891	507.21723359314183	14.094236657293454
0	4	4	200	13	17562701141644044194	54	27001	27500	500	500	-1759.325075249639	55.952907535687629	484180	600000	0	0	240.78279179730816	513.12251513213971	7.790552209382378
0	4	4	200	13	17562701141644044194	55	27501	28000	500	500	-1789.9030783853955	55.177222267720126	483349	600000	0	0	259.01356308824313	497.00320610167716	8.5084774510728955
0	4	4	200	13	17562701141644044194	56	28001	28500	500	500	-1760.6494480256715	53.289439017326586	483364	600000	0	0	244.61609302535646	490.94203530886637	8.6321083500691547
0	4	4	200	13	17562701141644044194	57	28501	29000	500	500	-1724.8102559630281	53.594743333418869	482931	600000	0	0	240.88710694744668	481.99873990967285	12.822966919686497
0	4	4	200	13	17562701141644044194	58	29001	29500	500	500	-1680.9826509716402	55.236543446216487	484733	600000	0	0	232.08258863819535	464.58942486371097	11.963507970208441
0	4	4	200	13	17562701141644044194	59	29501	30000	500	500	-1789.0219472575245	52.935290509038929	482606	600000	0	0	261.5823400977369	510.81995413062691	6.9051851570075371
0	4	4	200	13	17562701141644044194	60	30001	30500	500	500	-1656.6520570282999	52.482708650427604	481962	600000	0	0	258.93304820809567	445.57564539119704	10.692224105589002
0	4	4	200	13	17562701141644044194	61	30501	31000	500	500	-1739.0996564876593	52.468539622402403	481842	600000	0	0	264.84202620476827	488.46621727738028	11.398139641184661
0	4	4	200	13	17562701141644044194	62	31001	31500	500	500	-1636.321863623639	52.00665570918612	481362	600000	0	0	245.70540127675642	448.10619643906426	10.85029994860975
0	4	4	200	13	17562701141644044194	63	31501	32000	500	500	-1794.0463502415557	54.212002147991541	482993	600000	0	0	277.54751499992017	490.74336274019242	6.8121566580001742
0	4	4	200	13	17562701141644044194	64	32001	32500	500	500	-1785.3134312595357	53.216294711036625	482750	600000	0	0	243.5304593312724	532.18982447398707	8.3919053866941358
0	4	4	200	13	17562701141644044194	65	32501	33000	500	500	-1770.6410848582818	53.98625821877895	483436	600000	0	0	252.07659063803229	497.2369730061518	7.634707055093461
0	4	4	200	13	17562701141644044194	66	33001	33500	500	500	-1768.274474549869	52.968122810154995	482141	600000	0	0	253.52220389792041	635.79377967941775	12.759891662839987
0	4	4	200	13	17562701141644044194	67	33501	34000	500	500	-1716.7795038622321	51.185105464364106	481905	600000	0	0	257.78807665459374	496.23546766094887	7.8829285732651728
0	4	4	200	13	17562701141644044194	68	34001	34500	500	500	-1653.2842304401447	51.714432805443856	481187	600000	0	0	243.14827715119443	479.48468015868951	12.471252592848973
0	4	4	200	13	17562701141644044194	69	34501	35000	500	500	-1703.019765692738	54.789945097428891	482094	600000	0	0	243.40481016025996	465.60082672143557	9.1099998636715949
0	4	4	200	13	17562701141644044194	70	35001	35500	500	500	-1658.6186937030734	53.040300870404771	482503	600000	0	0	238.310305360538	462.71389860307829	9.4512389548701154
0	4	4	200	13	17562701141644044194	71	35501	36000	500	500	-1717.8511563732882	53.096603196010243	483941	600000	0	0	247.89408008261529	544.42868854444555	7.0131281438002544
0	4	4	200	13	17562701141644044194	72	36001	36500	500	500	-1803.3528615706314	53.007985842218986	483578	600000	0	0	261.9564861064805	545.7076120265391	5.7868579870922696
0	4	4	200	13	17562701141644044194	73	36501	37000	500	500	-1680.5008424495538	51.531448729950114	481573	600000	0	0	242.02101776321706	472.58165085520761	11.678592021423285
0	4	4	200	13	17562701141644044194	74	37001	37500	500	500	-1747.366978223256	54.447495799093431	483294	600000	0	0	265.50658827133412	502.27668342184825	8.7208195064530152
0	4	4	200	13	17562701141644044194	75	37501	38000	500	500	-1825.6727485391159	53.472676193875316	482221	600000	0	0	266.51059272030756	548.13658272117152	3.2278483308839676
0	4	4	200	13	17562701141644044194	76	38001	38500	500	500	-1756.7957585890606	54.358025884113381	481881	600000	0	0	245.36059805218338	507.74988415258736	10.068064631614417
0	4	4	200	13	17562701141644044194	77	38501	39000	500	500	-1736.0915338703278	53.438264031864385	482528	600000	0	0	249.26507753197609	526.01739587811164	8.4469131247186731
0	4	4	200	13	17562701141644044194	78	39001	39500	500	500	-1812.5606772366832	54.161938997492953	483603	600000	0	0	265.53686409047896	505.85856116058932	4.6376103288327934
0	4	4	200	13	17562701141644044194	79	39501	40000	500	500	-1698.8042527365697	53.954638401381338	482129	600000	0	0	242.14239688985489	509.56305776939757	10.470534417981044
0	4	4	200	13	17562701141644044194	80	40001	40500	500	500	-1728.0244244393684	55.305638045162894	484958	600000	0	0	229.92071771379142	514.55527463753504	10.319308447534629
0	4	4	200	13	17562701141644044194	81	40501	41000	500	500	-1805.6610304426322	54.902963596864765	484756	600000	0	0	248.9181776045308	509.66475906793676	6.2421669834231732
0	4	4	200	13	17562701141644044194	82	41001	41500	500	500	-1780.8385543391346	54.235591498654159	483844	600000	0	0	248.28059562965655	489.20020241024844	9.2947099449533166
0	4	4	200	13	17562701141644044194	83	41501	42000	500	500	-1623.3401551648724	51.878554982712167	481287	600000	0	0	254.6157699732606	440.38896469728945	9.0161518701713401
0	4	4	200	13	17562701141644044194	84	42001	42500	500	500	-1723.2411271094877	53.826352494123618	482537	600000	0	0	261.23382337391394	499.41213898558993	6.548150753965313
0	4	4	200	13	17562701141644044194	85	42501	43000	500	500	-1641.4328776507648	51.008718532885183	481446	600000	0	0	271.91552418076014	434.04722840514233	8.3047168841071315
0	4	4	200	13	17562701141644044194	86	43001	43500	500	500	-1657.4491048959062	53.381180064977592	483032	600000	0	0	244.04284748173529	453.05839751495262	8.5147699484455561
0	4	4	200	13	17562701141644044194	87	43501	44000	500	500	-1753.6798378602252	52.345415988358219	483300	600000	0	0	240.42955222850446	548.81141637880467	10.460380246250308
0	4	4	200	13	17562701141644044194	88	44001	44500	500	500	-1679.0355639390727	53.091275325398122	482243	600000	0	0	255.81815807039953	482.13367592034433	11.078742039846452
0	4	4	200	13	17562701141644044194	89	44501	45000	500	500	-1760.8785612668255	53.026917405479757	482389	600000	0	0	244.89673618005179	516.81734640266461	10.212481189219018
0	4	4	200	13	17562701141644044194	90	45001	45500	500	500	-1718.8798905684062	52.454441736174068	481995	600000	0	0	261.41618831316828	495.44364898195283	6.2752432370662543
0	4	4	200	13	17562701141644044194	91	45501	46000	500	500	-1677.5535941683363	51.33791788385534	481357	600000	0	0	259.78734313798429	453.04773998357376	9.2473428572889791
0	4	4	200	13	17562701141644044194	92	46001	46500	500	500	-1753.6634776845262	52.308389706153093	482555	600000	0	0	267.72208335874006	475.92109374026705	8.4761725037271738
0	4	4	200	13	17562701141644044194	93	46501	47000	500	500	-1732.5124262806003	53.21707745519344	483652	600000	0	0	256.88385466559021	490.77104336705105	7.0400585215265972
0	4	4	200	13	17562701141644044194	94	47001	47500	500	500	-1770.6631870290394	52.709834257187559	481656	600000	0	0	247.58729196365044	632.53236666367275	12.721978884342381
0	4	4	200	13	17562701141644044194	95	47501	48000	500	500	-1786.0956493959632	53.53910196555826	483712	600000	0	0	248.37256161957211	509.08871824903167	7.6552038202516162
0	4	4	200	13	17562701141644044194	96	48001	48500	500	500	-1825.915828413775	55.187774622478869	483481	600000	0	0	241.60155174397073	560.03540121953085	11.246358159192599
0	4	4	200	13	17562701141644044194	97	48501	49000	500	500	-1722.5845278263769	54.300197542204948	483620	600000	0	0	247.45718672137497	480.08870569604039	6.8183177647967392
0	4	4	200	13	17562701141644044194	98	49001	49500	500	500	-1668.8601278533597	52.230451509222448	482125	600000	0	0	223.4583266095951	470.40988229266065	14.75449521430415
0	4	4	200	13	17562701141644044194	99	49501	50000	500	500	-1749.0767416660044	52.616972935246658	480833	600000	0	0	259.27015341642169	501.42733736600485	11.91930952511359
0	4	4	200	14	3032029843986707641	0	1	500	500	500	-1716.4922323854082	53.274508593112174	482348	600000	0	0	246.16656737203036	491.17117755991848	13.411089540992856
0	4	4	200	14	3032029843986707641	1	501	1000	500	500	-1803.9825320329476	55.140052307100646	482506	600000	0	0	256.48064901415381	511.89877604732425	4.970385464078805
0	4	4	200	14	3032029843986707641	2	1001	1500	500	500	-1756.252249525958	51.21062387416584	481446	600000	0	0	256.86602088361042	496.64728004492218	12.89644725041398
0	4	4	200	14	3032029843986707641	3	1501	2000	500	500	-1710.5502893527619	54.1437888536176	483177	600000	0	0	251.88607895022679	473.64748177333593	10.551893779739839
0	4	4	200	14	3032029843986707641	4	2001	2500	500	500	-1740.3922945387192	52.520879895113296	483116	600000	0	0	273.2664754279142	514.1677476247761	5.3673174689267515
0	4	4	200	14	3032029843986707641	5	2501	3000	500	500	-1677.4883925332711	53.492975167478768	482783	600000	0	0	240.09280033129059	464.84756553879913	9.4303594007397002
0	4	4	200	14	3032029843986707641	6	3001	3500	500	500	-1718.6844866049664	51.545324099626001	482251	600000	0	0	247.97797091024253	498.39206651399928	10.531071277455895
0	4	4	200	14	3032029843986707641	7	3501	4000	500	500	-1804.6547139534066	53.262867612776041	483457	600000	0	0	253.70675247817053	519.59522322846601	6.8742439836727725
0	4	4	200	14	3032029843986707641	8	4001	4500	500	500	-1797.0784372545311	54.396969960429061	481634	600000	0	0	263.15013085026226	525.74458897106706	7.459516504978458
0	4	4	200	14	3032029843986707641	9	4501	5000	500	500	-1776.5522295330436	55.294111223137776	484065	600000	0	0	275.26691320088793	498.7319612018141	5.9763170719568421
0	4	4	200	14	3032029843986707641	10	5001	5500	500	500	-1727.1155476951988	55.153931070177954	483380	600000	0	0	222.39970248095406	495.2801230795647	8.0184802017589316
0	4	4	200	14	3032029843986707641	11	5501	6000	500	500	-1728.8818450044346	53.384410550079835	482035	600000	0	0	231.36870599278433	485.37486239530364	14.36009325311111
0	4	4	200	14	3032029843986707641	12	6001	6500	500	500	-1673.6441551419227	51.336506462547689	482013	600000	0	0	260.07567244315385	453.11047616038314	6.9517460825620816
0	4	4	200	14	3032029843986707641	13	6501	7000	500	500	-1772.1608020750361	52.90105780185965	481735	600000	0	0	248.70692730128715	518.19905524229171	7.4764293875466228
0	4	4	200	14	3032029843986707641	14	7001	7500	500	500	-1660.381694584155	54.338424353446349	483012	600000	0	0	239.62677915391134	474.20718228222682	18.192695543411695
0	4	4	200	14	3032029843986707641	15	7501	8000	500	500	-1716.9643987024774	55.44943565162297	485125	600000	0	0	245.97926708373123	494.3666748297083	6.091715518150183
0	4	4	200	14	3032029843986707641	16	8001	8500	500	500	-1734.224722943	51.975174818998291	481977	600000	0	0	252.70952979468092	534.4087115109055	8.7627412360428991
0	4	4	200	14	3032029843986707641	17	8501	9000	500	500	-1751.3287706471503	54.139416297785793	483161	600000	0	0	279.81574359310633	483.34367996851245	4.0487981095453733
0	4	4	200	14	3032029843986707641	18	9001	9500	500	500	-1771.2598594466936	52.36397313047619	482180	600000	0	0	272.86782119884163	529.36418829819024	2.0311373198426073
0	4	4	200	14	3032029843986707641	19	9501	10000	500	500	-1798.9495959680578	54.119601971590498	482757	600000	0	0	274.59315581275325	507.70526990497871	7.3598200848062136
0	4	4	200	14	3032029843986707641	20	10001	10500	500	500	-1756.2413085660337	54.522512897083189	485291	600000	0	0	243.23154438433747	495.11803029418974	7.054455408997363
0	4	4	200	14	3032029843986707641	21	10501	11000	500	500	-1771.7966594286559	53.02526867945533	482238	600000	0	0	262.54147843689532	544.52757760001396	10.820359069978553
0	4	4	200	14	3032029843986707641	22	11001	11500	500	500	-1725.1582093675959	52.886308492470185	482741	600000	0	0	250.00067666688716	469.873033444405	9.0845258455477289
0	4	4	200	14	3032029843986707641	23	11501	12000	500	500	-1869.466070427113	53.406713076483982	481900	600000	0	0	235.18198359210001	543.90580925820052	9.80205522281185
0	4	4	200	14	3032029843986707641	24	12001	12500	500	500	-1683.6129851830706	51.849204211486217	482420	600000	0	0	266.16076823240024	455.72254006210585	9.8648208658407235
0	4	4	200	14	3032029843986707641	25	12501	13000	500	500	-1746.7713335989265	53.459719611078768	482567	600000	0	0	242.96117003120261	483.75631177085307	8.0597413814355807
0	4	4	200	14	3032029843986707641	26	13001	13500	500	500	-1739.2490230423696	54.179983416102687	483538	600000	0	0	245.95814108353932	517.38290663965017	9.9473008066288457
0	4	4	200	14	3032029843986707641	27	13501	14000	500	500	-1751.1431855932635	51.530025970242555	481039	600000	0	0	267.42684134036682	474.24092191012659	9.5092717641102187
0	4	4	200	14	3032029843986707641	28	14001	14500	500	500	-1731.0959558943277	52.663134436774982	482596	600000	0	0	262.69703330557593	499.30920147033959	11.812695595606925
0	4	4	200	14	3032029843986707641	29	14501	15000	500	500	-1703.5849222268591	53.952280361005563	483261	600000	0	0	246.25256452601164	492.07628547286754	9.9706345811711063
0	4	4	200	14	3032029843986707641	30	15001	15500	500	500	-1746.9297902263363	53.4688423029028	482772	600000	0	0	257.62588325496438	485.57224084352856	10.351757772317141
0	4	4	200	14	3032029843986707641	31	15501	16000	500	500	-1725.8135499568716	54.332212895820476	482887	600000	0	0	252.15159374142777	481.0697779670819	9.928966577137226
0	4	4	200	14	3032029843986707641	32	16001	16500	500	500	-1797.6191523081195	53.623233026404449	482283	600000	0	0	252.69236246702468	623.95657750251269	11.295826923170306
0	4	4	200	14	3032029843986707641	33	16501	17000	500	500	-1722.7443816802513	54.469882506997109	483975	600000	0	0	258.85485598490328	490.35633937946204	7.6007959359978026
0	4	4	200	14	3032029843986707641	34	17001	17500	500	500	-1700.0903961037723	54.271288039950512	483884	600000	0	0	259.83918199357981	476.69652473345536	5.6329430219890835
0	4	4	200	14	3032029843986707641	35	17501	18000	500	500	-1685.9615893079524	52.519020854403081	481667	600000	0	0	221.44596061719929	478.06613466593802	19.235083785160363
0	4	4	200	14	3032029843986707641	36	18001	18500	500	500	-1763.1308970170937	52.252692707351599	482653	600000	0	0	258.81884480397082	481.73264958205579	8.4794792630621192
0	4	4	200	14	3032029843986707641	37	18501	19000	500	500	-1805.4488674710219	53.779899057855594	484068	600000	0	0	239.39411176342472	541.34417299949314	7.9757508090909273
0	4	4	200	14	3032029843986707641	38	19001	19500	500	500	-1744.7139071758211	54.295006501122778	481483	600000	0	0	258.0910876870052	471.09177917988603	8.4971794913337586
0	4	4	200	14	3032029843986707641	39	19501	20000	500	500	-1711.2782464747113	52.51000462930385	481781	600000	0	0	258.97999519753483	485.17389529752575	13.120414057481211
0	4	4	200	14	3032029843986707641	40	20001	20500	500	500	-1726.7587741600582	53.548806737687926	482265	600000	0	0	254.37191077817303	484.96835632315947	9.3287717062698512
0	4	4	200	14	3032029843986707641	41	20501	21000	500	500	-1807.2545955629482	53.542255620506566	482972	600000	0	0	262.58396789530173	574.04966214424633	6.7295437336382005
0	4	4	200	14	3032029843986707641	42	21001	21500	500	500	-1716.200250498483	53.004227365039149	482180	600000	0	0	246.29006062960275	479.67582808855093	10.359783906190847
0	4	4	200	14	3032029843986707641	43	21501	22000	500	500	-1729.9251033475302	54.53863324521835	481992	600000	0	0	254.49047678171834	520.77758971650894	8.9268182309351438
0	4	4	200	14	3032029843986707641	44	22001	22500	500	500	-1713.5904480534714	52.167897553365229	481533	600000	0	0	267.63370999719359	470.80011748187076	10.97134999967653
0	4	4	200	14	3032029843986707641	45	22501	23000	500	500	-1747.4411901946489	54.037028724028048	483402	600000	0	0	254.05936594068569	483.81552663986952	7.2522538677461847
0	4	4	200	14	3032029843986707641	46	23001	23500	500	500	-1783.8277728499736	53.893733331655802	481520	600000	0	0	270.63186064165626	487.66552447939404	7.7718066070655523
0	4	4	200	14	3032029843986707641	47	23501	24000	500	500	-1730.6211063157284	52.97073578913605	483670	600000	0	0	265.90115154870125	479.50522802724061	5.7977985042617606
0	4	4	200	14	3032029843986707641	48	24001	24500	500	500	-1710.5180634986095	53.884316346363995	482853	600000	0	0	241.14885216072219	486.48043537139313	11.62841453280727
0	4	4	200	14	3032029843986707641	49	24501	25000	500	500	-1741.0717752268386	53.573588348286449	483244	600000	0	0	261.21095762934488	472.22456201115961	9.1825376652633039
0	4	4	200	14	3032029843986707641	50	25001	25500	500	500	-1740.5565461768635	51.834277245993455	482408	600000	0	0	252.46958139432138	520.31561601893236	10.459113383655014
0	4	4	200	14	3032029843986707641	51	25501	26000	500	500	-1787.0679957356931	47.977164619973905	479625	600000	0	0	213.18772513380608	675.65909804766807	22.881858471104543
0	4	4	200	14	3032029843986707641	52	26001	26500	500	500	-1715.189357789194	55.158019491523277	483441	600000	0	0	241.94075037885008	485.70056060142872	5.3190825774195236
0	4	4	200	14	3032029843986707641	53	26501	27000	500	500	-1745.8393143264498	52.78021478647868	482296	600000	0	0	243.66724896071264	498.07670360881781	10.816294010336195
0	4	4	200	14	3032029843986707641	54	27001	27500	500	500	-1716.5648555153759	52.76358644214217	481298	600000	0	0	251.32823646480804	498.52163341828344	9.2836342581523148
0	4	4	200	14	3032029843986707641	55	27501	28000	500	500	-1732.0050869406566	54.162547834031599	482988	600000	0	0	244.40002452814076	489.94453450855735	11.357479148655182
0	4	4	200	14	3032029843986707641	56	28001	28500	500	500	-1784.9242251403862	54.425495546487475	482655	600000	0	0	242.90175183527913	501.47431564131057	10.750081551082465
0	4	4	200	14	3032029843986707641	57	28501	29000	500	500	-1675.8701541235353	54.026309361034556	482306	600000	0	0	242.78133884075234	445.86495527219404	9.0763462772182599
0	4	4	200	14	3032029843986707641	58	29001	29500	500	500	-1700.1516893951575	51.950547638892822	481932	600000	0	0	250.61394821841702	484.48554430003134	10.951954816990749
0	4	4	200	14	3032029843986707641	59	29501	30000	500	500	-1705.9899706668971	53.194353210748183	483788	600000	0	0	262.97229564499492	447.64257665969967	10.039824462471424
0	4	4	200	14	3032029843986707641	60	30001	30500	500	500	-1780.3263264149773	54.15271094944638	483756	600000	0	0	259.94963909191375	505.16290060748224	5.4581096077203437
0	4	4	200	14	3032029843986707641	61	30501	31000	500	500	-1720.949726500817	52.401191386041035	482268	600000	0	0	276.36361944989903	469.68775962101142	7.2163580117115167
0	4	4	200	14	3032029843986707641	62	31001	31500	500	500	-1698.1859335757927	53.089049008311306	483249	600000	0	0	253.33679844605729	460.67908204770919	8.62200302014854
0	4	4	200	14	3032029843986707641	63	31501	32000	500	500	-1800.0012326147551	54.653021555979429	483772	600000	0	0	236.61216069633255	514.15393245852033	6.480722203112018
0	4	4	200	14	3032029843986707641	64	32001	32500	500	500	-1661.3644297269598	51.288964344303835	480735	600000	0	0	238.24594891608422	451.83395492030388	12.862857724068075
0	4	4	200	14	3032029843986707641	65	32501	33000	500	500	-1739.5037099711565	53.098048950590162	481941	600000	0	0	243.62959472541235	529.90994947466515	10.469873953319718
0	4	4	200	14	3032029843986707641	66	33001	33500	500	500	-1720.6979919552634	54.573144964083809	484194	600000	0	0	239.54248732184695	493.91339225818388	5.9541845269686728
0	4	4	200	14	3032029843986707641	67	33501	34000	500	500	-1791.4088928317537	55.032792312301645	484527	600000	0	0	248.20715392030468	505.14736434587616	3.9095722908093893
0	4	4	200	14	3032029843986707641	68	34001	34500	500	500	-1768.5046498509244	53.302070113584946	481798	600000	0	0	263.14988310380335	516.273390445681	8.3413823939485159
0	4	4	200	14	3032029843986707641	69	34501	35000	500	500	-1721.2927355636141	53.455130197077892	483408	600000	0	0	238.32725701523174	572.03912028980881	14.114098859743873
0	4	4	200	14	3032029843986707641	70	35001	35500	500	500	-1794.6704506707465	55.902353538444643	483049	600000	0	0	232.79736379502523	532.37648679047868	12.998079460829789
0	4	4	200	14	3032029843986707641	71	35501	36000	500	500	-1710.3150694687913	52.696069939134993	483303	600000	0	0	243.71841636540972	489.7716898869582	7.6344420858142037
0	4	4	200	14	3032029843986707641	72	36001	36500	500	500	-1779.2340727503042	53.47893159983613	482572	600000	0	0	261.71421940351678	495.47061915455026	9.3459661730796491
0	4	4	200	14	3032029843986707641	73	36501	37000	500	500	-1753.4040107794328	51.159376619540886	481444	600000	0	0	244.1550248260377	598.51064833941905	15.327735368486266
0	4	4	200	14	3032029843986707641	74	37001	37500	500	500	-1778.4784651814607	53.667259337293672	484116	600000	0	0	255.86338428808838	497.07122062775903	5.4142263400353094
0	4	4	200	14	3032029843986707641	75	37501	38000	500	500	-1719.7165880550194	54.018275672223616	481746	600000	0	0	250.63373838207025	475.36563828832698	10.499894440032469
0	4	4	200	14	3032029843986707641	76	38001	38500	500	500	-1749.4619521586537	53.189245790359337	480999	600000	0	0	248.68867396845584	517.78361487686823	10.607714097515318
0	4	4	200	14	3032029843986707641	77	38501	39000	500	500	-1763.8798286838614	53.438609570520526	483881	600000	0	0	275.39711614860767	487.53732855944844	10.909043488421323
0	4	4	200	14	3032029843986707641	78	39001	39500	500	500	-1757.3635807478156	53.355469991627281	483848	600000	0	0	243.56658289697174	521.16334900616516	7.8860200506427809
0	4	4	200	14	3032029843986707641	79	39501	40000	500	500	-1676.3799169885165	51.291984563252385	480685	600000	0	0	278.69332018026927	449.21616160192008	4.7181702050654373
0	4	4	200	14	3032029843986707641	80	40001	40500	500	500	-1694.3474351930081	53.013688817171634	482173	600000	0	0	244.34385171857824	498.90660168235928	10.264065575444826
0	4	4	200	14	3032029843986707641	81	40501	41000	500	500	-1719.6255812487423	52.893945963721542	483645	600000	0	0	261.2350866786802	483.38229335926314	6.4307776696577914
0	4	4	200	14	3032029843986707641	82	41001	41500	500	500	-1749.558110762629	54.64332356000692	482939	600000	0	0	252.43835265294743	507.31311196118389	5.3298563923623519
0	4	4	200	14	3032029843986707641	83	41501	42000	500	500	-1710.6279249921511	53.356508089482666	482028	600000	0	0	238.54469851991109	493.4572481122209	10.977486457492111
0	4	4	200	14	3032029843986707641	84	42001	42500	500	500	-1744.2083271600702	54.555818913144172	483501	600000	0	0	235.94036337275816	508.52526920438243	8.3711152963977291
0	4	4	200	14	3032029843986707641	85	42501	43000	500	500	-1741.0499399793337	52.106751854184616	480932	600000	0	0	254.86914701344051	495.69327469448797	10.347344903042762
0	4	4	200	14	3032029843986707641	86	43001	43500	500	500	-1746.6623395590582	55.062573868738177	485196	600000	0	0	251.87783837932392	518.90154218452142	6.1015762999690493
0	4	4	200	14	3032029843986707641	87	43501	44000	500	500	-1714.6348981758617	52.455007874489048	482286	600000	0	0	242.72375131886164	471.46526121628915	9.3205567417227897
0	4	4	200	14	3032029843986707641	88	44001	44500	500	500	-1730.3709506779505	53.4250494125709	482385	600000	0	0	261.15887850720702	463.58982219813674	11.512272017109892
0	4	4	200	14	3032029843986707641	89	44501	45000	500	500	-1883.1054406298383	55.835336700517018	484812	600000	0	0	245.58552949092717	534.06695540293765	4.9765464931616386
0	4	4	200	14	3032029843986707641	90	45001	45500	500	500	-1700.3755007880613	54.006298328319502	483519	600000	0	0	250.8062005713316	502.22020197909399	7.8318198608574567
0	4	4	200	14	3032029843986707641	91	45501	46000	500	500	-1741.2167379611083	54.871316358231411	483269	600000	0	0	253.45178719877384	661.21108327897878	7.4688041360695756
0	4	4	200	14	3032029843986707641	92	46001	46500	500	500	-1704.1629835450256	53.496025780269235	483222	600000	0	0	233.66711157224884	490.82252962654013	12.842464998395384
0	4	4	200	14	3032029843986707641	93	46501	47000	500	500	-1774.667684186423	53.839253157505311	483813	600000	0	0	247.88047084763897	524.08916654887696	13.202001495992512
0	4	4	200	14	3032029843986707641	94	47001	47500	500	500	-1677.6212333119829	52.836507230700015	483782	600000	0	0	264.4005898921929	433.57641748632312	10.88376779780074
0	4	4	200	14	3032029843986707641	95	47501	48000	500	500	-1727.4643868820685	54.981057955398477	485254	600000	0	0	265.55729931583306	474.51228456084834	6.5220121125594916
0	4	4	200	14	3032029843986707641	96	48001	48500	500	500	-1798.3767297660156	52.794681917566969	482187	600000	0	0	257.13903923130221	517.79215929123507	10.76799800808789
0	4	4	200	14	3032029843986707641	97	48501	49000	500	500	-1802.6697575170213	54.46768452861928	481898	600000	0	0	242.82735816440393	514.58424502200739	11.931397492699844
0	4	4	200	14	3032029843986707641	98	49001	49500	500	500	-1776.0671093042542	51.389053485777282	481154	600000	0	0	258.80575414437607	523.51828325743088	16.615691480214267
0	4	4	200	14	3032029843986707641	99	49501	50000	500	500	-1783.06782611008	54.392383263616686	482651	600000	0	0	267.20800332083394	495.2697395132634	4.4259435632367135
0	4	4	200	15	13686771831195376033	0	1	500	500	500	-1662.162277460159	54.024769606397641	484058	600000	0	0	243.55597352917252	513.22397151832718	10.81258678196906
0	4	4	200	15	13686771831195376033	1	501	1000	500	500	-1739.0644906391435	52.87489830707149	482649	600000	0	0	271.34219516822003	484.81347736922476	7.4155530353520929
0	4	4	200	15	13686771831195376033	2	1001	1500	500	500	-1759.0681981369207	53.059805413543359	483295	600000	0	0	244.41934793389237	513.0463209679433	10.589123648244046
0	4	4	200	15	13686771831195376033	3	1501	2000	500	500	-1718.5525550329978	51.42253986067891	482525	600000	0	0	260.07326117869786	499.80361164975233	9.3151615287850174
0	4	4	200	15	13686771831195376033	4	2001	2500	500	500	-1751.7251260360706	51.856024252076139	482442	600000	0	0	272.52229302656872	508.71155697765698	8.4552632092687414
0	4	4	200	15	13686771831195376033	5	2501	3000	500	500	-1671.9933664973096	53.4998632779239	482818	600000	0	0	229.49208376881774	473.40204241012106	12.356493688456391
0	4	4	200	15	13686771831195376033	6	3001	3500	500	500	-1706.5178374076011	52.219008925143569	484060	600000	0	0	234.34542290761976	469.68181788541597	8.9494748915111231
0	4	4	200	15	13686771831195376033	7	3501	4000	500	500	-1685.5549220765211	54.347316763712968	482136	600000	0	0	246.25797818718553	460.96742382343388	11.935541149866202
0	4	4	200	15	13686771831195376033	8	4001	4500	500	500	-1718.8866620853312	52.914049703229324	482005	600000	0	0	242.02602645109059	489.99284954438735	9.3802920906011469
0	4	4	200	15	13686771831195376033	9	4501	5000	500	500	-1747.0329532969404	53.812175659837038	483704	600000	0	0	244.58639738683453	590.26252780749292	6.8155118198138425
0	4	4	200	15	13686771831195376033	10	5001	5500	500	500	-1774.7767762530232	54.228329400445944	483916	600000	0	0	272.34495174198014	521.46509039188982	8.8100571515229369
0	4	4	200	15	13686771831195376033	11	5501	6000	500	500	-1782.6278861830997	55.162463840389663	484969	600000	0	0	246.5493019125995	491.34997507443785	4.8506973768619019
0	4	4	200	15	13686771831195376033	12	6001	6500	500	500	-1771.2851050626143	53.27226424385556	481875	600000	0	0	259.80783350627667	511.771035362828	9.207141709162352
0	4	4	200	15	13686771831195376033	13	6501	7000	500	500	-1740.7169877823446	51.973026148096025	481999	600000	0	0	263.12012891822286	487.50634714340714	7.6686935600959121
0	4	4	200	15	13686771831195376033	14	7001	7500	500	500	-1682.499086812016	52.329566446649643	481915	600000	0	0	239.71323412230308	505.70829547680859	8.1993157605168463
0	4	4	200	15	13686771831195376033	15	7501	8000	500	500	-1714.7804983419815	52.447126950887089	481116	600000	0	0	271.73743620221273	449.62685857968046	5.3579932511437374
0	4	4	200	15	13686771831195376033	16	8001	8500	500	500	-1675.8860226495481	53.911304572227102	483538	600000	0	0	234.19900032166973	488.19929989536945	9.6560862321521927
0	4	4	200	15	13686771831195376033	17	8501	9000	500	500	-1750.4073213741128	55.252423911447295	483945	600000	0	0	253.6857619005948	485.14663166221646	8.0042112683668769
0	4	4	200	15	13686771831195376033	18	9001	9500	500	500	-1755.2866312310211	54.318317491551085	482932	600000	0	0	264.96518636055691	519.64210348416339	7.9009547294378413
0	4	4	200	15	13686771831195376033	19	9501	10000	500	500	-1774.8417181852008	53.512313659323354	483652	600000	0	0	239.96349421875419	539.76150670279162	6.5908868635184463
0	4	4	200	15	13686771831195376033	20	10001	10500	500	500	-1693.7215962756397	54.127925918311099	482950	600000	0	0	258.76594487822888	444.96815968929519	8.5256253174031915
0	4	4	200	15	13686771831195376033	21	10501	11000	500	500	-1700.7004686512232	53.550696193051962	483526	600000	0	0	226.22377201861528	514.76144619255524	11.758322299328809
0	4	4	200	15	13686771831195376033	22	11001	11500	500	500	-1767.86459700519	54.173642350597611	482834	600000	0	0	249.41863519918633	493.79120147437419	9.1573066930789526
0	4	4	200	15	13686771831195376033	23	11501	12000	500	500	-1743.2236543120655	53.903934490984234	483125	600000	0	0	239.21133484614776	556.67081584086577	11.051166622825809
0	4	4	200	15	13686771831195376033	24	12001	12500	500	500	-1662.545853795112	50.073627143039815	480726	600000	0	0	243.36740749668436	467.59403391926895	14.201534509813646
0	4	4	200	15	13686771831195376033	25	12501	13000	500	500	-1720.6535360686951	52.66763142402025	483388	600000	0	0	285.92303486806048	473.93522211379536	5.5086677156913773
0	4	4	200	15	13686771831195376033	26	13001	13500	500	500	-1760.7642182116015	52.035065623415569	481335	600000	0	0	246.10357419218684	524.58771591484856	14.011432850730621
0	4	4	200	15	13686771831195376033	27	13501	14000	500	500	-1728.3264244979707	52.794441638568571	482580	600000	0	0	248.71624805161346	510.82628682723288	12.023635583926845
0	4	4	200	15	13686771831195376033	28	14001	14500	500	500	-1743.2712510504152	53.803089882447232	483309	600000	0	0	249.86045873150272	512.55778619710668	10.163825076595417
0	4	4	200	15	13686771831195376033	29	14501	15000	500	500	-1768.1209919174378	55.044150443738538	484017	600000	0	0	246.722397034583	496.27769324867563	7.2494385719521794
0	4	4	200	15	13686771831195376033	30	15001	15500	500	500	-1739.7487815848106	51.968800110033477	481679	600000	0	0	232.71242801723875	525.18773689139891	15.163532898451642
0	4	4	200	15	13686771831195376033	31	15501	16000	500	500	-1735.9787803409329	52.315277654810352	481636	600000	0	0	243.24365020883045	490.08889161520096	10.937433358419195
0	4	4	200	15	13686771831195376033	32	16001	16500	500	500	-1755.8785420122258	53.727983967366498	484015	600000	0	0	270.88135377742776	498.92202516501686	6.1830187097344869
0	4	4	200	15	13686771831195376033	33	16501	17000	500	500	-1724.4020957659468	54.516831715398339	484035	600000	0	0	231.87130446394306	492.00897460066227	10.038195038136184
0	4	4	200	15	13686771831195376033	34	17001	17500	500	500	-1660.7998120848158	51.767238658336659	481516	600000	0	0	242.02018460087189	465.40528751186486	10.628045954346952
0	4	4	200	15	13686771831195376033	35	17501	18000	500	500	-1703.3078101218068	53.729343439226383	482210	600000	0	0	231.8085328705381	495.18726125142814	9.1807533222243087
0	4	4	200	15	13686771831195376033	36	18001	18500	500	500	-1726.4064227503495	52.653717306244076	483229	600000	0	0	234.23797567112831	517.6077195248381	9.4422357402264172
0	4	4	200	15	13686771831195376033	37	18501	19000	500	500	-1685.0917454481598	54.480031317604116	482426	600000	0	0	240.8858920648926	480.21221993723668	8.5991329387580642
0	4	4	200	15	13686771831195376033	38	19001	19500	500	500	-1774.8021631285724	54.191506691927295	482611	600000	0	0	247.64016868486246	535.10114174920682	8.5551632206986703
0	4	4	200	15	13686771831195376033	39	19501	20000	500	500	-1793.2640082476396	52.601899778777614	482695	600000	0	0	252.43360450677793	543.06311064644751	8.1325812767212717
0	4	4	200	15	13686771831195376033	40	20001	20500	500	500	-1746.0962416977682	53.345579372010562	482544	600000	0	0	232.50700499035	481.63712578920399	9.0843031718335148
0	4	4	200	15	13686771831195376033	41	20501	21000	500	500	-1755.4464235087191	53.947867116333882	482706	600000	0	0	257.3040422332806	476.83921528928335	6.0098650226272525
0	4	4	200	15	13686771831195376033	42	21001	21500	500	500	-1709.6246694162296	53.666394687603159	483186	600000	0	0	236.84345436053439	487.34217131873334	10.36251405198248
0	4	4	200	15	13686771831195376033	43	21501	22000	500	500	-1706.4475390855075	53.003279734404764	483774	600000	0	0	233.81268538756581	527.5579667868019	7.1252373181011261
0	4	4	200	15	13686771831195376033	44	22001	22500	500	500	-1664.381926969904	53.043403189109235	483039	600000	0	0	252.2147677716037	459.88076484347499	6.993029064709825
0	4	4	200	15	13686771831195376033	45	22501	23000	500	500	-1741.0930084291392	51.532389121387261	482296	600000	0	0	239.91055621234452	513.44574426672352	10.609919187721093
0	4	4	200	15	13686771831195376033	46	23001	23500	500	500	-1762.2828003780071	52.374670118036249	482434	600000	0	0	257.12377557600547	498.06647921646345	10.651422380568151
0	4	4	200	15	13686771831195376033	47	23501	24000	500	500	-1735.3096854780938	52.338470232176135	483230	600000	0	0	236.55805015251337	486.84882815071819	8.9825538284516195
0	4	4	200	15	13686771831195376033	48	24001	24500	500	500	-1737.7048901565647	53.281967268155853	483178	600000	0	0	247.63637144918212	509.66554086029788	8.2398469505219794
0	4	4	200	15	13686771831195376033	49	24501	25000	500	500	-1745.3838630641887	52.302170706579126	481286	600000	0	0	236.37196394848027	490.37169503373116	13.953546213490849
0	4	4	200	15	13686771831195376033	50	25001	25500	500	500	-1740.4381114276928	51.946215698868677	482083	600000	0	0	259.14686250611652	499.00849829531074	10.452461068033607
0	4	4	200	15	13686771831195376033	51	25501	26000	500	500	-1727.6253380296018	52.743790443261148	483878	600000	0	0	254.89933064644922	505.55649464724718	8.545990172731365
0	4	4	200	15	13686771831195376033	52	26001	26500	500	500	-1709.7352678116647	53.834602044001038	484301	600000	0	0	242.89820977034259	463.93602290472387	8.6762389181608501
0	4	4	200	15	13686771831195376033	53	26501	27000	500	500	-1749.790601345793	54.4616287901015	482320	600000	0	0	253.74276994831925	533.13323423149984	8.4213794777260489
0	4	4	200	15	13686771831195376033	54	27001	27500	500	500	-1757.1980362462464	53.069141347433792	481401	600000	0	0	251.65770574737766	544.14319554150757	13.916706105417685
0	4	4	200	15	13686771831195376033	55	27501	28000	500	500	-1699.5737033404334	53.627441385794647	483320	600000	0	0	231.92979882042368	513.8124243908926	13.013578595644484
0	4	4	200	15	13686771831195376033	56	28001	28500	500	500	-1779.2262258364026	53.440148047799823	482589	600000	0	0	264.98810606427168	507.08479406091982	13.101850701531088
0	4	4	200	15	13686771831195376033	57	28501	29000	500	500	-1738.3797349208476	54.761532950838934	483466	600000	0	0	239.38197685051168	546.48865526414852	12.766078573261714
0	4	4	200	15	13686771831195376033	58	29001	29500	500	500	-1748.4455922687794	52.802646417652447	482096	600000	0	0	250.11226800349974	494.70915168286842	11.505034275958144
0	4	4	200	15	13686771831195376033	59	29501	30000	500	500	-1753.9715856848095	54.543878174323659	484505	600000	0	0	236.10684894284424	497.06807900254796	9.1547273987224962
0	4	4	200	15	13686771831195376033	60	30001	30500	500	500	-1741.0566300638877	52.273096966205792	481940	600000	0	0	275.02443169726996	501.93957820852654	6.1463828506100455
0	4	4	200	15	13686771831195376033	61	30501	31000	500	500	-1689.992573581113	52.105352857894722	481276	600000	0	0	237.38812657892728	458.45968349685717	15.266844811788348
0	4	4	200	15	13686771831195376033	62	31001	31500	500	500	-1704.8597122912877	53.003498138994857	481557	600000	0	0	254.59604015563008	449.67717686748983	10.060724491864974
0	4	4	200	15	13686771831195376033	63	31501	32000	500	500	-1737.527079999132	53.288251496150707	482094	600000	0	0	243.4110927795781	511.11494612715563	9.3362638920915035
0	4	4	200	15	13686771831195376033	64	32001	32500	500	500	-1678.1400127537481	54.368450298344541	482851	600000	0	0	237.35109495577365	470.97867476671479	11.835954542555402
0	4	4	200	15	13686771831195376033	65	32501	33000	500	500	-1746.0926906742043	52.613882112917032	481713	600000	0	0	230.92856465401314	522.85514017883986	16.929556215709194
0	4	4	200	15	13686771831195376033	66	33001	33500	500	500	-1735.2121691260047	52.304673352937755	482115	600000	0	0	227.48130714112415	503.88614900815611	16.080858573659704
0	4	4	200	15	13686771831195376033	67	33501	34000	500	500	-1779.1103142405498	54.148859133981212	482123	600000	0	0	254.75639544234051	503.69490300276505	8.4390605848683187
0	4	4	200	15	13686771831195376033	68	34001	34500	500	500	-1781.6684399530802	53.693020493805548	483184	600000	0	0	249.57530255675377	515.24408205880229	7.532755294742377
0	4	4	200	15	13686771831195376033	69	34501	35000	500	500	-1725.2978470477055	52.316924442703233	482726	600000	0	0	270.50215050044216	471.40961173469719	9.3542481847558143
0	4	4	200	15	13686771831195376033	70	35001	35500	500	500	-1736.3416167605014	52.298255749720262	481568	600000	0	0	275.48683370877973	553.48059880624623	9.619831545352671
0	4	4	200	15	13686771831195376033	71	35501	36000	500	500	-1746.0177519017045	52.67307761863141	482656	600000	0	0	249.47501832385359	503.12665532082116	6.8584849852481264
0	4	4	200	15	13686771831195376033	72	36001	36500	500	500	-1742.4018460444379	54.941775707688386	483787	600000	0	0	248.7501926286798	513.72829511696011	10.463982919107535
0	4	4	200	15	13686771831195376033	73	36501	37000	500	500	-1701.6864978229771	54.570210436887812	482394	600000	0	0	248.65316999120867	488.41146453890047	12.947907494448145
0	4	4	200	15	13686771831195376033	74	37001	37500	500	500	-1704.9661560861296	52.090295864861538	482752	600000	0	0	254.74396182433333	453.23677582095706	11.986073455590049
0	4	4	200	15	13686771831195376033	75	37501	38000	500	500	-1752.1510757355613	54.424927068373258	483400	600000	0	0	223.84173012785413	550.40777626233887	12.684229220379214
0	4	4	200	15	13686771831195376033	76	38001	38500	500	500	-1757.8152625473842	54.561930460526952	483716	600000	0	0	270.11848825404002	498.98385592024209	11.086013612122875
0	4	4	200	15	13686771831195376033	77	38501	39000	500	500	-1787.2923390170665	54.04261787702869	483372	600000	0	0	264.22523159864159	538.13292248977325	6.1936877657168532
0	4	4	200	15	13686771831195376033	78	39001	39500	500	500	-1688.8363810001999	53.227301420310027	484078	600000	0	0	259.67393814982557	486.40052135320138	9.1731496470498701
0	4	4	200	15	13686771831195376033	79	39501	40000	500	500	-1663.7393901767691	53.23609936220155	482820	600000	0	0	263.92919331976464	468.76051948402323	9.3005831126686438
0	4	4	200	15	13686771831195376033	80	40001	40500	500	500	-1712.5600246072188	52.049229192165178	483329	600000	0	0	261.96704466153881	516.82484145368687	9.2715661973248515
0	4	4	200	15	13686771831195376033	81	40501	41000	500	500	-1694.2276182639077	53.517769425748618	481953	600000	0	0	259.06568818700208	468.97713425491833	6.0080710233581343
0	4	4	200	15	13686771831195376033	82	41001	41500	500	500	-1761.3394029292149	53.036165351936518	483200	600000	0	0	230.7534355465244	534.10303740299094	8.9397855450784753
0	4	4	200	15	13686771831195376033	83	41501	42000	500	500	-1774.750545207047	51.943751746788607	481799	600000	0	0	269.35273189133773	536.96096687768409	8.8132167339362866
0	4	4	200	15	13686771831195376033	84	42001	42500	500	500	-1774.4975717851564	55.04318429817571	483305	600000	0	0	248.45230056849599	508.06045483921008	11.060143220397284
0	4	4	200	15	13686771831195376033	85	42501	43000	500	500	-1701.3099766560706	50.743578168309789	481970	600000	0	0	258.04770394390403	608.14181701545647	11.483402742239759
0	4	4	200	15	13686771831195376033	86	43001	43500	500	500	-1652.281395337222	50.060719014013486	479372	600000	0	0	261.13493492444769	449.04075058599136	11.843006268790065
0	4	4	200	15	13686771831195376033	87	43501	44000	500	500	-1682.6297867401502	55.174409332402391	483546	600000	0	0	247.07257934055801	476.75082884695865	8.8121709711995049
0	4	4	200	15	13686771831195376033	88	44001	44500	500	500	-1723.6960776124063	53.327054286905614	482722	600000	0	0	237.86638984412798	526.36873405016888	12.49077715405161
0	4	4	200	15	13686771831195376033	89	44501	45000	500	500	-1752.2687714325175	54.751149830622538	483359	600000	0	0	253.46945231285966	481.93717129897891	9.8906451621678944
0	4	4	200	15	13686771831195376033	90	45001	45500	500	500	-1715.2199794771977	53.632320894158326	483672	600000	0	0	263.96862321767247	467.81702115365118	5.3067893452184007
0	4	4	200	15	13686771831195376033	91	45501	46000	500	500	-1759.5066891086735	53.718514842372926	482359	600000	0	0	242.18834021689548	507.18724490209962	14.420775621304585
0	4	4	200	15	13686771831195376033	92	46001	46500	500	500	-1756.0202087125385	53.791326942475237	484774	600000	0	0	274.78038980590537	487.63601435659297	5.8314307343529377
0	4	4	200	15	13686771831195376033	93	46501	47000	500	500	-1745.8506832973387	52.389106306656068	481857	600000	0	0	252.4269750969795	504.27145123093061	10.884230972603907
0	4	4	200	15	13686771831195376033	94	47001	47500	500	500	-1750.6629796635498	54.242240680127125	483931	600000	0	0	254.17161506189098	615.52157753063045	6.7528564867228678
0	4	4	200	15	13686771831195376033	95	47501	48000	500	500	-1727.4322769290761	53.251693410005281	481628	600000	0	0	262.49296844584444	534.98394244130338	10.93826519490154
0	4	4	200	15	13686771831195376033	96	48001	48500	500	500	-1713.4188282075042	51.780793407825534	482241	600000	0	0	274.07701053851366	491.12289104309627	7.1689614534835702
0	4	4	200	15	13686771831195376033	97	48501	49000	500	500	-1770.0969896818312	54.310790260181058	483955	600000	0	0	261.94698299129726	521.90066434605581	8.6016501741515476
0	4	4	200	15	13686771831195376033	98	49001	49500	500	500	-1724.7580396124151	55.406965179656574	483912	600000	0	0	238.34000648470607	513.37142155762342	9.9366868675332327
0	4	4	200	15	13686771831195376033	99	49501	50000	500	500	-1697.6215609572894	53.668260677857688	484140	600000	0	0	243.0876870433892	480.57052925089204	8.0544830152339113
