# replica-bin sums; observable mean = sum_sign_O / sum_sign
# sum_sign_Ehub is the total energy (not per site); sum_sign_D is per site
# Szz/Sperp: N^-1 sum_ij exp[-iq.(ri-rj)] <..>; Q is the staggered momentum, 0 is q=0; nan = q not measured
# lattice=square Lx=4 Ly=4 n=16 pbc=1 U=8 dtau=nan nwarm=5000 nmeas=5000 nbin=20 global_update=site global_interval=10
# tempering=dtau_ladder tempering_ltr=1920: dtau of each row = beta_effective / Ltr; the dtau field above is not used
# conditional_measure=1: local pre-update HS-pair average; before global updates/exchanges; accumulated by temperature slot
# conditional sums are sign-free: divide by conditional_count (sweeps); D per site, K and Ehub total
# szz_Q_index=10 szz_0_index=0 sperp_Q_index=10
# columns: beta_index	beta_requested	beta_effective	Ltr	replica_id	seed	bin_id	sweep_begin	sweep_end	count	sum_sign	sum_sign_Ehub	sum_sign_D	local_accepted	local_attempts	global_accepted	global_attempts	sum_sign_Szz_Q	sum_sign_Sperp_Q	sum_sign_Szz_0	conditional_count	sum_D_cond	sum_K_cond	sum_Ehub_cond
0	16	16	1920	0	2026093003	0	1	250	250	250	-2063.4284590725542	14.238790449317973	6008793	7680000	0	400	221.52175942113885	1306.7252784398786	2.3695628792452794e-13	250	13.653948441556372	-3910.0707163032585	-2162.3653157840395
0	16	16	1920	0	2026093003	1	251	500	250	250	-2125.3896119752494	13.726389053276742	6001016	7680000	0	400	295.35255949765002	709.10581601925276	5.7438038700285965e-13	250	13.345927840292408	-3839.1510275228711	-2130.8722639654397
0	16	16	1920	0	2026093003	2	501	750	250	250	-2035.4219885158352	13.178080872665751	5996471	7680000	0	400	153.20157371327184	498.82214969069099	-5.4941337937486345e-13	250	13.254807979014188	-3792.3473675698069	-2095.7319462559917
0	16	16	1920	0	2026093003	3	751	1000	250	250	-2086.459846154346	12.986811443452039	5991048	7680000	0	400	352.33992693369453	540.22880098421365	-6.0786506904386695e-11	250	13.199672114697748	-3799.1393839906955	-2109.5813533093838
0	16	16	1920	0	2026093003	4	1001	1250	250	250	-2126.2009019634957	13.955409927246778	6000208	7680000	0	400	421.99875115569034	439.37424220801245	-1.1016708378885909e-13	250	13.46765029965545	-3870.9746893688266	-2147.1154510129268
0	16	16	1920	0	2026093003	5	1251	1500	250	250	-2075.5829650652513	14.150128088310634	5998396	7680000	0	400	406.3627426294492	543.35908304232669	2.7575294478388024e-13	250	13.40761321078535	-3828.5363957439599	-2112.3619047634388
0	16	16	1920	0	2026093003	6	1501	1750	250	250	-1950.9851844092539	13.458429665407399	5996854	7680000	0	400	272.13131243394952	389.78117263364641	9.0962069040217974e-11	250	13.394195929125104	-3801.5782615779081	-2087.1211826498948
0	16	16	1920	0	2026093003	7	1751	2000	250	250	-2120.3175576857702	12.818309315383695	5995138	7680000	0	400	478.50729184124305	449.8379610231122	-2.3465170778669275e-14	250	13.377829954401522	-3837.2445325149879	-2124.8822983515929
0	16	16	1920	0	2026093003	8	2001	2250	250	250	-1879.2854637152077	13.611342621775346	6005991	7680000	0	400	149.27880893672602	676.12371129612336	6.7500000000020428	250	13.36956374453473	-3841.0232988168946	-2129.7191395164509
0	16	16	1920	0	2026093003	9	2251	2500	250	250	-2014.9288266637989	13.038466753101838	6003978	7680000	0	400	246.38264806690952	455.82365913812788	8.9999999998984705	250	13.405092119051355	-3818.1553759184558	-2102.3035846798812
0	16	16	1920	0	2026093003	10	2501	2750	250	250	-2065.2519348550454	12.653177983962268	5998523	7680000	1	400	278.19832786647908	450.98012404935429	10.687500000002785	250	13.203846805966055	-3765.9691594917867	-2075.8767683281312
0	16	16	1920	0	2026093003	11	2751	3000	250	250	-2047.6647644751431	13.14884361844306	6001762	7680000	0	400	176.70433492024094	1448.5234354253425	6.6249999998761435	250	13.37923168947202	-3820.7433401608869	-2108.2016839084672
0	16	16	1920	0	2026093003	12	3001	3250	250	250	-2095.777554965955	13.254979412934198	5995726	7680000	1	400	248.23370824769486	596.00918861338971	7.4375000000001714	250	13.245214940447285	-3788.4536586332461	-2093.0661462559933
0	16	16	1920	0	2026093003	13	3251	3500	250	250	-2065.8119455523229	13.461584278719522	5996414	7680000	0	400	470.07524256785939	438.85330560463228	5.2500000000005675	250	13.364509971100984	-3818.8877020194659	-2108.2304257185401
0	16	16	1920	0	2026093003	14	3501	3750	250	250	-2097.7288015113222	12.856247656961528	5994056	7680000	0	400	458.3079006751463	727.60866325583686	3.2500000000048201	250	13.209877473788206	-3775.2146916954807	-2084.3503750505924
0	16	16	1920	0	2026093003	15	3751	4000	250	250	-2151.0138301055135	12.516406831544005	5995110	7680000	0	400	272.41403995039536	499.07026249679529	1.7500000000664691	250	13.249916223186295	-3768.9497575321766	-2072.9604809643333
0	16	16	1920	0	2026093003	16	4001	4250	250	250	-2136.5566190469422	12.91715582575867	6003427	7680000	0	400	185.19866982528134	516.35604349460289	1.5000000000073359	250	13.421228141290905	-3858.2998317880065	-2140.3826297027704
0	16	16	1920	0	2026093003	17	4251	4500	250	250	-2197.3604563127137	14.082505062746543	6004382	7680000	0	400	220.69008924677533	793.25077270473162	1.8749999999985019	250	13.417883472135857	-3833.0988592624935	-2115.609774829104
0	16	16	1920	0	2026093003	18	4501	4750	250	250	-2100.8346429737262	13.179284416378007	5999054	7680000	0	400	153.02319466514027	572.61561894134513	4.7500000000001865	250	13.341931337864654	-3813.4033790293779	-2105.6361677827026
0	16	16	1920	0	2026093003	19	4751	5000	250	250	-2156.4804576984825	14.209678214233984	6006222	7680000	0	400	231.80366151834178	810.76798523580624	7.4999999999968692	250	13.514278907845263	-3870.2703986961028	-2140.4426984919101
0	16	16	1920	1	18370508182247544925	0	1	250	250	250	-2036.0628564950384	13.083669318559336	5991591	7680000	0	400	559.40448505657957	396.33801781474443	-1.0432626984524518e-14	250	13.269302883135492	-3812.1298336368473	-2113.6590645955034
0	16	16	1920	1	18370508182247544925	1	251	500	250	250	-2210.3435816112624	14.187995578501749	6000627	7680000	0	400	316.70442361817896	496.68391537188648	7.0361685228226278e-14	250	13.514681152781764	-3818.6882942141351	-2088.80910665807
0	16	16	1920	1	18370508182247544925	2	501	750	250	250	-2143.8689660088371	13.0070814648397	6003575	7680000	0	400	435.55921898942404	401.34940084354002	-3.7873675549915387e-13	250	13.571013823958197	-3881.9766973897213	-2144.886927923073
0	16	16	1920	1	18370508182247544925	3	751	1000	250	250	-2140.008691403581	13.427937317988869	5996744	7680000	0	400	272.43567599982225	852.66395795237327	3.9999999999997153	250	13.292080714605788	-3802.0564865403812	-2100.6701550708403
0	16	16	1920	1	18370508182247544925	4	1001	1250	250	250	-2182.8684654512886	13.855075414022195	6000213	7680000	0	400	381.0852043965487	458.64329456550439	0.62499999999996936	250	13.464466158146651	-3855.4710726086701	-2132.0194043658994
0	16	16	1920	1	18370508182247544925	5	1251	1500	250	250	-2063.4284424377765	14.299352126431492	5995630	7680000	0	400	251.74551056079758	588.26679124780662	1.4144943896732265e-12	250	13.274572777199488	-3791.7431763719628	-2092.5978608904293
0	16	16	1920	1	18370508182247544925	6	1501	1750	250	250	-2146.1662318198523	13.089832880934068	5993081	7680000	0	400	385.56978705373785	564.12498207464625	-3.0686087351683433e-13	250	13.308830649085516	-3802.3813751248908	-2098.8510520419445
0	16	16	1920	1	18370508182247544925	7	1751	2000	250	250	-2174.7588260207663	13.073913811957306	5994120	7680000	0	400	435.64137918132286	403.72124888996336	-8.2128748246645955e-14	250	13.281619714365402	-3791.039762527977	-2090.9924390892083
0	16	16	1920	1	18370508182247544925	8	2001	2250	250	250	-2043.28561698163	13.389229068490227	5999349	7680000	0	400	297.59942815175953	427.91120580410472	1.7492565555776718e-12	250	13.381569093200486	-3852.4195769091093	-2139.5787329794471
0	16	16	1920	1	18370508182247544925	9	2251	2500	250	250	-2072.0320091530912	13.677991858564665	6000599	7680000	0	400	277.66507036038797	1472.3819993846805	-1.9316579585870741e-13	250	13.476740991322229	-3860.1712962996567	-2135.1484494104106
0	16	16	1920	1	18370508182247544925	10	2501	2750	250	250	-2045.5519209943218	12.797157554816451	5999345	7680000	0	400	328.47001643555501	425.35650316094268	-5.3340144801072853e-14	250	13.441892902935438	-3828.536624224781	-2107.9743326490448
0	16	16	1920	1	18370508182247544925	11	2751	3000	250	250	-1951.9627492130085	13.046629334024628	5996985	7680000	2	400	203.65130327462185	614.9794452320632	0.62499999999935463	250	13.240284688111823	-3775.3577754810508	-2080.6013354027345
0	16	16	1920	1	18370508182247544925	12	3001	3250	250	250	-2027.122250548596	12.648325677593869	6004529	7680000	0	400	293.03682962609867	373.57779556384213	-2.8163886153786954e-13	250	13.455537358678532	-3850.3803033120867	-2128.071521401233
0	16	16	1920	1	18370508182247544925	13	3251	3500	250	250	-2243.4216221348856	13.240569571503759	5999467	7680000	0	400	277.5248350351124	1175.7955956284234	1.0527705009838462e-12	250	13.373779652439135	-3850.5867440557608	-2138.7429485435505
0	16	16	1920	1	18370508182247544925	14	3501	3750	250	250	-2082.9005385872802	12.976020999356994	5998530	7680000	0	400	279.37160771976068	489.62352216974995	-1.7306452495050029e-12	250	13.306378827554518	-3822.3190590758459	-2119.1025691488662
0	16	16	1920	1	18370508182247544925	15	3751	4000	250	250	-2042.7298260206205	13.806350043960215	5998432	7680000	0	400	335.88524766463786	460.90392723483887	-8.4795363439194027e-11	250	13.393159852990571	-3838.367246007112	-2124.0427848243176
0	16	16	1920	1	18370508182247544925	16	4001	4250	250	250	-2109.4063472394346	13.25587382493145	5998283	7680000	0	400	215.71395689949503	968.98315410012947	-3.3383126991914924e-13	250	13.432664964348469	-3819.6960693573069	-2100.3149539207034
0	16	16	1920	1	18370508182247544925	17	4251	4500	250	250	-2189.0753421784884	14.003840894400323	6004004	7680000	0	400	258.35938189092769	841.72067702574168	2.3105649338273082e-13	250	13.535416836264131	-3880.746862076488	-2148.2135070346799
0	16	16	1920	1	18370508182247544925	18	4501	4750	250	250	-2094.508592992076	14.36759911652598	6001801	7680000	0	400	113.60316314496511	715.44011778703998	-4.2139041821903644e-12	250	13.375382546321141	-3814.113209694905	-2102.064243765798
0	16	16	1920	1	18370508182247544925	19	4751	5000	250	250	-2085.597922318902	13.300819793322507	5995294	7680000	0	400	414.14603748116201	373.09691533457891	8.9223767263391096e-14	250	13.237463892334457	-3810.9981993528154	-2116.6028211340058
0	16	16	1920	2	3001247938405348903	0	1	250	250	250	-2047.5468441075373	13.71683319495966	5988539	7680000	0	400	440.66311010644961	450.07231333524504	8.9168375374398812e-12	250	13.218093305143091	-3746.9938683342757	-2055.0779252759635
0	16	16	1920	2	3001247938405348903	1	251	500	250	250	-2134.231435654403	13.75462168678637	5994331	7680000	0	400	393.82604977321881	663.40255175021082	-9.2539691187720763e-14	250	13.371468944712793	-3851.5996593140599	-2140.0516343908225
0	16	16	1920	2	3001247938405348903	2	501	750	250	250	-2091.2080699128783	12.87059212251377	5999382	7680000	0	400	342.58467289068483	611.884587209448	1.5332162405998218e-09	250	13.346016327033148	-3810.6101462049701	-2102.3200563447294
0	16	16	1920	2	3001247938405348903	3	751	1000	250	250	-2068.7334519996766	13.532844358013833	6000181	7680000	0	400	336.22478560567492	478.26131963268057	1.0109066361785324e-12	250	13.427799491540547	-3861.2872725622201	-2142.5289376450282
0	16	16	1920	2	3001247938405348903	4	1001	1250	250	250	-2115.0824182484839	13.174155802230796	5991584	7680000	0	400	565.87119989110374	349.85027933038737	-1.6479352604736874e-13	250	13.330322213334018	-3816.9266550847024	-2110.6454117779467
0	16	16	1920	2	3001247938405348903	5	1251	1500	250	250	-1987.6743408085715	12.792662326845985	6002975	7680000	0	400	314.39002979756486	536.30837176683985	-9.5796559053396013e-11	250	13.523377805748778	-3854.6723130381206	-2123.6799539022804
0	16	16	1920	2	3001247938405348903	6	1501	1750	250	250	-2134.5175810633928	12.845600638899842	6002401	7680000	0	400	306.47857451603062	485.68629836098916	-3.6869379077542064e-13	250	13.400934508489236	-3868.7470132615726	-2153.4273961749482
0	16	16	1920	2	3001247938405348903	7	1751	2000	250	250	-1994.7596919331243	13.468197187646172	5997375	7680000	0	400	297.92718969258397	374.26349965612616	-2.2195242605632659e-12	250	13.304750935361412	-3804.4929803492255	-2101.4848606229634
0	16	16	1920	2	3001247938405348903	8	2001	2250	250	250	-2088.8034023433192	13.369455475557626	5995583	7680000	0	400	383.69703217349104	413.09715599492864	4.220109504904368e-13	250	13.366902760028092	-3828.0356139058767	-2117.0720606222812
0	16	16	1920	2	3001247938405348903	9	2251	2500	250	250	-2061.6299866081054	13.656404097335809	6007823	7680000	0	400	178.53203787118156	515.99976511352349	-3.002365283472086e-12	250	13.562866824008879	-3905.152513668831	-2169.1055601956923
0	16	16	1920	2	3001247938405348903	10	2501	2750	250	250	-2127.1984309678946	13.439508798845189	5998319	7680000	0	400	263.34381542244961	470.18189779221461	9.8099393192052631e-13	250	13.355478084103	-3832.5100082225185	-2123.0088134573302
0	16	16	1920	2	3001247938405348903	11	2751	3000	250	250	-2095.5471812430583	13.077356551143685	6001138	7680000	0	400	370.34565495518757	414.51065606710802	-9.7743167726260793e-13	250	13.341568063285084	-3831.0256538139492	-2123.3049417134575
0	16	16	1920	2	3001247938405348903	12	3001	3250	250	250	-2015.699761907186	13.474015309802926	5990832	7680000	0	400	485.91153496656642	339.99471852385648	-4.2008497375123355e-13	250	13.280325110674745	-3799.1140165839838	-2099.2324024176137
0	16	16	1920	2	3001247938405348903	13	3251	3500	250	250	-2138.9212369551396	13.905235000686675	6003125	7680000	0	400	374.04173164477339	443.37242115595012	8.0769722507478825e-13	250	13.480645067306014	-3822.5482289712336	-2097.0256603560651
0	16	16	1920	2	3001247938405348903	14	3501	3750	250	250	-2038.1250163807931	14.242397495236695	5998117	7680000	0	400	339.63423058096612	438.35499778510064	9.5721520987357422e-13	250	13.29211343354212	-3810.9716455959538	-2109.5811261025642
0	16	16	1920	2	3001247938405348903	15	3751	4000	250	250	-2090.9966199287569	13.838329620752917	5992724	7680000	0	400	323.89201704922817	594.05910436121303	1.3283656761370333e-08	250	13.262996387945185	-3801.5340549004427	-2103.8705172434625
0	16	16	1920	2	3001247938405348903	16	4001	4250	250	250	-2145.6522498100449	13.247175000559153	5997579	7680000	0	400	310.45353381042526	656.78575001591344	5.0596679623815533e-14	250	13.332945237634387	-3830.8633232940088	-2124.2463328768054
0	16	16	1920	2	3001247938405348903	17	4251	4500	250	250	-2029.9834180912005	13.903673750492624	6000203	7680000	0	400	369.32602022735585	386.56049397341587	1.8190353737179699e-13	250	13.311895452124896	-3816.9805477343007	-2113.0579298623134
0	16	16	1920	2	3001247938405348903	18	4501	4750	250	250	-2178.9852433588512	13.16503026482278	6003022	7680000	0	400	216.29814101386296	610.68501455987644	-2.5191610950048293e-13	250	13.365727183186801	-3859.9771175160872	-2149.1640380681738
0	16	16	1920	2	3001247938405348903	19	4751	5000	250	250	-2073.3939835906767	13.313123027885977	5997854	7680000	0	400	257.51920687514286	582.69556867317021	-4.760805465131579e-13	250	13.287953119962076	-3849.5658807528393	-2148.7078813976923
0	16	16	1920	3	13592577156457079185	0	1	250	250	250	-2017.9461211222733	12.812115132118461	5999462	7680000	0	400	422.41537956297839	322.02911640943034	1.6249999999871851	250	13.416397430391616	-3828.0790534898911	-2110.7801823997634
0	16	16	1920	3	13592577156457079185	1	251	500	250	250	-2117.3717080949064	13.419552889070317	6008432	7680000	0	400	360.10587177534495	800.22063218578785	-2.8386147599146483e-14	250	13.648956842539087	-3914.1064110246366	-2167.0399351796354
0	16	16	1920	3	13592577156457079185	2	501	750	250	250	-1996.4717045953942	13.442130073936914	6001924	7680000	0	400	370.49619102471109	378.14458983793213	2.6929543664455657e-13	250	13.434096852277225	-3831.5914702258515	-2112.0270731343667
0	16	16	1920	3	13592577156457079185	3	751	1000	250	250	-2106.3247667633509	12.864463120605349	5999545	7680000	0	400	209.8994601855473	493.11829270956667	-8.3037743348057802e-13	250	13.370246532246966	-3834.975668909311	-2123.5841127816966
0	16	16	1920	3	13592577156457079185	4	1001	1250	250	250	-2120.8324703935336	13.680719252898959	6008405	7680000	0	400	287.94249713016546	553.32069053138855	-1.4908517129152976e-13	250	13.579241042497742	-3869.0578763311969	-2130.9150228914827
0	16	16	1920	3	13592577156457079185	5	1251	1500	250	250	-2129.3332462475978	13.419520030722204	5998062	7680000	0	400	328.60401112984113	953.91253639009369	2.739532559137281e-12	250	13.352456202210135	-3803.7275237966478	-2094.6131299137519
0	16	16	1920	3	13592577156457079185	6	1501	1750	250	250	-1976.6656787416566	13.560887492612052	6002731	7680000	0	400	385.0484947761945	339.40251829847659	-9.386155047641509e-13	250	13.548500396410951	-3862.4971587644213	-2128.2891080238192
0	16	16	1920	3	13592577156457079185	7	1751	2000	250	250	-2215.2982101245975	13.416810406745473	5999351	7680000	0	400	453.44782309433521	498.77185130112713	-3.989816289851067e-13	250	13.532365589752258	-3842.9022499747007	-2110.7594544864128
0	16	16	1920	3	13592577156457079185	8	2001	2250	250	250	-2152.9957454516189	13.880551329884383	5996591	7680000	0	400	298.00460087331885	469.46968081253988	0.24999999999997483	250	13.338278614660792	-3831.5762535379013	-2124.2765908613201
0	16	16	1920	3	13592577156457079185	9	2251	2500	250	250	-2208.7558971305675	13.566601974552709	6005301	7680000	0	400	197.28182353125069	1000.2971050174971	8.7499999999942144	250	13.516944313752731	-3888.3124770931049	-2158.1436049327549
0	16	16	1920	3	13592577156457079185	10	2501	2750	250	250	-2086.5543133443521	13.226266350270429	5998945	7680000	0	400	243.61398331695128	639.06645463016309	0.37499999998907402	250	13.223928424486655	-3808.4207094678827	-2115.7578711335923
0	16	16	1920	3	13592577156457079185	11	2751	3000	250	250	-2070.6199597318277	12.879292940708677	6001982	7680000	1	400	156.57149686647651	627.12570575348138	2.3124999999990705	250	13.438658229005805	-3847.3494856590846	-2127.2012323463391
0	16	16	1920	3	13592577156457079185	12	3001	3250	250	250	-2002.0809496174465	13.444500545615478	5999495	7680000	0	400	212.59734045418742	2806.3139994379162	8.9999999999996572	250	13.273251346356233	-3789.4243271819496	-2090.4481548483514
0	16	16	1920	3	13592577156457079185	13	3251	3500	250	250	-2155.1157515683617	12.79241929051245	5998817	7680000	2	400	304.5899279434912	618.00350650384985	1.7499999999819895	250	13.249473193705944	-3796.7714002289908	-2100.8388314346307
0	16	16	1920	3	13592577156457079185	14	3501	3750	250	250	-2088.9470408094626	13.377126021204488	6001732	7680000	1	400	373.64906641526909	664.34644099790285	6.1875000000016245	250	13.375874361576207	-3821.943251038284	-2109.8313327565315
0	16	16	1920	3	13592577156457079185	15	3751	4000	250	250	-2058.0862904360906	13.305149924903848	5999918	7680000	0	400	376.60004810167572	430.41805513119147	-6.4062886939719732e-12	250	13.311827795626641	-3823.0900738215287	-2119.1761159813195
0	16	16	1920	3	13592577156457079185	16	4001	4250	250	250	-2152.0742017433336	13.313212283139459	6002539	7680000	0	400	304.98709566835305	668.16802968982574	2.2468138460851605e-14	250	13.423865073602132	-3834.0178048069652	-2115.7630753858925
0	16	16	1920	3	13592577156457079185	17	4251	4500	250	250	-2055.878930181188	13.155709374498846	6001168	7680000	0	400	259.11407785388167	459.67395143078409	2.5657340835261166e-13	250	13.431476942828709	-3845.4912570279034	-2126.2622083458273
0	16	16	1920	3	13592577156457079185	18	4501	4750	250	250	-2206.1876758825624	13.743302670538904	6001465	7680000	0	400	117.86150821737108	1623.8452454660812	4.0287261374172267e-13	250	13.424484403653345	-3807.459049928922	-2089.1250462612943
0	16	16	1920	3	13592577156457079185	19	4751	5000	250	250	-2114.0442390382555	13.583478502526873	5999719	7680000	0	400	399.15203130594767	435.88287018500387	-1.4636407754189951e-10	250	13.482984884570326	-3846.4772151050179	-2120.6551498800154
0	16	16	1920	4	4430405926156806002	0	1	250	250	250	-2219.1188360934739	13.551349522090785	5999020	7680000	0	400	235.41031000119267	627.13690543386645	6.2499999999924514	250	13.30885062408815	-3802.6453930207272	-2099.1125131374442
0	16	16	1920	4	4430405926156806002	1	251	500	250	250	-2197.3673403984653	13.090367986318386	6000354	7680000	0	400	293.33947014672674	770.77770156429017	3.375000000090989	250	13.402844028568897	-3853.3230062148946	-2137.7589705580772
0	16	16	1920	4	4430405926156806002	2	501	750	250	250	-1995.7112657898165	12.964547189417331	5993561	7680000	0	400	162.2270870814753	740.29611221331822	4.1250000000157554	250	13.25177773052836	-3785.8065204066393	-2089.5789708990073
0	16	16	1920	4	4430405926156806002	3	751	1000	250	250	-2248.5892721192718	13.875468970842192	5999853	7680000	0	400	251.45243642305886	1163.9765502041005	1.6250000000003322	250	13.379063058039309	-3807.3504421779317	-2094.8303707488999
0	16	16	1920	4	4430405926156806002	4	1001	1250	250	250	-2096.8698642868512	13.438205816835721	5999019	7680000	0	400	380.71265196537109	548.48987976814135	7.125000000000564	250	13.408821970200689	-3792.700047227408	-2076.3708350417187
0	16	16	1920	4	4430405926156806002	5	1251	1500	250	250	-2051.1587525937666	13.010240744969893	5996233	7680000	0	400	345.21477437330856	666.14056380155273	5.4999999999866036	250	13.274474722386556	-3773.4253991092969	-2074.2926346438194
0	16	16	1920	4	4430405926156806002	6	1501	1750	250	250	-2229.7306842278858	13.860532357399244	6000219	7680000	3	400	144.23759927757294	754.11786612095648	4.4375000000017204	250	13.316290143311196	-3836.4157955661685	-2131.9306572223359
0	16	16	1920	4	4430405926156806002	7	1751	2000	250	250	-2067.0624752044532	13.598391662892803	5998981	7680000	0	400	346.16978285193056	367.74644368186546	3.3696418051676336e-13	250	13.360975308117199	-3806.1283815132128	-2095.9235420742116
0	16	16	1920	4	4430405926156806002	8	2001	2250	250	250	-2038.8098388147121	13.40575694771311	6002056	7680000	0	400	214.63210215734239	665.30795675866875	-1.5860836949377344e-12	250	13.389222587704701	-3844.8061941736241	-2130.9857029474201
0	16	16	1920	4	4430405926156806002	9	2251	2500	250	250	-2048.753116633437	12.539662506064163	5994451	7680000	0	400	158.09442003740938	468.18929598179028	3.1880748041501761e-14	250	13.091966594108518	-3775.5714597868273	-2099.7997357409381
0	16	16	1920	4	4430405926156806002	10	2501	2750	250	250	-2099.1854229776545	12.827554025702344	5993170	7680000	0	400	479.94251929155644	484.56432946099193	-4.9743195673634943e-14	250	13.337037808609098	-3801.7194762519612	-2094.5786367499991
0	16	16	1920	4	4430405926156806002	11	2751	3000	250	250	-2155.8682505128022	13.830678146986703	6000141	7680000	0	400	425.94129421929046	624.55446866009424	-5.5440027568742778e-14	250	13.408179493374954	-3822.9179655259782	-2106.6709903739861
0	16	16	1920	4	4430405926156806002	12	3001	3250	250	250	-2035.4449129870104	13.371153828866101	6002628	7680000	0	400	362.44691758067995	419.15333420955784	3.013415558750232e-10	250	13.467006892519041	-3866.0891313753191	-2142.3122491328804
0	16	16	1920	4	4430405926156806002	13	3251	3500	250	250	-2024.8445490168083	12.831315243880374	5997343	7680000	0	400	260.43098116567234	473.72060211501412	2.1030914639993958e-12	250	13.291284830374217	-3796.2475413477023	-2094.9630830598007
0	16	16	1920	4	4430405926156806002	14	3501	3750	250	250	-2209.4963043367416	12.724383488746586	5991671	7680000	0	400	478.26607839578429	918.43528070743969	-9.5454893989099787e-14	250	13.355237820559557	-3812.8117810344102	-2103.3413400027839
0	16	16	1920	4	4430405926156806002	15	3751	4000	250	250	-1977.5364464772381	13.17363112630451	5994656	7680000	0	400	301.48200982447418	376.49325763633198	0.12499999999979844	250	13.279294852237122	-3805.126232149807	-2105.376491063455
0	16	16	1920	4	4430405926156806002	16	4001	4250	250	250	-2142.3073502816387	14.09587922619024	5997396	7680000	0	400	426.29430637932444	502.77629033949131	1.1737702823588769e-12	250	13.328988554171794	-3884.3742163420375	-2178.2636814080506
0	16	16	1920	4	4430405926156806002	17	4251	4500	250	250	-2206.6973756030438	13.824006579854695	6000889	7680000	0	400	432.26314697046053	712.88196128113407	-3.270951218214968e-13	250	13.418881147539027	-3849.5623119314137	-2131.945525046413
0	16	16	1920	4	4430405926156806002	18	4501	4750	250	250	-1906.758012249137	12.862895985824581	5995428	7680000	0	400	190.90772320888743	369.02033788014688	-1.1736315044807988e-13	250	13.18325088045286	-3761.0884017825397	-2073.6322890845727
0	16	16	1920	4	4430405926156806002	19	4751	5000	250	250	-2040.5311897332115	12.581514779680004	5994485	7680000	0	400	282.91347989221379	515.81529687086754	-1.0818494537712109e-14	250	13.224621784002137	-3808.8659076170015	-2116.1143192647278
0	16	16	1920	5	14031925619824461182	0	1	250	250	250	-2171.3827521104317	13.997823269741739	6001237	7680000	0	400	233.33679528202171	812.31417621235869	4.7500000000798606	250	13.352266928928426	-3827.8980124588288	-2118.8078455559921
0	16	16	1920	5	14031925619824461182	1	251	500	250	250	-2214.2933813067893	13.882115507641805	5996933	7680000	0	400	304.85645620924271	572.04034433380752	8.499999999978133	250	13.320800234482796	-3804.5155821912922	-2099.4531521774966
0	16	16	1920	5	14031925619824461182	2	501	750	250	250	-2015.6864271837494	12.286789199638697	5998399	7680000	0	400	211.89820185093171	683.48015752047058	2.9999999999998455	250	13.324230667505734	-3801.9948737014279	-2096.4933482606943
0	16	16	1920	5	14031925619824461182	3	751	1000	250	250	-2236.6265914341466	13.632090133864079	6000810	7680000	0	400	396.57503700184134	534.93707093805699	1.2324581459555173e-13	250	13.490786605067877	-3860.935589137137	-2134.114903688449
0	16	16	1920	5	14031925619824461182	4	1001	1250	250	250	-2242.5130906217573	13.92773801149543	5997087	7680000	0	400	405.98905034309252	463.22201481072688	-3.9743815877235633e-13	250	13.454709578104888	-3835.509954798109	-2113.3071288006868
0	16	16	1920	5	14031925619824461182	5	1251	1500	250	250	-2157.9588967999202	13.22819317445243	6002567	7680000	0	400	287.92566518825322	595.69965542109878	-2.3593106635022565e-13	250	13.548706282823247	-3849.5506805475466	-2115.3162763461705
0	16	16	1920	5	14031925619824461182	6	1501	1750	250	250	-2247.1361198429749	13.762788334470006	5997862	7680000	0	400	283.99907681798265	915.39984354743297	3.5623760885616917e-13	250	13.34510225498714	-3839.5920153632765	-2131.4189267249226
0	16	16	1920	5	14031925619824461182	7	1751	2000	250	250	-2154.196993007185	13.454021427255228	6000756	7680000	0	400	296.38641305325655	570.43586970153194	-1.9216876354088974e-13	250	13.421424224084072	-3866.1356319649453	-2148.1933312821839
0	16	16	1920	5	14031925619824461182	8	2001	2250	250	250	-2180.3690780198031	14.027349851157078	6003332	7680000	0	400	221.78806026661226	821.8580001546494	7.8584491344790841e-14	250	13.475720440272122	-3859.3051835265519	-2134.4129671717201
0	16	16	1920	5	14031925619824461182	9	2251	2500	250	250	-2205.8071551302073	14.238640059256827	5999777	7680000	0	400	278.38751951033134	500.42999490283614	-2.4511751135769533e-13	250	13.465953015658886	-3841.9514738088037	-2118.3094878044662
0	16	16	1920	5	14031925619824461182	10	2501	2750	250	250	-2049.1275577671386	13.505993528175102	6002787	7680000	0	400	258.36632709248346	642.70794941552765	-5.973465212055773e-11	250	13.420637218030144	-3859.8019993475546	-2141.9604354396956
0	16	16	1920	5	14031925619824461182	11	2751	3000	250	250	-2040.3220307688853	13.437389342997877	5998703	7680000	0	400	260.62905080923696	554.97692533814495	8.7870336007433991e-13	250	13.337100358323591	-3817.0726191464764	-2109.9237732810561
0	16	16	1920	5	14031925619824461182	12	3001	3250	250	250	-2032.0231819280616	13.869496386522986	6005375	7680000	0	400	207.87981208326713	563.57135697917317	3.1765744548661878e-12	250	13.397475574917417	-3802.6338255531109	-2087.7569519636827
0	16	16	1920	5	14031925619824461182	13	3251	3500	250	250	-2243.2788944317681	13.6338971084144	6003444	7680000	0	400	413.14646619981363	560.15148310342852	-5.7952774523695183e-13	250	13.524351984515883	-3866.5662966241412	-2135.4492426061065
0	16	16	1920	5	14031925619824461182	14	3501	3750	250	250	-2069.4376386248682	13.106047433305182	5999668	7680000	0	400	482.09230279558329	661.35182431084127	1.8578185864703833e-12	250	13.359216695909739	-3852.0109924073745	-2142.0312553309295
0	16	16	1920	5	14031925619824461182	15	3751	4000	250	250	-2067.2135086840212	13.126258700959925	6003219	7680000	0	400	303.47727481973652	437.70852254967303	1.8491111419827178e-13	250	13.439319035788714	-3837.7178774931872	-2117.4850409122328
0	16	16	1920	5	14031925619824461182	16	4001	4250	250	250	-2161.7284510690256	13.347368419906898	6004565	7680000	0	400	348.6004726565651	424.8995774436849	2.6758005533533691e-12	250	13.619785933788917	-3864.783176643246	-2121.4505771182671
0	16	16	1920	5	14031925619824461182	17	4251	4500	250	250	-2068.5279018030551	12.602675438473758	5998915	7680000	1	400	264.8142696426367	1860.9219511224862	4.9375000000065903	250	13.338388876643407	-3795.1053296134146	-2087.7915534030608
0	16	16	1920	5	14031925619824461182	18	4501	4750	250	250	-2069.4622616331394	13.517002578417388	5999021	7680000	0	400	245.17176800849214	759.68278977091234	0.87500000000232259	250	13.393177151557305	-3811.5369056213876	-2097.2102302220515
0	16	16	1920	5	14031925619824461182	19	4751	5000	250	250	-2105.3089937627919	13.608994873029943	6001885	7680000	0	400	158.69274362577053	749.59607320750365	5.6865579953213619e-13	250	13.436239416771594	-3865.7198687260061	-2145.8812233792446
0	16	16	1920	6	2939865645977079350	0	1	250	250	250	-2184.8091177652577	13.587860059682212	5995019	7680000	0	400	388.98695180474152	849.00728288897449	4.4405451538054308e-14	250	13.286286776529552	-3823.8316982173837	-2123.1869908216013
0	16	16	1920	6	2939865645977079350	1	251	500	250	250	-2031.4951330417496	13.690409199292516	5995712	7680000	0	400	235.65309296541625	702.66099460552618	6.1364986442963287e-13	250	13.314397413522123	-3800.5866280488685	-2096.3437591180364
0	16	16	1920	6	2939865645977079350	2	501	750	250	250	-2090.355703776208	14.278036610526266	6006028	7680000	0	400	305.32702644092137	454.08108498406244	2.8814776086016902e-13	250	13.473635953019016	-3835.8877888062798	-2111.2623868198489
0	16	16	1920	6	2939865645977079350	3	751	1000	250	250	-2252.6732605587895	13.94334800888293	5995995	7680000	0	400	443.73817368297762	458.07847050937858	-8.3413983185953722e-13	250	13.222220920951381	-3822.1737617856479	-2129.7294839038714
0	16	16	1920	6	2939865645977079350	4	1001	1250	250	250	-2000.1963647071425	13.147777124692771	5995998	7680000	0	400	319.86352163969588	369.61678912436611	-1.2715427669118817e-12	250	13.304159614739641	-3796.0138520646015	-2093.0814213779277
0	16	16	1920	6	2939865645977079350	5	1251	1500	250	250	-2010.7848059011951	13.466433532061902	5997317	7680000	0	400	255.00291019154264	654.37433798935979	1.8659067346771252e-12	250	13.361794589774442	-3828.2068770409123	-2117.8971695497826
0	16	16	1920	6	2939865645977079350	6	1501	1750	250	250	-2025.4860159784287	13.164508559631463	5997020	7680000	0	400	208.12146236570342	501.034553611874	3.6083328165681383e-12	250	13.249203001617595	-3821.3945939315449	-2125.4966097244906
0	16	16	1920	6	2939865645977079350	7	1751	2000	250	250	-2247.4445720389281	12.967180346238761	5997344	7680000	0	400	257.1835105584106	654.81852633427991	-3.1991770343964276e-13	250	13.290840901845181	-3811.7270494519885	-2110.4994140158055
0	16	16	1920	6	2939865645977079350	8	2001	2250	250	250	-2164.5689425734276	13.186441006433556	6000877	7680000	0	400	429.94625873713954	789.74846611251439	-4.8794193512058381e-12	250	13.452639241180847	-3840.9359967471428	-2118.9981738759925
0	16	16	1920	6	2939865645977079350	9	2251	2500	250	250	-1986.7323721595885	13.603136145045971	6000142	7680000	0	400	429.82439550153896	336.31885118686984	-4.0804469178534752e-13	250	13.341540065142452	-3860.9819706699491	-2153.2648423317164
0	16	16	1920	6	2939865645977079350	10	2501	2750	250	250	-2124.5963765897227	13.366632861759424	5997847	7680000	0	400	402.98273177973175	731.80512091946753	-5.3549482556536354e-13	250	13.398716249643854	-3817.6267604883583	-2102.5910805339427
0	16	16	1920	6	2939865645977079350	11	2751	3000	250	250	-2158.7086849810889	13.145526221090828	5998909	7680000	0	400	295.82695112447004	488.04564410861565	2.6940778167366952e-12	250	13.406552116760812	-3863.573262713679	-2147.5345917682962
0	16	16	1920	6	2939865645977079350	12	3001	3250	250	250	-2042.5848969549911	13.337145645293955	5999105	7680000	0	400	278.76466754294125	521.61090092750794	6.9027791295417362e-14	250	13.396853488582353	-3835.9427819819698	-2121.1455354434324
0	16	16	1920	6	2939865645977079350	13	3251	3500	250	250	-2130.1997380088878	13.973313637519505	6001211	7680000	0	400	335.42664444898219	804.56101144309696	1.4559169841943387e-12	250	13.386463577526859	-3848.2648496551506	-2134.7975117317128
0	16	16	1920	6	2939865645977079350	14	3501	3750	250	250	-2050.1826731722767	13.320958341227763	5999855	7680000	0	400	181.88635802315807	667.53766213987819	-1.100853696395232e-11	250	13.318613685636027	-3812.3282032327238	-2107.5456514713137
0	16	16	1920	6	2939865645977079350	15	3751	4000	250	250	-2064.4921592772998	13.906202411969275	5996051	7680000	0	400	326.66514929593063	365.32987151913773	-1.5222506415113468e-12	250	13.26175403448946	-3771.306864212243	-2073.8023477975898
0	16	16	1920	6	2939865645977079350	16	4001	4250	250	250	-2045.5151429150521	13.584907004239524	6003324	7680000	0	400	217.72622409286393	611.82514767650162	2.4676990485750228e-11	250	13.40909480599165	-3845.8242513823434	-2129.4601162154122
0	16	16	1920	6	2939865645977079350	17	4251	4500	250	250	-2097.7682694066948	13.56305023936206	6003778	7680000	0	400	240.32067362614018	466.95944495690236	2.3206957189270128e-13	250	13.360902292162359	-3829.0552413163255	-2118.8597479195432
0	16	16	1920	6	2939865645977079350	18	4501	4750	250	250	-2009.6509321092694	13.144662360108377	5997688	7680000	0	400	274.39729231118224	644.0364866108697	-5.9021852075874515e-13	250	13.434918623449196	-3816.9804318006854	-2097.3108479991884
0	16	16	1920	6	2939865645977079350	19	4751	5000	250	250	-2175.3439704870125	13.380382735209714	6004959	7680000	0	400	179.01260173388366	870.52135970368727	8.3824375392282935e-13	250	13.463841847120717	-3867.4989008024572	-2144.1271443710057
0	16	16	1920	7	7282186805910247542	0	1	250	250	250	-2193.1943302281679	12.913659487703251	6003456	7680000	0	400	150.47312402448637	593.64275783344715	8.4212801662597592e-14	250	13.421838105441262	-3836.3449250603517	-2118.3496475638658
0	16	16	1920	7	7282186805910247542	1	251	500	250	250	-2250.0706570026136	12.088024641783884	5999877	7680000	0	400	236.45019928891386	872.55752825254046	-2.3359591171112637e-13	250	13.388664009032622	-3847.4724951964913	-2133.7235020403159
0	16	16	1920	7	7282186805910247542	2	501	750	250	250	-2109.5292105324093	12.754943731315569	5995155	7680000	0	400	379.0873586092564	400.47832927368142	3.2499999999996296	250	13.218848652618755	-3797.4956931132515	-2105.4830655780479
0	16	16	1920	7	7282186805910247542	3	751	1000	250	250	-2130.1136598697672	13.321880660823963	5999896	7680000	0	400	272.88053234572976	547.01966449192605	2.9999999999876317	250	13.3327438450585	-3831.9116655169205	-2125.3204533494327
0	16	16	1920	7	7282186805910247542	4	1001	1250	250	250	-2058.7998667872334	12.449512916588862	6000736	7680000	0	400	113.84206003527707	1034.5138040978666	0.624999999999309	250	13.24831003877874	-3795.2679737763074	-2099.4842888126254
0	16	16	1920	7	7282186805910247542	5	1251	1500	250	250	-1968.4914840628846	13.355441230360155	6003774	7680000	0	400	339.68523517567263	475.81926445240271	4.2499999999996234	250	13.43387143810917	-3824.5435350805419	-2105.0079910025688
0	16	16	1920	7	7282186805910247542	6	1501	1750	250	250	-2102.8856182651011	14.172019808646587	6001009	7680000	0	400	401.06796254497237	807.68199298692912	5.7499999999997176	250	13.47041808550801	-3836.8557147568035	-2112.6421998117776
0	16	16	1920	7	7282186805910247542	7	1751	2000	250	250	-2156.174851490151	12.506105050129372	6000851	7680000	0	400	379.92449614796618	578.47554408716803	3.3750000000086371	250	13.324234203557447	-3837.3886785204927	-2131.8867004651402
0	16	16	1920	7	7282186805910247542	8	2001	2250	250	250	-2079.6314514744636	14.029103480226338	6002238	7680000	0	400	353.29289469825449	447.01328995947875	6.1250000000067377	250	13.451229661856322	-3823.3146016892015	-2101.5572049715952
0	16	16	1920	7	7282186805910247542	9	2251	2500	250	250	-1960.3405292189136	13.464764560387303	5999238	7680000	1	400	194.08401059713393	484.22034290334551	8.0624999998893028	250	13.363139804432475	-3788.8155491431494	-2078.3336541757908
0	16	16	1920	7	7282186805910247542	10	2501	2750	250	250	-1927.194216281054	12.60650063619363	6000050	7680000	1	400	307.75688311564522	500.57354105628031	4.3125000000014051	250	13.316518643015955	-3805.6478173519845	-2101.1334310459401
0	16	16	1920	7	7282186805910247542	11	2751	3000	250	250	-2301.7253239320135	13.78679269057727	5999664	7680000	0	400	227.46088290985816	876.65065156126457	1.1399952162816085e-12	250	13.351343363671761	-3828.0244171776744	-2119.0524666276865
0	16	16	1920	7	7282186805910247542	12	3001	3250	250	250	-2015.6186790911208	13.538715301204107	6000120	7680000	0	400	160.63456969200814	491.1899704445579	2.4465596649286825e-12	250	13.434549181780159	-3845.1409203760309	-2125.5186251081695
0	16	16	1920	7	7282186805910247542	13	3251	3500	250	250	-2074.6692773244376	13.940903727073508	5998287	7680000	0	400	304.54129129593611	449.71568084372416	-1.2881514431517527e-13	250	13.382374651069711	-3841.619307875711	-2128.6753525387867
0	16	16	1920	7	7282186805910247542	14	3501	3750	250	250	-2028.3091719395884	13.520411916883699	5992572	7680000	0	400	235.35436517677087	474.43995955255099	1.374816059607209e-13	250	13.193671813233665	-3792.5592282134062	-2103.7692361194968
0	16	16	1920	7	7282186805910247542	15	3751	4000	250	250	-2143.7806252893597	13.937776854269782	5995944	7680000	0	400	379.39506305766253	640.24480959016853	4.4655685399463962e-13	250	13.278902360748724	-3801.5013442442955	-2101.801842068458
0	16	16	1920	7	7282186805910247542	16	4001	4250	250	250	-2171.4040967296728	14.180706872893881	5993534	7680000	0	400	509.2521979875163	421.68947574324289	2.9986560109995786e-13	250	13.331631972229498	-3789.8216809821961	-2083.3727885368185
0	16	16	1920	7	7282186805910247542	17	4251	4500	250	250	-2051.0793775199681	13.020101930009107	5997946	7680000	0	400	262.53185322291586	525.90071773266914	-1.5708788436707977e-14	250	13.42474815791924	-3835.776350694041	-2117.4085864803797
0	16	16	1920	7	7282186805910247542	18	4501	4750	250	250	-1989.797799137843	12.831427285991634	6000436	7680000	0	400	221.08357728666815	422.86575626842131	1.1651057722772418e-12	250	13.325159738328392	-3828.2878733927628	-2122.6674268867278
0	16	16	1920	7	7282186805910247542	19	4751	5000	250	250	-2149.3070594294986	13.775346728431458	5994360	7680000	0	400	369.9615151870521	473.33876666368644	2.1695666096999133e-13	250	13.3210762836184	-3786.5155448000123	-2081.417780496859
1	17.600000000000001	17.600000000000001	1920	0	2026094003	0	1	250	250	250	-2273.4692104770365	13.698228509716314	5917668	7680000	0	400	372.69462950613598	545.32766613510648	3.2634832336508879e-13	250	13.326235238623978	-3820.1293898974614	-2114.371279353591
1	17.600000000000001	17.600000000000001	1920	0	2026094003	1	251	500	250	250	-2155.6170690275171	13.453701110752908	5924295	7680000	0	400	302.28796068562139	990.07387141128061	6.1005671000979866e-14	250	13.339139456389637	-3795.1353146020365	-2087.7254641841614
1	17.600000000000001	17.600000000000001	1920	0	2026094003	2	501	750	250	250	-2018.9881664397458	12.603853764393286	5924671	7680000	0	400	274.26409408761907	735.85969430858074	-2.2768245622195593e-14	250	13.454704291230733	-3853.452396536773	-2131.2502472592405
1	17.600000000000001	17.600000000000001	1920	0	2026094003	3	751	1000	250	250	-2005.8332981684505	13.559695393600034	5921685	7680000	0	400	260.57218201898712	456.43148282171813	-2.229467695527565e-13	250	13.392242349418634	-3840.9869991960609	-2126.7799784704748
1	17.600000000000001	17.600000000000001	1920	0	2026094003	4	1001	1250	250	250	-2170.4253574577797	13.297248431068288	5914874	7680000	0	400	365.51118022967592	808.17643606692343	1.8816046810921083e-13	250	13.264073142935926	-3803.5913534150736	-2105.7899911192744
1	17.600000000000001	17.600000000000001	1920	0	2026094003	5	1251	1500	250	250	-2006.3326755700014	13.616039783449851	5915991	7680000	0	400	392.72624607764084	405.57500992885531	-2.1911725905932045e-15	250	13.298725810986321	-3806.3648968782386	-2104.1279930719916
1	17.600000000000001	17.600000000000001	1920	0	2026094003	6	1501	1750	250	250	-2259.7938877250808	13.529012351956391	5917505	7680000	0	400	279.38300119881256	633.17623319856159	8.4580346199070178e-14	250	13.362943041363435	-3807.5978076642491	-2097.1410983697288
1	17.600000000000001	17.600000000000001	1920	0	2026094003	7	1751	2000	250	250	-2158.3089979786746	13.574019335813079	5920764	7680000	0	400	463.95836571143599	413.20315679580608	-4.0155964491084273e-13	250	13.421603986593619	-3841.0904066916246	-2123.1250964076412
1	17.600000000000001	17.600000000000001	1920	0	2026094003	8	2001	2250	250	250	-2101.2924477967817	13.794745342076549	5923200	7680000	0	400	198.98812957003281	616.22125468992215	2.7500000000000031	250	13.31895116648896	-3818.4876013768621	-2113.6618520662751
1	17.600000000000001	17.600000000000001	1920	0	2026094003	9	2251	2500	250	250	-2117.3973950915311	14.198317826678116	5921793	7680000	0	400	261.38415162449036	624.8289926187939	3.8124999999990514	250	13.421857448190172	-3836.3225634928576	-2118.3248101245172
1	17.600000000000001	17.600000000000001	1920	0	2026094003	10	2501	2750	250	250	-1962.9759513390741	13.224160515418646	5923274	7680000	2	400	296.1852103079072	419.3475141400765	7.9374999999995612	250	13.284272234862499	-3795.3488599367079	-2094.9620138743098
1	17.600000000000001	17.600000000000001	1920	0	2026094003	11	2751	3000	250	250	-2063.7480655422355	13.29121573301294	5925316	7680000	0	400	154.26922926317144	509.66518213222196	8.2499999999988525	250	13.384472927058209	-3810.3941697020982	-2097.1816350386493
1	17.600000000000001	17.600000000000001	1920	0	2026094003	12	3001	3250	250	250	-2034.9491094020443	12.361450526396885	5922131	7680000	0	400	210.38936059401723	690.54851507721503	4.8750000000003704	250	13.353886699543841	-3849.2152026148069	-2139.917705073196
1	17.600000000000001	17.600000000000001	1920	0	2026094003	13	3251	3500	250	250	-2189.4048781000633	13.598077462459909	5916543	7680000	0	400	396.74431538156915	527.41454038297741	5.8125000000004086	250	13.251288827022487	-3764.3234397520137	-2068.158469893136
1	17.600000000000001	17.600000000000001	1920	0	2026094003	14	3501	3750	250	250	-2018.0440369653816	13.145629757097055	5918388	7680000	0	400	398.01642788905286	300.92305159240192	4.4375000000018829	250	13.36343269103928	-3823.8138353965878	-2113.2944509435561
1	17.600000000000001	17.600000000000001	1920	0	2026094003	15	3751	4000	250	250	-2044.2564281303044	13.534492722750906	5920215	7680000	0	400	246.14802350247794	451.73183102517714	2.3750000000007039	250	13.299248773925084	-3756.2158773616679	-2053.9120342992564
1	17.600000000000001	17.600000000000001	1920	0	2026094003	16	4001	4250	250	250	-2085.2778366801049	13.763579148092402	5922869	7680000	0	400	287.94269751851186	460.57746704344373	0.93749999999783606	250	13.471446235028855	-3859.2638627479791	-2134.9187446642877
1	17.600000000000001	17.600000000000001	1920	0	2026094003	17	4251	4500	250	250	-2089.8857910733905	14.013117720840182	5917611	7680000	0	400	177.75819981706545	577.27010456069343	4.9375000000003659	250	13.205503079949697	-3791.3636161843688	-2101.0592219508085
1	17.600000000000001	17.600000000000001	1920	0	2026094003	18	4501	4750	250	250	-2111.2709337202314	12.857814853430783	5922644	7680000	0	400	130.74324241521373	673.49154317946261	7.4999999999993827	250	13.333509910253982	-3838.6308869828135	-2131.9416184703027
1	17.600000000000001	17.600000000000001	1920	0	2026094003	19	4751	5000	250	250	-2060.3285289044939	13.18077478517483	5919627	7680000	0	400	310.98304666690728	1252.6824031115016	6.1874999999996492	250	13.291684532643101	-3793.5908740707869	-2092.2552538924715
1	17.600000000000001	17.600000000000001	1920	1	14716778048387755631	0	1	250	250	250	-2028.6545610808785	13.006900087905843	5918674	7680000	0	400	401.48656085274115	351.53494767889572	2.9829741107767482e-13	250	13.338796965761455	-3831.0287561011751	-2123.66274448371
1	17.600000000000001	17.600000000000001	1920	1	14716778048387755631	1	251	500	250	250	-2125.0985949854116	12.759349608280269	5918033	7680000	0	400	279.84327842343856	558.75341128102218	-6.3683433526584565e-14	250	13.250881454593259	-3806.572141659406	-2110.4593154714685
1	17.600000000000001	17.600000000000001	1920	1	14716778048387755631	2	501	750	250	250	-2002.4544878575643	12.839456017689633	5923085	7680000	0	400	286.43888099855832	457.15724766260769	2.3381470370953394e-13	250	13.442913015346454	-3849.3940665740793	-2128.7012006097343
1	17.600000000000001	17.600000000000001	1920	1	14716778048387755631	3	751	1000	250	250	-2021.3174015137213	13.359716189922338	5917190	7680000	0	400	358.55810392132503	406.38051878965854	1.8124999999978639	250	13.155644982661126	-3799.0228468750129	-2115.1002890943892
1	17.600000000000001	17.600000000000001	1920	1	14716778048387755631	4	1001	1250	250	250	-2036.005206044249	14.114531631826994	5921868	7680000	1	400	289.48394942689964	550.47122445498849	1.4375000000001472	250	13.416438123510579	-3847.290020802759	-2129.9859409934033
1	17.600000000000001	17.600000000000001	1920	1	14716778048387755631	5	1251	1500	250	250	-2144.8252454557773	13.346186816789476	5922752	7680000	0	400	265.39698026409792	577.41085678577883	5.2977804435028197e-14	250	13.38198021654498	-3847.128762931613	-2134.2352952138599
1	17.600000000000001	17.600000000000001	1920	1	14716778048387755631	6	1501	1750	250	250	-2301.960691625377	13.481294309140804	5922912	7680000	0	400	314.76901972020374	680.41130552088998	-1.1678895697753156e-13	250	13.409754991919048	-3825.4481748789626	-2108.9995359133254
1	17.600000000000001	17.600000000000001	1920	1	14716778048387755631	7	1751	2000	250	250	-2271.8598350282091	13.564501135732238	5924259	7680000	0	400	335.24699022164702	783.04024151309022	1.2537800658796172e-13	250	13.434055101679197	-3851.0965357002765	-2131.537482685339
1	17.600000000000001	17.600000000000001	1920	1	14716778048387755631	8	2001	2250	250	250	-1957.9434900972085	13.140750006133656	5921115	7680000	0	400	312.30277314760855	410.72418616588061	1.7807860221152882e-12	250	13.452588392005467	-3841.2995042990569	-2119.3681901223567
1	17.600000000000001	17.600000000000001	1920	1	14716778048387755631	9	2251	2500	250	250	-2090.7548892937516	13.383368962031771	5919803	7680000	0	400	338.22366280197161	512.66131569771142	-8.3418428414860912e-13	250	13.352118671258021	-3846.8920234949014	-2137.8208335738736
1	17.600000000000001	17.600000000000001	1920	1	14716778048387755631	10	2501	2750	250	250	-2152.2664198616621	11.988838829535064	5922891	7680000	0	400	363.73617895609084	834.07966201210218	-7.5802124993584741e-13	250	13.547383129665146	-3864.0607682794434	-2129.9957276823025
1	17.600000000000001	17.600000000000001	1920	1	14716778048387755631	11	2751	3000	250	250	-2022.9301028729014	13.215824252758223	5919663	7680000	0	400	253.66312323704452	585.44484841528333	1.1804064670162262e-12	250	13.292666267700282	-3844.3132722789651	-2142.8519900133315
1	17.600000000000001	17.600000000000001	1920	1	14716778048387755631	12	3001	3250	250	250	-2073.3946779996127	13.757291867380294	5920656	7680000	0	400	303.63000971050184	581.18202575614157	-1.6732015079012896e-13	250	13.431958872264097	-3836.8655256943753	-2117.5747900445726
1	17.600000000000001	17.600000000000001	1920	1	14716778048387755631	13	3251	3500	250	250	-2114.1491521529119	13.266593592784277	5914125	7680000	0	400	254.49814899926207	517.64719464699419	-1.1365219746220512e-13	250	13.261369493286081	-3821.7456122222011	-2124.2903170815816
1	17.600000000000001	17.600000000000001	1920	1	14716778048387755631	14	3501	3750	250	250	-2163.8841891639559	14.08835252220231	5918049	7680000	0	400	381.07691869863879	721.14007678233349	2.7932018677179205e-13	250	13.345663158335775	-3839.9048237804845	-2131.6599395135054
1	17.600000000000001	17.600000000000001	1920	1	14716778048387755631	15	3751	4000	250	250	-2170.7949624878138	13.830602514964164	5925143	7680000	0	400	318.95866309749965	507.04419516197305	6.944384303708695e-13	250	13.460800228325615	-3838.6384676840521	-2115.6560384583727
1	17.600000000000001	17.600000000000001	1920	1	14716778048387755631	16	4001	4250	250	250	-2142.4949278780532	12.857430721563651	5924960	7680000	0	400	250.31058878998496	554.91010662695476	1.569061720829712e-13	250	13.457969185151638	-3819.1186097288587	-2096.4985540294479
1	17.600000000000001	17.600000000000001	1920	1	14716778048387755631	17	4251	4500	250	250	-2163.5203867366818	13.57818699407953	5922287	7680000	0	400	227.20922970556015	855.3140278084727	1.1197032884213698e-13	250	13.375575953404361	-3819.7646146903439	-2107.690892654583
1	17.600000000000001	17.600000000000001	1920	1	14716778048387755631	18	4501	4750	250	250	-2225.4509846757378	13.058183066744409	5920178	7680000	0	400	222.96751152177148	572.50851765287621	1.1243827049978172e-13	250	13.35489256042128	-3847.2020711032478	-2137.7758233693262
1	17.600000000000001	17.600000000000001	1920	1	14716778048387755631	19	4751	5000	250	250	-2088.9636206991568	12.814434779042747	5915041	7680000	0	400	368.64123133661644	376.2462783466151	-2.7739247530911282e-13	250	13.217219135238263	-3801.3914469137103	-2109.587397603214
1	17.600000000000001	17.600000000000001	1920	2	4081137751068859790	0	1	250	250	250	-2078.7025646040902	13.782560121608761	5919737	7680000	0	400	418.77260475955978	415.25836763421603	-1.0409425058033328e-14	250	13.389165180351467	-3832.9544727062525	-2119.1413296212609
1	17.600000000000001	17.600000000000001	1920	2	4081137751068859790	1	251	500	250	250	-2158.0217501332463	13.219396923054886	5921671	7680000	0	400	326.51972185413138	577.86187317335168	1.2091044311601795e-13	250	13.436979932146464	-3833.6437309961543	-2113.7102996814046
1	17.600000000000001	17.600000000000001	1920	2	4081137751068859790	2	501	750	250	250	-2114.3654225986147	13.170661685507044	5921567	7680000	0	400	308.93055403324524	717.95640657245372	-1.9235383685173302e-13	250	13.388725783205443	-3819.5363131844697	-2105.7794129341746
1	17.600000000000001	17.600000000000001	1920	2	4081137751068859790	3	751	1000	250	250	-2109.2061344755812	13.030058651446852	5923331	7680000	0	400	296.75255183053724	498.97456533857434	-3.7474823591510109e-12	250	13.386509795098076	-3836.5951366415293	-2123.1218828689784
1	17.600000000000001	17.600000000000001	1920	2	4081137751068859790	4	1001	1250	250	250	-2105.2043183998767	13.817937435617162	5922345	7680000	0	400	271.3022385311383	481.64913832083806	1.1597927479511938e-13	250	13.477201734356496	-3843.5145751551263	-2118.4327531574918
1	17.600000000000001	17.600000000000001	1920	2	4081137751068859790	5	1251	1500	250	250	-2056.9704828425211	12.776408488641522	5918066	7680000	0	400	245.54248752037097	1060.6258859672585	1.7238424229737426e-13	250	13.235733544500834	-3796.6269006099906	-2102.4530069138832
1	17.600000000000001	17.600000000000001	1920	2	4081137751068859790	6	1501	1750	250	250	-2185.5661621631407	13.48438740243712	5920241	7680000	0	400	363.51230729601957	679.28013331839327	-3.5967886655163817e-13	250	13.387707448062121	-3835.0167094172375	-2121.3901560652862
1	17.600000000000001	17.600000000000001	1920	2	4081137751068859790	7	1751	2000	250	250	-2077.5532351319875	12.782132546433742	5918554	7680000	0	400	274.79991211551305	515.82120571899543	1.1046025205629917e-13	250	13.336220715933015	-3822.6925205845978	-2115.6562689451753
1	17.600000000000001	17.600000000000001	1920	2	4081137751068859790	8	2001	2250	250	250	-2108.2838394943483	13.584679081969957	5918392	7680000	0	400	472.13794086280745	405.92050870526151	-1.3372115914567217e-14	250	13.381687641106689	-3811.5701726483721	-2098.7141545867157
1	17.600000000000001	17.600000000000001	1920	2	4081137751068859790	9	2251	2500	250	250	-2154.8898073806013	13.881651899007721	5926489	7680000	0	400	188.03192359009367	637.46474709244876	4.3415618322661942e-13	250	13.442884911792074	-3857.2248110709638	-2136.5355423615724
1	17.600000000000001	17.600000000000001	1920	2	4081137751068859790	10	2501	2750	250	250	-2007.4252381092906	13.696497136633182	5917309	7680000	0	400	280.46236991283826	555.51346129758429	9.1229107601620285e-15	250	13.312866573874228	-3803.4857029252148	-2099.438781469315
1	17.600000000000001	17.600000000000001	1920	2	4081137751068859790	11	2751	3000	250	250	-2082.610926429812	13.377962469708157	5917936	7680000	0	400	437.38305431047593	407.89143484179027	3.4719780219252816e-13	250	13.360465880209867	-3800.0019826932376	-2089.862350026377
1	17.600000000000001	17.600000000000001	1920	2	4081137751068859790	12	3001	3250	250	250	-2065.8404064272277	13.35615493148592	5915695	7680000	0	400	373.92967503253692	447.37023480404861	-1.8845385321708541e-13	250	13.322472164377178	-3815.9354985781783	-2110.6590615378968
1	17.600000000000001	17.600000000000001	1920	2	4081137751068859790	13	3251	3500	250	250	-2185.306285228864	14.391234405991804	5918633	7680000	0	400	367.69809232609492	495.11442124442709	1.4771040293681814e-13	250	13.35401733136459	-3807.676244071527	-2098.3620256568611
1	17.600000000000001	17.600000000000001	1920	2	4081137751068859790	14	3501	3750	250	250	-2211.0805682443611	13.659936714728682	5923128	7680000	0	400	452.49325473643694	420.22210596501441	4.901721389893865e-14	250	13.378998718304343	-3839.0847158092629	-2126.5728798663063
1	17.600000000000001	17.600000000000001	1920	2	4081137751068859790	15	3751	4000	250	250	-2152.1272169855124	13.48834526546224	5917699	7680000	0	400	223.13654814305113	528.23515454206677	1.5083905261989439e-12	250	13.290222809582044	-3821.1611847191616	-2120.0126650926604
1	17.600000000000001	17.600000000000001	1920	2	4081137751068859790	16	4001	4250	250	250	-2131.1853520146387	13.314665212875946	5918556	7680000	0	400	280.12241128375138	506.90698939406576	2.449173676366545e-13	250	13.292221188754688	-3817.4850349656726	-2116.0807228050712
1	17.600000000000001	17.600000000000001	1920	2	4081137751068859790	17	4251	4500	250	250	-2071.7954033345704	12.79012258961135	5920246	7680000	0	400	264.68926046494084	477.58354052891212	1.2375734118053039e-13	250	13.335118297878896	-3837.0536573020295	-2130.1585151735276
1	17.600000000000001	17.600000000000001	1920	2	4081137751068859790	18	4501	4750	250	250	-2004.7548526078901	12.891956971627851	5923006	7680000	0	400	149.85984560644368	624.81131474425388	5.7238502132461733e-14	250	13.355831234192502	-3824.533145228535	-2114.9867472518958
1	17.600000000000001	17.600000000000001	1920	2	4081137751068859790	19	4751	5000	250	250	-1979.0812592029051	12.908732088183369	5920635	7680000	0	400	310.67590881226539	356.34062043244796	-2.260053038813381e-12	250	13.404479463606602	-3821.6438465790097	-2105.8704752373656
1	17.600000000000001	17.600000000000001	1920	3	16048319265288307724	0	1	250	250	250	-1987.3008949250213	12.133319974195549	5918492	7680000	3	400	377.12971657938652	381.80252656702828	1.3749999999993803	250	13.348058235593854	-3815.5600953330591	-2107.0086411770462
1	17.600000000000001	17.600000000000001	1920	3	16048319265288307724	1	251	500	250	250	-2084.4676451325608	13.550348793441485	5919998	7680000	0	400	401.54304832242605	409.86009440077964	-1.1115999613842131e-13	250	13.41129665132158	-3867.860998499918	-2151.2150271307564
1	17.600000000000001	17.600000000000001	1920	3	16048319265288307724	2	501	750	250	250	-2060.5848450585477	13.295599224756577	5925470	7680000	0	400	297.31411953755747	422.73181841992374	-4.0887432328773343e-15	250	13.500430485157198	-3834.590590193744	-2106.5354880936229
1	17.600000000000001	17.600000000000001	1920	3	16048319265288307724	3	751	1000	250	250	-2120.5841427435735	13.887421465504488	5921382	7680000	0	400	234.37985036556461	711.75454762668585	-8.0475470037866259e-13	250	13.411503630520333	-3822.1688662776696	-2105.4964015710671
1	17.600000000000001	17.600000000000001	1920	3	16048319265288307724	4	1001	1250	250	250	-2155.6278500576241	13.382052896616363	5913739	7680000	0	400	393.4185496541121	608.23306254107865	3.5755686605964954e-14	250	13.260130836730665	-3806.331554140856	-2109.0348070393311
1	17.600000000000001	17.600000000000001	1920	3	16048319265288307724	5	1251	1500	250	250	-2176.9254373143035	14.486119198771577	5914342	7680000	0	400	389.63325445415626	757.77930058962238	-1.4931337416479451e-12	250	13.322582999135021	-3839.9885419999455	-2134.6979181106653
1	17.600000000000001	17.600000000000001	1920	3	16048319265288307724	6	1501	1750	250	250	-2276.9703646673506	13.74707510824337	5924590	7680000	0	400	314.8851890809982	758.50088222503894	-4.8455163492722164e-15	250	13.472873672565226	-3855.2333419328384	-2130.7055118444932
1	17.600000000000001	17.600000000000001	1920	3	16048319265288307724	7	1751	2000	250	250	-2265.6052431559888	13.525218443785048	5916010	7680000	0	400	366.36623820984943	651.58029712121504	1.7483323816458451e-13	250	13.295281254001772	-3844.1850660877767	-2142.3890655755508
1	17.600000000000001	17.600000000000001	1920	3	16048319265288307724	8	2001	2250	250	250	-2110.9162050974915	13.151251131056995	5915886	7680000	1	400	264.15745363786328	912.54605159936546	1.4375000000004279	250	13.261874174321521	-3818.6452511151447	-2121.1253568019924
1	17.600000000000001	17.600000000000001	1920	3	16048319265288307724	9	2251	2500	250	250	-2145.0843992599557	13.639585204678118	5918335	7680000	0	400	261.16610056268507	693.4157887362968	3.9999999999998073	250	13.265774670181257	-3825.5478100402279	-2127.5286522570295
1	17.600000000000001	17.600000000000001	1920	3	16048319265288307724	10	2501	2750	250	250	-2258.8716629594737	12.969782979626375	5922040	7680000	1	400	357.30153310987384	556.90070384736794	1.6874999999999112	250	13.386990147924898	-3839.9212833926772	-2126.3865444582912
1	17.600000000000001	17.600000000000001	1920	3	16048319265288307724	11	2751	3000	250	250	-2248.9138191492852	13.161879163933367	5919108	7680000	0	400	165.63726398336874	910.07482980116436	3.0000000000001914	250	13.178538872696185	-3803.5893240882492	-2116.73634838314
1	17.600000000000001	17.600000000000001	1920	3	16048319265288307724	12	3001	3250	250	250	-1958.0599226432271	13.627987239442581	5920755	7680000	1	400	251.02135660783728	948.09675969061902	4.4374999999963443	250	13.290167400327114	-3810.8239399645599	-2109.6825127226894
1	17.600000000000001	17.600000000000001	1920	3	16048319265288307724	13	3251	3500	250	250	-2206.0815072510513	13.67715486805313	5920752	7680000	1	400	335.25604485986855	644.0923956259013	1.3749999999996512	250	13.327163992829453	-3808.2559167036507	-2102.3789256214823
1	17.600000000000001	17.600000000000001	1920	3	16048319265288307724	14	3501	3750	250	250	-2139.8688510265029	13.598568026757169	5925774	7680000	0	400	329.26695916400195	502.92266483323652	5.1875000000001821	250	13.438657728477656	-3832.9170479727886	-2112.7688587276502
1	17.600000000000001	17.600000000000001	1920	3	16048319265288307724	15	3751	4000	250	250	-2081.240156832022	13.542042401903318	5929607	7680000	0	400	287.3704100985197	520.71733279669547	2.265106505139336e-13	250	13.507451456451829	-3873.4782358383932	-2144.5244494125614
1	17.600000000000001	17.600000000000001	1920	3	16048319265288307724	16	4001	4250	250	250	-2073.0422001280858	13.575370710055074	5922492	7680000	0	400	311.6063674217047	484.29604593176077	-4.754369641035705e-13	250	13.458137371579745	-3852.895465793551	-2130.2538822313441
1	17.600000000000001	17.600000000000001	1920	3	16048319265288307724	17	4251	4500	250	250	-1996.4212731234259	12.896886121873504	5915284	7680000	0	400	250.66117459427207	480.15096545223986	6.1184998040308969e-13	250	13.188734577858389	-3771.0742390982773	-2082.9162131324038
1	17.600000000000001	17.600000000000001	1920	3	16048319265288307724	18	4501	4750	250	250	-2138.5282314282322	12.480533218986542	5917364	7680000	0	400	118.04790094035549	616.79431731447619	8.81239525796218e-14	250	13.165256175696149	-3782.8585678504733	-2097.7057773613674
1	17.600000000000001	17.600000000000001	1920	3	16048319265288307724	19	4751	5000	250	250	-2048.8615068900954	13.668997770554052	5917805	7680000	0	400	331.16332453942562	454.50607537532932	1.9190638661514825e-13	250	13.305666471537481	-3799.8693185037432	-2096.7440101469456
1	17.600000000000001	17.600000000000001	1920	4	2525384373667004114	0	1	250	250	250	-2121.6016431090984	13.35634852859978	5924670	7680000	0	400	177.40149240380131	644.49828842519105	6.2499999999869731	250	13.366346540556298	-3809.783998438008	-2098.8916412468016
1	17.600000000000001	17.600000000000001	1920	4	2525384373667004114	1	251	500	250	250	-2063.982215796334	13.267962364364232	5920454	7680000	0	400	309.34581932128503	434.05782690386798	3.6250000000031428	250	13.351152689463628	-3829.9513554481709	-2121.003811196827
1	17.600000000000001	17.600000000000001	1920	4	2525384373667004114	2	501	750	250	250	-2043.840730332709	13.159458148560363	5920601	7680000	0	400	237.0588497030914	541.01965448449607	3.8125000000000844	250	13.338958586398158	-3804.6167758595279	-2097.2300768005675
1	17.600000000000001	17.600000000000001	1920	4	2525384373667004114	3	751	1000	250	250	-1948.0163075635212	13.318836981226385	5918414	7680000	0	400	258.66169232694125	537.57865084071227	3.9374999999999183	250	13.225960985485029	-3776.8172655890116	-2083.8942594469272
1	17.600000000000001	17.600000000000001	1920	4	2525384373667004114	4	1001	1250	250	250	-2014.2877286237631	13.735778458644669	5923708	7680000	0	400	257.88438952776954	588.25031890358866	5.4999999999997735	250	13.431461825864611	-3841.1086040475279	-2121.8814903368539
1	17.600000000000001	17.600000000000001	1920	4	2525384373667004114	5	1251	1500	250	250	-1955.8807563135531	13.158897019496145	5919824	7680000	0	400	289.54377104494819	427.34073159099643	3.8124999999999098	250	13.350970378303003	-3810.7685432032536	-2101.8443347804687
1	17.600000000000001	17.600000000000001	1920	4	2525384373667004114	6	1501	1750	250	250	-2633.9211428363496	10.252731555808596	5921316	7680000	0	400	136.7452666247367	3141.8699367894174	2.3124999999885598	250	13.324094184962178	-3848.7028413696767	-2143.2187856945211
1	17.600000000000001	17.600000000000001	1920	4	2525384373667004114	7	1751	2000	250	250	-1963.4877447439706	12.453278904431752	5915459	7680000	0	400	329.86007386850503	315.56427787180735	-1.9685555269211008e-13	250	13.231546859218842	-3806.3702828807377	-2112.7322849007301
1	17.600000000000001	17.600000000000001	1920	4	2525384373667004114	8	2001	2250	250	250	-2293.8093776816559	10.920492876873013	5919619	7680000	0	400	201.48961923408206	1132.5549261648521	-4.3846350161746983e-13	250	13.296517646027764	-3815.6631028756451	-2113.7088441840933
1	17.600000000000001	17.600000000000001	1920	4	2525384373667004114	9	2251	2500	250	250	-2107.6721736543213	14.105427161729457	5926747	7680000	0	400	133.43695039595227	767.19161143455028	-4.1281734974862871e-13	250	13.400782512803302	-3859.6479760935654	-2144.3478144547403
1	17.600000000000001	17.600000000000001	1920	4	2525384373667004114	10	2501	2750	250	250	-1995.5120671950858	13.328642453258643	5913220	7680000	0	400	429.77648368624881	343.68465686299402	2.0687184604240016e-13	250	13.310451379566267	-3801.3205332931152	-2097.5827567086335
1	17.600000000000001	17.600000000000001	1920	4	2525384373667004114	11	2751	3000	250	250	-2038.5030506985386	13.135699515533693	5919641	7680000	0	400	425.71566508738681	403.64581487781868	4.5288425787326503e-14	250	13.350134230829916	-3804.2546796274009	-2095.4374980811695
1	17.600000000000001	17.600000000000001	1920	4	2525384373667004114	12	3001	3250	250	250	-2075.9248445906487	13.73923069784551	5918178	7680000	0	400	306.20959183298288	446.90745870280591	1.4733526898513816e-13	250	13.308089407933787	-3813.8443896994045	-2110.4089454838791
1	17.600000000000001	17.600000000000001	1920	4	2525384373667004114	13	3251	3500	250	250	-2152.0884520891573	13.417772089208365	5916028	7680000	0	400	402.59810937062343	403.01369474549637	-8.4791548782270354e-14	250	13.358927277287277	-3843.5215140525893	-2133.5788225598167
1	17.600000000000001	17.600000000000001	1920	4	2525384373667004114	14	3501	3750	250	250	-2172.8683513504629	13.768267831488124	5916122	7680000	0	400	495.08982362776203	398.56873121284917	6.324628321063841e-14	250	13.39567769735039	-3833.0308312616803	-2118.3840860008331
1	17.600000000000001	17.600000000000001	1920	4	2525384373667004114	15	3751	4000	250	250	-2046.4612500166659	12.703526918546402	5918821	7680000	2	400	435.48270808104758	333.892564705837	0.50000000000003542	250	13.284704075248499	-3813.1322275831958	-2112.6901059513898
1	17.600000000000001	17.600000000000001	1920	4	2525384373667004114	16	4001	4250	250	250	-2062.8309553170689	12.871393036274338	5917239	7680000	0	400	351.44990761928074	525.304744312156	8.1708077803721579e-14	250	13.234265779337811	-3820.8384723907966	-2126.8524526355554
1	17.600000000000001	17.600000000000001	1920	4	2525384373667004114	17	4251	4500	250	250	-2058.9486506167023	13.199063530449209	5919622	7680000	0	400	361.66741052193902	720.89392615240797	5.6086645744413133e-14	250	13.354763305920613	-3835.9045553244191	-2126.4948521665801
1	17.600000000000001	17.600000000000001	1920	4	2525384373667004114	18	4501	4750	250	250	-1948.6513129299028	13.360740449586782	5916410	7680000	0	400	186.38810252868666	564.91573347669453	1.4471139130750599e-13	250	13.181027514679826	-3758.8781055881327	-2071.7065837091159
1	17.600000000000001	17.600000000000001	1920	4	2525384373667004114	19	4751	5000	250	250	-2129.9734583210547	13.221192876931578	5919030	7680000	0	400	288.00463084054599	490.87904591321052	-3.4063095226410933e-13	250	13.331778891230625	-3815.3674392928233	-2108.899741215303
1	17.600000000000001	17.600000000000001	1920	5	3071782734623195390	0	1	250	250	250	-2014.0319525822813	13.192533990327973	5925753	7680000	0	400	288.62520217787539	479.62761177497731	3.8749999999998139	250	13.410209384870459	-3825.0465266445144	-2108.5397253810925
1	17.600000000000001	17.600000000000001	1920	5	3071782734623195390	1	251	500	250	250	-2098.8219803886141	13.218977881504399	5921760	7680000	0	400	309.78749315853827	479.75908699042333	4.5624999999989173	250	13.430197530652476	-3831.7334494471725	-2112.6681655236566
1	17.600000000000001	17.600000000000001	1920	5	3071782734623195390	2	501	750	250	250	-1988.6446594447457	13.671297073142759	5920539	7680000	1	400	241.10007529284303	391.47189190513154	2.5625000000003419	250	13.411251093508985	-3824.0359499748506	-2107.3958100057021
1	17.600000000000001	17.600000000000001	1920	5	3071782734623195390	3	751	1000	250	250	-2120.541527361087	13.712581991833138	5918677	7680000	0	400	391.3315492694033	475.07345328173477	-6.3419538717801593e-14	250	13.369549891619252	-3810.6333920569018	-2099.3310059296382
1	17.600000000000001	17.600000000000001	1920	5	3071782734623195390	4	1001	1250	250	250	-2065.8096037472942	13.503120973691489	5914681	7680000	0	400	241.56382844062873	632.0278963222288	4.223774108247369e-13	250	13.361241610486555	-3816.8009148985179	-2106.5619887562389
1	17.600000000000001	17.600000000000001	1920	5	3071782734623195390	5	1251	1500	250	250	-2021.6060646757703	13.216398783826552	5917714	7680000	0	400	375.67363882816079	456.88103670776422	7.0136951801913483e-13	250	13.362893666433342	-3822.8836182880095	-2112.4332289845402
1	17.600000000000001	17.600000000000001	1920	5	3071782734623195390	6	1501	1750	250	250	-2200.6357488613994	14.654298812045312	5920919	7680000	0	400	374.30579017078765	477.54857786790097	-1.7397444162375875e-13	250	13.490490221863329	-3868.6258300608838	-2141.8430816623786
1	17.600000000000001	17.600000000000001	1920	5	3071782734623195390	7	1751	2000	250	250	-2033.1598963904482	13.095051862242315	5924287	7680000	0	400	327.27134210212068	375.14818174842253	6.6390989927889166e-12	250	13.389351686015816	-3853.47915083629	-2139.642135026269
1	17.600000000000001	17.600000000000001	1920	5	3071782734623195390	8	2001	2250	250	250	-2181.0433316684939	13.529849678142025	5921825	7680000	0	400	295.96897436459	574.68739084103549	-6.5984457481294001e-13	250	13.408804927401521	-3841.905018330347	-2125.5779876229517
1	17.600000000000001	17.600000000000001	1920	5	3071782734623195390	9	2251	2500	250	250	-2115.5621057769504	14.211710560416625	5927688	7680000	0	400	225.16495432526844	633.72187295248705	3.7077285686137884e-13	250	13.519934768065227	-3865.8979182756848	-2135.3462679633358
1	17.600000000000001	17.600000000000001	1920	5	3071782734623195390	10	2501	2750	250	250	-2051.8707851249064	13.500999867473343	5921023	7680000	0	400	229.74734834847669	435.75967281850848	8.776646943930988e-13	250	13.261858953748408	-3801.4133000271099	-2103.8953539473173
1	17.600000000000001	17.600000000000001	1920	5	3071782734623195390	11	2751	3000	250	250	-2053.4814146292852	12.818404117575335	5918107	7680000	0	400	273.69729195582994	483.37725428855867	-8.8292958014268841e-13	250	13.321963855729845	-3814.7528034032116	-2109.541429869791
1	17.600000000000001	17.600000000000001	1920	5	3071782734623195390	12	3001	3250	250	250	-2089.987613368964	13.395183685165485	5915242	7680000	0	400	283.13585627833749	522.7078248333753	-1.8237711688073865e-13	250	13.244061370673402	-3780.782580554232	-2085.542725108035
1	17.600000000000001	17.600000000000001	1920	5	3071782734623195390	13	3251	3500	250	250	-2067.0846931222072	13.248996325035083	5920867	7680000	0	400	324.06511724952048	584.59667755201906	-6.2618486784682403e-13	250	13.422973810137023	-3841.2521210358555	-2123.1114733383179
1	17.600000000000001	17.600000000000001	1920	5	3071782734623195390	14	3501	3750	250	250	-1973.4176048594368	13.481679876610295	5924956	7680000	0	400	347.10203264790511	429.91219746548541	-1.1449738726576619e-13	250	13.445552564529574	-3849.7555047727255	-2128.7247765129441
1	17.600000000000001	17.600000000000001	1920	5	3071782734623195390	15	3751	4000	250	250	-2165.0637261445167	13.213190218262275	5924483	7680000	0	400	367.50309715648046	509.21569055509667	1.0065789347868392e-12	250	13.505399267128375	-3874.6992400433837	-2146.0081338509508
1	17.600000000000001	17.600000000000001	1920	5	3071782734623195390	16	4001	4250	250	250	-2163.8088319823969	13.87426713532574	5923533	7680000	0	400	326.85264834138133	568.22889731230612	1.2884485145470137e-13	250	13.530305798522598	-3866.0815770760637	-2134.2024348651707
1	17.600000000000001	17.600000000000001	1920	5	3071782734623195390	17	4251	4500	250	250	-2073.4046423513282	12.90398497859737	5918580	7680000	0	400	269.9088429387462	681.16581912418337	2.4375000000001692	250	13.210429598309284	-3786.0619434140881	-2095.126954830504
1	17.600000000000001	17.600000000000001	1920	5	3071782734623195390	18	4501	4750	250	250	-2058.8201590193862	13.525452678723692	5919997	7680000	0	400	292.9111273601992	517.41070410978875	3.1250000000002207	250	13.293104583836731	-3801.8668359715057	-2100.3494492404029
1	17.600000000000001	17.600000000000001	1920	5	3071782734623195390	19	4751	5000	250	250	-2373.3293811048411	12.335382297631426	5921701	7680000	0	400	200.30911504521509	2165.5921868978758	-4.1056524499594182e-13	250	13.418393589288055	-3868.6336572571804	-2151.0792778283094
1	17.600000000000001	17.600000000000001	1920	6	10558298030419598871	0	1	250	250	250	-2096.4754313772864	14.044912018209651	5921915	7680000	0	400	309.26159590698927	424.67115543644059	3.265856422102198e-11	250	13.417157983125891	-3815.1444330460781	-2097.7482112059674
1	17.600000000000001	17.600000000000001	1920	6	10558298030419598871	1	251	500	250	250	-2026.9072031082846	13.627579463404246	5923405	7680000	0	400	166.49734202400688	740.85257866356221	-1.3010794698564698e-13	250	13.402505878492828	-3846.2348383557664	-2130.7140859086867
1	17.600000000000001	17.600000000000001	1920	6	10558298030419598871	2	501	750	250	250	-2267.68457765933	12.62108864989237	5920887	7680000	0	400	322.26061052684508	902.22283110044543	4.1256061067418415e-15	250	13.372254766025625	-3829.4300946443727	-2117.7814845930948
1	17.600000000000001	17.600000000000001	1920	6	10558298030419598871	3	751	1000	250	250	-2152.2638492095316	13.935119589332485	5922596	7680000	0	400	381.18934515739318	806.7496600137531	-2.2551101611090196e-13	250	13.420764935024959	-3858.4328321988801	-2140.5749205156858
1	17.600000000000001	17.600000000000001	1920	6	10558298030419598871	4	1001	1250	250	250	-2130.1935357155598	13.53396751953467	5923721	7680000	0	400	335.73107434584153	441.98743528986614	-2.3112805072611486e-14	250	13.49648026917925	-3848.5246106514273	-2120.9751361964823
1	17.600000000000001	17.600000000000001	1920	6	10558298030419598871	5	1251	1500	250	250	-2052.5112611855798	12.915071230072325	5920504	7680000	0	400	321.21568657223247	376.72346221147501	-2.6887953669119113e-13	250	13.370514043644089	-3807.7025091241035	-2096.2767115376578
1	17.600000000000001	17.600000000000001	1920	6	10558298030419598871	6	1501	1750	250	250	-2130.7422558810244	13.462305579843651	5920787	7680000	0	400	277.55530042154487	448.51101953584532	1.8405502816287722e-13	250	13.363005600884204	-3866.6603840800917	-2156.1956671669136
1	17.600000000000001	17.600000000000001	1920	6	10558298030419598871	7	1751	2000	250	250	-2079.022059984391	12.390709038448387	5921056	7680000	0	400	288.90794510728364	628.65066357725414	1.7879042864266115e-11	250	13.361757149670236	-3830.6364524033602	-2120.3315372455691
1	17.600000000000001	17.600000000000001	1920	6	10558298030419598871	8	2001	2250	250	250	-2058.5330788394394	12.673879416662103	5921964	7680000	0	400	345.89791591132234	734.28901292466264	-2.246631700120183e-13	250	13.452474160742012	-3835.6122536802709	-2113.6955611052949
1	17.600000000000001	17.600000000000001	1920	6	10558298030419598871	9	2251	2500	250	250	-1978.3998264254817	13.152032660929976	5918643	7680000	0	400	393.96521943225014	396.51998359973607	2.8588234210480401e-12	250	13.222376362531286	-3792.3074377695375	-2099.8432633655361
1	17.600000000000001	17.600000000000001	1920	6	10558298030419598871	10	2501	2750	250	250	-2144.9220628975295	12.90403756516284	5917499	7680000	0	400	375.68045370866713	488.98041967315402	1.0764479585478881e-13	250	13.334509398458556	-3842.4788351304096	-2135.6616321277147
1	17.600000000000001	17.600000000000001	1920	6	10558298030419598871	11	2751	3000	250	250	-2030.4370322488057	13.862362713554658	5920290	7680000	0	400	363.08068418616625	455.3478960478111	-5.0267082163379939e-14	250	13.351965251214365	-3798.0161583149029	-2088.9646061594635
1	17.600000000000001	17.600000000000001	1920	6	10558298030419598871	12	3001	3250	250	250	-2159.1034512835022	13.310374697594064	5920553	7680000	0	400	317.10403924727643	557.06983659121408	1.5210055437364645e-13	250	13.376232803223861	-3818.2909650767356	-2106.1331662640805
1	17.600000000000001	17.600000000000001	1920	6	10558298030419598871	13	3251	3500	250	250	-2063.8502911977425	13.538168895636071	5920595	7680000	0	400	388.66623765169572	438.56414666227761	-4.3601840887808052e-14	250	13.316745327762836	-3825.2298233375009	-2120.6864213838567
1	17.600000000000001	17.600000000000001	1920	6	10558298030419598871	14	3501	3750	250	250	-2080.3216874932277	13.767487804887349	5921312	7680000	0	400	184.63472974984538	532.13859417010428	6.516705577941373e-14	250	13.292230287281297	-3817.2096346906483	-2115.8041579186406
1	17.600000000000001	17.600000000000001	1920	6	10558298030419598871	15	3751	4000	250	250	-2144.250724565969	13.980882833482642	5916926	7680000	0	400	234.54554743764089	909.45995965975681	-3.7687518036899625e-13	250	13.314742428623076	-3820.4712894488234	-2116.1842585850718
1	17.600000000000001	17.600000000000001	1920	6	10558298030419598871	16	4001	4250	250	250	-2094.7715063391852	13.184976313781828	5922175	7680000	0	400	234.34148703514253	680.25933602362613	1.159998746363966e-13	250	13.448547943928942	-3873.2215443146033	-2151.8074074917022
1	17.600000000000001	17.600000000000001	1920	6	10558298030419598871	17	4251	4500	250	250	-2296.3023834506739	12.979993051213523	5921055	7680000	0	400	278.4803184196515	773.43349415165096	3.1383706397547506e-13	250	13.204211040468367	-3781.2588236005686	-2091.1198104206205
1	17.600000000000001	17.600000000000001	1920	6	10558298030419598871	18	4501	4750	250	250	-1984.3246834397546	13.33650615324817	5923131	7680000	0	400	181.0319733829939	504.13286666448062	2.157475587072355e-13	250	13.396272834631173	-3803.1288224999867	-2088.4058996671974
1	17.600000000000001	17.600000000000001	1920	6	10558298030419598871	19	4751	5000	250	250	-1985.334753992558	13.095094503157538	5917344	7680000	0	400	161.76027709091827	557.29963758696488	1.9650904167778371e-13	250	13.259208500002176	-3782.6242150438643	-2085.4455270435828
1	17.600000000000001	17.600000000000001	1920	7	8721867964178618958	0	1	250	250	250	-2249.517461805407	13.268444528232159	5924328	7680000	0	400	135.01406705466943	1113.3226143548809	2.3349286913665335e-12	250	13.415420177557426	-3831.77431496908	-2114.6005322417295
1	17.600000000000001	17.600000000000001	1920	7	8721867964178618958	1	251	500	250	250	-2067.1894068356046	12.40482329869705	5919072	7680000	0	400	229.00682161658247	2777.6674041550818	-2.0529813526265484e-11	250	13.297526527461137	-3796.8286558687328	-2094.7452603537067
1	17.600000000000001	17.600000000000001	1920	7	8721867964178618958	2	501	750	250	250	-1994.8111303694025	13.002405061453045	5908447	7680000	0	400	428.55719029176208	397.21827866466253	0.81250000000000711	250	13.066728923525813	-3764.0694511195766	-2091.5281489082727
1	17.600000000000001	17.600000000000001	1920	7	8721867964178618958	3	751	1000	250	250	-2127.1769934818562	13.469663387262576	5920165	7680000	0	400	336.12050042212479	497.69601728369918	2.4375000000016511	250	13.404428398633288	-3807.332081000437	-2091.5652459753746
1	17.600000000000001	17.600000000000001	1920	7	8721867964178618958	4	1001	1250	250	250	-1969.8771431765244	12.746115691677483	5915473	7680000	0	400	200.39079181283722	411.35776276997001	2.8750000000001088	250	13.233391765463759	-3801.7230092509817	-2107.8488632716198
1	17.600000000000001	17.600000000000001	1920	7	8721867964178618958	5	1251	1500	250	250	-2200.1178786135561	14.059647145283581	5918421	7680000	0	400	326.78298879509782	553.11701811202261	3.3749999999930904	250	13.321771159043319	-3832.8259952721241	-2127.6392869145789
1	17.600000000000001	17.600000000000001	1920	7	8721867964178618958	6	1501	1750	250	250	-2114.3284335314111	13.018174625862301	5920601	7680000	0	400	261.93663082623624	503.77898758307481	5.4374999999999174	250	13.334066859362702	-3798.7017484074468	-2091.9411904090216
1	17.600000000000001	17.600000000000001	1920	7	8721867964178618958	7	1751	2000	250	250	-2014.5489018466517	13.13698961744787	5924864	7680000	0	400	299.43494664460292	555.70021557236487	4.5625000000003979	250	13.38932135325701	-3856.938599127966	-2143.1054659110659
1	17.600000000000001	17.600000000000001	1920	7	8721867964178618958	8	2001	2250	250	250	-2117.1217535973033	13.68495439274864	5920754	7680000	0	400	285.22285864970382	715.2568274750721	6.6875000000160858	250	13.35963838603444	-3819.7359474568048	-2109.7022340443978
1	17.600000000000001	17.600000000000001	1920	7	8721867964178618958	9	2251	2500	250	250	-2177.8442856677411	13.487826225082557	5922039	7680000	0	400	213.774886938707	584.6653500460377	7.6874999999959712	250	13.347210346139461	-3814.5485195529973	-2106.1055952471511
1	17.600000000000001	17.600000000000001	1920	7	8721867964178618958	10	2501	2750	250	250	-2138.1962959295911	13.626102599009867	5921979	7680000	0	400	323.13249897613724	484.92727731824846	1.500000000002268	250	13.387093501310856	-3833.4468997148315	-2119.8989315470444
1	17.600000000000001	17.600000000000001	1920	7	8721867964178618958	11	2751	3000	250	250	-2129.4686270641823	13.290863777781293	5919405	7680000	0	400	236.51513760782649	696.0663270645241	3.233103888777844e-13	250	13.333451443318481	-3819.9553172627707	-2113.2735325180065
1	17.600000000000001	17.600000000000001	1920	7	8721867964178618958	12	3001	3250	250	250	-2133.6022849006358	13.807371033624849	5916031	7680000	0	400	178.36678349559142	561.03021378602	-3.7970061123049348e-13	250	13.254838131394584	-3806.8110501263341	-2110.191769307824
1	17.600000000000001	17.600000000000001	1920	7	8721867964178618958	13	3251	3500	250	250	-1997.5941487038131	13.595672537572661	5913713	7680000	0	400	292.97397299925882	400.9558990280612	5.4702889353691608e-13	250	13.191166407142642	-3763.339388172833	-2074.8700880585761
1	17.600000000000001	17.600000000000001	1920	7	8721867964178618958	14	3501	3750	250	250	-2214.9253924535969	13.33975088735265	5916867	7680000	0	400	263.52394874807322	625.0076398224503	-4.003876223623859e-13	250	13.296285079932169	-3851.1830463905403	-2149.2585561592232
1	17.600000000000001	17.600000000000001	1920	7	8721867964178618958	15	3751	4000	250	250	-2109.7761148508039	13.612089838062523	5917226	7680000	0	400	222.90885181382822	500.77075925740576	3.7006790860882877e-13	250	13.191237153922353	-3779.6965201756325	-2091.2181644735715
1	17.600000000000001	17.600000000000001	1920	7	8721867964178618958	16	4001	4250	250	250	-2218.3356596884869	13.952228020217627	5916953	7680000	0	400	320.89617477377772	416.19040001083732	-3.3123048574779101e-13	250	13.248512259764341	-3802.1568877739437	-2106.3473185241082
1	17.600000000000001	17.600000000000001	1920	7	8721867964178618958	17	4251	4500	250	250	-2037.4733390055026	13.384515646047962	5918730	7680000	0	400	259.104227451913	425.68287504895704	-3.7406753042312779e-13	250	13.319036520193244	-3829.5482164536484	-2124.7115418689123
1	17.600000000000001	17.600000000000001	1920	7	8721867964178618958	18	4501	4750	250	250	-2189.1816895698107	13.182988780902821	5917093	7680000	0	400	266.97384132481909	672.54275825563343	-3.084485791782221e-13	250	13.254968198578169	-3791.435410935519	-2094.7994815175139
1	17.600000000000001	17.600000000000001	1920	7	8721867964178618958	19	4751	5000	250	250	-2385.1772043401916	11.856562414788867	5920351	7680000	0	400	312.12128879548635	1033.1425591587049	-1.1282966748404899e-13	250	13.363649455685028	-3832.5088794228077	-2121.96174909512
2	19.199999999999999	19.199999999999999	1920	0	2026095003	0	1	250	250	250	-2189.2488248750069	14.013277053036919	5844424	7680000	0	400	266.15968796074077	718.6665558665311	-5.5577070723344946e-14	250	13.314797197968602	-3805.568275867734	-2101.2742345277566
2	19.199999999999999	19.199999999999999	1920	0	2026095003	1	251	500	250	250	-2092.1127632004723	13.170859572283463	5844497	7680000	0	400	369.32280333529178	467.50971754603125	2.7621134546240711e-14	250	13.318349452002579	-3803.4552188658231	-2098.706489009493
2	19.199999999999999	19.199999999999999	1920	0	2026095003	2	501	750	250	250	-2059.7601969468742	13.590095540093669	5849338	7680000	0	400	285.92791076852853	441.90931539773936	-4.5815131202719961e-13	250	13.419612833892119	-3849.3526341066063	-2131.6421913684144
2	19.199999999999999	19.199999999999999	1920	0	2026095003	3	751	1000	250	250	-2109.8085505310746	13.098829536243741	5839834	7680000	0	400	271.14194023571491	487.67885594414776	-7.7983799973146972e-13	250	13.263637240924808	-3815.9836521469419	-2118.2380853085642
2	19.199999999999999	19.199999999999999	1920	0	2026095003	4	1001	1250	250	250	-2137.0247087737698	13.647493024052674	5843809	7680000	0	400	399.57664961819597	384.04592076166443	1.3860581519337112e-13	250	13.366085380665263	-3854.9440388979951	-2144.0851101728404
2	19.199999999999999	19.199999999999999	1920	0	2026095003	5	1251	1500	250	250	-2150.8095071682133	13.858829200684266	5844366	7680000	0	400	413.66462062950228	394.47453299964621	1.9722288038814817e-14	250	13.328486212114951	-3810.8600306371172	-2104.8137954864042
2	19.199999999999999	19.199999999999999	1920	0	2026095003	6	1501	1750	250	250	-2176.0396066740491	14.183489784044967	5845290	7680000	0	400	397.42373760061486	578.78284833972339	-4.7337047476281313e-13	250	13.423708152929114	-3837.6152110559556	-2119.3805674810278
2	19.199999999999999	19.199999999999999	1920	0	2026095003	7	1751	2000	250	250	-2038.2390884025351	14.060484061004836	5843276	7680000	1	400	406.43039744614697	758.37708101419832	0.062499999999716629	250	13.394774102008334	-3835.6848377753977	-2121.1537527183273
2	19.199999999999999	19.199999999999999	1920	0	2026095003	8	2001	2250	250	250	-2116.6218116150781	13.910954466946064	5848907	7680000	0	400	230.5682018750947	513.56379792450468	2.8749999999995892	250	13.321295172877299	-3813.4030593563434	-2108.2772772280487
2	19.199999999999999	19.199999999999999	1920	0	2026095003	9	2251	2500	250	250	-2099.7018964652771	14.082262973675116	5848382	7680000	0	400	308.18999267451989	471.73103118374519	1.8124999999999132	250	13.409770506575645	-3865.7833106229164	-2149.3326857812363
2	19.199999999999999	19.199999999999999	1920	0	2026095003	10	2501	2750	250	250	-2101.4978726054337	13.806869266943252	5851388	7680000	0	400	290.83648395171605	451.76266847820335	5.4374999999998348	250	13.43669063047756	-3848.7650273077393	-2128.8686266066106
2	19.199999999999999	19.199999999999999	1920	0	2026095003	11	2751	3000	250	250	-2184.4190406481316	12.464790255818606	5847428	7680000	0	400	273.50596157868836	665.08545736354017	8.7499999999998153	250	13.322579632942039	-3808.3198570033192	-2103.0296639867342
2	19.199999999999999	19.199999999999999	1920	0	2026095003	12	3001	3250	250	250	-2184.8811697654269	13.604285329727473	5841532	7680000	0	400	190.58326295251709	1193.4334986856743	3.3749999999999747	250	13.273812730058733	-3805.3666180490345	-2106.3185886015153
2	19.199999999999999	19.199999999999999	1920	0	2026095003	13	3251	3500	250	250	-2137.5876408805557	13.48595974678169	5844162	7680000	0	400	326.07826037652819	427.49106337176835	3.6874999999995333	250	13.282525886000602	-3823.5671074925926	-2123.4037940845142
2	19.199999999999999	19.199999999999999	1920	0	2026095003	14	3501	3750	250	250	-2041.9711376709788	13.324346960373209	5842062	7680000	0	400	375.53108306503475	419.62037374074993	4.4374999999996039	250	13.310533046836838	-3809.1012481291268	-2105.3530181340088
2	19.199999999999999	19.199999999999999	1920	0	2026095003	15	3751	4000	250	250	-3963.4441649455271	-0.72922672615683493	5844915	7680000	0	400	253.48967378960205	1109.6966491239339	3.5000000000000315	250	13.305230846759374	-3818.4463413357053	-2115.3767929505029
2	19.199999999999999	19.199999999999999	1920	0	2026095003	16	4001	4250	250	250	-2368.3832051593286	14.004894599083309	5848882	7680000	0	400	261.73881374707872	1824.2629478160839	3.5625000000003251	250	13.415015267408521	-3839.2276706142907	-2122.105716386
2	19.199999999999999	19.199999999999999	1920	0	2026095003	17	4251	4500	250	250	-2069.8893298603712	13.544209106665848	5850579	7680000	0	400	217.63510949494651	807.35188086676192	3.6874999999998668	250	13.357542923881754	-3804.9124634020168	-2095.1469691451525
2	19.199999999999999	19.199999999999999	1920	0	2026095003	18	4501	4750	250	250	-2148.3831633717755	12.982209994717893	5846931	7680000	1	400	154.20808577104719	537.62886176204267	6.1874999999982681	250	13.382950030372797	-3829.730492169198	-2116.7128882814823
2	19.199999999999999	19.199999999999999	1920	0	2026095003	19	4751	5000	250	250	-2084.7810180721276	14.03737239282272	5846171	7680000	0	400	305.12991425370569	515.64173169753815	2.6875000000001155	250	13.397331279659777	-3819.3678452665858	-2104.5094414701321
2	19.199999999999999	19.199999999999999	1920	1	13112563867722465638	0	1	250	250	250	-2109.2071330979015	13.590745762498363	5841018	7680000	0	400	467.44496251628823	496.62024779869836	1.9455955943548098e-12	250	13.412795367939797	-3827.4541611233612	-2110.6163540270686
2	19.199999999999999	19.199999999999999	1920	1	13112563867722465638	1	251	500	250	250	-2203.5727870996407	13.549738046924038	5840756	7680000	0	400	277.24873768481882	523.92882296529888	1.5220463778220505e-13	250	13.256290461758834	-3816.9920705445065	-2120.1868914393763
2	19.199999999999999	19.199999999999999	1920	1	13112563867722465638	2	501	750	250	250	-2142.3513947917677	13.895910042682472	5843222	7680000	0	400	310.54230153033814	755.06233104666694	7.2919968674423075e-14	250	13.369847369890993	-3827.3516793018716	-2116.0112159558203
2	19.199999999999999	19.199999999999999	1920	1	13112563867722465638	3	751	1000	250	250	-2225.515075820806	13.055790192070797	5843121	7680000	0	400	268.70786899798082	585.08195095799306	1.0625000000004869	250	13.273618494253283	-3812.5343302542342	-2113.5111629898161
2	19.199999999999999	19.199999999999999	1920	1	13112563867722465638	4	1001	1250	250	250	-2202.5078726073511	13.467949105437858	5843162	7680000	0	400	283.74660324050086	656.87545280475706	0.49999999999962824	250	13.342957961718826	-3838.4879416709991	-2130.5893225709874
2	19.199999999999999	19.199999999999999	1920	1	13112563867722465638	5	1251	1500	250	250	-2223.9950253161696	13.217605793752337	5845101	7680000	0	400	310.73235639507908	688.39710911928444	-7.0569418364474501e-14	250	13.37900570693983	-3839.2570561766206	-2126.7443256883203
2	19.199999999999999	19.199999999999999	1920	1	13112563867722465638	6	1501	1750	250	250	-2231.520878236443	13.510563371455845	5849930	7680000	0	400	346.9351077297469	529.80669955392409	-2.4866870715345435e-13	250	13.483324622426824	-3863.1714278025388	-2137.3058761319076
2	19.199999999999999	19.199999999999999	1920	1	13112563867722465638	7	1751	2000	250	250	-2137.6237595100988	13.766089737656831	5843106	7680000	0	400	249.08010745338117	598.75668036859292	-8.5548495371012834e-13	250	13.324870736688855	-3806.4795372478916	-2100.8960829517187
2	19.199999999999999	19.199999999999999	1920	1	13112563867722465638	8	2001	2250	250	250	-2139.3762708160516	13.699281160517305	5845514	7680000	0	400	265.61680153413943	519.33736275855699	5.5423547695720998e-14	250	13.314841709741126	-3845.7050172377803	-2141.4052783909174
2	19.199999999999999	19.199999999999999	1920	1	13112563867722465638	9	2251	2500	250	250	-2174.7287933773518	12.923848278000685	5845132	7680000	0	400	294.69543191326784	441.2398934385115	2.8880007109724493e-13	250	13.383811250925291	-3842.729483216654	-2129.6016430982145
2	19.199999999999999	19.199999999999999	1920	1	13112563867722465638	10	2501	2750	250	250	-2037.3330920578389	13.30869994548817	5847341	7680000	0	400	358.56449938176621	395.97831673510575	-1.5149687060400652e-13	250	13.49491508103532	-3862.1720131924603	-2134.8228828199399
2	19.199999999999999	19.199999999999999	1920	1	13112563867722465638	11	2751	3000	250	250	-2078.8240178462111	13.745095907057767	5841320	7680000	0	400	320.64876548427071	428.56921089370269	-9.1412988290073827e-14	250	13.263907199447171	-3801.0133812133586	-2103.2332596841188
2	19.199999999999999	19.199999999999999	1920	1	13112563867722465638	12	3001	3250	250	250	-2095.806168421886	13.766193966476363	5844590	7680000	0	400	285.41759478870233	1076.9944435110183	2.4101911872548287e-12	250	13.342516291599496	-3830.8734834711936	-2123.031398146456
2	19.199999999999999	19.199999999999999	1920	1	13112563867722465638	13	3251	3500	250	250	-2083.7036617123013	13.502961582591444	5846584	7680000	0	400	226.32062810530206	522.3510447334271	4.5312278235121184e-14	250	13.374967842798881	-3833.6635353278534	-2121.6676514495989
2	19.199999999999999	19.199999999999999	1920	1	13112563867722465638	14	3501	3750	250	250	-2020.447487980656	13.917678326515446	5843465	7680000	0	400	393.13087385205455	460.3860255913616	9.5871227623334221e-14	250	13.327893637198382	-3801.1566816502877	-2095.1862960888971
2	19.199999999999999	19.199999999999999	1920	1	13112563867722465638	15	3751	4000	250	250	-2091.2120954396601	13.827472085213589	5843982	7680000	0	400	286.87055544215326	449.92895941135453	6.5890045156113963e-13	250	13.343132245242328	-3810.7427641221811	-2102.8218367311624
2	19.199999999999999	19.199999999999999	1920	1	13112563867722465638	16	4001	4250	250	250	-1945.9779638602975	13.388964990947764	5841116	7680000	0	400	248.05852040172334	433.48281550826931	7.6336506560359396e-13	250	13.216677002608936	-3792.8313291114346	-2101.0966727774917
2	19.199999999999999	19.199999999999999	1920	1	13112563867722465638	17	4251	4500	250	250	-2196.5703399126423	14.132577036895825	5850274	7680000	0	400	219.50405120305732	719.59659083313556	1.6114908886477597e-13	250	13.454345007265875	-3854.616022782438	-2132.459861852406
2	19.199999999999999	19.199999999999999	1920	1	13112563867722465638	18	4501	4750	250	250	-2122.9761974176326	13.658060378966264	5849315	7680000	0	400	178.56046486726657	680.58644198348406	-8.9238512412936899e-14	250	13.441421956516159	-3855.7883482901179	-2135.2863378560505
2	19.199999999999999	19.199999999999999	1920	1	13112563867722465638	19	4751	5000	250	250	-2096.9476159564056	12.895191844465591	5840450	7680000	0	400	447.49010158845226	379.17278209462	-1.1703043048538753e-12	250	13.339218191663671	-3834.9574955032945	-2127.5375669703417
2	19.199999999999999	19.199999999999999	1920	2	5931349741589493337	0	1	250	250	250	-2158.2852608214957	13.750511860697362	5842412	7680000	0	400	381.87783366032266	535.70152074785881	-2.9811548195313176e-13	250	13.330183933527099	-3804.8985268819051	-2098.634983390441
2	19.199999999999999	19.199999999999999	1920	2	5931349741589493337	1	251	500	250	250	-2118.5706730989559	12.811819313392675	5842866	7680000	0	400	337.71652476504556	563.93272693043366	-6.236968407014043e-13	250	13.339617056643299	-3825.7021730660363	-2118.231189815695
2	19.199999999999999	19.199999999999999	1920	2	5931349741589493337	2	501	750	250	250	-2145.8796954856753	13.391809644759119	5843874	7680000	0	400	449.13120359115146	378.23888955355909	8.5166032212646847e-14	250	13.322374650698857	-3827.6669574763609	-2122.4030021869057
2	19.199999999999999	19.199999999999999	1920	2	5931349741589493337	3	751	1000	250	250	-2088.9096856582364	13.440208525985049	5845557	7680000	0	400	286.5588794861464	427.1991938039377	1.3100631690576847e-14	250	13.303556327786117	-3785.5083826657187	-2082.6531727090951
2	19.199999999999999	19.199999999999999	1920	2	5931349741589493337	4	1001	1250	250	250	-2095.8136865770025	13.046451386886112	5839305	7680000	0	400	258.56472220973154	715.73146017253327	-2.1636381922207626e-13	250	13.273385952143496	-3791.4313084751216	-2092.437906600755
2	19.199999999999999	19.199999999999999	1920	2	5931349741589493337	5	1251	1500	250	250	-2169.4764901584103	12.994060357802926	5847695	7680000	0	400	235.87406284932069	643.59901040214652	2.8649413570669413e-13	250	13.415224325805426	-3839.428515587626	-2122.2798018845288
2	19.199999999999999	19.199999999999999	1920	2	5931349741589493337	6	1501	1750	250	250	-2059.3946846610665	13.145016408289697	5842946	7680000	0	400	426.23332808635035	406.94116500319677	3.4142176932872026e-12	250	13.335054450916255	-3821.8866543123686	-2114.9996845950895
2	19.199999999999999	19.199999999999999	1920	2	5931349741589493337	7	1751	2000	250	250	-2068.2084681794113	13.45081747756681	5841801	7680000	0	400	350.48301427506948	617.33829777640551	-6.9305238631356403e-14	250	13.323277760212456	-3802.8109407575921	-2097.4313874503978
2	19.199999999999999	19.199999999999999	1920	2	5931349741589493337	8	2001	2250	250	250	-2300.4736496132355	13.093147066587909	5849042	7680000	0	400	303.61543604194884	732.65379386695838	-3.2966251256594248e-13	250	13.503077199827436	-3885.9364142131963	-2157.5425326352843
2	19.199999999999999	19.199999999999999	1920	2	5931349741589493337	9	2251	2500	250	250	-2174.9353036717339	12.206797823925191	5848022	7680000	0	400	207.03105251496908	917.73249767765242	-5.5849422309073304e-15	250	13.393829186885222	-3801.5471927417266	-2087.1370568204184
2	19.199999999999999	19.199999999999999	1920	2	5931349741589493337	10	2501	2750	250	250	-2149.658785609703	13.012320486396678	5845496	7680000	0	400	289.96192358814187	477.79584503118201	1.0493255570009907e-13	250	13.302689270333081	-3813.8467547970222	-2111.1025281943867
2	19.199999999999999	19.199999999999999	1920	2	5931349741589493337	11	2751	3000	250	250	-2069.771529558815	13.245471767337278	5843235	7680000	0	400	360.84342049701758	441.11276371563571	2.9890369693252872e-14	250	13.322968178666732	-3849.2433198281437	-2143.9033929588045
2	19.199999999999999	19.199999999999999	1920	2	5931349741589493337	12	3001	3250	250	250	-2028.9730715864121	13.433740035140058	5845415	7680000	0	400	466.54254400659983	324.09486705938684	1.7866090551432734e-13	250	13.387123772038624	-3822.2419071337908	-2108.6900643128474
2	19.199999999999999	19.199999999999999	1920	2	5931349741589493337	13	3251	3500	250	250	-2254.1037666779021	14.039738768573196	5847488	7680000	0	400	368.19777672532268	6100.7988315616831	3.4006859828128455e-12	250	13.407524537965333	-3846.8289442818332	-2130.6658034222692
2	19.199999999999999	19.199999999999999	1920	2	5931349741589493337	14	3501	3750	250	250	-2122.6397192052068	13.427121030276691	5843097	7680000	0	400	426.59756375717831	377.21630818188686	3.3743841054700852e-14	250	13.372106773986173	-3834.9244256400443	-2123.2947585698139
2	19.199999999999999	19.199999999999999	1920	2	5931349741589493337	15	3751	4000	250	250	-2149.8292962911651	13.076437369768685	5841494	7680000	0	400	252.13151940622862	737.47257695125404	2.2848042902090526e-13	250	13.321057143105584	-3817.7475362297018	-2112.6522219121894
2	19.199999999999999	19.199999999999999	1920	2	5931349741589493337	16	4001	4250	250	250	-2225.8128987984906	13.128348754838841	5844022	7680000	0	400	258.97444570980377	1786.9572406112923	5.681011217006926e-13	250	13.305703103965225	-3822.2399258680248	-2119.1099285604764
2	19.199999999999999	19.199999999999999	1920	2	5931349741589493337	17	4251	4500	250	250	-2005.5866965401801	11.946588842140914	5843411	7680000	0	400	215.71480022130001	491.25210563026207	5.398285984892226e-13	250	13.313990588415166	-3803.8160166993543	-2099.6252213822127
2	19.199999999999999	19.199999999999999	1920	2	5931349741589493337	18	4501	4750	250	250	-1897.8022350677443	13.555653115941979	5847311	7680000	0	400	205.90699348741038	663.37009081646374	-1.2009104648214031e-12	250	13.424127772584709	-3855.0617126600296	-2136.7733577691856
2	19.199999999999999	19.199999999999999	1920	2	5931349741589493337	19	4751	5000	250	250	-2054.123861276938	13.568335740069683	5850258	7680000	0	400	321.05258356383786	829.8957776057955	4.4278209571091409e-13	250	13.490376043926009	-3851.673855839776	-2124.9057222172464
2	19.199999999999999	19.199999999999999	1920	3	3288526921245861649	0	1	250	250	250	-1850.9054003811211	13.152405884783501	5848182	7680000	1	400	181.68289951088272	427.69897286296896	0.12499999999831361	250	13.44607885583774	-3804.3159427808732	-2083.2178492336434
2	19.199999999999999	19.199999999999999	1920	3	3288526921245861649	1	251	500	250	250	-2143.0437291816693	13.14743303704301	5844817	7680000	0	400	450.72896823385969	412.87471823461772	1.1194170590478336e-14	250	13.392773706925539	-3850.9689459997526	-2136.6939115132823
2	19.199999999999999	19.199999999999999	1920	3	3288526921245861649	2	501	750	250	250	-2083.1495969895304	13.821399050294339	5847879	7680000	0	400	252.4205068014341	454.40396821723664	3.8822244030622954e-14	250	13.475196983845656	-3850.8706546036778	-2126.0454406714325
2	19.199999999999999	19.199999999999999	1920	3	3288526921245861649	3	751	1000	250	250	-2071.6792278839653	14.26246386948117	5845274	7680000	0	400	268.44885198952898	547.68286482373185	2.4916353702497673e-13	250	13.406050126632712	-3816.9687571326467	-2100.9943409236566
2	19.199999999999999	19.199999999999999	1920	3	3288526921245861649	4	1001	1250	250	250	-2227.3370664751455	14.001386716273776	5840437	7680000	0	400	458.84976988279851	480.30762470416772	-1.8027506570872376e-13	250	13.448405689502211	-3862.3509613080114	-2140.9550330517286
2	19.199999999999999	19.199999999999999	1920	3	3288526921245861649	5	1251	1500	250	250	-2216.946420828102	13.640179191059204	5842337	7680000	0	400	387.02218726030191	520.87462486125276	1.1364910748601353e-13	250	13.301971054974366	-3805.5679704567106	-2102.9156754199898
2	19.199999999999999	19.199999999999999	1920	3	3288526921245861649	6	1501	1750	250	250	-1974.2553439569504	13.56026690000291	5845817	7680000	0	400	371.7393213720498	347.99455011004335	1.6640367469372697e-13	250	13.424074108998935	-3848.5399105770703	-2130.2584246252086
2	19.199999999999999	19.199999999999999	1920	3	3288526921245861649	7	1751	2000	250	250	-2037.5568003663402	13.555759696642872	5841722	7680000	0	400	437.59313413373513	306.19165384718593	2.2877186256486937e-13	250	13.313165867942331	-3838.5660335022189	-2134.4808024055983
2	19.199999999999999	19.199999999999999	1920	3	3288526921245861649	8	2001	2250	250	250	-2082.7100877202652	13.900226710874552	5840750	7680000	0	400	299.20103339701888	535.42030887751548	0.75000000000009537	250	13.244394874051501	-3795.7836643129481	-2100.5011204343573
2	19.199999999999999	19.199999999999999	1920	3	3288526921245861649	9	2251	2500	250	250	-2101.4598668412923	12.855535748116663	5848510	7680000	0	400	204.63224509551085	592.70153525596709	2.3750000000027343	250	13.383958818181823	-3837.0249725967287	-2123.8782438694539
2	19.199999999999999	19.199999999999999	1920	3	3288526921245861649	10	2501	2750	250	250	-2067.2768316297761	12.764125284315771	5839716	7680000	0	400	353.27159039752166	405.99907910111239	0.37499999999999362	250	13.234255741446892	-3808.2730260462799	-2114.2882911410775
2	19.199999999999999	19.199999999999999	1920	3	3288526921245861649	11	2751	3000	250	250	-2012.9271381342967	12.806274383412415	5845448	7680000	0	400	205.77027129032936	533.23531708551513	2.1250000000001186	250	13.210060776789081	-3793.2341405403658	-2102.3463611113661
2	19.199999999999999	19.199999999999999	1920	3	3288526921245861649	12	3001	3250	250	250	-2104.1881282829254	13.586759245638822	5848196	7680000	0	400	307.23073086720854	692.40147363641415	1.499999999999998	250	13.366897129630614	-3837.1385598810029	-2126.1757272882842
2	19.199999999999999	19.199999999999999	1920	3	3288526921245861649	13	3251	3500	250	250	-2016.4197179695591	13.052865106381143	5845099	7680000	0	400	391.06673274671073	353.76439554269689	0.062499999999901648	250	13.326623169994415	-3820.798669453075	-2114.9909036937879
2	19.199999999999999	19.199999999999999	1920	3	3288526921245861649	14	3501	3750	250	250	-2131.1824541998549	13.194798126169415	5846536	7680000	0	400	310.85861419507881	454.36730731682627	1.4375000000015252	250	13.220893466333445	-3807.6566864426454	-2115.3823227519606
2	19.199999999999999	19.199999999999999	1920	3	3288526921245861649	15	3751	4000	250	250	-2059.6480085167818	13.389004471619689	5846918	7680000	0	400	233.9837724152417	587.93207301182952	4.6308660031635362e-13	250	13.323758103837775	-3822.2753805790239	-2116.8343432877873
2	19.199999999999999	19.199999999999999	1920	3	3288526921245861649	16	4001	4250	250	250	-2013.9177262436317	13.657266673831264	5842340	7680000	0	400	288.95682585726274	404.00112645479089	2.1872260946853572e-14	250	13.292983398686463	-3780.1832651986401	-2078.6813901667756
2	19.199999999999999	19.199999999999999	1920	3	3288526921245861649	17	4251	4500	250	250	-1971.2009994785187	14.098731704339414	5839444	7680000	0	400	300.44459828201434	396.47779263834451	5.91332538490974e-14	250	13.158980569297064	-3793.071696435487	-2108.7221835654618
2	19.199999999999999	19.199999999999999	1920	3	3288526921245861649	18	4501	4750	250	250	-2136.6349572445283	13.516647387560603	5841768	7680000	0	400	228.55972288600663	720.11823715147136	2.5779118423274738e-13	250	13.201586378541622	-3794.6417096210325	-2104.8386531677043
2	19.199999999999999	19.199999999999999	1920	3	3288526921245861649	19	4751	5000	250	250	-2085.2615737793744	13.481230008125939	5840478	7680000	0	400	321.0247410063817	548.67662020129728	-1.6310737482871929e-15	250	13.306317592452597	-3814.5451770837058	-2111.3365252497747
2	19.199999999999999	19.199999999999999	1920	4	864545478366488773	0	1	250	250	250	-2232.7892147283928	13.553404086512014	5850224	7680000	0	400	325.41202171157039	572.28971920979018	1.8749999999999967	250	13.484500865216837	-3856.9718438368159	-2130.955733089063
2	19.199999999999999	19.199999999999999	1920	4	864545478366488773	1	251	500	250	250	-2018.5207051640764	13.623407139994747	5850443	7680000	0	400	197.39745661355033	537.25206934040057	4.6250000000003793	250	13.496914117972766	-3856.8784773046996	-2129.2734702041839
2	19.199999999999999	19.199999999999999	1920	4	864545478366488773	2	501	750	250	250	-2130.2818875408352	13.292516957999309	5838497	7680000	0	400	269.25870069301152	488.3947139822514	2.1875000000004428	250	13.18148059767274	-3796.6400062789558	-2109.410489776843
2	19.199999999999999	19.199999999999999	1920	4	864545478366488773	3	751	1000	250	250	-2318.1718046973619	12.681224870486854	5844399	7680000	0	400	268.21696909605163	683.1909952242338	3.562500000000441	250	13.262773729596214	-3813.2492549138533	-2115.6142175255345
2	19.199999999999999	19.199999999999999	1920	4	864545478366488773	4	1001	1250	250	250	-2115.2528572923402	14.08091530193947	5842545	7680000	0	400	284.08535945293249	490.91422335380071	3.0000000000001479	250	13.313097006971594	-3802.0463150341029	-2097.9698981417368
2	19.199999999999999	19.199999999999999	1920	4	864545478366488773	5	1251	1500	250	250	-1985.5823739090317	13.586505571700355	5845332	7680000	0	400	312.86518741622581	367.0551182499371	4.0624999999995737	250	13.397322109239587	-3804.0013553503086	-2089.1441253676426
2	19.199999999999999	19.199999999999999	1920	4	864545478366488773	6	1501	1750	250	250	-2090.1366324234787	13.57710260654876	5848849	7680000	0	400	209.96110170346003	480.89438245875908	2.687500000000365	250	13.341346731783766	-3828.124893685776	-2120.4325120174512
2	19.199999999999999	19.199999999999999	1920	4	864545478366488773	7	1751	2000	250	250	-2049.2838120515476	13.396767399911667	5841371	7680000	0	400	259.84629669219237	413.28782525477982	-5.3931685506380944e-14	250	13.235182654796001	-3816.9077823721773	-2122.8044025582903
2	19.199999999999999	19.199999999999999	1920	4	864545478366488773	8	2001	2250	250	250	-2126.7194469651863	13.48632117162345	5840918	7680000	0	400	219.7251676492337	491.06745266865249	3.6751610869162343e-12	250	13.260168630433379	-3811.1376890197243	-2113.8361043242508
2	19.199999999999999	19.199999999999999	1920	4	864545478366488773	9	2251	2500	250	250	-2149.739345577048	14.040096940972502	5851408	7680000	0	400	174.35308562234479	614.42764323915662	-6.6521441133282622e-14	250	13.471320015151518	-3867.3358232677278	-2143.0068613283329
2	19.199999999999999	19.199999999999999	1920	4	864545478366488773	10	2501	2750	250	250	-2082.5903577731883	13.991344358046037	5842718	7680000	0	400	382.77344985003469	437.64028709793956	-4.3248477715751577e-13	250	13.373029020103994	-3836.66482828988	-2124.9171137165677
2	19.199999999999999	19.199999999999999	1920	4	864545478366488773	11	2751	3000	250	250	-2310.3562250562836	13.31695040386607	5840167	7680000	0	400	437.35264871872516	480.1401342996266	1.1381087045014837e-13	250	13.186545963816089	-3827.6475883170256	-2139.769704948565
2	19.199999999999999	19.199999999999999	1920	4	864545478366488773	12	3001	3250	250	250	-2135.4474137408529	13.522745952314434	5844024	7680000	0	400	278.76546299027262	512.44573826904059	-3.3057757919952024e-14	250	13.266405721474193	-3809.8675864420211	-2111.7676540933257
2	19.199999999999999	19.199999999999999	1920	4	864545478366488773	13	3251	3500	250	250	-2336.5089461272573	11.984956234349319	5840468	7680000	0	400	444.30072457187947	5079.4187857053084	-1.2455314557513475e-15	250	13.322789328385264	-3808.4610867037559	-2103.1440526704409
2	19.199999999999999	19.199999999999999	1920	4	864545478366488773	14	3501	3750	250	250	-2205.113948849918	12.930350276677117	5842567	7680000	0	400	385.99655444141547	488.67072775556932	-5.8954360490637292e-14	250	13.386620981224233	-3824.3168164377844	-2110.8293308410839
2	19.199999999999999	19.199999999999999	1920	4	864545478366488773	15	3751	4000	250	250	-2088.0988561162212	13.298269260147014	5844297	7680000	0	400	342.20084875080209	415.13177804282157	-5.883930495609313e-13	250	13.292378521095541	-3820.2334988207872	-2118.8090481205591
2	19.199999999999999	19.199999999999999	1920	4	864545478366488773	16	4001	4250	250	250	-2084.9322533194882	13.635846028795722	5843339	7680000	0	400	307.85541016587308	552.48711171837454	8.832518050283511e-14	250	13.344826330727212	-3832.5496292921953	-2124.4118589591112
2	19.199999999999999	19.199999999999999	1920	4	864545478366488773	17	4251	4500	250	250	-2215.742082939933	13.237716665815135	5843508	7680000	0	400	225.23558138373338	670.29768320681876	1.8123523515267692e-14	250	13.300073955699535	-3815.4886344396082	-2113.0791681100691
2	19.199999999999999	19.199999999999999	1920	4	864545478366488773	18	4501	4750	250	250	-2116.4817594419424	13.049011570303271	5836921	7680000	0	400	232.67488284149479	624.19122870977185	3.1240314155023263e-12	250	13.105888599780769	-3756.6387257903812	-2079.0849850184409
2	19.199999999999999	19.199999999999999	1920	4	864545478366488773	19	4751	5000	250	250	-2043.9200838713298	13.341443395556954	5843153	7680000	0	400	299.36098210257921	533.05045393254534	7.7102386975003157e-14	250	13.302309647884739	-3811.2520101975761	-2108.5563752683279
2	19.199999999999999	19.199999999999999	1920	5	10640981124056393025	0	1	250	250	250	-2132.8251796777272	13.730155098127257	5844592	7680000	0	400	275.98345910590848	491.34442971846352	3.7499999999867177	250	13.283290341138363	-3803.5240975748893	-2103.2629339091795
2	19.199999999999999	19.199999999999999	1920	5	10640981124056393025	1	251	500	250	250	-2043.9776071299495	13.496643795953934	5846330	7680000	0	400	269.80268253462481	442.30593074070691	1.3124999999997211	250	13.409449621834357	-3848.5665771973954	-2132.1570256025993
2	19.199999999999999	19.199999999999999	1920	5	10640981124056393025	2	501	750	250	250	-1994.993809431365	13.235600853057115	5849273	7680000	0	400	301.47930966906102	533.17676763298493	1.50000000000022	250	13.374972137879089	-3826.0377486358325	-2114.0413149873093
2	19.199999999999999	19.199999999999999	1920	5	10640981124056393025	3	751	1000	250	250	-2069.7804636560268	13.3374798913676	5840341	7680000	0	400	312.89613841976973	829.05343684386241	2.4371546447632397e-12	250	13.266326386824547	-3790.3699914187346	-2092.2802139051892
2	19.199999999999999	19.199999999999999	1920	5	10640981124056393025	4	1001	1250	250	250	-2060.3703336118756	13.203288618892858	5835552	7680000	0	400	327.34995978233417	436.22390330747072	-2.0450481585942981e-13	250	13.151621714005758	-3764.0491359015705	-2080.6415565088341
2	19.199999999999999	19.199999999999999	1920	5	10640981124056393025	5	1251	1500	250	250	-2067.1131654546612	13.900947838282965	5842651	7680000	0	400	298.20286873685393	486.56357527870745	3.8301068046309172e-13	250	13.280527019384182	-3809.5923901666406	-2109.6849316854664
2	19.199999999999999	19.199999999999999	1920	5	10640981124056393025	6	1501	1750	250	250	-2220.5348498081839	13.172498095175692	5846328	7680000	0	400	384.30732237358768	3549.261613168585	1.0874742946420657e-13	250	13.450922667422734	-3851.1315967417358	-2129.4134953116277
2	19.199999999999999	19.199999999999999	1920	5	10640981124056393025	7	1751	2000	250	250	-2095.5035251461245	13.344255579881787	5850010	7680000	0	400	264.51492207044254	433.49888016435818	5.7964050226289032e-14	250	13.497371285019923	-3862.133607244662	-2134.4700827621127
2	19.199999999999999	19.199999999999999	1920	5	10640981124056393025	8	2001	2250	250	250	-2090.602289135466	13.860724018734389	5844957	7680000	0	400	324.51704720452619	587.24411175225919	2.6931165630905696e-12	250	13.371238185773223	-3840.5909096844025	-2129.0724219054314
2	19.199999999999999	19.199999999999999	1920	5	10640981124056393025	9	2251	2500	250	250	-2076.5811861024858	13.053429501277323	5848779	7680000	0	400	200.4653969829605	637.11639383205124	9.4499061353836566e-14	250	13.428436728355805	-3843.279950520377	-2124.4400492908348
2	19.199999999999999	19.199999999999999	1920	5	10640981124056393025	10	2501	2750	250	250	-2273.5887681391227	13.386661000617194	5850085	7680000	0	400	252.17062176732941	1322.3120109349986	2.7492331328149433e-14	250	13.410303981873001	-3854.3050841616432	-2137.7861744819002
2	19.199999999999999	19.199999999999999	1920	5	10640981124056393025	11	2751	3000	250	250	-2087.9084723178767	13.06579058334742	5847068	7680000	0	400	204.93008266493351	434.33463910146793	4.2362120755701227e-13	250	13.397408512761757	-3845.3403307136909	-2130.4720410801838
2	19.199999999999999	19.199999999999999	1920	5	10640981124056393025	12	3001	3250	250	250	-2131.9825077223682	13.067976714618004	5847942	7680000	0	400	204.9944430173548	925.21569233582875	2.4723018771100058e-13	250	13.327149741947606	-3821.7452681652931	-2115.8701011959993
2	19.199999999999999	19.199999999999999	1920	5	10640981124056393025	13	3251	3500	250	250	-2154.3409461475621	13.179850897720378	5840720	7680000	0	400	357.9443082587544	489.95929772026159	1.0890420509834797e-13	250	13.371361401737435	-3823.5605843319045	-2112.0263249095124
2	19.199999999999999	19.199999999999999	1920	5	10640981124056393025	14	3501	3750	250	250	-2070.4506178925444	13.553281715253734	5849729	7680000	0	400	300.61990448408034	411.98332595452143	1.790750707442168e-13	250	13.472035495320265	-3839.9722699864928	-2115.5517265854965
2	19.199999999999999	19.199999999999999	1920	5	10640981124056393025	15	3751	4000	250	250	-2133.2868081987635	13.970547753143373	5850010	7680000	0	400	451.29434800572278	488.62224724321987	-1.234877136527604e-13	250	13.456949156937192	-3848.2486510252465	-2125.7591589372832
2	19.199999999999999	19.199999999999999	1920	5	10640981124056393025	16	4001	4250	250	250	-2024.7414820818356	13.755277322158612	5844723	7680000	0	400	241.4584567446482	533.23077745214084	-8.9078917853147033e-14	250	13.279258645044239	-3799.5721725110643	-2099.8270659454029
2	19.199999999999999	19.199999999999999	1920	5	10640981124056393025	17	4251	4500	250	250	-2139.0984542563378	13.606247062220636	5845872	7680000	0	400	390.14250156729054	586.09339599266218	0.18750000000107034	250	13.383895680399393	-3830.1328998550298	-2116.9942527639078
2	19.199999999999999	19.199999999999999	1920	5	10640981124056393025	18	4501	4750	250	250	-2114.0280427600123	14.175638526994032	5842092	7680000	1	400	271.21873843259522	642.533857702722	1.4374999999982898	250	13.265675053514871	-3810.0503213025645	-2112.0439144526626
2	19.199999999999999	19.199999999999999	1920	5	10640981124056393025	19	4751	5000	250	250	-2254.3389671948462	13.511430115833026	5846987	7680000	0	400	239.01118733116621	493.36026170393916	4.6457195729265877e-14	250	13.43502455837814	-3860.5542803364478	-2140.871136864042
2	19.199999999999999	19.199999999999999	1920	6	12737727114654644414	0	1	250	250	250	-2017.3946070113502	13.101285036998854	5847494	7680000	0	400	271.16285089240762	637.37671566865663	-1.6085184399716734e-12	250	13.479503298860736	-3837.9852569179875	-2112.6088346638126
2	19.199999999999999	19.199999999999999	1920	6	12737727114654644414	1	251	500	250	250	-2235.1751087100592	14.73651432384198	5844174	7680000	0	400	302.55663348495364	644.27695505387112	-4.562149269471405e-14	250	13.377927803533284	-3834.5536833851916	-2122.1789245329305
2	19.199999999999999	19.199999999999999	1920	6	12737727114654644414	2	501	750	250	250	-2161.1557339609481	13.745106852104326	5846029	7680000	0	400	292.28242231593811	636.75761551475625	4.5601543374740316e-14	250	13.273229670300063	-3821.9672621216155	-2122.9938643232094
2	19.199999999999999	19.199999999999999	1920	6	12737727114654644414	3	751	1000	250	250	-2019.6741017355548	13.294826292246423	5849252	7680000	0	400	391.88468046851591	496.7708011792235	-3.9276123586090561e-13	250	13.446043593778088	-3854.9425880623312	-2133.8490080587339
2	19.199999999999999	19.199999999999999	1920	6	12737727114654644414	4	1001	1250	250	250	-2187.5947630123787	13.148765142350303	5845696	7680000	0	400	319.38017023290297	516.26022889058572	3.0686564400639327e-13	250	13.417158452470442	-3817.0017575785864	-2099.6054756623694
2	19.199999999999999	19.199999999999999	1920	6	12737727114654644414	5	1251	1500	250	250	-2040.1385198076623	13.37734536473595	5840987	7680000	0	400	398.34858319225981	349.6050802754574	5.5767239784398903e-13	250	13.328508571776261	-3809.3331235181095	-2103.2840263307489
2	19.199999999999999	19.199999999999999	1920	6	12737727114654644414	6	1501	1750	250	250	-2216.2782659122831	13.644169062181344	5846624	7680000	0	400	290.09310322752538	549.2747853640584	7.1477025687105566e-13	250	13.421527586661554	-3833.2093164978792	-2115.253785405198
2	19.199999999999999	19.199999999999999	1920	6	12737727114654644414	7	1751	2000	250	250	-2201.5082667145339	12.727112691550239	5842419	7680000	0	400	328.70572338925308	635.36283030834352	6.2754055424329991e-14	250	13.257312299164736	-3826.1376479301621	-2129.2016736370729
2	19.199999999999999	19.199999999999999	1920	6	12737727114654644414	8	2001	2250	250	250	-2092.9487019027592	12.97029755159514	5844956	7680000	0	400	361.27617690413422	577.61856335525442	1.098149349232358e-13	250	13.366787555086383	-3814.0702941575623	-2103.1214871065058
2	19.199999999999999	19.199999999999999	1920	6	12737727114654644414	9	2251	2500	250	250	-2174.9848584177262	13.974230056217678	5843527	7680000	0	400	416.93688469091541	777.4778918466784	-8.0733163210222614e-14	250	13.372463764977484	-3850.4852983997366	-2138.8099364826207
2	19.199999999999999	19.199999999999999	1920	6	12737727114654644414	10	2501	2750	250	250	-2095.6032472631491	13.431353899648757	5841515	7680000	0	400	408.21247764630306	462.1434952913134	1.3051625752380502e-13	250	13.275000812739723	-3796.1001194988289	-2096.9000154681448
2	19.199999999999999	19.199999999999999	1920	6	12737727114654644414	11	2751	3000	250	250	-2105.7202678880217	13.740818083013306	5842626	7680000	0	400	394.23360854917792	457.8616075621091	-1.9297757836156393e-13	250	13.353930708551745	-3817.1659665620246	-2107.8628358673991
2	19.199999999999999	19.199999999999999	1920	6	12737727114654644414	12	3001	3250	250	250	-2120.1438843943579	13.484086018903344	5849665	7680000	0	400	306.50779510278255	572.27326143379332	-5.8726764770589135e-13	250	13.461190103481421	-3822.7679896408813	-2099.7356563952617
2	19.199999999999999	19.199999999999999	1920	6	12737727114654644414	13	3251	3500	250	250	-2161.3882189243377	12.645846604977461	5844781	7680000	0	400	294.426079169378	929.03196535049244	5.8774686506612994e-13	250	13.363861979624417	-3849.9248258658808	-2139.3504924739564
2	19.199999999999999	19.199999999999999	1920	6	12737727114654644414	14	3501	3750	250	250	-2144.2493779492893	13.658627798351395	5846224	7680000	0	400	340.2695549946302	687.1763405561635	1.6778071987300081e-13	250	13.375243003995468	-3829.5681220191377	-2117.5370175077164
2	19.199999999999999	19.199999999999999	1920	6	12737727114654644414	15	3751	4000	250	250	-2086.5980785024062	13.793702398986998	5846704	7680000	0	400	247.28038406430051	648.25981826567477	-2.3172869872967183e-14	250	13.351918181019663	-3841.9605535734154	-2132.9150264029004
2	19.199999999999999	19.199999999999999	1920	6	12737727114654644414	16	4001	4250	250	250	-2215.6101616830456	13.760271899929968	5842691	7680000	0	400	273.13774602089069	896.35146491024091	-8.2442754879841207e-12	250	13.329537541050332	-3824.9255827898101	-2118.7447775353689
2	19.199999999999999	19.199999999999999	1920	6	12737727114654644414	17	4251	4500	250	250	-2077.1168374721019	12.521154607044128	5846817	7680000	0	400	351.63035099340271	402.09322639639618	1.6990879189715535e-13	250	13.269015268690231	-3811.8941735366666	-2113.4602191443155
2	19.199999999999999	19.199999999999999	1920	6	12737727114654644414	18	4501	4750	250	250	-2110.172619281499	13.568595673665385	5850304	7680000	0	400	168.79080439245391	957.43654305089672	9.4640311212867978e-13	250	13.434856541818201	-3858.8630061856252	-2139.2013688328943
2	19.199999999999999	19.199999999999999	1920	6	12737727114654644414	19	4751	5000	250	250	-2070.2545554758822	12.466745025052466	5844084	7680000	0	400	208.37162791323706	635.92834355795935	-2.4102291343308657e-13	250	13.317679552214949	-3810.5458055260924	-2105.8828228425778
2	19.199999999999999	19.199999999999999	1920	7	1317765406236992427	0	1	250	250	250	-2047.0593764592086	12.808741865098451	5848545	7680000	0	400	185.49341010261685	699.21304505962246	-2.1321052562361942e-14	250	13.407235097456569	-3816.199087124613	-2100.072994650171
2	19.199999999999999	19.199999999999999	1920	7	1317765406236992427	1	251	500	250	250	-2167.9718671942737	12.831500495183663	5839816	7680000	0	400	269.53097608059386	729.3118726833269	1.1678960749883505e-12	250	13.247162902763069	-3826.6610229826874	-2131.024171429015
2	19.199999999999999	19.199999999999999	1920	7	1317765406236992427	2	501	750	250	250	-2143.4325081510219	13.741023420732914	5838533	7680000	0	400	350.89789873117252	519.10053769285355	1.1874999999997218	250	13.183547271131182	-3789.0796113729152	-2101.5855606681262
2	19.199999999999999	19.199999999999999	1920	7	1317765406236992427	3	751	1000	250	250	-2202.8429471992486	13.480543135265407	5846091	7680000	0	400	356.52622319807307	455.30565432640253	0.43749999999980865	250	13.394155020576209	-3824.4351750440005	-2109.9833324102469
2	19.199999999999999	19.199999999999999	1920	7	1317765406236992427	4	1001	1250	250	250	-2182.7079572450261	12.992305542553799	5845286	7680000	0	400	193.41813875416983	620.45459655773129	2.9999999999980793	250	13.320150409614152	-3806.1535990378552	-2101.1743466072385
2	19.199999999999999	19.199999999999999	1920	7	1317765406236992427	5	1251	1500	250	250	-2177.4640861435159	13.077383993854665	5844124	7680000	0	400	375.38000288294899	527.70384520500374	1.4999999999983655	250	13.392672558609471	-3837.6985491566797	-2123.4364616546659
2	19.199999999999999	19.199999999999999	1920	7	1317765406236992427	6	1501	1750	250	250	-2068.7603130235193	14.090406123453617	5844916	7680000	0	400	334.68962272013448	596.76652062442429	2.4375000000001568	250	13.269596085796191	-3835.0420416137467	-2136.5337426318365
2	19.199999999999999	19.199999999999999	1920	7	1317765406236992427	7	1751	2000	250	250	-2075.8067166043552	13.334778285500942	5845902	7680000	0	400	314.53987912849266	526.20883794745987	4.6875000000000222	250	13.353007428923993	-3827.3880280174203	-2118.2030771151494
2	19.199999999999999	19.199999999999999	1920	7	1317765406236992427	8	2001	2250	250	250	-2142.5635901375922	13.334346846239558	5845554	7680000	1	400	337.66655073558559	470.47535602332698	5.5000000000001048	250	13.359745955005385	-3823.7434546966088	-2113.6959724559219
2	19.199999999999999	19.199999999999999	1920	7	1317765406236992427	9	2251	2500	250	250	-2103.580772993756	13.092576878430368	5847302	7680000	2	400	229.79587086876739	493.1043626421731	4.4375000000002203	250	13.24947522436079	-3792.6618655238935	-2096.7290368057115
2	19.199999999999999	19.199999999999999	1920	7	1317765406236992427	10	2501	2750	250	250	-2120.1322597685303	14.427457942891401	5845687	7680000	0	400	272.98060344368565	790.26453485346508	2.2500000000000213	250	13.372632835323568	-3847.1758987119897	-2135.4788957905735
2	19.199999999999999	19.199999999999999	1920	7	1317765406236992427	11	2751	3000	250	250	-2002.6361057455631	13.415307476331391	5843544	7680000	0	400	291.5905794197426	419.03773829881072	-1.8300122701930821e-12	250	13.305511768070089	-3822.4183895989631	-2119.3128832859916
2	19.199999999999999	19.199999999999999	1920	7	1317765406236992427	12	3001	3250	250	250	-2170.2974164838006	13.748763143517893	5846152	7680000	0	400	192.56555532948184	606.52023035391312	-3.6634757727416201e-14	250	13.36135954767253	-3853.6710172079174	-2143.4169951058343
2	19.199999999999999	19.199999999999999	1920	7	1317765406236992427	13	3251	3500	250	250	-2231.6353420488745	14.041087006652228	5844960	7680000	0	400	291.88396260267177	564.95367268109089	-8.7784814140068335e-14	250	13.337975278282558	-3819.5369970382267	-2112.2761614180577
2	19.199999999999999	19.199999999999999	1920	7	1317765406236992427	14	3501	3750	250	250	-2048.9184032512594	13.575292020471233	5842984	7680000	0	400	296.07051532863932	462.79443043232891	-2.650974058326927e-13	250	13.379677038261587	-3834.7028919754139	-2122.1042310779294
2	19.199999999999999	19.199999999999999	1920	7	1317765406236992427	15	3751	4000	250	250	-2155.6423958737673	14.096931940069927	5839581	7680000	0	400	198.98893640478161	537.49033009455457	2.0614265069246462e-11	250	13.22087806652647	-3782.4919730312017	-2090.2195805158108
2	19.199999999999999	19.199999999999999	1920	7	1317765406236992427	16	4001	4250	250	250	-2049.8057430963777	12.917777310412216	5843243	7680000	0	400	380.07541226061096	349.85377057864287	-2.4108256623661672e-12	250	13.287827188965473	-3804.5445430112345	-2103.7026628236595
2	19.199999999999999	19.199999999999999	1920	7	1317765406236992427	17	4251	4500	250	250	-2178.5184118004013	14.12814000384247	5843566	7680000	0	400	205.94569150586696	686.0711152279307	-8.3334120853928439e-13	250	13.342298959149618	-3825.4694597539237	-2117.655192982772
2	19.199999999999999	19.199999999999999	1920	7	1317765406236992427	18	4501	4750	250	250	-2306.6560362874588	13.012337604710183	5845812	7680000	0	400	235.30547881785586	841.75973639586266	-3.8819099844322746e-14	250	13.347979650479825	-3834.0412192659587	-2125.4998240045406
2	19.199999999999999	19.199999999999999	1920	7	1317765406236992427	19	4751	5000	250	250	-2155.5681513804097	13.691633129710961	5849601	7680000	0	400	327.48014405696324	467.2367607688272	-6.3823512447269692e-14	250	13.446220684785128	-3848.9139196602546	-2127.7976720077568
3	20.800000000000001	20.800000000000001	1920	0	2026096003	0	1	250	250	250	-1966.613645103937	13.161051683483828	5771933	7680000	0	400	303.08983608089392	444.83737082661457	3.9707863733196014e-13	250	13.272269563451278	-3794.2456179307269	-2095.3951138089628
3	20.800000000000001	20.800000000000001	1920	0	2026096003	1	251	500	250	250	-2421.9150717235602	11.007642543818678	5775355	7680000	0	400	340.1086779583116	480.87010153964866	-3.6393704890003153e-12	250	13.473272922274486	-3828.415054394251	-2103.8361203431168
3	20.800000000000001	20.800000000000001	1920	0	2026096003	2	501	750	250	250	-2064.5721228808552	13.769297530039351	5774397	7680000	0	400	267.68013180634762	528.10990827949752	-2.9809791787793749e-13	250	13.407551585964377	-3819.9395700715145	-2103.7729670680765
3	20.800000000000001	20.800000000000001	1920	0	2026096003	3	751	1000	250	250	-2030.9653851859994	12.813240273992365	5774983	7680000	0	400	326.08067784489913	384.01370947191441	-2.3045280961309089e-13	250	13.400510342560986	-3840.2515273200411	-2124.9862034722346
3	20.800000000000001	20.800000000000001	1920	0	2026096003	4	1001	1250	250	250	-2061.0025376058366	12.815059566237476	5768782	7680000	0	400	280.95269921821927	505.74244810831266	2.8498340839955283e-13	250	13.298625776369772	-3828.5560322417582	-2126.3319328664252
3	20.800000000000001	20.800000000000001	1920	0	2026096003	5	1251	1500	250	250	-2173.9548427691611	13.706925330125401	5775724	7680000	0	400	374.23872571612827	579.58356214553646	7.4229684898785564e-14	250	13.419912547094578	-3846.384592773381	-2128.6357867452748
3	20.800000000000001	20.800000000000001	1920	0	2026096003	6	1501	1750	250	250	-2217.1636861871225	13.864264041181519	5773400	7680000	0	400	310.82867633630377	827.0604254676673	-3.6356117769087426e-14	250	13.351965700643428	-3833.1170281074369	-2124.0654184250775
3	20.800000000000001	20.800000000000001	1920	0	2026096003	7	1751	2000	250	250	-2125.4121530789289	13.437927720702175	5771088	7680000	0	400	341.96696205282348	477.82377652391619	-8.2255795057217806e-12	250	13.281293536583478	-3829.4019740483836	-2129.3964013656996
3	20.800000000000001	20.800000000000001	1920	0	2026096003	8	2001	2250	250	250	-1909.4649823387797	13.182122477357172	5772956	7680000	0	400	347.42229155349321	376.47346758374169	2.1249999999999769	250	13.221546829883726	-3784.1856667236325	-2091.827672498518
3	20.800000000000001	20.800000000000001	1920	0	2026096003	9	2251	2500	250	250	-2244.2987663149961	12.948571622285996	5774874	7680000	0	400	374.14519363872728	718.84397949262018	0.6250000000011745	250	13.345380360384715	-3830.9490666275701	-2122.7403804983273
3	20.800000000000001	20.800000000000001	1920	0	2026096003	10	2501	2750	250	250	-2145.1403865603452	14.008974598307631	5773464	7680000	0	400	301.26846029975417	875.40725224284176	3.4999999999999734	250	13.218861413814844	-3781.9151108913834	-2089.9008499230845
3	20.800000000000001	20.800000000000001	1920	0	2026096003	11	2751	3000	250	250	-2122.446862747865	13.306692457360406	5771924	7680000	0	400	192.17114762006233	675.15040967866071	5.4999999999980078	250	13.284279858070878	-3807.907014148178	-2107.5191923151037
3	20.800000000000001	20.800000000000001	1920	0	2026096003	12	3001	3250	250	250	-1966.8788918799623	12.888051565662398	5771245	7680000	0	400	246.31104943422093	520.65364160583658	3.6249999999998939	250	13.237913318415821	-3805.1130047102288	-2110.6600999530069
3	20.800000000000001	20.800000000000001	1920	0	2026096003	13	3251	3500	250	250	-2207.7978115825053	13.042748064094935	5773767	7680000	0	400	340.15185505243011	553.85931783096999	0.87499999999989919	250	13.245957318219764	-3822.421066695234	-2126.9385299631062
3	20.800000000000001	20.800000000000001	1920	0	2026096003	14	3501	3750	250	250	-2144.8389306109611	13.335198949227918	5772533	7680000	0	400	460.21059712813286	386.60904963824589	1.875000000000411	250	13.40047175177242	-3838.1807394036082	-2122.9203551767391
3	20.800000000000001	20.800000000000001	1920	0	2026096003	15	3751	4000	250	250	-2193.8651464995983	13.511738772315228	5777051	7680000	0	400	267.298166020959	614.94357582045166	1.999999999999643	250	13.43521768530452	-3835.0116444046134	-2115.3037806856355
3	20.800000000000001	20.800000000000001	1920	0	2026096003	16	4001	4250	250	250	-2052.334156221068	14.081578506909297	5777008	7680000	0	400	232.01255537860348	494.65196261566484	3.9999999999997278	250	13.384023581747828	-3812.2088065642406	-2099.0537881005198
3	20.800000000000001	20.800000000000001	1920	0	2026096003	17	4251	4500	250	250	-2154.5667507860476	13.453066909469863	5773520	7680000	0	400	228.82639302073682	1646.1648936365266	3.1250000000001532	250	13.279686775589873	-3784.6589653943138	-2084.8590581188128
3	20.800000000000001	20.800000000000001	1920	0	2026096003	18	4501	4750	250	250	-2011.088072962496	12.69899728984865	5774748	7680000	0	400	182.73733324479392	563.40533118422911	4.0000000000002851	250	13.318287522238009	-3830.6678416572677	-2125.9270388108066
3	20.800000000000001	20.800000000000001	1920	0	2026096003	19	4751	5000	250	250	-2273.2267839213373	13.069089731226404	5776955	7680000	0	400	280.63560242350405	585.88920999612628	6.4375000000002505	250	13.357884758224595	-3832.7298908893999	-2122.9206418366507
3	20.800000000000001	20.800000000000001	1920	1	17437044389188643981	0	1	250	250	250	-2127.6115625206453	13.764153465050835	5771850	7680000	0	400	379.26366906712246	460.88209890618685	2.2970622799711737e-12	250	13.400925586152468	-3808.234378713043	-2092.9159036855272
3	20.800000000000001	20.800000000000001	1920	1	17437044389188643981	1	251	500	250	250	-2197.743955308214	14.053518691535318	5770562	7680000	0	400	433.27115997180948	528.99362984393656	1.0005017647696235e-14	250	13.338082722207776	-3840.4154047258107	-2133.1408162832145
3	20.800000000000001	20.800000000000001	1920	1	17437044389188643981	2	501	750	250	250	-2199.7160594246448	13.291388686661895	5774408	7680000	0	400	218.23847532562178	773.34421269375491	1.406156007605075e-13	250	13.443868140247639	-3871.1797997967697	-2150.3646778450716
3	20.800000000000001	20.800000000000001	1920	1	17437044389188643981	3	751	1000	250	250	-2110.1347954463513	13.05023148282128	5777418	7680000	0	400	189.06495645134268	661.7171054561552	2.3124999999998326	250	13.373498892225482	-3815.8329490074298	-2104.0250908025687
3	20.800000000000001	20.800000000000001	1920	1	17437044389188643981	4	1001	1250	250	250	-2173.3338492398252	13.509601123369709	5772231	7680000	0	400	321.12037095728402	470.00626290987663	0.37499999999965666	250	13.35469268029512	-3826.3578361346404	-2116.9571730568655
3	20.800000000000001	20.800000000000001	1920	1	17437044389188643981	5	1251	1500	250	250	-2027.6339402702963	13.551629595884682	5770378	7680000	0	400	302.02810523912234	447.45890336821412	-1.1672433852805142e-13	250	13.294711841847835	-3813.9194062878955	-2112.1962905313735
3	20.800000000000001	20.800000000000001	1920	1	17437044389188643981	6	1501	1750	250	250	-2243.0041955949187	13.953278923648035	5772865	7680000	0	400	434.40413006287736	533.48062526952208	8.1413478389413818e-13	250	13.389524792916145	-3820.7440642545835	-2106.8848907613169
3	20.800000000000001	20.800000000000001	1920	1	17437044389188643981	7	1751	2000	250	250	-2124.6578707944277	13.154767923467503	5771730	7680000	0	400	200.86431689533836	763.538033548219	-8.4585116688629114e-15	250	13.380994666269586	-3802.8712598953166	-2090.10394261281
3	20.800000000000001	20.800000000000001	1920	1	17437044389188643981	8	2001	2250	250	250	-2054.0097187955926	13.567319923776683	5767954	7680000	0	400	253.6144902910562	558.39562043246167	-2.3943173832474685e-13	250	13.222588363518367	-3811.7297864321508	-2119.2384759018014
3	20.800000000000001	20.800000000000001	1920	1	17437044389188643981	9	2251	2500	250	250	-2063.7763330912112	13.343598198007697	5778485	7680000	0	400	245.3069651332722	495.75861688330946	-4.1808570494517028e-14	250	13.491160314582753	-3883.6182452508278	-2156.7497249842349
3	20.800000000000001	20.800000000000001	1920	1	17437044389188643981	10	2501	2750	250	250	-2183.8471429025476	13.761809320287629	5774965	7680000	0	400	283.15508302742484	1139.8525490061058	-1.5912401604700754e-14	250	13.326926413730318	-3827.9506249113224	-2122.1040439538442
3	20.800000000000001	20.800000000000001	1920	1	17437044389188643981	11	2751	3000	250	250	-2115.6087506234712	14.11928089894317	5777553	7680000	0	400	299.69588377815631	540.20950998015405	1.9609053963920431e-13	250	13.449477086371997	-3842.4626215086523	-2120.9295544530373
3	20.800000000000001	20.800000000000001	1920	1	17437044389188643981	12	3001	3250	250	250	-2110.6576001296412	13.104040930876133	5774479	7680000	0	400	286.90212535041093	762.0127788219703	-7.1375696152065071e-13	250	13.318829391755603	-3836.4348787375593	-2131.6247165928426
3	20.800000000000001	20.800000000000001	1920	1	17437044389188643981	13	3251	3500	250	250	-2359.0658924603604	12.470683281650054	5775570	7680000	0	400	140.13603056902775	626.02807611543767	5.9530939205965083e-13	250	13.367137623218227	-3803.8707254617584	-2092.8771096898249
3	20.800000000000001	20.800000000000001	1920	1	17437044389188643981	14	3501	3750	250	250	-1989.9312860210591	12.452696516457543	5766101	7680000	0	400	444.60511633301149	457.39837041165623	-2.0865947858439426e-12	250	13.222481293514509	-3808.7838489292885	-2116.3062433594337
3	20.800000000000001	20.800000000000001	1920	1	17437044389188643981	15	3751	4000	250	250	-2031.5249382872266	12.740330670243885	5769978	7680000	0	400	192.33073798010258	633.21308176320554	-4.0148223287572726e-14	250	13.263862149717614	-3838.7567430880754	-2140.9823879242163
3	20.800000000000001	20.800000000000001	1920	1	17437044389188643981	16	4001	4250	250	250	-2066.3736413692345	13.118477610196081	5773671	7680000	0	400	356.41551419945091	473.75411892846745	-1.2766122794299894e-13	250	13.259150041215308	-3803.4111513121343	-2106.2399460365741
3	20.800000000000001	20.800000000000001	1920	1	17437044389188643981	17	4251	4500	250	250	-2129.4446891748139	13.085170198076927	5777043	7680000	0	400	206.45794318001697	526.33861242596072	-4.9697225501521558e-14	250	13.413638255130449	-3876.3578994314698	-2159.4122027747749
3	20.800000000000001	20.800000000000001	1920	1	17437044389188643981	18	4501	4750	250	250	-2078.1524827790176	13.345597066560678	5773420	7680000	0	400	215.21707652919414	827.70448021998845	-2.2856803255644209e-13	250	13.33291559976257	-3828.6066388899139	-2121.9934421203043
3	20.800000000000001	20.800000000000001	1920	1	17437044389188643981	19	4751	5000	250	250	-2184.557316972287	13.435944889056506	5773297	7680000	0	400	288.08750774811801	651.88242399983051	-2.3935064000224493e-12	250	13.385737799691329	-3853.3927381376734	-2140.0182997771826
3	20.800000000000001	20.800000000000001	1920	2	1270665603536935620	0	1	250	250	250	-2114.4062083018362	13.478830654205678	5774476	7680000	0	400	289.98465121595314	1077.4416183790756	2.025612750450323e-13	250	13.373386946604171	-3850.0604930712752	-2138.2669639059418
3	20.800000000000001	20.800000000000001	1920	2	1270665603536935620	1	251	500	250	250	-2158.4008744646553	13.104367300980197	5767726	7680000	0	400	362.61831007414565	510.72622081844327	3.5249494295674921e-13	250	13.266310907556424	-3795.908851667758	-2097.8210555005362
3	20.800000000000001	20.800000000000001	1920	2	1270665603536935620	2	501	750	250	250	-2003.6092492965001	13.454800617074806	5772583	7680000	0	400	422.81393955071388	360.44412966419031	-6.1256121702824018e-14	250	13.39440189782097	-3814.4688914188187	-2099.9854484977341
3	20.800000000000001	20.800000000000001	1920	2	1270665603536935620	3	751	1000	250	250	-2149.8167541537036	12.965177381699801	5777411	7680000	0	400	244.41392049578923	613.22450703862	-8.4002119496440208e-13	250	13.396645143353968	-3822.8013656559906	-2108.0307873066808
3	20.800000000000001	20.800000000000001	1920	2	1270665603536935620	4	1001	1250	250	250	-2162.8392234567605	14.41296980833032	5774585	7680000	0	400	252.51771763075124	486.2667574845899	2.8481427286064509e-13	250	13.378435399509719	-3831.1441055355522	-2118.7043743983104
3	20.800000000000001	20.800000000000001	1920	2	1270665603536935620	5	1251	1500	250	250	-2203.9250710176257	13.048738836880583	5775576	7680000	0	400	345.86265589823921	1173.604884463005	5.3377961772849147e-13	250	13.394187125988156	-3833.6349254815864	-2119.1789733551009
3	20.800000000000001	20.800000000000001	1920	2	1270665603536935620	6	1501	1750	250	250	-2038.0215635902287	13.338716942587975	5775091	7680000	0	400	447.55874354875715	356.77465564566808	4.1145819390520089e-13	250	13.419771775747847	-3836.749146981806	-2119.0183596860807
3	20.800000000000001	20.800000000000001	1920	2	1270665603536935620	7	1751	2000	250	250	-2122.3130274555006	13.774068551713727	5771996	7680000	0	400	344.19096774258401	520.1666634714345	1.4179239379852326e-12	250	13.34048658551912	-3822.4260578927701	-2114.8437749463214
3	20.800000000000001	20.800000000000001	1920	2	1270665603536935620	8	2001	2250	250	250	-2056.2887931887658	12.293040354181375	5771369	7680000	0	400	183.93368316669512	507.00176362564599	5.928135586585892e-13	250	13.296477274262267	-3818.497005624497	-2116.547914518927
3	20.800000000000001	20.800000000000001	1920	2	1270665603536935620	9	2251	2500	250	250	-2035.1037907661907	12.787780623257017	5773032	7680000	0	400	270.62452991173876	424.62519422785152	3.8128788321101226e-14	250	13.219772069462399	-3796.1934734047063	-2104.0626485135194
3	20.800000000000001	20.800000000000001	1920	2	1270665603536935620	10	2501	2750	250	250	-1984.3958487357575	13.992759527043335	5773785	7680000	0	400	386.40725378149699	476.64572187682376	1.0381029803135933e-12	250	13.480288867507856	-3860.7713138278759	-2135.2943387868681
3	20.800000000000001	20.800000000000001	1920	2	1270665603536935620	11	2751	3000	250	250	-2191.9840208673409	13.702344059908926	5775087	7680000	0	400	336.09415431276653	498.63297957481979	-2.7581843059509836e-13	250	13.370519875111544	-3829.6269279339372	-2118.2003839196605
3	20.800000000000001	20.800000000000001	1920	2	1270665603536935620	12	3001	3250	250	250	-2065.401998069156	13.198790388063811	5769910	7680000	0	400	469.59063089735497	407.81938113851561	2.1726110494002526e-14	250	13.290444006509311	-3792.4604471562393	-2091.283614323047
3	20.800000000000001	20.800000000000001	1920	2	1270665603536935620	13	3251	3500	250	250	-2120.9559923070719	13.768336044931294	5776800	7680000	0	400	276.82474618281873	683.00527088836225	2.4213270277684273e-14	250	13.453654937971127	-3839.7219909392534	-2117.6541588789473
3	20.800000000000001	20.800000000000001	1920	2	1270665603536935620	14	3501	3750	250	250	-2117.5462325309591	13.139518803260614	5774660	7680000	0	400	351.5784475911226	617.50611871441174	-1.860534296072025e-14	250	13.369564508748155	-3855.0406937145126	-2143.736436594751
3	20.800000000000001	20.800000000000001	1920	2	1270665603536935620	15	3751	4000	250	250	-1897.3242166849611	12.615774555034939	5771014	7680000	0	400	240.37029323300274	956.63666439208441	-5.9235168853311038e-13	250	13.335053706148303	-3801.3963213126199	-2094.5094469256373
3	20.800000000000001	20.800000000000001	1920	2	1270665603536935620	16	4001	4250	250	250	-2129.1954722504538	12.937624770663742	5774025	7680000	0	400	265.3703204306924	1395.7441040129015	3.1115322991770444e-13	250	13.25634368651601	-3820.5320419139953	-2123.7200500399472
3	20.800000000000001	20.800000000000001	1920	2	1270665603536935620	17	4251	4500	250	250	-2072.3864560599122	13.293445681053909	5776651	7680000	0	400	265.61070037052008	411.98689665410984	-1.0902455153949386e-13	250	13.419714243647984	-3864.7140556019403	-2146.9906324149965
3	20.800000000000001	20.800000000000001	1920	2	1270665603536935620	18	4501	4750	250	250	-2073.9046091498658	13.666586736945559	5774159	7680000	0	400	197.1368941542332	514.34096148019967	-8.6915175577517712e-13	250	13.354070190601432	-3847.3356754079518	-2138.014691010967
3	20.800000000000001	20.800000000000001	1920	2	1270665603536935620	19	4751	5000	250	250	-2139.6463948594906	14.000768331727922	5776188	7680000	0	400	294.23268481337681	561.45407190279286	-6.1140502383150164e-13	250	13.400236159252779	-3847.4007020850354	-2132.1704737006817
3	20.800000000000001	20.800000000000001	1920	3	14870752770520703248	0	1	250	250	250	-2066.9580427096962	13.219969922921948	5772568	7680000	0	400	323.44725000195029	535.21907043404929	6.5653645714425224e-14	250	13.380837667599929	-3821.0919772554166	-2108.3447558026251
3	20.800000000000001	20.800000000000001	1920	3	14870752770520703248	1	251	500	250	250	-2105.6619277299569	13.137956240413251	5770722	7680000	0	400	363.67350378708426	488.22084589147585	-3.5235269563171911e-14	250	13.348951103782555	-3849.1543168295984	-2140.4885755454293
3	20.800000000000001	20.800000000000001	1920	3	14870752770520703248	2	501	750	250	250	-2175.2658229703734	13.666362761588557	5779518	7680000	0	400	196.5277297151498	566.76228539210501	2.5015471465106298e-13	250	13.406596350280601	-3858.0948634080364	-2142.0505305721185
3	20.800000000000001	20.800000000000001	1920	3	14870752770520703248	3	751	1000	250	250	-2151.949307817717	13.608025072127814	5767460	7680000	0	400	437.89235629081429	414.60930544889612	-1.3172622714829885e-14	250	13.300573093525726	-3811.9884485228299	-2109.5150925515377
3	20.800000000000001	20.800000000000001	1920	3	14870752770520703248	4	1001	1250	250	250	-2173.3034511277629	13.503834488136784	5766002	7680000	0	400	477.54226024111688	400.90715097375568	1.9406286473622192e-13	250	13.345112565450341	-3842.1235776390099	-2133.9491692613669
3	20.800000000000001	20.800000000000001	1920	3	14870752770520703248	5	1251	1500	250	250	-2105.0079299456379	13.72213519732499	5768169	7680000	0	400	374.2018618243921	571.1189810918703	-5.5795645881318023e-14	250	13.262619513600125	-3810.961947357885	-2113.3466496170699
3	20.800000000000001	20.800000000000001	1920	3	14870752770520703248	6	1501	1750	250	250	-2161.3566152149733	13.234121823525712	5764930	7680000	0	400	495.27877761417307	338.40031082148079	-3.3888941999848932e-12	250	13.212642125565054	-3808.9930924607825	-2117.7749003884555
3	20.800000000000001	20.800000000000001	1920	3	14870752770520703248	7	1751	2000	250	250	-2097.2156596981076	13.378420511444943	5767097	7680000	0	400	385.34923764044959	415.70972769095084	1.2566770540844985e-14	250	13.243696843392494	-3798.5625646685189	-2103.3693687142777
3	20.800000000000001	20.800000000000001	1920	3	14870752770520703248	8	2001	2250	250	250	-1979.9159199197131	13.769674518135652	5771039	7680000	0	400	304.16167125222466	522.49093310279875	0.1250000000000587	250	13.330055737322068	-3823.2751512142695	-2117.0280168370477
3	20.800000000000001	20.800000000000001	1920	3	14870752770520703248	9	2251	2500	250	250	-2251.8537941012987	12.953376217354927	5777289	7680000	0	400	297.08894725105409	660.1951144188904	0.37500000000006473	250	13.388384328647735	-3820.0471346795543	-2106.3339406126429
3	20.800000000000001	20.800000000000001	1920	3	14870752770520703248	10	2501	2750	250	250	-2174.3848312226728	13.116978292449557	5776521	7680000	0	400	359.71943833980691	764.49560126429753	-1.4800227016165124e-13	250	13.462670206289193	-3872.2514757660751	-2149.0296893610589
3	20.800000000000001	20.800000000000001	1920	3	14870752770520703248	11	2751	3000	250	250	-2183.4010346913933	13.792913484263664	5774247	7680000	0	400	264.92183229712077	604.47972932242396	1.2500000000001343	250	13.267892749299749	-3803.4917090125732	-2105.2014371022055
3	20.800000000000001	20.800000000000001	1920	3	14870752770520703248	12	3001	3250	250	250	-2150.2038446413681	13.88298903105162	5780995	7680000	0	400	256.44261731100937	713.77250311962337	4.333198296707641e-14	250	13.409887186603539	-3868.372214914802	-2151.9066550295506
3	20.800000000000001	20.800000000000001	1920	3	14870752770520703248	13	3251	3500	250	250	-2120.9176647382951	13.547732604746916	5769823	7680000	0	400	402.14307830747236	530.77842672187887	-3.2115456127801423e-13	250	13.263633597700396	-3821.852843810766	-2124.1077433051141
3	20.800000000000001	20.800000000000001	1920	3	14870752770520703248	14	3501	3750	250	250	-2000.2638053012272	13.169493985954047	5776867	7680000	0	400	306.11929491110476	511.06148181428625	0.87499999999975486	250	13.393342301458615	-3839.3720900023336	-2125.024275415632
3	20.800000000000001	20.800000000000001	1920	3	14870752770520703248	15	3751	4000	250	250	-2076.1975574503804	14.465877606948551	5778679	7680000	0	400	308.9879119232358	563.68296303743989	-7.5243630770494008e-14	250	13.497700372299144	-3860.9299412822588	-2133.2242936279686
3	20.800000000000001	20.800000000000001	1920	3	14870752770520703248	16	4001	4250	250	250	-2132.1438956563861	13.243085213668971	5771863	7680000	0	400	302.14430460153739	489.76319867454106	3.9828600487124e-12	250	13.364036851436635	-3859.1429421764765	-2148.5462251925896
3	20.800000000000001	20.800000000000001	1920	3	14870752770520703248	17	4251	4500	250	250	-2099.3009947228334	13.155012208775947	5771122	7680000	0	400	230.31345725497539	657.19487087665902	2.8984193517489487e-13	250	13.33419486391986	-3789.838957609702	-2083.0620150279619
3	20.800000000000001	20.800000000000001	1920	3	14870752770520703248	18	4501	4750	250	250	-1987.3540563970919	13.385401724266679	5774134	7680000	0	400	218.27200498516893	484.75475862075251	-1.9434237205628868e-13	250	13.297360863905977	-3826.0152451994522	-2123.9530546194874
3	20.800000000000001	20.800000000000001	1920	3	14870752770520703248	19	4751	5000	250	250	-2019.9135176230625	13.583985474877828	5769965	7680000	0	400	337.74380734522424	387.53562088471108	5.8620495610450796e-12	250	13.321837533303304	-3805.0733356460664	-2099.8781313832433
3	20.800000000000001	20.800000000000001	1920	4	15919862519692921615	0	1	250	250	250	-2138.9033697965738	13.330285152377932	5778235	7680000	0	400	276.72518869528614	773.61592612521463	0.87499999999946465	250	13.368244787424718	-3847.0481651344098	-2135.9128323440423
3	20.800000000000001	20.800000000000001	1920	4	15919862519692921615	1	251	500	250	250	-2199.318701967642	13.40495463708625	5771025	7680000	0	400	298.1520179539732	589.75871563423073	1.0000000000020746	250	13.311357706087453	-3798.2235528869223	-2094.3697665077289
3	20.800000000000001	20.800000000000001	1920	4	15919862519692921615	2	501	750	250	250	-2177.9141386785864	12.717554797950184	5769839	7680000	0	400	263.97352228606945	816.60367996798584	2.50000000000247	250	13.241683067989113	-3807.8647263472326	-2112.9292936446268
3	20.800000000000001	20.800000000000001	1920	4	15919862519692921615	3	751	1000	250	250	-2213.1177811628299	13.906442625177101	5775412	7680000	0	400	241.45692181786245	545.80356932397433	2.8750000000006306	250	13.332303794619133	-3841.580377770214	-2135.045492058965
3	20.800000000000001	20.800000000000001	1920	4	15919862519692921615	4	1001	1250	250	250	-2001.1685232463185	13.469574247056489	5770383	7680000	0	400	381.37465255042412	462.2961401351576	9.1645701444376115e-13	250	13.286684755537591	-3818.0621598832049	-2117.3665111743971
3	20.800000000000001	20.800000000000001	1920	4	15919862519692921615	5	1251	1500	250	250	-2043.860693178789	13.222030480728224	5770116	7680000	0	400	280.37605412591893	541.03149123218896	1.1250000000013487	250	13.257509518857738	-3776.2641024829045	-2079.3028840691131
3	20.800000000000001	20.800000000000001	1920	4	15919862519692921615	6	1501	1750	250	250	-2013.0061598550246	13.174310699840728	5776803	7680000	0	400	173.99605139632226	489.37361783747332	3.6250000000000142	250	13.393736170793094	-3831.4271127691813	-2117.0288829076658
3	20.800000000000001	20.800000000000001	1920	4	15919862519692921615	7	1751	2000	250	250	-2173.8821202597583	13.362229455472479	5772430	7680000	0	400	310.2856864777749	523.9511904761855	4.0417409002957427e-13	250	13.302115264317781	-3826.9943363014327	-2124.323582468754
3	20.800000000000001	20.800000000000001	1920	4	15919862519692921615	8	2001	2250	250	250	-2028.0480253242768	13.505786449993989	5772042	7680000	0	400	286.34432192428915	529.08679614042114	5.8178678888354263e-13	250	13.272080209023377	-3788.9488000977767	-2090.1225333427869
3	20.800000000000001	20.800000000000001	1920	4	15919862519692921615	9	2251	2500	250	250	-2189.9656977249456	13.820800596744064	5777113	7680000	0	400	195.91179483065184	850.3792882690758	-1.0106498971040878e-13	250	13.399893832693305	-3833.6517432956171	-2118.4653327108726
3	20.800000000000001	20.800000000000001	1920	4	15919862519692921615	10	2501	2750	250	250	-2316.2978427575977	13.396651526489089	5772291	7680000	0	400	252.53779095952231	647.16992205717759	-3.9466433593426942e-13	250	13.344627795263923	-3835.6899901706875	-2127.5776323769028
3	20.800000000000001	20.800000000000001	1920	4	15919862519692921615	11	2751	3000	250	250	-2262.420685218714	13.447946213854751	5769974	7680000	0	400	426.2888456124673	469.38363936554026	-2.0513018367251945e-13	250	13.282405952865012	-3812.4897351517511	-2112.3417731850282
3	20.800000000000001	20.800000000000001	1920	4	15919862519692921615	12	3001	3250	250	250	-2145.1960593864974	14.294250495592514	5772201	7680000	0	400	358.04421335509977	511.57620179218389	-1.7705758734165578e-13	250	13.297275688475086	-3800.9577659580964	-2098.906477833284
3	20.800000000000001	20.800000000000001	1920	4	15919862519692921615	13	3251	3500	250	250	-2451.3472210276959	11.249502223776643	5777612	7680000	0	400	368.34298713777639	935.34796260671965	5.2786768012236251e-14	250	13.425192332507674	-3822.3629318618687	-2103.9383133008873
3	20.800000000000001	20.800000000000001	1920	4	15919862519692921615	14	3501	3750	250	250	-2188.0952329985157	13.536632668213565	5772290	7680000	0	400	386.54484840115163	435.74208983146201	-4.8047794042049841e-12	250	13.388337091575504	-3855.5356626955813	-2141.8285149739149
3	20.800000000000001	20.800000000000001	1920	4	15919862519692921615	15	3751	4000	250	250	-2298.9962211065981	13.061544848376547	5771446	7680000	0	400	408.94940954635223	716.14155470044898	6.4901610561524103e-13	250	13.39194136238717	-3838.8654129617516	-2124.69691857619
3	20.800000000000001	20.800000000000001	1920	4	15919862519692921615	16	4001	4250	250	250	-2138.6861945466708	13.015082932395067	5774893	7680000	0	400	263.15909410504662	493.0000379781352	-2.2870464203017526e-13	250	13.441530242858436	-3854.9046688913309	-2134.3887978054504
3	20.800000000000001	20.800000000000001	1920	4	15919862519692921615	17	4251	4500	250	250	-2128.6184029006654	13.359286894569498	5768393	7680000	0	400	271.58512067276314	531.67671778418355	-7.2131059805635722e-13	250	13.255555212815278	-3805.2846656540155	-2108.5735984136591
3	20.800000000000001	20.800000000000001	1920	4	15919862519692921615	18	4501	4750	250	250	-2177.3018372568886	13.277922121369016	5771878	7680000	0	400	258.09839494260916	846.27279008560333	1.9228542369464918e-14	250	13.301422618111244	-3807.8703345972172	-2105.2882394789776
3	20.800000000000001	20.800000000000001	1920	4	15919862519692921615	19	4751	5000	250	250	-2097.7542929402148	14.033790957414807	5775792	7680000	0	400	253.04250841914779	466.96076058315208	1.0934048805255614e-13	250	13.355345982938958	-3838.5126339519097	-2129.0283481357219
3	20.800000000000001	20.800000000000001	1920	5	3328875207813201480	0	1	250	250	250	-2106.4766580041355	13.052700116620935	5773762	7680000	0	400	308.3588299722669	434.12848481571064	1.7499999999998919	250	13.296301491522369	-3798.5950222992024	-2096.6684313843389
3	20.800000000000001	20.800000000000001	1920	5	3328875207813201480	1	251	500	250	250	-1999.3734426664168	13.452790679082046	5775212	7680000	0	400	318.7800674032747	428.03555309294507	1.0000000000000198	250	13.346291409952002	-3817.0838561434834	-2108.7585556696258
3	20.800000000000001	20.800000000000001	1920	5	3328875207813201480	2	501	750	250	250	-2034.8144348169819	13.060888031553457	5771046	7680000	0	400	279.17759519911777	432.11650784865913	0.37500000000014982	250	13.259785819944607	-3789.3775596182768	-2092.1249746653675
3	20.800000000000001	20.800000000000001	1920	5	3328875207813201480	3	751	1000	250	250	-2161.8210450807269	13.479870756403599	5774822	7680000	0	400	324.11011176723781	744.39054749895297	-3.8500452825829257e-14	250	13.411018050108149	-3822.8644392132251	-2106.2541287993854
3	20.800000000000001	20.800000000000001	1920	5	3328875207813201480	4	1001	1250	250	250	-2145.1299199578225	13.543202817987387	5767785	7680000	0	400	385.64049024042959	1739.6483895138965	1.8520007576128261e-12	250	13.288238311760942	-3812.1145650269609	-2111.2200611215608
3	20.800000000000001	20.800000000000001	1920	5	3328875207813201480	5	1251	1500	250	250	-2153.7310235001078	13.469717147895729	5768497	7680000	0	400	371.68015528315362	533.02448417465484	1.792246906440198e-13	250	13.294750463654257	-3800.2133005258352	-2098.485241178088
3	20.800000000000001	20.800000000000001	1920	5	3328875207813201480	6	1501	1750	250	250	-2076.1002582295691	13.783834442226038	5773507	7680000	0	400	394.01324292660195	711.38526119797939	-2.4700510733999259e-14	250	13.40891331803434	-3858.1207486727171	-2141.7798439643229
3	20.800000000000001	20.800000000000001	1920	5	3328875207813201480	7	1751	2000	250	250	-2112.1206320818869	13.513346493966727	5771520	7680000	0	400	336.298545803254	460.44907135083616	2.3149722156584618e-13	250	13.361223559817022	-3841.2439751982497	-2131.0073595416707
3	20.800000000000001	20.800000000000001	1920	5	3328875207813201480	8	2001	2250	250	250	-2183.301190288867	14.112052604732666	5779273	7680000	0	400	360.79925591476319	521.8027880002586	9.7461101689066965e-15	250	13.526325085332296	-3906.9512970495898	-2175.5816861270564
3	20.800000000000001	20.800000000000001	1920	5	3328875207813201480	9	2251	2500	250	250	-1990.6366871366051	13.106348187565855	5778073	7680000	0	400	182.12730192200507	465.73027133408033	-7.7498511948104198e-11	250	13.411574119230362	-3823.1436539200336	-2106.4621666585499
3	20.800000000000001	20.800000000000001	1920	5	3328875207813201480	10	2501	2750	250	250	-2008.4988123339974	12.568046325671837	5772832	7680000	0	400	308.90507759337248	454.56434442175424	-2.6701731103973003e-14	250	13.27994026431989	-3835.0886671499011	-2135.2563133169515
3	20.800000000000001	20.800000000000001	1920	5	3328875207813201480	11	2751	3000	250	250	-2011.2338364852078	13.335932082629622	5775836	7680000	0	400	168.94827370041094	597.00424000407997	-2.0967992966913762e-13	250	13.353237135156057	-3817.8488114921711	-2108.634458192194
3	20.800000000000001	20.800000000000001	1920	5	3328875207813201480	12	3001	3250	250	250	-2182.2131717679458	13.264865088739532	5775868	7680000	0	400	310.79640676278035	591.91801836883917	1.7615596481501683e-13	250	13.449419329529531	-3848.0624899695613	-2126.5368157897815
3	20.800000000000001	20.800000000000001	1920	5	3328875207813201480	13	3251	3500	250	250	-2048.7811402625448	13.098059607404549	5776577	7680000	0	400	282.89212620144355	825.97749859557155	8.979787399776562e-13	250	13.437435494143966	-3847.3027526803762	-2127.3110094299523
3	20.800000000000001	20.800000000000001	1920	5	3328875207813201480	14	3501	3750	250	250	-2009.2854598783645	12.922728870119013	5776620	7680000	0	400	241.71701359099879	587.87376912426328	5.2474864731255622e-13	250	13.381696799668331	-3818.3285677830327	-2105.4713774254888
3	20.800000000000001	20.800000000000001	1920	5	3328875207813201480	15	3751	4000	250	250	-2203.8312219731038	13.320461254037465	5771859	7680000	0	400	338.54142096733176	621.83847865687119	-1.8133671647602156e-13	250	13.339500227049834	-3812.8106729678443	-2105.3546439054639
3	20.800000000000001	20.800000000000001	1920	5	3328875207813201480	16	4001	4250	250	250	-2137.0896251685217	13.943850604206487	5775935	7680000	0	400	305.49867770659762	599.38142514982655	1.871159477362383e-14	250	13.4375042697427	-3847.1362448455366	-2127.1356983184724
3	20.800000000000001	20.800000000000001	1920	5	3328875207813201480	17	4251	4500	250	250	-2034.9224628558832	12.822099603083355	5773941	7680000	0	400	390.5260050703294	802.35216818267236	-5.8612836806304358e-14	250	13.368068411875612	-3846.3376208974787	-2135.2248641773949
3	20.800000000000001	20.800000000000001	1920	5	3328875207813201480	18	4501	4750	250	250	-2134.7064913184049	13.114886646577657	5773107	7680000	0	400	236.50328214730567	620.64310035127846	0.62499999999950628	250	13.287724877637295	-3807.8666864050288	-2107.0379020674582
3	20.800000000000001	20.800000000000001	1920	5	3328875207813201480	19	4751	5000	250	250	-2056.6470170213261	12.741569931495292	5775724	7680000	0	400	214.82452063503857	541.64212506201716	3.8488071237019472e-13	250	13.355104748096036	-3848.9537897629389	-2139.5003820066436
3	20.800000000000001	20.800000000000001	1920	6	15600140313719660510	0	1	250	250	250	-2086.9009401392318	13.407878975578004	5772760	7680000	0	400	290.51401624900711	516.53203452263176	-2.1705783871672768e-12	250	13.389134339922377	-3831.9131461131333	-2118.1039506030702
3	20.800000000000001	20.800000000000001	1920	6	15600140313719660510	1	251	500	250	250	-2113.2939970219518	13.579268923248476	5774919	7680000	0	400	316.03244883123853	506.10748642974926	7.4313818987370439e-14	250	13.401558891305905	-3847.743775615972	-2132.3442375288155
3	20.800000000000001	20.800000000000001	1920	6	15600140313719660510	2	501	750	250	250	-2135.1094569954666	13.351475001132656	5774833	7680000	0	400	341.43579790608425	491.92027797780037	-5.2745134648812808e-13	250	13.328905603447041	-3801.2635186328798	-2095.1636013916568
3	20.800000000000001	20.800000000000001	1920	6	15600140313719660510	3	751	1000	250	250	-2079.0815000988518	13.744111202068867	5774664	7680000	0	400	402.4886345880625	458.44524909194348	-1.2439055861734882e-12	250	13.419718621435518	-3841.7281552941663	-2124.00417175042
3	20.800000000000001	20.800000000000001	1920	6	15600140313719660510	4	1001	1250	250	250	-2167.6611900831726	14.042942451120769	5771558	7680000	0	400	338.85967146967619	459.34594359480946	-4.0334916396461695e-12	250	13.305418796997248	-3807.6068444013977	-2104.5132383857508
3	20.800000000000001	20.800000000000001	1920	6	15600140313719660510	5	1251	1500	250	250	-2050.3256774173042	13.118499464016823	5765529	7680000	0	400	369.67901911088438	411.11578116437732	2.9176314142453919e-14	250	13.235784827973481	-3785.1836417704026	-2091.0031837897973
3	20.800000000000001	20.800000000000001	1920	6	15600140313719660510	6	1501	1750	250	250	-2057.4294300397319	12.547875368893067	5774616	7680000	0	400	357.26693155777525	374.62364951030662	4.5514807200941476e-14	250	13.404897110116726	-3821.661591191254	-2105.8347610963147
3	20.800000000000001	20.800000000000001	1920	6	15600140313719660510	7	1751	2000	250	250	-2055.2521612971923	13.993793748262016	5771367	7680000	0	400	352.7663124446907	443.72745831327757	1.774821609124011e-13	250	13.358818951183071	-3833.5505951924447	-2123.6217694410107
3	20.800000000000001	20.800000000000001	1920	6	15600140313719660510	8	2001	2250	250	250	-2026.0879413957375	13.041051084004319	5780148	7680000	0	400	271.68695358442579	486.5754608646667	2.0487821508763382e-13	250	13.491951460130302	-3837.6291258342103	-2110.6593389375348
3	20.800000000000001	20.800000000000001	1920	6	15600140313719660510	9	2251	2500	250	250	-2097.5916289504485	14.023608220474481	5773904	7680000	0	400	451.50545952155306	410.19337162668967	-2.5527453414997403e-13	250	13.409502630471994	-3805.7848897939998	-2089.3685530935832
3	20.800000000000001	20.800000000000001	1920	6	15600140313719660510	10	2501	2750	250	250	-2025.8259877757926	13.947674628455839	5776669	7680000	0	400	379.15729419823771	418.92302511865404	-8.9242849221626841e-14	250	13.392995981338446	-3848.163526826936	-2133.860041215612
3	20.800000000000001	20.800000000000001	1920	6	15600140313719660510	11	2751	3000	250	250	-2017.7560422880822	12.975233079441841	5770178	7680000	0	400	344.86318584099251	382.7586531778465	7.576925198371498e-14	250	13.286879567851079	-3801.2311441449051	-2100.5105594599668
3	20.800000000000001	20.800000000000001	1920	6	15600140313719660510	12	3001	3250	250	250	-2055.6013045063296	13.486570714772318	5777507	7680000	0	400	325.87610428505889	515.30988186924492	4.2202439459737562e-13	250	13.446189593874244	-3831.483182167025	-2110.3709141511167
3	20.800000000000001	20.800000000000001	1920	6	15600140313719660510	13	3251	3500	250	250	-2185.8920289049906	13.000361144710254	5775748	7680000	0	400	212.75821842001881	778.65588727077568	-8.7997100925440996e-14	250	13.352955309663642	-3829.2608835514116	-2120.0826039144663
3	20.800000000000001	20.800000000000001	1920	6	15600140313719660510	14	3501	3750	250	250	-2150.335501943588	13.317925726403264	5776245	7680000	0	400	324.68351021743911	597.40996223268269	-2.80240132315146e-13	250	13.331145087420968	-3808.4986506331975	-2102.1120794433118
3	20.800000000000001	20.800000000000001	1920	6	15600140313719660510	15	3751	4000	250	250	-2090.8166377671596	12.728251474904717	5773901	7680000	0	400	224.80579945394715	628.31421729105818	4.8399218660621912e-14	250	13.329857517222759	-3809.4648860677776	-2103.2431238632644
3	20.800000000000001	20.800000000000001	1920	6	15600140313719660510	16	4001	4250	250	250	-2199.5987438418128	13.713625647784289	5774867	7680000	0	400	356.36920125064808	656.86277603699614	4.8750847109202411e-13	250	13.332610981621533	-3838.3083667945853	-2131.7341611470279
3	20.800000000000001	20.800000000000001	1920	6	15600140313719660510	17	4251	4500	250	250	-2244.2276417067806	12.322588604194953	5775361	7680000	0	400	397.51545328398521	571.3662997030018	-7.4321625243012335e-14	250	13.324250453346192	-3820.7402046614516	-2115.2361466331377
3	20.800000000000001	20.800000000000001	1920	6	15600140313719660510	18	4501	4750	250	250	-2065.6918632377528	13.254411458331298	5770597	7680000	0	400	165.63615475766721	754.5120830891608	2.9474599844148131e-13	250	13.271868974650623	-3820.326209470601	-2121.526980715324
3	20.800000000000001	20.800000000000001	1920	6	15600140313719660510	19	4751	5000	250	250	-2125.8079950706651	14.0452839229213	5772147	7680000	0	400	334.31532840937797	597.07460954076453	1.6637212441050764e-12	250	13.358082122539813	-3818.3341578086424	-2108.4996461235473
3	20.800000000000001	20.800000000000001	1920	7	14262116643157045859	0	1	250	250	250	-2037.1843548737722	13.471547231153453	5771345	7680000	0	400	274.75351799514266	416.01851607769657	-2.4025876774191879e-13	250	13.272158228410657	-3799.581424469869	-2100.7451712333072
3	20.800000000000001	20.800000000000001	1920	7	14262116643157045859	1	251	500	250	250	-1987.1848509435351	13.648644161573284	5770916	7680000	0	400	254.26805057686997	441.12487940597725	-6.9584095430119675e-14	250	13.380862309339104	-3817.412748634184	-2104.6623730387782
3	20.800000000000001	20.800000000000001	1920	7	14262116643157045859	2	501	750	250	250	-2187.2500825661441	13.866413282411395	5766269	7680000	1	400	328.83916658335932	993.30973015117138	0.31250000000015637	250	13.122070720442418	-3781.405900478549	-2101.7808482619184
3	20.800000000000001	20.800000000000001	1920	7	14262116643157045859	3	751	1000	250	250	-1998.7083125686725	12.77133834417187	5773727	7680000	0	400	277.62405375751729	384.69926766414568	1.1249999999999212	250	13.339620162658843	-3822.1483773541681	-2114.6769965338376
3	20.800000000000001	20.800000000000001	1920	7	14262116643157045859	4	1001	1250	250	250	-2085.1105933762979	13.36093119186191	5774467	7680000	0	400	151.04621456878263	945.8081254273003	4.9374999999998925	250	13.365233567856436	-3838.5591365081655	-2127.809239822544
3	20.800000000000001	20.800000000000001	1920	7	14262116643157045859	5	1251	1500	250	250	-2070.9362386866196	13.444123178570816	5782806	7680000	0	400	269.30736621461386	482.78447869880353	3.8125000000004423	250	13.54776359077813	-3873.9267740324872	-2139.8130344128872
3	20.800000000000001	20.800000000000001	1920	7	14262116643157045859	6	1501	1750	250	250	-2216.3626765137565	13.937919185623452	5774623	7680000	0	400	371.99733864489264	506.45169687864632	0.62500000000015954	250	13.380577805641559	-3819.1492585612937	-2106.435299439172
3	20.800000000000001	20.800000000000001	1920	7	14262116643157045859	7	1751	2000	250	250	-2018.8549356482636	12.475487208297301	5772660	7680000	0	400	311.33481742316997	676.55748172336121	1.8749999999997191	250	13.358582990058997	-3805.5030720567975	-2095.6044493292438
3	20.800000000000001	20.800000000000001	1920	7	14262116643157045859	8	2001	2250	250	250	-2164.632888558448	13.197666563265793	5779422	7680000	0	400	444.41278008425951	778.72000704335028	4.3750000000000684	250	13.458447156367392	-3866.6766022560369	-2143.9953662410112
3	20.800000000000001	20.800000000000001	1920	7	14262116643157045859	9	2251	2500	250	250	-2153.9491838932131	13.00270943753498	5773051	7680000	0	400	319.0601154905072	647.97851964786446	1.7500000000003388	250	13.292176894971291	-3823.9169330445188	-2122.5182904881926
3	20.800000000000001	20.800000000000001	1920	7	14262116643157045859	10	2501	2750	250	250	-2191.7901162785379	14.101610787358766	5771159	7680000	0	400	203.25796581696576	578.23978203557772	1.2500000000002014	250	13.337608589383279	-3813.5278436425788	-2106.3139442015176
3	20.800000000000001	20.800000000000001	1920	7	14262116643157045859	11	2751	3000	250	250	-2058.1298315067002	12.456470780486541	5767349	7680000	0	400	369.68468044510365	450.13526189404126	2.6623070067954835e-12	250	13.265749877088348	-3797.3198008198337	-2099.3038165525254
3	20.800000000000001	20.800000000000001	1920	7	14262116643157045859	12	3001	3250	250	250	-2196.1929659328152	13.614764204272571	5776680	7680000	0	400	235.88508825625189	601.01990213761576	7.199210845520998e-15	250	13.486745767891858	-3861.805289303064	-2135.5018310129053
3	20.800000000000001	20.800000000000001	1920	7	14262116643157045859	13	3251	3500	250	250	-2120.749140321976	13.335481150732408	5772049	7680000	0	400	261.77831740814071	426.05925501298799	-3.229968376095016e-14	250	13.297374838510105	-3823.3080789534843	-2121.2440996241917
3	20.800000000000001	20.800000000000001	1920	7	14262116643157045859	14	3501	3750	250	250	-2130.207940621041	13.157376606119469	5778077	7680000	0	400	346.15122523226177	830.87841415666628	4.2465683747217042e-13	250	13.499093351077198	-3856.7849432731296	-2128.9009943352476
3	20.800000000000001	20.800000000000001	1920	7	14262116643157045859	15	3751	4000	250	250	-2200.7495211052915	13.837453622375326	5767266	7680000	0	400	294.64845731876409	586.30420811404531	-4.6218237570450071e-14	250	13.207480655946872	-3814.7317573513997	-2124.1742333902012
3	20.800000000000001	20.800000000000001	1920	7	14262116643157045859	16	4001	4250	250	250	-1980.6511890353854	13.228040305809484	5771763	7680000	0	400	292.92907705926825	468.51252912156002	4.7682951337391088e-13	250	13.305032790588129	-3811.2000644260634	-2108.155867230782
3	20.800000000000001	20.800000000000001	1920	7	14262116643157045859	17	4251	4500	250	250	-2189.1556019435598	13.231473928763714	5775599	7680000	0	400	244.83826821136506	643.67033215271294	-5.8344822029265941e-14	250	13.399446897337471	-3837.298279722942	-2122.1690768637463
3	20.800000000000001	20.800000000000001	1920	7	14262116643157045859	18	4501	4750	250	250	-2234.8808870887901	13.542056291707494	5771585	7680000	0	400	232.31998460367774	1271.659676754035	-6.6827229514010433e-13	250	13.187630199940372	-3795.1214793223676	-2107.1048137300022
3	20.800000000000001	20.800000000000001	1920	7	14262116643157045859	19	4751	5000	250	250	-2124.888276894671	14.198507697705178	5774211	7680000	0	400	348.01148431592247	524.38239716982298	-5.1049442451045479e-13	250	13.381195110866305	-3825.6821238225057	-2112.8891496316205
4	22.399999999999999	22.399999999999999	1920	0	2026097003	0	1	250	250	250	-2129.4755918132428	12.951190461736147	5706276	7680000	0	400	298.49852346438962	670.35173278230252	1.2199442844806896e-13	250	13.329991437757721	-3795.052887774923	-2088.8139837419371
4	22.399999999999999	22.399999999999999	1920	0	2026097003	1	251	500	250	250	-2154.6417507463411	12.934235738275287	5706568	7680000	0	400	306.38432591780378	516.4569338099069	5.9815151963460433e-13	250	13.408401499279242	-3837.3404482485589	-2121.0650563408185
4	22.399999999999999	22.399999999999999	1920	0	2026097003	2	501	750	250	250	-2258.518429148321	13.018255752611852	5704410	7680000	0	400	294.90068533755397	503.05023490428681	-4.0847013271783084e-13	250	13.35540058765911	-3833.6037898335248	-2124.1125146131621
4	22.399999999999999	22.399999999999999	1920	0	2026097003	3	751	1000	250	250	-2134.6811522295966	13.438388834507256	5705098	7680000	0	400	298.66288682967246	456.8094124531716	-3.5607367748768937e-14	250	13.327720501193911	-3836.4976121262575	-2130.5493879734349
4	22.399999999999999	22.399999999999999	1920	0	2026097003	4	1001	1250	250	250	-2044.518265622796	12.991105782090909	5709438	7680000	0	400	189.82298054598223	533.57388622918029	2.4079002680643669e-13	250	13.432539931457095	-3848.712398875487	-2129.3472876489768
4	22.399999999999999	22.399999999999999	1920	0	2026097003	5	1251	1500	250	250	-2266.1733450688475	12.257384300310919	5707161	7680000	0	400	382.10545218907794	891.10765007701048	-7.52366918765901e-14	250	13.38881069847722	-3835.994740355085	-2122.2269709500024
4	22.399999999999999	22.399999999999999	1920	0	2026097003	6	1501	1750	250	250	-2159.7919439480279	12.959000935854759	5704266	7680000	0	400	311.02927257052625	669.82847556508739	-4.5468620188393594e-13	250	13.347920512745862	-3828.3799642473377	-2119.8461386158665
4	22.399999999999999	22.399999999999999	1920	0	2026097003	7	1751	2000	250	250	-2029.3123187307465	13.437246319700677	5706785	7680000	0	400	301.4975767911618	443.87089883353724	-1.4732139119733034e-13	250	13.463081915121311	-3858.6135161945967	-2135.3390310590676
4	22.399999999999999	22.399999999999999	1920	0	2026097003	8	2001	2250	250	250	-2250.6542058645118	13.717126071052617	5706369	7680000	0	400	354.83654946793109	742.22319540840112	0.75000000000015343	250	13.313920677551502	-3785.1029165815648	-2080.9210698549764
4	22.399999999999999	22.399999999999999	1920	0	2026097003	9	2251	2500	250	250	-2047.2700907021933	13.624559598098037	5704977	7680000	0	400	444.7279938810405	447.91510257371579	0.37500000000034878	250	13.316830627829646	-3831.0896154012489	-2126.5352950390525
4	22.399999999999999	22.399999999999999	1920	0	2026097003	10	2501	2750	250	250	-2045.9051343072811	13.915493312453101	5709902	7680000	0	400	248.18686267136704	579.55720185224857	0.50000000000010503	250	13.413449616647227	-3840.2842575788291	-2123.3627066479798
4	22.399999999999999	22.399999999999999	1920	0	2026097003	11	2751	3000	250	250	-1961.6941226126714	13.414793973359034	5704681	7680000	0	400	196.80161183413239	495.71789702524438	1.5000000000002081	250	13.364935731013381	-3834.0307898573728	-2123.3190162876585
4	22.399999999999999	22.399999999999999	1920	0	2026097003	12	3001	3250	250	250	-2104.8394114315242	13.201938612792544	5701918	7680000	0	400	279.2678896064424	722.8741110697614	0.5000000000028535	250	13.233446007392843	-3791.7933781634374	-2097.9122892171517
4	22.399999999999999	22.399999999999999	1920	0	2026097003	13	3251	3500	250	250	-2174.2138868693582	13.498925762565836	5710004	7680000	0	400	262.35662324836443	830.80525629799047	9.909868065038907e-14	250	13.405306109438548	-3851.766839216104	-2135.8876572079707
4	22.399999999999999	22.399999999999999	1920	0	2026097003	14	3501	3750	250	250	-1970.0917157947567	13.720976740755589	5702914	7680000	0	400	403.62421630521862	365.95884009827631	1.1250000000000804	250	13.324708423965703	-3806.7178138124891	-2101.1551355448814
4	22.399999999999999	22.399999999999999	1920	0	2026097003	15	3751	4000	250	250	-2164.9863411117772	13.30991323568519	5703791	7680000	0	400	266.12313531192274	619.52976826597603	2.8749999999998233	250	13.290154583595594	-3842.6171302683574	-2141.4773435681236
4	22.399999999999999	22.399999999999999	1920	0	2026097003	16	4001	4250	250	250	-2057.9548176817211	13.672320704587174	5706517	7680000	0	400	237.69693911638683	716.11058535183633	3.8750000000002389	250	13.431250854288191	-3829.76602605058	-2110.5659167016902
4	22.399999999999999	22.399999999999999	1920	0	2026097003	17	4251	4500	250	250	-2110.4346240485324	13.438256847351118	5708614	7680000	0	400	249.30563067367092	694.32033724858832	1.3749999999992715	250	13.462434836560016	-3854.2777993325976	-2131.0861402529167
4	22.399999999999999	22.399999999999999	1920	0	2026097003	18	4501	4750	250	250	-2159.6595667740021	12.069112097820556	5700220	7680000	0	400	251.90424872904293	429.97105418260071	0.87500000000059797	250	13.180729800178405	-3790.9019679981125	-2103.7685535752767
4	22.399999999999999	22.399999999999999	1920	0	2026097003	19	4751	5000	250	250	-2103.7672889062801	13.857277061061808	5707685	7680000	0	400	309.02731046490493	460.00444416984561	4.1874999999960725	250	13.358722943042284	-3810.3327483646253	-2100.4162116552129
4	22.399999999999999	22.399999999999999	1920	1	14385751301097489320	0	1	250	250	250	-2149.5627928410145	13.943167313681139	5708033	7680000	0	400	413.54453505208318	493.64822454356482	2.0490857274846341e-13	250	13.431048677317534	-3834.32918080644	-2115.1549501097934
4	22.399999999999999	22.399999999999999	1920	1	14385751301097489320	1	251	500	250	250	-2209.9243401946605	13.970618668245914	5707184	7680000	0	400	293.70531263457451	552.28040135758908	-2.0891274821188688e-14	250	13.404665561824377	-3843.4526813706843	-2127.6554894571636
4	22.399999999999999	22.399999999999999	1920	1	14385751301097489320	2	501	750	250	250	-2131.5700932805121	13.402983018049182	5710523	7680000	0	400	211.96017172775751	506.64252966978063	-5.7264306144166888e-13	250	13.409761404594944	-3861.3379265432868	-2144.8884667551338
4	22.399999999999999	22.399999999999999	1920	1	14385751301097489320	3	751	1000	250	250	-2126.8952243936997	13.389192190407284	5708620	7680000	1	400	307.96006522223206	515.41294566076363	2.6250000000087264	250	13.376779551522159	-3844.4842945358414	-2132.2565119410083
4	22.399999999999999	22.399999999999999	1920	1	14385751301097489320	4	1001	1250	250	250	-2211.6613569443634	13.653096575106686	5705197	7680000	0	400	423.36669780003177	425.38801316908302	0.12499999999972605	250	13.369563646213923	-3823.0570592924496	-2111.7529125770634
4	22.399999999999999	22.399999999999999	1920	1	14385751301097489320	5	1251	1500	250	250	-2040.2488410326446	13.10314917940001	5706402	7680000	0	400	291.63532696783165	468.65159161869855	-3.7395867652501025e-14	250	13.32565221454775	-3831.689163038126	-2126.0056795760138
4	22.399999999999999	22.399999999999999	1920	1	14385751301097489320	6	1501	1750	250	250	-2227.8958302520564	12.787498690205538	5704849	7680000	0	400	324.31388426439696	733.02527609088247	3.631617576105306e-13	250	13.355158396039187	-3830.3452179147303	-2120.8849432217125
4	22.399999999999999	22.399999999999999	1920	1	14385751301097489320	7	1751	2000	250	250	-2095.7055298626115	13.109727825834964	5702809	7680000	0	400	202.2760234307751	560.01847137518359	-5.2332270461530328e-14	250	13.454557356555696	-3832.1837965890231	-2110.0004549498908
4	22.399999999999999	22.399999999999999	1920	1	14385751301097489320	8	2001	2250	250	250	-2366.962868082669	13.458739096960239	5709602	7680000	0	400	254.16887692400385	695.51707246999297	-2.7189838922025977e-14	250	13.360535681916065	-3838.7223243111575	-2128.5737570259025
4	22.399999999999999	22.399999999999999	1920	1	14385751301097489320	9	2251	2500	250	250	-2115.2296348796299	12.603976458266066	5705617	7680000	0	400	293.08463714443451	545.3445079724687	1.7721848294405262e-13	250	13.302868953485975	-3838.4702017048303	-2135.7029756586262
4	22.399999999999999	22.399999999999999	1920	1	14385751301097489320	10	2501	2750	250	250	-2060.5995579066621	12.911780402681456	5698681	7680000	0	400	248.99688576776876	484.58772898626648	1.1927871884642727e-13	250	13.230312155661899	-3800.4274851306122	-2106.9475292058901
4	22.399999999999999	22.399999999999999	1920	1	14385751301097489320	11	2751	3000	250	250	-2146.6470969164179	13.079298364012356	5700268	7680000	0	400	336.19727721176054	1361.5265575492404	-1.9282405533393998e-13	250	13.245936049989853	-3776.2641371776917	-2080.7843227789917
4	22.399999999999999	22.399999999999999	1920	1	14385751301097489320	12	3001	3250	250	250	-1997.4415382995535	12.726449657621371	5706628	7680000	0	400	294.33787294790346	804.6104501328158	-1.3795475178879357e-13	250	13.378694364692734	-3833.969538281669	-2121.4966596009976
4	22.399999999999999	22.399999999999999	1920	1	14385751301097489320	13	3251	3500	250	250	-2164.270908948019	13.518033621260555	5705888	7680000	0	400	154.07903754272746	650.40490407888615	-2.2552446021784078e-13	250	13.322554081730914	-3825.7657876581907	-2120.4788651966355
4	22.399999999999999	22.399999999999999	1920	1	14385751301097489320	14	3501	3750	250	250	-2320.1926087846723	12.349953341282813	5700063	7680000	0	400	327.8731240318084	936.73451640534222	1.1447136641362654e-13	250	13.283747992027944	-3833.1011178332578	-2132.7813748536773
4	22.399999999999999	22.399999999999999	1920	1	14385751301097489320	15	3751	4000	250	250	-2058.6768228720921	14.188159707219683	5706669	7680000	0	400	206.27313543897844	534.10432977075436	4.9896588596998193e-13	250	13.415510409776896	-3849.6767690583442	-2132.4914366069038
4	22.399999999999999	22.399999999999999	1920	1	14385751301097489320	16	4001	4250	250	250	-2238.9761987476327	13.119119569504695	5705194	7680000	0	400	407.04774318911501	545.15730120144815	5.6569432298203548e-12	250	13.298836394549959	-3816.6951423833061	-2114.4440838809137
4	22.399999999999999	22.399999999999999	1920	1	14385751301097489320	17	4251	4500	250	250	-2424.0663677904986	13.579797062939985	5710181	7680000	0	400	232.53417220546726	1035.1620102836273	-4.4474851319115105e-13	250	13.450937055886541	-3876.0892322168297	-2154.3692890633529
4	22.399999999999999	22.399999999999999	1920	1	14385751301097489320	18	4501	4750	250	250	-2081.7309089122532	13.345223096283943	5703100	7680000	0	400	257.20677380413252	602.73237834525685	-1.7069332058916586e-13	250	13.330334768422656	-3833.943535313449	-2127.6606849553509
4	22.399999999999999	22.399999999999999	1920	1	14385751301097489320	19	4751	5000	250	250	-2148.5950414987924	14.182465329732141	5709297	7680000	0	400	241.20864199737042	808.49776128494523	1.2487732202470792e-13	250	13.41390939825969	-3844.9867732777138	-2128.0063703004753
4	22.399999999999999	22.399999999999999	1920	2	11669903003002502411	0	1	250	250	250	-2116.9823573416952	13.739443146449938	5705557	7680000	0	400	325.87470977046274	654.79921502264403	-1.9004893145324608e-13	250	13.317713071581046	-3828.2949060676951	-2123.6276329053221
4	22.399999999999999	22.399999999999999	1920	2	11669903003002502411	1	251	500	250	250	-2140.1701071328503	13.25613709484236	5702932	7680000	0	400	346.23651553011848	719.85966753520495	-1.826932160241268e-13	250	13.332814713321611	-3811.2686099220386	-2104.6683266168711
4	22.399999999999999	22.399999999999999	1920	2	11669903003002502411	2	501	750	250	250	-2108.8914651105997	13.052891425956314	5699458	7680000	0	400	400.97738350692418	638.15888696324896	-3.7409051550918448e-13	250	13.294952066170319	-3818.5109090532674	-2116.7570445834676
4	22.399999999999999	22.399999999999999	1920	2	11669903003002502411	3	751	1000	250	250	-2038.9295524117472	13.526792796352414	5705899	7680000	0	400	259.29958457392337	612.93612483189759	3.8413451022498157e-13	250	13.362744353690539	-3805.8586208680822	-2095.4273435956943
4	22.399999999999999	22.399999999999999	1920	2	11669903003002502411	4	1001	1250	250	250	-2138.5418308813569	14.040735090751804	5709342	7680000	0	400	217.523920258234	671.93596443970875	1.3759967557730457e-13	250	13.454286690750127	-3821.77728027689	-2099.6285838608769
4	22.399999999999999	22.399999999999999	1920	2	11669903003002502411	5	1251	1500	250	250	-2142.1169445282881	13.096973892132439	5703559	7680000	0	400	206.78283588578023	917.82989391914759	1.0881009634977623e-13	250	13.299229467374904	-3814.3735549842004	-2112.0721831602109
4	22.399999999999999	22.399999999999999	1920	2	11669903003002502411	6	1501	1750	250	250	-2097.8209147121165	13.415944785576292	5703093	7680000	0	400	411.92514539468016	382.81338002252454	1.9545606452786579e-13	250	13.33777905600186	-3817.7288628499996	-2110.4931436817633
4	22.399999999999999	22.399999999999999	1920	2	11669903003002502411	7	1751	2000	250	250	-2120.3378514083311	13.623770421907079	5704589	7680000	0	400	306.45262114557863	492.78733061705316	1.5960822073723957e-13	250	13.308118516049271	-3805.2471677794028	-2101.8079977250954
4	22.399999999999999	22.399999999999999	1920	2	11669903003002502411	8	2001	2250	250	250	-2119.6327085370103	13.643445215375289	5707562	7680000	0	400	214.47933338380938	1126.4443553079348	-9.6359118600952698e-14	250	13.439552382573188	-3827.8037179551825	-2107.5410129858142
4	22.399999999999999	22.399999999999999	1920	2	11669903003002502411	9	2251	2500	250	250	-2085.3150837400867	13.436946426855918	5706550	7680000	0	400	420.69096565873946	366.26402299246058	1.243775048231921e-13	250	13.263220348886863	-3807.8826894174535	-2110.1904847599371
4	22.399999999999999	22.399999999999999	1920	2	11669903003002502411	10	2501	2750	250	250	-2099.6888380160713	13.343013723096842	5701277	7680000	0	400	306.86959750874576	506.15552397180574	-6.6025852320239498e-14	250	13.290121106886611	-3811.6685674181285	-2110.5330657366449
4	22.399999999999999	22.399999999999999	1920	2	11669903003002502411	11	2751	3000	250	250	-2072.7407054918863	13.355562159899392	5709294	7680000	0	400	379.81698670920213	403.81300380962278	-4.1294441824324402e-13	250	13.419137653787992	-3841.6444784939631	-2123.9948588091033
4	22.399999999999999	22.399999999999999	1920	2	11669903003002502411	12	3001	3250	250	250	-2065.0174313102684	13.03189387371469	5703158	7680000	0	400	438.05181213218174	390.94175192128051	-7.4785663772836131e-14	250	13.302284757795507	-3811.0977363396742	-2108.4052873418505
4	22.399999999999999	22.399999999999999	1920	2	11669903003002502411	13	3251	3500	250	250	-2065.4594004850151	12.897749235970693	5702772	7680000	0	400	327.87012004389044	433.29735751559247	-8.0416402703509249e-13	250	13.358396968738496	-3820.6245995035906	-2110.7497875050622
4	22.399999999999999	22.399999999999999	1920	2	11669903003002502411	14	3501	3750	250	250	-2127.3478210799785	14.158084852074222	5704580	7680000	0	400	388.49145171398982	605.61647469955085	9.0102187863538852e-14	250	13.314398542044071	-3819.7962039095642	-2115.5531905279258
4	22.399999999999999	22.399999999999999	1920	2	11669903003002502411	15	3751	4000	250	250	-2158.9121531858218	12.812488923098163	5703848	7680000	0	400	223.26113170614232	852.68585883314984	-9.9118291157183902e-14	250	13.347182097604282	-3828.4026262842658	-2119.9633177909182
4	22.399999999999999	22.399999999999999	1920	2	11669903003002502411	16	4001	4250	250	250	-2188.2553727462891	13.514513673285736	5710051	7680000	0	400	244.8127026837673	886.12597282440174	2.3239873567226788e-14	250	13.409918306822428	-3832.2656228953888	-2115.7960796221187
4	22.399999999999999	22.399999999999999	1920	2	11669903003002502411	17	4251	4500	250	250	-2009.082558445722	13.381452893757542	5708889	7680000	0	400	291.13497908047418	513.08648628337721	9.7534393755926985e-14	250	13.441210951652542	-3854.8825918601087	-2134.4075900485836
4	22.399999999999999	22.399999999999999	1920	2	11669903003002502411	18	4501	4750	250	250	-2026.4192950961058	13.350554976010542	5707779	7680000	0	400	241.85124485870617	532.4015677193612	2.0825355329101569e-13	250	13.451609644208538	-3832.0618192892762	-2110.255784830586
4	22.399999999999999	22.399999999999999	1920	2	11669903003002502411	19	4751	5000	250	250	-2124.4240288243714	14.020585171486994	5704311	7680000	0	400	293.89129202401818	454.2168064624168	6.0582019002081156e-13	250	13.337472972173714	-3836.6056897897242	-2129.4091493514893
4	22.399999999999999	22.399999999999999	1920	3	8641186100998426639	0	1	250	250	250	-2065.9362855663626	12.856571843901111	5706107	7680000	0	400	238.81580047680836	648.87762702199484	2.4690405969751694e-13	250	13.36476408850182	-3812.5937329282324	-2101.9039296000005
4	22.399999999999999	22.399999999999999	1920	3	8641186100998426639	1	251	500	250	250	-2209.8297541848924	13.928697275437555	5702723	7680000	0	400	380.65461379545906	523.57696857582744	-1.9515430937921963e-12	250	13.366418335309477	-3838.2750957654457	-2127.3735488458342
4	22.399999999999999	22.399999999999999	1920	3	8641186100998426639	2	501	750	250	250	-2180.8627742039916	13.019773743511324	5702752	7680000	0	400	169.49869467410312	1921.0610820286117	2.5889455509964243e-12	250	13.294884828885978	-3814.2994959033153	-2112.5542378059135
4	22.399999999999999	22.399999999999999	1920	3	8641186100998426639	3	751	1000	250	250	-2365.1359663480289	11.74569048954157	5699060	7680000	0	400	465.35514431543231	897.14946446385397	1.7473002211776389e-15	250	13.26288890096111	-3804.4707244186079	-2106.8209450955824
4	22.399999999999999	22.399999999999999	1920	3	8641186100998426639	4	1001	1250	250	250	-2016.1613679582783	14.218225812059476	5702391	7680000	0	400	327.7162872124814	583.65623244014955	-3.2040342601291627e-15	250	13.334321110392994	-3813.4376101139073	-2106.6445079836062
4	22.399999999999999	22.399999999999999	1920	3	8641186100998426639	5	1251	1500	250	250	-2139.1977085768649	13.359361673976901	5702546	7680000	0	400	378.87730226542112	549.84868324566219	-9.7802842213834396e-14	250	13.316318069907433	-3828.869595437895	-2124.3808824897424
4	22.399999999999999	22.399999999999999	1920	3	8641186100998426639	6	1501	1750	250	250	-2124.8032798469999	13.368003476754136	5703052	7680000	0	400	455.86000492263275	355.73813351334064	-8.682551205785316e-14	250	13.351138217395372	-3837.4127482741692	-2128.4670564475628
4	22.399999999999999	22.399999999999999	1920	3	8641186100998426639	7	1751	2000	250	250	-2066.8453678184783	13.465692152004225	5701565	7680000	0	400	419.9274024342339	359.48573078479558	-3.8527384407793797e-12	250	13.275016505858712	-3811.7248267482173	-2112.5227139983017
4	22.399999999999999	22.399999999999999	1920	3	8641186100998426639	8	2001	2250	250	250	-2069.1922502350581	13.411947278409521	5706915	7680000	0	400	344.97549529448202	540.84260585491211	1.9655718025424207e-13	250	13.404205421743416	-3850.4423456502104	-2134.7040516670531
4	22.399999999999999	22.399999999999999	1920	3	8641186100998426639	9	2251	2500	250	250	-1984.3342946530852	12.812552249864897	5707176	7680000	0	400	351.65741577967538	577.07584087091334	0.1250000000004553	250	13.318216240474714	-3843.6624205149224	-2138.9307417341593
4	22.399999999999999	22.399999999999999	1920	3	8641186100998426639	10	2501	2750	250	250	-2059.1322436987844	13.103139467054993	5708688	7680000	0	400	336.55107642266262	490.32359007310981	1.9987483890204771e-13	250	13.435068705464655	-3836.7167854464697	-2117.0279911469943
4	22.399999999999999	22.399999999999999	1920	3	8641186100998426639	11	2751	3000	250	250	-2065.7045023192736	13.29522514302051	5703495	7680000	0	400	313.38455793211574	432.51972398774791	1.2500000000000036	250	13.30692420660459	-3811.0424514642455	-2107.7561530188577
4	22.399999999999999	22.399999999999999	1920	3	8641186100998426639	12	3001	3250	250	250	-2141.9120546947947	14.39900603255604	5710034	7680000	0	400	332.20798724449236	436.07469038801366	1.5972986822099244e-13	250	13.437475320635695	-3855.4807379559138	-2135.4838969145467
4	22.399999999999999	22.399999999999999	1920	3	8641186100998426639	13	3251	3500	250	250	-1995.9703021136552	13.366900336446669	5701876	7680000	0	400	399.47932214665155	339.91515816065885	-5.5381046970559566e-14	250	13.244830186777133	-3782.6369193083851	-2087.2986554009108
4	22.399999999999999	22.399999999999999	1920	3	8641186100998426639	14	3501	3750	250	250	-2189.8873898901579	13.333233684703156	5709731	7680000	0	400	396.22301747007407	575.75451856070094	0.24999999999984746	250	13.360851255965873	-3837.3509993259363	-2127.1620385623078
4	22.399999999999999	22.399999999999999	1920	3	8641186100998426639	15	3751	4000	250	250	-2182.101199260082	13.450246673508785	5708593	7680000	0	400	272.66796687087941	541.10804228050995	2.7715676975681447e-14	250	13.380853214830875	-3859.5494434664274	-2146.8002319680777
4	22.399999999999999	22.399999999999999	1920	3	8641186100998426639	16	4001	4250	250	250	-2160.6200654149548	14.06034751819853	5706346	7680000	0	400	273.00803865272775	884.86297903608192	-1.1253454765269844e-13	250	13.405844869312732	-3852.4471641334744	-2136.4990208614472
4	22.399999999999999	22.399999999999999	1920	3	8641186100998426639	17	4251	4500	250	250	-2023.8869383223609	13.093407256221958	5701510	7680000	0	400	286.15475609387943	492.26120535045271	-1.9368794762497643e-13	250	13.314398174661228	-3803.8541718889433	-2099.6112055323051
4	22.399999999999999	22.399999999999999	1920	3	8641186100998426639	18	4501	4750	250	250	-2258.3295127630649	14.061106100990838	5704398	7680000	0	400	279.91296691634909	774.80546780580221	1.8675382421062814e-13	250	13.353306706995793	-3851.7665999537066	-2142.5433414582453
4	22.399999999999999	22.399999999999999	1920	3	8641186100998426639	19	4751	5000	250	250	-2081.4225983447513	13.808115871816096	5706032	7680000	0	400	409.13950764584371	415.13507068140137	4.5929406111699933e-14	250	13.327004140824755	-3806.8918971873768	-2101.0353671618068
4	22.399999999999999	22.399999999999999	1920	4	17641889557193362742	0	1	250	250	250	-2149.7990254253987	13.106823493035535	5709299	7680000	0	400	319.62371948388522	524.58220708419071	0.37499999999997635	250	13.40176242214639	-3848.6985031725521	-2133.2729131378169
4	22.399999999999999	22.399999999999999	1920	4	17641889557193362742	1	251	500	250	250	-2188.1593520488955	13.09491529091191	5704861	7680000	0	400	321.57593708703996	550.37438548943669	0.62500000000010314	250	13.339414704384215	-3821.6696993630712	-2114.2246172018931
4	22.399999999999999	22.399999999999999	1920	4	17641889557193362742	2	501	750	250	250	-2079.1315592612486	13.26877669648468	5702562	7680000	0	400	239.60513263348076	535.47697599327898	2.8750000000005502	250	13.3403556848865	-3792.7750507975625	-2085.2095231320873
4	22.399999999999999	22.399999999999999	1920	4	17641889557193362742	3	751	1000	250	250	-2229.6100940493625	13.645400442761932	5700353	7680000	0	400	265.16023050666962	980.70073754291286	1.1250000000014171	250	13.232993047281843	-3839.1627082590708	-2145.3395982069956
4	22.399999999999999	22.399999999999999	1920	4	17641889557193362742	4	1001	1250	250	250	-2113.0810315108024	13.498562816821153	5702602	7680000	0	400	309.8921820883121	439.54695651416728	-4.8207098035657481e-14	250	13.346372084013536	-3829.8627049010188	-2121.5270781472896
4	22.399999999999999	22.399999999999999	1920	4	17641889557193362742	5	1251	1500	250	250	-2036.3025611278238	12.899775886524296	5702829	7680000	0	400	358.96088140671111	415.60728259149761	0.99999999999997558	250	13.295940843164788	-3834.940576670549	-2133.0601487454551
4	22.399999999999999	22.399999999999999	1920	4	17641889557193362742	6	1501	1750	250	250	-2083.9371678336502	12.741859296185948	5711899	7680000	0	400	252.1238786745117	466.9823150868267	2.5000000000005902	250	13.525244574695236	-3852.212618126186	-2120.9813125651949
4	22.399999999999999	22.399999999999999	1920	4	17641889557193362742	7	1751	2000	250	250	-2092.4844677008305	13.272298106425906	5706423	7680000	0	400	247.53556747488801	606.72617892477115	-6.6583891178417787e-14	250	13.389974548204581	-3836.5076751978663	-2122.5909330276813
4	22.399999999999999	22.399999999999999	1920	4	17641889557193362742	8	2001	2250	250	250	-1901.3387522239466	13.37821140940726	5700481	7680000	0	400	274.38588610035106	613.60629570127617	-3.069528138610611e-13	250	13.211284866792388	-3779.4290599720507	-2088.3845970226225
4	22.399999999999999	22.399999999999999	1920	4	17641889557193362742	9	2251	2500	250	250	-2052.7132873977462	13.543733188364211	5711273	7680000	0	400	199.29169910777782	491.94409244526037	8.3670483735920342e-13	250	13.425251979837947	-3857.0613716743933	-2138.6291182551345
4	22.399999999999999	22.399999999999999	1920	4	17641889557193362742	10	2501	2750	250	250	-2112.2611205145977	13.801776243839498	5704476	7680000	0	400	344.72836432349936	599.22077408671873	-7.4050141019021964e-14	250	13.371200913580861	-3808.6285130792107	-2097.1147961408592
4	22.399999999999999	22.399999999999999	1920	4	17641889557193362742	11	2751	3000	250	250	-2320.2385038874695	11.995380251411198	5705620	7680000	0	400	333.92751406929415	1744.4852475488183	-9.8138511206435908e-14	250	13.406492027382415	-3842.0365284197364	-2126.0055489147903
4	22.399999999999999	22.399999999999999	1920	4	17641889557193362742	12	3001	3250	250	250	-2223.6115507350619	13.018540636305808	5704830	7680000	0	400	387.04923779139801	479.232702670869	3.6968345051846541e-13	250	13.300793022995347	-3816.3964673860683	-2113.894960442663
4	22.399999999999999	22.399999999999999	1920	4	17641889557193362742	13	3251	3500	250	250	-2157.0659011838998	11.928809617180622	5703338	7680000	0	400	341.13436809123851	510.96224243624772	-2.4596644165875148e-13	250	13.274210358100708	-3795.9776353499146	-2096.8787095130238
4	22.399999999999999	22.399999999999999	1920	4	17641889557193362742	14	3501	3750	250	250	-2171.2498413832759	14.273930801991199	5707969	7680000	0	400	391.92507391632427	537.04340075783807	2.9849733795828115e-13	250	13.554567248881488	-3868.2161477203258	-2133.2315398634969
4	22.399999999999999	22.399999999999999	1920	4	17641889557193362742	15	3751	4000	250	250	-2077.758688620348	13.494990629587209	5708260	7680000	0	400	261.05125863989207	515.1920965516349	-9.207469855998518e-13	250	13.473480971267994	-3871.4512165686888	-2146.8456522463844
4	22.399999999999999	22.399999999999999	1920	4	17641889557193362742	16	4001	4250	250	250	-2018.7735503181432	13.287503185999388	5709454	7680000	0	400	277.00361098530112	397.773641460075	-1.0520646853695581e-12	250	13.420231141334312	-3842.0136550032994	-2124.2240689125069
4	22.399999999999999	22.399999999999999	1920	4	17641889557193362742	17	4251	4500	250	250	-2094.1932261674974	13.064139142420641	5699307	7680000	0	400	201.19448997769237	737.62762734467867	-2.351417671686562e-14	250	13.265924101761591	-3800.721234845038	-2102.6829498195557
4	22.399999999999999	22.399999999999999	1920	4	17641889557193362742	18	4501	4750	250	250	-2071.2748787592582	13.710617830454961	5703935	7680000	0	400	321.54753761581537	375.25195936666029	1.2422181339122318e-13	250	13.36170688288016	-3832.3359909367005	-2122.0375099280427
4	22.399999999999999	22.399999999999999	1920	4	17641889557193362742	19	4751	5000	250	250	-2101.5537759507197	14.29756547660566	5707014	7680000	0	400	258.48726614875676	508.42401242236139	2.2044367199713921e-13	250	13.400196473909977	-3869.2284721271062	-2154.0033234666275
4	22.399999999999999	22.399999999999999	1920	5	16548062281390422481	0	1	250	250	250	-2107.7935318017162	12.943087786804886	5702867	7680000	0	400	309.47387089643189	733.32749859378021	0.74999999999874245	250	13.287988941933271	-3804.7919214865515	-2103.9293369190941
4	22.399999999999999	22.399999999999999	1920	5	16548062281390422481	1	251	500	250	250	-2050.7198365766717	13.170444873058067	5711035	7680000	0	400	239.75446822642022	603.04804791472986	0.24999999999990008	250	13.479150747432994	-3865.3306564231611	-2139.9993607517363
4	22.399999999999999	22.399999999999999	1920	5	16548062281390422481	2	501	750	250	250	-2159.8246434783218	14.479728314141148	5705864	7680000	0	400	295.4371159160425	515.37966885327739	0.62499999999905875	250	13.435029193467132	-3827.3192793636913	-2107.6355425999
4	22.399999999999999	22.399999999999999	1920	5	16548062281390422481	3	751	1000	250	250	-2040.3867359989756	13.376871109171521	5701343	7680000	0	400	382.75336020730617	564.60048572143148	2.4349446070548453e-14	250	13.275429649454979	-3782.674083218863	-2083.4190880886249
4	22.399999999999999	22.399999999999999	1920	5	16548062281390422481	4	1001	1250	250	250	-1992.7662444399593	13.529381291392577	5701790	7680000	0	400	345.53755851932357	422.67889500284724	-3.8473391139604018e-13	250	13.327891998021348	-3807.2511507790164	-2101.2809750322872
4	22.399999999999999	22.399999999999999	1920	5	16548062281390422481	5	1251	1500	250	250	-2212.4717316291662	13.281950127986111	5702805	7680000	0	400	487.35698105136225	955.4054554527703	-5.3654997111962643e-14	250	13.403684479616546	-3817.3376611166009	-2101.6660477256855
4	22.399999999999999	22.399999999999999	1920	5	16548062281390422481	6	1501	1750	250	250	-2052.0862883696527	13.069229675272714	5701958	7680000	0	400	397.46280929058042	336.82555393834554	1.8919804958827946e-13	250	13.360258461094974	-3828.2416489644797	-2118.1285659443292
4	22.399999999999999	22.399999999999999	1920	5	16548062281390422481	7	1751	2000	250	250	-2010.120849349363	13.204944850426562	5709700	7680000	0	400	293.6679330657318	998.03424788540588	3.2277132355762461e-13	250	13.399702764873133	-3845.7300745877455	-2130.5681206839854
4	22.399999999999999	22.399999999999999	1920	5	16548062281390422481	8	2001	2250	250	250	-2313.4726638405723	14.370699606781939	5708494	7680000	0	400	359.40939306249635	692.22613945300316	-1.3689006525541281e-13	250	13.411754313753045	-3882.0280411383505	-2165.3234889779624
4	22.399999999999999	22.399999999999999	1920	5	16548062281390422481	9	2251	2500	250	250	-2243.4317982324574	13.918378435017337	5707861	7680000	0	400	182.59993623194265	902.45795115920612	9.5291829982357967e-13	250	13.391770377253293	-3858.7614916927992	-2144.6148834043775
4	22.399999999999999	22.399999999999999	1920	5	16548062281390422481	10	2501	2750	250	250	-2048.541727640973	12.93620557208075	5704584	7680000	0	400	356.74387176655114	341.60017155876784	5.3581444836581227e-13	250	13.306812520835841	-3854.6727340979382	-2151.4007314309501
4	22.399999999999999	22.399999999999999	1920	5	16548062281390422481	11	2751	3000	250	250	-2052.5134990544507	13.511360810211592	5705226	7680000	0	400	205.50748218136647	511.37299343572954	5.1641633677657062e-14	250	13.363237079040374	-3829.1252041141183	-2118.6308579969527
4	22.399999999999999	22.399999999999999	1920	5	16548062281390422481	12	3001	3250	250	250	-2170.4854321856997	13.844323104135524	5706765	7680000	0	400	316.02389308530411	486.90361777844578	1.5086689493168381e-13	250	13.393973923516899	-3823.9237582323062	-2109.4950960221472
4	22.399999999999999	22.399999999999999	1920	5	16548062281390422481	13	3251	3500	250	250	-2231.2119399776602	13.530628720894374	5709499	7680000	0	400	228.18201074659066	630.11936990579204	-1.8335766932553454e-13	250	13.42396783906201	-3859.0581881571875	-2140.7903047572504
4	22.399999999999999	22.399999999999999	1920	5	16548062281390422481	14	3501	3750	250	250	-2229.8264757886313	13.064380537289718	5706768	7680000	0	400	281.50281873687629	687.96282316418933	3.2065062410824297e-13	250	13.357038048662361	-3826.1186903957005	-2116.4178201669188
4	22.399999999999999	22.399999999999999	1920	5	16548062281390422481	15	3751	4000	250	250	-2067.4734741237921	13.022861897175186	5705682	7680000	0	400	313.18678345233354	493.36981332362177	-2.9377542065667228e-14	250	13.359000698026987	-3830.6436980371914	-2120.6916086897331
4	22.399999999999999	22.399999999999999	1920	5	16548062281390422481	16	4001	4250	250	250	-2146.1805769421621	12.946223381413919	5706024	7680000	0	400	303.28845804686824	713.24350215307936	3.9935849766026266e-13	250	13.375970681831385	-3832.6060666070789	-2120.481819332661
4	22.399999999999999	22.399999999999999	1920	5	16548062281390422481	17	4251	4500	250	250	-2054.8785325849594	11.909146291013377	5703835	7680000	0	400	393.66140036709146	822.27896487548287	-5.7925886309817542e-14	250	13.365994523778326	-3801.8781862942355	-2091.0308872506071
4	22.399999999999999	22.399999999999999	1920	5	16548062281390422481	18	4501	4750	250	250	-2065.0556718087441	12.84674551612369	5706023	7680000	0	400	222.77140865647473	554.58665023750711	0.12500000000051284	250	13.361109569783311	-3795.7828370507364	-2085.5608121184709
4	22.399999999999999	22.399999999999999	1920	5	16548062281390422481	19	4751	5000	250	250	-2089.1269081459532	13.895059847336974	5705831	7680000	0	400	189.45922286654977	533.47601842017116	1.697032271652521e-13	250	13.31331623639136	-3830.3408693288911	-2126.2363910707982
4	22.399999999999999	22.399999999999999	1920	6	4737415412958863046	0	1	250	250	250	-2293.652423274068	13.200528340463839	5702830	7680000	0	400	362.68121010517672	740.21103053460115	3.6361105099080859e-13	250	13.323497121514059	-3818.5651477775332	-2113.1575162237359
4	22.399999999999999	22.399999999999999	1920	6	4737415412958863046	1	251	500	250	250	-2084.7973296054756	13.630764445187484	5708207	7680000	0	400	338.56380260315996	440.27021864303725	1.9022370484345075e-13	250	13.444100071011718	-3870.3919369880678	-2149.5471278985674
4	22.399999999999999	22.399999999999999	1920	6	4737415412958863046	2	501	750	250	250	-2040.8463197767392	12.934621288554824	5705575	7680000	0	400	249.85908502758255	1495.9617877657688	3.1503879366345799e-14	250	13.3345243689296	-3820.6646999703908	-2113.845580747402
4	22.399999999999999	22.399999999999999	1920	6	4737415412958863046	3	751	1000	250	250	-1961.8417098008279	12.721531605875152	5708745	7680000	0	400	316.98248414328918	387.19047922252918	-4.0139311145714895e-13	250	13.440089397230599	-3833.159451908381	-2112.8280090628641
4	22.399999999999999	22.399999999999999	1920	6	4737415412958863046	4	1001	1250	250	250	-2116.2162455549401	13.615232664036684	5702795	7680000	0	400	354.3212263097551	700.96699743862462	2.2032579753694659e-12	250	13.344749489037335	-3809.4411794357998	-2101.3132448390193
4	22.399999999999999	22.399999999999999	1920	6	4737415412958863046	5	1251	1500	250	250	-2112.8951067263288	14.304248837867965	5701856	7680000	0	400	330.38787064913521	439.45686980596417	7.8679727663621968e-13	250	13.373395105095275	-3842.3543039418737	-2130.5597304896805
4	22.399999999999999	22.399999999999999	1920	6	4737415412958863046	6	1501	1750	250	250	-2203.063074080706	14.124169555830717	5699533	7680000	0	400	432.29572889664286	981.80906720401185	1.2001380791937244e-13	250	13.33546798137991	-3840.2732818511686	-2133.3333802345414
4	22.399999999999999	22.399999999999999	1920	6	4737415412958863046	7	1751	2000	250	250	-2099.4031552749202	13.020856153837116	5704946	7680000	0	400	346.67237041791094	536.67384972153411	3.9792561606910581e-13	250	13.453560638028849	-3847.4045225453879	-2125.3487608776936
4	22.399999999999999	22.399999999999999	1920	6	4737415412958863046	8	2001	2250	250	250	-2136.4085488141372	13.696982649895029	5708553	7680000	0	400	254.52401242876101	596.23004070096385	3.3071505603499141e-13	250	13.461199418778882	-3861.0833171473873	-2138.0497915436922
4	22.399999999999999	22.399999999999999	1920	6	4737415412958863046	9	2251	2500	250	250	-2171.925304129561	14.108064366699828	5701190	7680000	0	400	485.677439975136	651.49893390152795	1.7083816999940993e-13	250	13.33849641590845	-3815.09456959095	-2107.767028354669
4	22.399999999999999	22.399999999999999	1920	6	4737415412958863046	10	2501	2750	250	250	-2042.5637630163333	14.047756207832698	5705549	7680000	0	400	259.88869853742074	481.42803034069317	-1.2742476344917986e-13	250	13.421730088299864	-3846.8368988055945	-2128.8554475032151
4	22.399999999999999	22.399999999999999	1920	6	4737415412958863046	11	2751	3000	250	250	-2143.5659302449562	13.283091687648916	5704605	7680000	0	400	307.30083827350808	599.00772249111185	-5.6638721490642752e-14	250	13.308282180443603	-3835.447367347605	-2131.9872482508235
4	22.399999999999999	22.399999999999999	1920	6	4737415412958863046	12	3001	3250	250	250	-2130.3192480898306	13.96792084518656	5708459	7680000	0	400	281.64479660781188	621.45476886959079	3.29773101187536e-14	250	13.368466155157854	-3832.4912757997567	-2121.3276079395564
4	22.399999999999999	22.399999999999999	1920	6	4737415412958863046	13	3251	3500	250	250	-2020.7886960391315	13.219350455379084	5706072	7680000	0	400	175.14006239926783	476.26139177027034	-4.5373129082051933e-14	250	13.273057398305291	-3803.030292506859	-2104.0789455237837
4	22.399999999999999	22.399999999999999	1920	6	4737415412958863046	14	3501	3750	250	250	-1980.9486190627376	13.293112410004465	5705166	7680000	0	400	266.23651824041167	439.04773162307191	2.4021583333588836e-14	250	13.360180779779817	-3801.8253014968882	-2091.7221616850757
4	22.399999999999999	22.399999999999999	1920	6	4737415412958863046	15	3751	4000	250	250	-2109.0095852070526	13.967545297065412	5701236	7680000	0	400	305.63870109732414	445.56942824371595	5.4014952233227831e-14	250	13.29553162847794	-3802.7475099362682	-2100.9194614910912
4	22.399999999999999	22.399999999999999	1920	6	4737415412958863046	16	4001	4250	250	250	-2063.429124111296	13.781021609256644	5706761	7680000	0	400	344.60840594400992	505.96009595025021	8.7705233700607899e-14	250	13.382853031905729	-3820.1052594424682	-2107.1000713585354
4	22.399999999999999	22.399999999999999	1920	6	4737415412958863046	17	4251	4500	250	250	-1975.6350560425428	13.412634394146052	5706801	7680000	0	400	357.05137314704155	594.74249818825797	-1.0711397047113991e-13	250	13.4039968081519	-3850.4927224244884	-2134.7811309810409
4	22.399999999999999	22.399999999999999	1920	6	4737415412958863046	18	4501	4750	250	250	-2110.46165285703	13.222339059639218	5704410	7680000	0	400	168.42098409571378	805.98005675506693	4.6792214200563897e-14	250	13.236001640893592	-3800.0222840159399	-2105.8140739815599
4	22.399999999999999	22.399999999999999	1920	6	4737415412958863046	19	4751	5000	250	250	-2058.8743698343465	13.9584453158795	5703818	7680000	0	400	222.50799190001885	582.23331290402234	2.1107074421600203e-13	250	13.317289346112968	-3816.4595095729169	-2111.8464732704574
4	22.399999999999999	22.399999999999999	1920	7	9307589627045461028	0	1	250	250	250	-2028.6128170516633	13.067537402777264	5704192	7680000	0	400	291.07162403480476	445.05039590587131	1.0749214018890285e-13	250	13.329323680068017	-3845.6479302927569	-2139.4944992440473
4	22.399999999999999	22.399999999999999	1920	7	9307589627045461028	1	251	500	250	250	-1996.4088514934215	13.958044395843197	5704742	7680000	0	400	249.16725203595462	457.92178773528428	5.0130377279855587e-12	250	13.408910843125081	-3832.7891623024134	-2116.4485743823984
4	22.399999999999999	22.399999999999999	1920	7	9307589627045461028	2	501	750	250	250	-2111.2966182425089	13.619000350508939	5698238	7680000	0	400	314.12310298951377	549.55302840162597	0.12500000000009576	250	13.247368991850724	-3822.7497977143157	-2127.0865667574226
4	22.399999999999999	22.399999999999999	1920	7	9307589627045461028	3	751	1000	250	250	-2062.0571842412533	13.374844254993128	5704334	7680000	0	400	326.4369420321849	378.76836515811084	2.8750000000000711	250	13.37174511561969	-3818.7097090571601	-2107.126334257845
4	22.399999999999999	22.399999999999999	1920	7	9307589627045461028	4	1001	1250	250	250	-2155.2755627794118	13.649769435389839	5707307	7680000	0	400	155.2112918324307	860.17441082977427	3.1874999999776774	250	13.383313200746997	-3820.2522769109401	-2107.1881872153231
4	22.399999999999999	22.399999999999999	1920	7	9307589627045461028	5	1251	1500	250	250	-2287.8590848190761	13.954066318257373	5714941	7680000	0	400	244.03669214807852	803.04872509307336	0.68750000000041711	250	13.531864370092269	-3866.7604889572617	-2134.6818495854486
4	22.399999999999999	22.399999999999999	1920	7	9307589627045461028	6	1501	1750	250	250	-2189.7740415958087	13.569615639225768	5708003	7680000	0	400	297.77957205773805	588.68564147542031	1.1250000000025062	250	13.382733451037369	-3842.7508486628517	-2129.7609669300664
4	22.399999999999999	22.399999999999999	1920	7	9307589627045461028	7	1751	2000	250	250	-2319.8053087883773	12.344919124602193	5704214	7680000	0	400	281.53090840291549	585.52419593123307	1.0000000000002485	250	13.314802818094888	-3838.0505550626158	-2133.7557943464672
4	22.399999999999999	22.399999999999999	1920	7	9307589627045461028	8	2001	2250	250	250	-2098.7713056372913	13.341891501862399	5701412	7680000	0	400	484.55568461725619	489.4593294137261	1.3749999999900939	250	13.273670328908613	-3821.6291481013091	-2122.5993460010081
4	22.399999999999999	22.399999999999999	1920	7	9307589627045461028	9	2251	2500	250	250	-2033.1455399833035	12.449254966765578	5701993	7680000	0	400	397.0289419891788	368.32732549224829	0.49999999999839484	250	13.271492024774668	-3811.6046097757849	-2112.853630604624
4	22.399999999999999	22.399999999999999	1920	7	9307589627045461028	10	2501	2750	250	250	-2082.183429472062	14.255446270692772	5709197	7680000	0	400	215.48003362421889	513.43785339252429	3.1250000000008167	250	13.44152789628834	-3829.7889148044342	-2109.2733440795278
4	22.399999999999999	22.399999999999999	1920	7	9307589627045461028	11	2751	3000	250	250	-2156.4044898068737	12.115675570625337	5704241	7680000	0	400	362.78101537760523	456.23916720274264	2.4811749876896272e-14	250	13.386625042806088	-3829.6332911450563	-2116.1452856658752
4	22.399999999999999	22.399999999999999	1920	7	9307589627045461028	12	3001	3250	250	250	-2185.3817706151754	14.439791858148572	5709194	7680000	0	400	336.3879207425457	524.86960200039721	5.2212574541687928e-14	250	13.443805316604369	-3844.0330882504195	-2123.2260077250626
4	22.399999999999999	22.399999999999999	1920	7	9307589627045461028	13	3251	3500	250	250	-2046.835621659018	13.879633736894805	5707066	7680000	0	400	272.85935436119991	466.44227131356723	-2.5590575665479509e-13	250	13.382336529750242	-3839.9089078810262	-2126.9698320729967
4	22.399999999999999	22.399999999999999	1920	7	9307589627045461028	14	3501	3750	250	250	-2134.186572747547	13.822269135383165	5702891	7680000	0	400	346.12694420619039	586.98215874628386	7.0836999460643923e-14	250	13.329658677516477	-3812.7066018694222	-2106.5102911473159
4	22.399999999999999	22.399999999999999	1920	7	9307589627045461028	15	3751	4000	250	250	-2267.0823312390548	14.247100663311187	5703646	7680000	0	400	276.61676924918032	838.20804644375971	3.3138986346714638e-13	250	13.38262969858692	-3825.7895902005903	-2112.8129887814666
4	22.399999999999999	22.399999999999999	1920	7	9307589627045461028	16	4001	4250	250	250	-1984.9915582221929	13.441610385682772	5701794	7680000	0	400	358.62556762553879	478.05681550272635	9.7660508152630499e-13	250	13.295396946484209	-3797.8786220363145	-2096.0678128863351
4	22.399999999999999	22.399999999999999	1920	7	9307589627045461028	17	4251	4500	250	250	-2385.2182490475889	12.394405896812392	5708395	7680000	0	400	179.45284209213872	1278.53426397723	-1.8210780106109326e-13	250	13.42734123929136	-3834.3347787436865	-2115.6351001143948
4	22.399999999999999	22.399999999999999	1920	7	9307589627045461028	18	4501	4750	250	250	-2056.3293904052521	13.514303391284528	5702737	7680000	0	400	257.34025784309978	512.52335730725315	-4.3033285268556654e-14	250	13.243143438819809	-3816.4146734895467	-2121.2923133206132
4	22.399999999999999	22.399999999999999	1920	7	9307589627045461028	19	4751	5000	250	250	-2072.8442828797547	13.251575937429152	5705727	7680000	0	400	225.89233440838319	530.51220142126442	6.1389912250908729e-14	250	13.388161304308644	-3816.7723123481437	-2103.0876653966397
5	24	24	1920	0	2026098003	0	1	250	250	250	-2032.6708965822847	13.748221360765267	5643061	7680000	0	400	388.47485028392794	457.73091510889333	-1.2228065782160513e-13	250	13.472693297982504	-3859.421579798578	-2134.9168376568132
5	24	24	1920	0	2026098003	1	251	500	250	250	-2256.7269653717226	13.116321485771298	5642504	7680000	0	400	294.79764826219332	754.9248399305792	4.1750457258071805e-14	250	13.450551180365013	-3867.4507660909812	-2145.7802150042589
5	24	24	1920	0	2026098003	2	501	750	250	250	-2153.0968497726258	13.818978569729655	5640553	7680000	0	400	281.64945221311922	513.56046889907361	-8.9355606247565333e-15	250	13.369310357495861	-3830.3976294603995	-2119.1259037009281
5	24	24	1920	0	2026098003	3	751	1000	250	250	-2087.487349269682	14.146937412270766	5640631	7680000	0	400	313.05636930070023	422.37837928293459	-1.1794645121687708e-13	250	13.321838327009052	-3823.2981524247912	-2118.102846567635
5	24	24	1920	0	2026098003	4	1001	1250	250	250	-2138.0982079493397	13.892444314985539	5638721	7680000	0	400	261.64979260801641	545.1814102681526	8.8700964975818586e-14	250	13.346306923387624	-3823.745788348981	-2115.4185021553685
5	24	24	1920	0	2026098003	5	1251	1500	250	250	-2116.8665452261303	13.413716937770401	5639205	7680000	0	400	329.54730888309098	602.33868307201055	2.6160362938398851e-12	250	13.391101023076605	-3854.152762003213	-2140.0918310494071
5	24	24	1920	0	2026098003	6	1501	1750	250	250	-2156.0126161113585	13.385324447288829	5636501	7680000	0	400	297.77406998690236	1093.110147240898	-1.4592168619265156e-14	250	13.304422561922273	-3815.8545089606505	-2112.8884210345946
5	24	24	1920	0	2026098003	7	1751	2000	250	250	-2014.1281402262132	13.349454520107615	5638245	7680000	0	400	344.32540154306849	460.26022897597011	3.4170344505313199e-13	250	13.428872216675279	-3848.7086974586073	-2129.8130537241691
5	24	24	1920	0	2026098003	8	2001	2250	250	250	-2030.215302136022	13.642030596654868	5637993	7680000	0	400	339.35323183199858	695.45190298193938	0.37500000000060429	250	13.319836491075874	-3804.3940268305068	-2099.4549559727952
5	24	24	1920	0	2026098003	9	2251	2500	250	250	-2236.3335257433114	13.335975916964042	5637094	7680000	0	400	408.81419849708709	582.81066094628557	6.4801462806851617e-14	250	13.285650446369727	-3830.4654991503044	-2129.9022420149781
5	24	24	1920	0	2026098003	10	2501	2750	250	250	-2116.8279192284613	13.16160862613501	5638151	7680000	0	400	265.13162073604957	2089.7654825081445	0.75000000000002542	250	13.296501183219092	-3793.4926047023087	-2091.5404532502639
5	24	24	1920	0	2026098003	11	2751	3000	250	250	-1997.294139210308	12.99752170590247	5639832	7680000	0	400	227.44068291859691	556.89340769851526	0.62500000000019751	250	13.29614898650005	-3801.5168439110525	-2099.609773639047
5	24	24	1920	0	2026098003	12	3001	3250	250	250	-2119.7297696608043	13.06855301049956	5634227	7680000	0	400	328.19003411546993	439.79698558989708	0.12500000001973099	250	13.256317898629094	-3808.0869258562589	-2111.278234831736
5	24	24	1920	0	2026098003	13	3251	3500	250	250	-2045.3136149953903	13.639997520698191	5647981	7680000	0	400	275.78579711589742	487.12663689188253	3.6730048256355952e-13	250	13.53487476232562	-3888.022363473639	-2155.5583938959589
5	24	24	1920	0	2026098003	14	3501	3750	250	250	-2067.2848597302332	12.326124735911424	5634435	7680000	0	400	452.74123059885966	650.76493031587086	0.50000000000001354	250	13.299034314109687	-3818.429525019289	-2116.1531328132473
5	24	24	1920	0	2026098003	15	3751	4000	250	250	-2075.8970686530447	13.131724042541256	5640324	7680000	0	400	184.41586850861316	566.40634771532757	3.1250000000000044	250	13.320515164164835	-3808.6577168450222	-2103.6317758319205
5	24	24	1920	0	2026098003	16	4001	4250	250	250	-2076.824457671843	14.129305557816053	5640427	7680000	0	400	267.71803358405379	1160.0724070436306	1.7499999999997955	250	13.44353092165111	-3843.3098820746691	-2122.5379241033243
5	24	24	1920	0	2026098003	17	4251	4500	250	250	-2118.6541015987286	13.307244855380542	5646045	7680000	0	400	279.64884062777207	984.34767601345436	0.62500000000003986	250	13.492933195416454	-3862.1325555561193	-2135.0371065428135
5	24	24	1920	0	2026098003	18	4501	4750	250	250	-2028.5858832368606	12.27556138381599	5641924	7680000	0	400	276.32915878565456	478.56554789032441	0.50000000000003075	250	13.365040054763279	-3843.6455268705427	-2132.9203998608427
5	24	24	1920	0	2026098003	19	4751	5000	250	250	-2224.1967149857005	14.342180354103716	5643912	7680000	0	400	288.29348340713898	733.8383511217703	4.2500000000006803	250	13.379519118916168	-3813.2354653183261	-2100.6570180970552
5	24	24	1920	1	17799903608478154549	0	1	250	250	250	-2068.4646438548084	13.954076404734382	5636692	7680000	0	400	349.11136013887892	589.01360893696085	8.6852833952599795e-14	250	13.340069309229337	-3835.066124974689	-2127.5372533933378
5	24	24	1920	1	17799903608478154549	1	251	500	250	250	-2128.9207696586686	13.658905603498146	5635087	7680000	0	400	295.35038455390998	574.17511168148212	5.1521287236511171e-14	250	13.30906099069294	-3812.5107877889081	-2108.9509809802121
5	24	24	1920	1	17799903608478154549	2	501	750	250	250	-2328.6044335434017	12.985759615461808	5641353	7680000	0	400	172.73904538014597	744.71080106212537	-5.8030403399245145e-14	250	13.360447747878293	-3848.4125261752761	-2138.2752144468532
5	24	24	1920	1	17799903608478154549	3	751	1000	250	250	-2017.1058105620962	13.06071306443264	5640419	7680000	0	400	372.32715834899449	568.99741970356979	1.3750000000002149	250	13.381706599507256	-3825.5795673752727	-2112.7211226383433
5	24	24	1920	1	17799903608478154549	4	1001	1250	250	250	-2152.8545039358992	13.45402608072645	5638618	7680000	0	400	368.44460854627113	393.10418263537139	-3.2219886481055227e-14	250	13.344503766722834	-3816.8227158777836	-2108.7262337372613
5	24	24	1920	1	17799903608478154549	5	1251	1500	250	250	-2070.3767522385192	13.026668370748123	5640934	7680000	0	400	311.6984982787738	968.36976541672766	-2.3338362492575371e-13	250	13.395383346724502	-3833.6154209101965	-2119.0063525294586
5	24	24	1920	1	17799903608478154549	6	1501	1750	250	250	-2151.9858342551079	13.581925691975576	5636169	7680000	0	400	284.24913476293978	492.40657733795342	-1.3728601588880451e-13	250	13.305087993214627	-3816.4236377763737	-2113.3723746449004
5	24	24	1920	1	17799903608478154549	7	1751	2000	250	250	-2043.0085950122605	13.768029172534588	5636377	7680000	0	400	223.56077075764424	569.7051168137026	-9.0343856527785871e-14	250	13.359966295471548	-3805.2525617126653	-2095.1768758923067
5	24	24	1920	1	17799903608478154549	8	2001	2250	250	250	-2066.1675444262464	13.633653821007373	5643770	7680000	0	400	268.33094083092953	773.91441327748362	-5.6115799940831268e-13	250	13.436773740168567	-3840.8690653566478	-2120.9620266150678
5	24	24	1920	1	17799903608478154549	9	2251	2500	250	250	-2226.7860381627761	12.644625487800283	5638382	7680000	0	400	333.39765425629207	766.73403681161631	-6.2644767845343452e-13	250	13.248208637314056	-3804.2017564184594	-2108.4310508422609
5	24	24	1920	1	17799903608478154549	10	2501	2750	250	250	-2153.3172931156164	13.008065109747102	5634744	7680000	0	400	302.57651202590665	577.9829694475419	1.670105026496671e-14	250	13.248300362271705	-3817.3211156003249	-2121.5386692295451
5	24	24	1920	1	17799903608478154549	11	2751	3000	250	250	-2117.6621481292227	12.544526995425644	5636196	7680000	0	400	388.71705565992511	490.04608893045366	1.5493517926956635e-12	250	13.27344565078044	-3812.9556802202205	-2113.9546369203263
5	24	24	1920	1	17799903608478154549	12	3001	3250	250	250	-2014.7515443864249	13.70818475986774	5641769	7680000	0	400	375.77003348363161	411.32038908283221	3.1272770831258789e-13	250	13.432045218741875	-3852.7986320050786	-2133.4968440061189
5	24	24	1920	1	17799903608478154549	13	3251	3500	250	250	-2038.8430745700707	12.141327242789325	5642546	7680000	0	400	133.43823877606764	1127.3505286093543	-3.0988319549285492e-13	250	13.378474385456411	-3830.3098354915451	-2117.8651141531227
5	24	24	1920	1	17799903608478154549	14	3501	3750	250	250	-2247.6376920294156	13.749111292944184	5641923	7680000	0	400	341.77111425349761	507.5969872500757	-1.1058033828892366e-12	250	13.419321638472503	-3849.7813976861244	-2132.1082279616439
5	24	24	1920	1	17799903608478154549	15	3751	4000	250	250	-2119.6581831580766	12.894538324737043	5638437	7680000	0	400	301.21478530661017	459.91577906033564	-1.9678768163611249e-13	250	13.349246678932332	-3833.9861415381756	-2125.2825666348367
5	24	24	1920	1	17799903608478154549	16	4001	4250	250	250	-2179.4912754057709	13.187161387929958	5642116	7680000	0	400	314.45044485243295	536.52845914285729	6.6236339330005833e-13	250	13.354466124581451	-3810.753585131567	-2101.3819211851446
5	24	24	1920	1	17799903608478154549	17	4251	4500	250	250	-2045.8810535853811	13.502473365212818	5641551	7680000	0	400	240.97031736611694	1063.8545927276934	-1.0867491379452227e-10	250	13.336358846141263	-3831.5026153838294	-2124.4486830777478
5	24	24	1920	1	17799903608478154549	18	4501	4750	250	250	-2254.1020640940587	13.951914254801041	5637092	7680000	0	400	226.93182948630761	764.83948750648005	-3.9840101703769726e-12	250	13.312442015466278	-3837.8643354924902	-2133.8717575128067
5	24	24	1920	1	17799903608478154549	19	4751	5000	250	250	-2085.78047748776	12.577830048203419	5645044	7680000	0	400	321.21931757096797	470.88829800909235	2.1311077902375075e-14	250	13.478129791121802	-3875.0564216664297	-2149.8558084028391
5	24	24	1920	2	17348949915243007043	0	1	250	250	250	-2156.5885104727363	13.161895794237155	5641648	7680000	0	400	290.80674345612096	888.19954954891546	-6.3232405422830595e-14	250	13.440809433677011	-3848.708009555613	-2128.2844020449543
5	24	24	1920	2	17348949915243007043	1	251	500	250	250	-2076.2106065757016	13.53278007854991	5633107	7680000	0	400	435.28640245605908	364.9668729714503	4.0710512218267159e-13	250	13.271968109859337	-3814.7879499854089	-2115.9760319234156
5	24	24	1920	2	17348949915243007043	2	501	750	250	250	-2166.5202041104376	13.988517094409621	5634161	7680000	0	400	360.37272408590849	399.19047668249527	-3.2797094033643059e-13	250	13.2692858496113	-3812.9970479735262	-2114.5284592232833
5	24	24	1920	2	17348949915243007043	3	751	1000	250	250	-2032.8526314757212	12.283826735930097	5645905	7680000	0	400	182.70264489769917	482.51255138478899	1.1435817570681905e-13	250	13.426532858719694	-3842.2226363618756	-2123.6264304457568
5	24	24	1920	2	17348949915243007043	4	1001	1250	250	250	-2125.2986243158466	13.529741843257781	5645738	7680000	0	400	220.32776063491414	606.28281747122628	-6.081246617384295e-14	250	13.478228805147999	-3880.4209546396683	-2155.2076675807225
5	24	24	1920	2	17348949915243007043	5	1251	1500	250	250	-1927.5041909267372	12.596910772194738	5632864	7680000	0	400	250.34407969115719	509.5492281726182	-5.1350503710301254e-13	250	13.131140804970183	-3762.1512510537973	-2081.3652280176143
5	24	24	1920	2	17348949915243007043	6	1501	1750	250	250	-2103.1554043152537	13.044087160913874	5631924	7680000	0	400	423.71558152861894	430.33810808543529	-1.755522810453769e-13	250	13.319827386654566	-3815.4401413793394	-2110.5022358875535
5	24	24	1920	2	17348949915243007043	7	1751	2000	250	250	-2134.9534694040581	13.219184378559696	5637863	7680000	0	400	253.73180226506915	688.5827153537856	-2.1873388517112957e-13	250	13.317871551041266	-3824.0390086576499	-2119.3514501243694
5	24	24	1920	2	17348949915243007043	8	2001	2250	250	250	-2091.6172414322359	13.621941074899949	5640181	7680000	0	400	269.84477487578187	683.02218509414513	-1.9251267247000214e-13	250	13.365296065324159	-3833.4252898889176	-2122.6673935274266
5	24	24	1920	2	17348949915243007043	9	2251	2500	250	250	-2032.8870867575667	13.333653124088517	5640215	7680000	0	400	530.64753927922129	286.53609844475142	7.3777789433293606e-15	250	13.337629133170706	-3843.1304644173761	-2135.9139353715254
5	24	24	1920	2	17348949915243007043	10	2501	2750	250	250	-2191.1525439436937	12.740078021804148	5637472	7680000	0	400	318.42515216267248	539.37376552834166	-1.723512825513307e-14	250	13.342308404288051	-3828.5452973426318	-2120.7298215937603
5	24	24	1920	2	17348949915243007043	11	2751	3000	250	250	-2065.8323093055233	13.78630680461492	5647027	7680000	0	400	324.94505605898831	498.13540868662125	-4.1469865735832556e-14	250	13.498504506456488	-3869.2283823337775	-2141.4198055073471
5	24	24	1920	2	17348949915243007043	12	3001	3250	250	250	-2128.0384994438932	13.96845759403649	5642887	7680000	0	400	369.33677021899649	398.34973962181232	1.0941334643854717e-14	250	13.453557622933056	-3832.0146990849744	-2109.9593233495416
5	24	24	1920	2	17348949915243007043	13	3251	3500	250	250	-2183.8300170937978	14.07282706841778	5640603	7680000	0	400	320.46707753143767	1242.9617249510954	-2.6051903689872091e-13	250	13.431909341899775	-3846.5567148130881	-2127.272319049916
5	24	24	1920	2	17348949915243007043	14	3501	3750	250	250	-2054.3466544578259	13.413206792227864	5639861	7680000	0	400	397.2603136963362	485.46903313518646	-4.2524143928357461e-14	250	13.350407640875247	-3852.5701486246617	-2143.7179705926319
5	24	24	1920	2	17348949915243007043	15	3751	4000	250	250	-2112.4339267599767	13.598548394057641	5643357	7680000	0	400	168.79089294493218	726.87883465618472	1.1874399033495742e-13	250	13.461957730033067	-3866.7424464497808	-2143.6118570055451
5	24	24	1920	2	17348949915243007043	16	4001	4250	250	250	-2114.1462138577995	13.285098801939956	5643508	7680000	0	400	195.95833621157877	524.89467872797434	4.8156357373985159e-14	250	13.433502930263835	-3836.8713617232033	-2117.3829866494316
5	24	24	1920	2	17348949915243007043	17	4251	4500	250	250	-2190.1636148218317	13.381180866191093	5639600	7680000	0	400	375.14066880674545	460.6938490847179	2.2207062577717096e-14	250	13.305926031926747	-3828.5403859872235	-2125.3818539006011
5	24	24	1920	2	17348949915243007043	18	4501	4750	250	250	-2189.6884238545899	14.120145851352657	5638861	7680000	0	400	232.92698870589365	585.53407576610846	-4.7450758600131593e-14	250	13.385028293844965	-3859.5617872067041	-2146.2781655945473
5	24	24	1920	2	17348949915243007043	19	4751	5000	250	250	-2181.5924877445436	13.976798746442428	5637181	7680000	0	400	210.03429428555546	532.55529163858739	2.2744154649922965e-13	250	13.262245618852372	-3793.2163737386995	-2095.6489345255973
5	24	24	1920	3	2236997038161827111	0	1	250	250	250	-2022.827160019265	13.721660174963123	5642137	7680000	0	400	290.79738563009391	447.15391251616262	-1.1945739536445288e-13	250	13.390444801717582	-3843.1527614483689	-2129.1758268285134
5	24	24	1920	3	2236997038161827111	1	251	500	250	250	-2125.6412710035015	13.845690375531941	5633671	7680000	0	400	351.62379795115947	416.09578709508304	4.9478910552069877e-13	250	13.236545175371271	-3805.0669588916189	-2110.7891764440974
5	24	24	1920	3	2236997038161827111	2	501	750	250	250	-2081.1277204436328	13.743954070708948	5643465	7680000	0	400	152.08895181930023	573.32691755028941	5.1944559764649512e-14	250	13.33590743636967	-3816.5910728667586	-2109.5949210114391
5	24	24	1920	3	2236997038161827111	3	751	1000	250	250	-2053.1008318586669	13.477129897636962	5637443	7680000	0	400	280.65928677359841	440.41521479426444	7.6848249985772554e-15	250	13.31737381668464	-3811.8584083393384	-2107.2345598037068
5	24	24	1920	3	2236997038161827111	4	1001	1250	250	250	-2147.6125504689257	13.53010204368203	5634300	7680000	0	400	391.66260747588041	711.36797554290797	-3.9758127345912442e-14	250	13.340459105238757	-3829.8511683933857	-2122.2724029228239
5	24	24	1920	3	2236997038161827111	5	1251	1500	250	250	-2147.8453785430188	13.89387754840145	5640154	7680000	0	400	282.8678982149579	582.79931829300392	4.1166137339232467e-13	250	13.423753071443935	-3854.7227658090901	-2136.4823726642662
5	24	24	1920	3	2236997038161827111	6	1501	1750	250	250	-2208.324302183451	13.849619928535446	5638076	7680000	0	400	389.72170387688573	482.34372529103968	1.640636411448515e-12	250	13.290674506815702	-3815.8510060086624	-2114.6446691362512
5	24	24	1920	3	2236997038161827111	7	1751	2000	250	250	-2073.8357600311324	13.548991967429766	5637651	7680000	0	400	441.35292451219141	367.41677061984007	-7.0308342481339992e-15	250	13.333202477388316	-3831.1332243879096	-2124.4833072822066
5	24	24	1920	3	2236997038161827111	8	2001	2250	250	250	-2065.5974269358067	12.956137831926323	5638884	7680000	0	400	309.79992849349372	728.77221355667166	-2.0611550660687428e-14	250	13.344670112994793	-3827.6159569744136	-2119.4981825110804
5	24	24	1920	3	2236997038161827111	9	2251	2500	250	250	-2085.4048799150833	13.027667806362448	5641520	7680000	0	400	265.72078735525014	1645.1873245856502	-5.7947440249006554e-13	250	13.375862356501957	-3842.1770183643107	-2130.0666367320582
5	24	24	1920	3	2236997038161827111	10	2501	2750	250	250	-2183.5410860664879	13.377224012146035	5639235	7680000	0	400	380.43865439536427	497.89133928576985	1.0946642897691206e-12	250	13.342534782796582	-3828.6634910796565	-2120.8190388816938
5	24	24	1920	3	2236997038161827111	11	2751	3000	250	250	-2137.0882717492073	12.329989659610083	5639733	7680000	0	400	254.70948005810183	1674.9360769561513	0.12499999999965031	250	13.394815853234658	-3844.561842795325	-2130.025413581292
5	24	24	1920	3	2236997038161827111	12	3001	3250	250	250	-2059.5385327585432	13.5323727473591	5642550	7680000	0	400	264.39857239423799	491.07002318950873	4.1683236723377703e-14	250	13.441563268766409	-3863.0495605592982	-2142.5294621571979
5	24	24	1920	3	2236997038161827111	13	3251	3500	250	250	-2166.072487699033	14.265351336890159	5637546	7680000	0	400	406.01372289003467	536.61119101130919	-4.8672914657044153e-13	250	13.342711291320001	-3839.699588424698	-2131.832543135738
5	24	24	1920	3	2236997038161827111	14	3501	3750	250	250	-2254.961554430316	13.809978385161987	5643277	7680000	0	400	225.32364892787231	820.55947630444143	0.37499999999985112	250	13.397747064266911	-3864.6668354467329	-2149.7552112205676
5	24	24	1920	3	2236997038161827111	15	3751	4000	250	250	-2094.6905262090595	13.155261488182468	5642317	7680000	0	400	306.39090553414451	452.27985579915691	-3.1157628560540829e-13	250	13.414658713239588	-3844.8168077777573	-2127.7404924830894
5	24	24	1920	3	2236997038161827111	16	4001	4250	250	250	-2164.6863708964183	13.858663378422127	5640786	7680000	0	400	230.38644084363025	487.45510881478117	-3.0522676400246418e-13	250	13.338375741321327	-3841.8428383559285	-2134.5307434667993
5	24	24	1920	3	2236997038161827111	17	4251	4500	250	250	-2073.6336073780626	13.216746887705018	5635659	7680000	0	400	392.40170943699513	406.23053162760448	1.1520038395440579e-13	250	13.27839241734857	-3809.0545899963513	-2109.4203605757357
5	24	24	1920	3	2236997038161827111	18	4501	4750	250	250	-2151.7832091635596	13.690588562507894	5637539	7680000	0	400	282.53789277886926	624.11525589711118	-4.4418592068384832e-13	250	13.365316373798953	-3846.2222204677691	-2135.4617246215053
5	24	24	1920	3	2236997038161827111	19	4751	5000	250	250	-2052.5268974845976	13.718248418376694	5641113	7680000	0	400	428.07756637155296	465.80209367548036	-1.958069123508821e-12	250	13.410947872844472	-3836.3783250391157	-2119.7769973150216
5	24	24	1920	4	4491814452628672223	0	1	250	250	250	-2241.2791298636948	13.00639948534941	5643095	7680000	0	400	397.63370290733792	850.17883574467942	-3.4996398140529905e-13	250	13.452312467809087	-3869.4501580520655	-2147.5541621725024
5	24	24	1920	4	4491814452628672223	1	251	500	250	250	-2251.8761036083874	14.143934506825147	5639359	7680000	0	400	129.57285627574925	914.53359076037873	2.3749999999999871	250	13.36403038315818	-3827.2267807313679	-2116.6308916871217
5	24	24	1920	4	4491814452628672223	2	501	750	250	250	-2270.4148324052612	14.76480371332644	5647008	7680000	0	400	385.94684173480289	548.72150756366443	0.12499999999955493	250	13.553216384502656	-3877.742607679766	-2142.9309104634262
5	24	24	1920	4	4491814452628672223	3	751	1000	250	250	-2163.6109433478546	13.699682100590733	5636212	7680000	0	400	251.07633277585848	954.26001749071725	2.4999999999999214	250	13.247742777928863	-3790.8511188771367	-2095.1400433022436
5	24	24	1920	4	4491814452628672223	4	1001	1250	250	250	-2069.8105616380458	13.946039368857267	5638035	7680000	0	400	356.89337063454104	443.5603226666459	-1.5353603805001725e-13	250	13.268009444124969	-3794.6824157638553	-2096.3772069158572
5	24	24	1920	4	4491814452628672223	5	1251	1500	250	250	-2172.0500945706826	13.806709132844885	5641435	7680000	0	400	321.36664723191416	689.59881655767231	0.12500000000030484	250	13.460445791274486	-3846.363275231135	-2123.4262139480047
5	24	24	1920	4	4491814452628672223	6	1501	1750	250	250	-2129.4377466639557	13.03878987493856	5639294	7680000	0	400	261.82271705803032	423.58919285879148	3.1250000000000506	250	13.313188130937849	-3803.9027387732817	-2099.8146580132352
5	24	24	1920	4	4491814452628672223	7	1751	2000	250	250	-2066.1768101374996	13.673946880871132	5640880	7680000	0	400	302.10233860689306	536.18607961014573	1.1137965549856688e-13	250	13.430771067506583	-3866.7200038908541	-2147.5813072500068
5	24	24	1920	4	4491814452628672223	8	2001	2250	250	250	-2087.2962437968436	13.225054611350894	5636461	7680000	0	400	366.83569460741825	416.76969324882663	-1.1445488654060476e-13	250	13.288621581326716	-3820.8803713771308	-2119.9368089673153
5	24	24	1920	4	4491814452628672223	9	2251	2500	250	250	-2076.1161848447759	13.640456450648241	5641442	7680000	0	400	241.76098232184475	514.98388692159756	-1.7576088154336311e-13	250	13.437945362338404	-3841.7776643241523	-2121.7206579448361
5	24	24	1920	4	4491814452628672223	10	2501	2750	250	250	-2176.2126660224858	14.48282465573792	5638248	7680000	0	400	351.26464967426267	505.47486527164671	-1.8732411455335551e-14	250	13.383559964740028	-3839.0442615188899	-2125.9485860321688
5	24	24	1920	4	4491814452628672223	11	2751	3000	250	250	-2002.9671704963073	12.398376994713759	5642847	7680000	0	400	344.32613237810273	489.36256989197562	1.4436520555383137e-13	250	13.496759258409931	-3868.2304475376923	-2140.6452624612193
5	24	24	1920	4	4491814452628672223	12	3001	3250	250	250	-2129.2287632147345	14.069444038255831	5642147	7680000	0	400	326.6640054142473	421.42405789019767	5.1018217428477897e-14	250	13.292694355145782	-3816.3055343771302	-2114.8406569184731
5	24	24	1920	4	4491814452628672223	13	3251	3500	250	250	-2220.2538374602727	13.988216925536449	5636568	7680000	0	400	289.65361352457188	507.7190523745972	1.5799939481753178e-12	250	13.264326761489691	-3823.7944144093312	-2125.9605889386512
5	24	24	1920	4	4491814452628672223	14	3501	3750	250	250	-2004.5348816221203	13.505606774976499	5639853	7680000	0	400	466.78675250099337	300.21062762718594	-6.2186367166816581e-14	250	13.351619694078828	-3832.1777767969929	-2123.1704559549016
5	24	24	1920	4	4491814452628672223	15	3751	4000	250	250	-2169.9441320239171	12.964793718721209	5644694	7680000	0	400	243.43600710879923	3718.2222627245728	-3.4292317249717819e-13	250	13.469504707917608	-3832.7329105927292	-2108.6363079792727
5	24	24	1920	4	4491814452628672223	16	4001	4250	250	250	-2186.1017495849273	13.082533356416192	5646514	7680000	0	400	323.47321142665186	522.05757023016076	-2.2720367254258633e-13	250	13.490355365959394	-3864.0627930895089	-2137.2973062467054
5	24	24	1920	4	4491814452628672223	17	4251	4500	250	250	-2207.3074682591332	13.042816268863142	5637273	7680000	0	400	244.37514896564903	628.61497019789158	7.1806102730498367e-13	250	13.237818846050967	-3806.3621597395791	-2111.9213474450585
5	24	24	1920	4	4491814452628672223	18	4501	4750	250	250	-2202.7094608681537	13.18792443605793	5641485	7680000	0	400	266.71138951862298	735.71394498433051	-2.7643512479080812e-13	250	13.395572346651612	-3859.6732060291292	-2145.0399456577215
5	24	24	1920	4	4491814452628672223	19	4751	5000	250	250	-2174.5507414955623	13.460482189185319	5642534	7680000	0	400	302.83687070944524	517.23047092112779	-2.1150550928716871e-13	250	13.383613094101982	-3860.3410801790938	-2147.2386041340387
5	24	24	1920	5	12879361964090995141	0	1	250	250	250	-2196.9388752693321	13.806953358841833	5631487	7680000	0	400	394.8781734090478	398.88657661636296	0.75000000000348666	250	13.230364024560149	-3807.6269814464017	-2114.1403863027026
5	24	24	1920	5	12879361964090995141	1	251	500	250	250	-2264.4771117833479	13.65746692314495	5641753	7680000	0	400	185.85528368517083	707.02996430924691	1.7147134406814146e-13	250	13.407778136046646	-3846.4165144405765	-2130.220913026606
5	24	24	1920	5	12879361964090995141	2	501	750	250	250	-2176.5744161531707	13.824268950606239	5640826	7680000	0	400	352.4753233848781	430.07447674063383	-4.520559274134861e-13	250	13.392671801399418	-3821.7199356453734	-2107.4579450662477
5	24	24	1920	5	12879361964090995141	3	751	1000	250	250	-2064.3122506344625	13.260488768658321	5631146	7680000	0	400	464.77590177842609	395.97191982996935	5.0251686492530645e-13	250	13.234997577110237	-3794.1756972860321	-2100.0960074159188
5	24	24	1920	5	12879361964090995141	4	1001	1250	250	250	-1988.3726759594317	12.633410101903392	5634752	7680000	0	400	401.10763372579032	489.25184392699532	-1.6287318715946242e-13	250	13.3644841497632	-3815.0357582344282	-2104.381787064739
5	24	24	1920	5	12879361964090995141	5	1251	1500	250	250	-2111.1269831026079	13.180364468010916	5631360	7680000	0	400	364.53227231535482	530.99089484830824	-2.0644987455686881e-13	250	13.248153489486079	-3793.4011679250989	-2097.6375212708808
5	24	24	1920	5	12879361964090995141	6	1501	1750	250	250	-2259.3369809213496	14.671212616956996	5636617	7680000	0	400	510.89285034409477	443.07955617809779	-1.0041056527909653e-13	250	13.389863774690433	-3863.7292822763757	-2149.826719115998
5	24	24	1920	5	12879361964090995141	7	1751	2000	250	250	-2086.9499665713765	13.189779282057842	5642809	7680000	0	400	436.81211908345983	410.03792270951692	1.4443220924809097e-13	250	13.440645150507617	-3842.2102070307515	-2121.8076277657788
5	24	24	1920	5	12879361964090995141	8	2001	2250	250	250	-2137.3378781426045	14.266119573890794	5640807	7680000	0	400	315.73394442001205	600.0189457646029	-1.1543370426192467e-13	250	13.36900164799153	-3842.8185127653937	-2131.5863018224777
5	24	24	1920	5	12879361964090995141	9	2251	2500	250	250	-2101.5608379237478	13.904464254177867	5644985	7680000	0	400	229.18509782337088	609.56177783986823	1.4988791458003803e-13	250	13.397437632840223	-3841.0034137159523	-2126.1313967124047
5	24	24	1920	5	12879361964090995141	10	2501	2750	250	250	-2010.2031846514872	13.226954931484951	5640798	7680000	0	400	336.79277415579821	416.05860707372995	2.2284040931963567e-13	250	13.389071842169974	-3842.4077972600981	-2128.6066014623393
5	24	24	1920	5	12879361964090995141	11	2751	3000	250	250	-2134.779167439799	13.580145410196256	5643695	7680000	0	400	262.51404168138936	749.43181728071136	-1.2634880121320524e-13	250	13.449962602715498	-3861.0632636092178	-2139.4680504616349
5	24	24	1920	5	12879361964090995141	12	3001	3250	250	250	-2131.6575636669495	12.896451635500481	5639938	7680000	0	400	318.01860524620662	819.77757193399668	-3.6213068134449689e-13	250	13.369618682615895	-3837.6453854590063	-2126.3341940841697
5	24	24	1920	5	12879361964090995141	13	3251	3500	250	250	-2095.7081901169709	14.033496134124388	5642926	7680000	0	400	297.9112429561967	453.411943534388	-2.2998007578184376e-12	250	13.395645715290666	-3837.7536603360722	-2123.1110087788666
5	24	24	1920	5	12879361964090995141	14	3501	3750	250	250	-2038.7230780682851	13.21195198608959	5640103	7680000	0	400	282.38947916002621	501.92659710614822	1.8898767099873037e-12	250	13.349787546776582	-3828.5837888811357	-2119.8109828937336
5	24	24	1920	5	12879361964090995141	15	3751	4000	250	250	-2044.630597859709	13.564012028843493	5642068	7680000	0	400	282.33835896133934	560.04167693434988	1.0946972495151641e-12	250	13.410650368192851	-3843.2758052865438	-2126.7125581578566
5	24	24	1920	5	12879361964090995141	16	4001	4250	250	250	-2294.4107330935917	13.533921545988939	5641809	7680000	0	400	331.24975064140483	740.3538445813532	-1.9974560200308744e-13	250	13.435464488516734	-3840.9049833011381	-2121.1655287709932
5	24	24	1920	5	12879361964090995141	17	4251	4500	250	250	-2098.6380774304421	12.979735895764108	5647585	7680000	0	400	427.61524858196503	364.18359209075663	8.4922628824923851e-13	250	13.509373246747437	-3877.9882447104887	-2148.7884691268168
5	24	24	1920	5	12879361964090995141	18	4501	4750	250	250	-2229.3717420765029	12.633397030393104	5641411	7680000	0	400	189.19246379135708	678.16568431772987	1.0370925038888368e-13	250	13.365076878294881	-3824.0315832404794	-2113.301742818735
5	24	24	1920	5	12879361964090995141	19	4751	5000	250	250	-2101.4465941084613	13.562885057947085	5637908	7680000	0	400	223.28945691945975	564.21063484325975	-1.620444230188145e-13	250	13.354599623793465	-3834.0636117713684	-2124.6748599258017
5	24	24	1920	6	11339974546632924604	0	1	250	250	250	-2088.8067910198019	12.516153528736959	5635677	7680000	0	400	394.27464355526826	472.00016964775011	-2.896901468707469e-14	250	13.270396017629846	-3791.1649153328131	-2092.5542250761928
5	24	24	1920	6	11339974546632924604	1	251	500	250	250	-2059.1181675673283	13.364762848364482	5642487	7680000	0	400	308.91627837589425	387.67843776357995	-1.185058995378796e-13	250	13.495672609708071	-3866.5828038823515	-2139.1367098397186
5	24	24	1920	6	11339974546632924604	2	501	750	250	250	-2255.8175981693025	14.31000567372325	5643168	7680000	0	400	210.45329700947138	702.00169689659913	-1.6307315740815564e-12	250	13.431345797045347	-3848.6972145663913	-2129.4849525445884
5	24	24	1920	6	11339974546632924604	3	751	1000	250	250	-2109.1150685639541	13.634420791885653	5639179	7680000	0	400	435.3889351723044	527.07275232688824	4.9222691894668102e-13	250	13.371425936224828	-3838.2354147301344	-2126.6928948933537
5	24	24	1920	6	11339974546632924604	4	1001	1250	250	250	-2190.5921232086766	13.843595427188388	5636924	7680000	0	400	444.16160517893286	451.73741006575244	-1.8525545680825317e-13	250	13.373534544485322	-3823.1597276739608	-2111.3473059798398
5	24	24	1920	6	11339974546632924604	5	1251	1500	250	250	-1891.9682693681225	13.792374486798412	5638487	7680000	0	400	317.96989529953402	379.78014176339843	-8.4337918593302419e-14	250	13.434548860057992	-3841.4345779804889	-2121.8123238930643
5	24	24	1920	6	11339974546632924604	6	1501	1750	250	250	-2115.9515917501517	12.970592905935643	5636742	7680000	0	400	498.89553476744663	463.19716970238863	2.5345350818106738e-13	250	13.392280616264713	-3831.2734180294474	-2117.0614991475668
5	24	24	1920	6	11339974546632924604	7	1751	2000	250	250	-2230.0828503078924	13.308707624235687	5635441	7680000	0	400	396.01382414438302	501.03169975275	1.4151397068062899e-13	250	13.338769914779604	-3831.5369378849473	-2124.1743887931561
5	24	24	1920	6	11339974546632924604	8	2001	2250	250	250	-2204.7225556837593	14.098601838529948	5644209	7680000	0	400	352.57864942769442	736.39159074776626	4.2641237762985895e-14	250	13.53579752304052	-3884.6409048841197	-2152.058821934937
5	24	24	1920	6	11339974546632924604	9	2251	2500	250	250	-2081.2468722716599	12.901807529132249	5640513	7680000	0	400	563.54430110912949	374.69546197746195	4.587129287525471e-14	250	13.407470315682541	-3834.6638794283353	-2118.507679020966
5	24	24	1920	6	11339974546632924604	10	2501	2750	250	250	-2041.1714669922187	13.281926173191792	5640510	7680000	0	400	303.27635244715589	453.00647476667012	-4.6864422065251432e-13	250	13.418153004507124	-3848.6528503737454	-2131.1292657968334
5	24	24	1920	6	11339974546632924604	11	2751	3000	250	250	-2019.4067809819603	13.413477418537356	5636923	7680000	0	400	241.27280832814563	503.64149506116667	-3.8437666678020621e-13	250	13.23514421069137	-3800.5666464902538	-2106.4681875217616
5	24	24	1920	6	11339974546632924604	12	3001	3250	250	250	-2187.8408602624568	11.746053925621908	5642384	7680000	0	400	338.98483128264132	579.72299611716755	-3.5305623442144496e-13	250	13.380200452627003	-3813.6456221525641	-2100.9799642163066
5	24	24	1920	6	11339974546632924604	13	3251	3500	250	250	-2242.2359809154914	13.169973250913959	5640057	7680000	0	400	199.95628923132966	630.4946294250492	1.1917055883770011e-12	250	13.333231584480439	-3831.5191539028128	-2124.8655110893196
5	24	24	1920	6	11339974546632924604	14	3501	3750	250	250	-2055.4737108212057	13.362551972452573	5638115	7680000	0	400	233.09823930385198	757.93260150876142	-1.4520871484402509e-13	250	13.306188597103811	-3813.0640157184985	-2109.8718752892105
5	24	24	1920	6	11339974546632924604	15	3751	4000	250	250	-2056.333558344727	13.107301800657057	5637760	7680000	0	400	238.07110263865383	459.93358276871152	-3.3292400954121337e-13	250	13.383081360490761	-3824.2194927266441	-2111.1850785838278
5	24	24	1920	6	11339974546632924604	16	4001	4250	250	250	-1951.9422057611289	12.905569925847765	5639252	7680000	0	400	296.54994802909175	391.96061252080534	-7.2808209114483269e-13	250	13.382670250266935	-3829.6344669390905	-2116.6526749049217
5	24	24	1920	6	11339974546632924604	17	4251	4500	250	250	-1968.4946126408831	13.364184591402783	5639520	7680000	0	400	338.49938199647312	542.60313434546424	-1.1759937641742102e-11	250	13.417229182837071	-3845.112921976161	-2127.7075865730149
5	24	24	1920	6	11339974546632924604	18	4501	4750	250	250	-2079.4864937002171	13.880034366243724	5637489	7680000	0	400	179.20991258483744	533.45941372956065	1.6640898728437215e-13	250	13.282887084086083	-3792.837579691356	-2092.6280329283381
5	24	24	1920	6	11339974546632924604	19	4751	5000	250	250	-2151.5352271958263	13.458987085182793	5645681	7680000	0	400	206.4763779655012	623.20731145682953	-1.1953285583565787e-13	250	13.501378207433834	-3875.2049871530708	-2147.0285766015404
5	24	24	1920	7	17588947180648952682	0	1	250	250	250	-2061.0922364966655	13.179604271091639	5636004	7680000	0	400	329.94055119606293	377.55970914575761	5.4467324747675683e-13	250	13.379638835514481	-3839.3890635861471	-2126.7952926402922
5	24	24	1920	7	17588947180648952682	1	251	500	250	250	-2166.9266552523604	12.986316865588906	5640660	7680000	0	400	280.3186428346051	650.76930467661316	5.9671234967084708e-14	250	13.417998896935886	-3859.6889402478528	-2142.1850814400591
5	24	24	1920	7	17588947180648952682	2	501	750	250	250	-2140.7142764079254	13.257150309583006	5636039	7680000	0	400	273.85964775001798	615.65882457453358	2.1790295262613668e-14	250	13.222068400658074	-3812.8183016118178	-2120.3935463275861
5	24	24	1920	7	17588947180648952682	3	751	1000	250	250	-2090.9313480888823	13.436617664952582	5638651	7680000	0	400	310.15659397124591	608.45663170437365	5.7499999999926512	250	13.323050444904856	-3825.773593652204	-2120.423136704384
5	24	24	1920	7	17588947180648952682	4	1001	1250	250	250	-2294.4516375497801	13.654139623709572	5637204	7680000	0	400	174.39699904512804	1107.2859576781827	0.9999999999997804	250	13.337326399572206	-3835.668143862074	-2128.4903647168348
5	24	24	1920	7	17588947180648952682	5	1251	1500	250	250	-2196.805497471657	13.782727909298979	5644710	7680000	0	400	132.02413157439466	759.2479562769588	2.0000000000000697	250	13.442557503126356	-3863.0360773880834	-2142.3887169879104
5	24	24	1920	7	17588947180648952682	6	1501	1750	250	250	-2080.8940490894106	13.9299294689988	5637930	7680000	0	400	278.40833064434565	473.91384262613661	0.24999999999731828	250	13.339426087953496	-3816.2260745732397	-2108.7795353151923
5	24	24	1920	7	17588947180648952682	7	1751	2000	250	250	-2114.5882431585233	13.556243998125266	5637413	7680000	0	400	333.73067128010308	496.52122697499169	0.12500000000104761	250	13.307475331088312	-3823.5930709984077	-2120.236228619101
5	24	24	1920	7	17588947180648952682	8	2001	2250	250	250	-2179.6234844390056	13.066047762977581	5637000	7680000	0	400	359.69268595988774	505.10524149824118	2.8750000000011844	250	13.268321252235703	-3798.7875409097455	-2100.442420623574
5	24	24	1920	7	17588947180648952682	9	2251	2500	250	250	-2212.9384491700971	13.557356664373257	5637340	7680000	0	400	468.10253198094165	440.13950876729359	-8.8561102895567956e-14	250	13.35731762575138	-3815.5213105025514	-2105.7846544063723
5	24	24	1920	7	17588947180648952682	10	2501	2750	250	250	-2233.7531853051755	13.933157926507825	5642845	7680000	0	400	353.13979847341813	501.91890920843343	0.62499999999994293	250	13.411150270841301	-3836.4440043982936	-2119.8167697306044
5	24	24	1920	7	17588947180648952682	11	2751	3000	250	250	-2117.7519637445798	13.573733821568068	5637385	7680000	0	400	293.16933627365182	417.02557648068608	-3.4824747252582e-13	250	13.361217691590857	-3822.1226059591327	-2111.8867414355032
5	24	24	1920	7	17588947180648952682	12	3001	3250	250	250	-2198.0191661670033	13.001968203869859	5639431	7680000	0	400	426.02817092168726	673.13460914066968	3.7298939978280821e-14	250	13.319374652957565	-3842.5134375289363	-2137.6334819503672
5	24	24	1920	7	17588947180648952682	13	3251	3500	250	250	-2134.3953845241203	14.246236318086451	5642382	7680000	0	400	349.80578841324234	473.20363357833895	-6.1898923486847224e-13	250	13.430787600566072	-3848.5932900479715	-2129.4524771755132
5	24	24	1920	7	17588947180648952682	14	3501	3750	250	250	-2077.7281344891862	13.446431208811658	5635133	7680000	0	400	289.22165975001604	570.67978440963464	6.3667821015300774e-14	250	13.283615648183094	-3808.168239748793	-2107.8654367813615
5	24	24	1920	7	17588947180648952682	15	3751	4000	250	250	-2218.0607343961346	14.178691454483189	5641919	7680000	0	400	232.08674287403926	994.8066036098337	5.1841777398697886e-14	250	13.458935305135665	-3834.5478177553227	-2111.8040986979581
5	24	24	1920	7	17588947180648952682	16	4001	4250	250	250	-2154.3282144975656	14.018048552349162	5635267	7680000	0	400	292.23431500011202	773.81688845154599	-2.5601439371247814e-13	250	13.287124431401764	-3804.3165850410651	-2103.5646578216356
5	24	24	1920	7	17588947180648952682	17	4251	4500	250	250	-2241.4476639737882	13.364742341321504	5635982	7680000	0	400	233.79445968678056	945.46038886990027	-4.1056134186812088e-14	250	13.29473667718305	-3793.7731901599877	-2092.0468954805556
5	24	24	1920	7	17588947180648952682	18	4501	4750	250	250	-2078.1412224820178	13.59840776228366	5636812	7680000	0	400	227.62961762284431	560.8149607933525	3.5456728698923801e-13	250	13.216714230413421	-3829.1996665184647	-2137.4602450255443
5	24	24	1920	7	17588947180648952682	19	4751	5000	250	250	-2121.8815536441034	13.796909794415068	5643149	7680000	0	400	255.40117944092114	501.76211018625014	-5.4788205222644493e-14	250	13.372389956548835	-3827.0503365235181	-2115.3844220852675
